time	V(n012)
Step Information: Rgain=1  (Step: 1/11)
0.000000000000000e+00	4.500005e-14
5.000000058430487e-08	2.348791e-09
1.000000011686097e-07	2.207815e-07
2.000000023372195e-07	7.258919e-06
4.000000046744390e-07	8.127090e-05
8.000000093488779e-07	3.923016e-04
1.600000018697756e-06	1.179746e-03
3.200000037395512e-06	2.860271e-03
6.400000074791024e-06	6.201282e-03
1.280000014958205e-05	1.287734e-02
2.256562514958205e-05	2.299222e-02
3.233125014958205e-05	3.300117e-02
4.209687514958205e-05	4.285589e-02
5.186250014958205e-05	5.252887e-02
6.162812514958205e-05	6.197485e-02
7.139375014958204e-05	7.116608e-02
8.115937514958205e-05	8.006060e-02
9.092500014958205e-05	8.863127e-02
1.006906251495820e-04	9.683979e-02
1.104562501495821e-04	1.046603e-01
1.202218751495820e-04	1.120586e-01
1.299875001495820e-04	1.190109e-01
1.397531251495821e-04	1.254874e-01
1.495187501495821e-04	1.314672e-01
1.592843751495820e-04	1.369251e-01
1.690500001495821e-04	1.418434e-01
1.788156251495821e-04	1.462030e-01
1.885812501495820e-04	1.499890e-01
1.983468751495820e-04	1.531880e-01
2.081125001495821e-04	1.557887e-01
2.178781251495820e-04	1.577829e-01
2.276437501495820e-04	1.591630e-01
2.374093751495821e-04	1.599257e-01
2.471750001495820e-04	1.600670e-01
2.569406251495820e-04	1.595884e-01
2.667062501495821e-04	1.584893e-01
2.764718751495821e-04	1.567759e-01
2.862375001495821e-04	1.544514e-01
2.960031251495820e-04	1.515264e-01
3.057687501495820e-04	1.480081e-01
3.155343751495820e-04	1.439120e-01
3.253000001495821e-04	1.392491e-01
3.350656251495821e-04	1.340403e-01
3.362863282745820e-04	1.333497e-01
3.387277345245820e-04	1.319494e-01
3.436105470245820e-04	1.290454e-01
3.533761720245821e-04	1.228618e-01
3.631417970245821e-04	1.161883e-01
3.729074220245821e-04	1.090545e-01
3.826730470245821e-04	1.014832e-01
3.924386720245820e-04	9.350679e-02
4.022042970245820e-04	8.515234e-02
4.119699220245820e-04	7.645439e-02
4.217355470245821e-04	6.744354e-02
4.315011720245821e-04	5.815622e-02
4.412667970245821e-04	4.862572e-02
4.510324220245820e-04	3.888994e-02
4.607980470245820e-04	2.898423e-02
4.705636720245820e-04	1.894749e-02
4.803292970245821e-04	8.816465e-03
4.815500001495820e-04	7.545451e-03
4.839914063995820e-04	5.001417e-03
4.846017579620821e-04	4.364752e-03
4.858224610870820e-04	3.091277e-03
4.882638673370820e-04	5.429327e-04
4.931466798370821e-04	-4.557844e-03
4.993522232263557e-04	-1.104146e-02
5.091178482263557e-04	-2.122460e-02
5.188834732263557e-04	-3.134974e-02
5.286490982263557e-04	-4.137803e-02
5.384147232263557e-04	-5.127194e-02
5.481803482263556e-04	-6.099354e-02
5.579459732263556e-04	-7.050630e-02
5.677115982263556e-04	-7.977374e-02
5.774772232263557e-04	-8.876086e-02
5.872428482263557e-04	-9.743321e-02
5.970084732263557e-04	-1.057579e-01
6.067740982263557e-04	-1.137031e-01
6.165397232263557e-04	-1.212386e-01
6.263053482263557e-04	-1.283358e-01
6.360709732263557e-04	-1.349678e-01
6.458365982263557e-04	-1.411097e-01
6.556022232263557e-04	-1.467388e-01
6.653678482263556e-04	-1.518343e-01
6.751334732263556e-04	-1.563776e-01
6.763541763513557e-04	-1.569045e-01
6.787955826013557e-04	-1.579361e-01
6.836783951013557e-04	-1.598850e-01
6.848990982263556e-04	-1.603494e-01
6.873405044763557e-04	-1.612546e-01
6.922233169763557e-04	-1.629490e-01
7.019889419763557e-04	-1.658976e-01
7.117545669763557e-04	-1.682439e-01
7.215201919763557e-04	-1.699838e-01
7.312858169763556e-04	-1.711087e-01
7.410514419763556e-04	-1.716176e-01
7.508170669763556e-04	-1.715066e-01
7.605826919763557e-04	-1.707780e-01
7.703483169763557e-04	-1.694325e-01
7.801139419763557e-04	-1.674757e-01
7.898795669763557e-04	-1.649127e-01
7.996451919763557e-04	-1.617528e-01
8.094108169763557e-04	-1.580059e-01
8.191764419763557e-04	-1.536846e-01
8.203971451013557e-04	-1.531032e-01
8.228385513513556e-04	-1.519190e-01
8.277213638513556e-04	-1.494420e-01
8.374869888513556e-04	-1.440859e-01
8.472526138513556e-04	-1.382034e-01
8.570182388513557e-04	-1.318194e-01
8.667838638513557e-04	-1.249548e-01
8.765494888513557e-04	-1.176379e-01
8.863151138513557e-04	-1.098940e-01
8.960807388513557e-04	-1.017545e-01
9.058463638513557e-04	-9.324859e-02
9.156119888513557e-04	-8.440997e-02
9.253776138513557e-04	-7.527123e-02
9.351432388513557e-04	-6.586787e-02
9.449088638513557e-04	-5.623496e-02
9.546744888513556e-04	-4.640948e-02
9.644401138513556e-04	-3.642830e-02
9.742057388513557e-04	-2.632940e-02
9.839713638513557e-04	-1.615081e-02
9.937369888513557e-04	-5.931039e-03
1.003502613851356e-03	4.291332e-03
1.013268238851356e-03	1.447781e-02
1.023033863851356e-03	2.458977e-02
1.032799488851356e-03	3.458925e-02
1.042565113851356e-03	4.443823e-02
1.052330738851356e-03	5.409975e-02
1.062096363851356e-03	6.353697e-02
1.071861988851356e-03	7.271448e-02
1.081627613851356e-03	8.159718e-02
1.091393238851356e-03	9.015171e-02
1.101158863851356e-03	9.834531e-02
1.110924488851356e-03	1.061473e-01
1.120690113851356e-03	1.135277e-01
1.130455738851356e-03	1.204590e-01
1.140221363851356e-03	1.269149e-01
1.149986988851356e-03	1.328716e-01
1.159752613851356e-03	1.383063e-01
1.169518238851356e-03	1.432000e-01
1.179283863851356e-03	1.475342e-01
1.189049488851356e-03	1.512943e-01
1.198815113851356e-03	1.544663e-01
1.208580738851356e-03	1.570402e-01
1.218346363851356e-03	1.590064e-01
1.228111988851356e-03	1.603593e-01
1.237877613851356e-03	1.610935e-01
1.247643238851356e-03	1.612076e-01
1.257408863851356e-03	1.607005e-01
1.267174488851356e-03	1.595746e-01
1.276940113851356e-03	1.578330e-01
1.286705738851356e-03	1.554822e-01
1.296471363851356e-03	1.525297e-01
1.306236988851356e-03	1.489861e-01
1.316002613851356e-03	1.448634e-01
1.325768238851356e-03	1.401767e-01
1.335533863851356e-03	1.349424e-01
1.336754566976356e-03	1.342494e-01
1.339195973226356e-03	1.328431e-01
1.339806324788856e-03	1.324850e-01
1.341027027913856e-03	1.317649e-01
1.343468434163856e-03	1.302994e-01
1.348351246663856e-03	1.272738e-01
1.357272247851673e-03	1.214250e-01
1.367037872851673e-03	1.145661e-01
1.376803497851673e-03	1.072548e-01
1.386569122851673e-03	9.951925e-02
1.396334747851673e-03	9.138846e-02
1.406100372851673e-03	8.289355e-02
1.415865997851673e-03	7.406661e-02
1.425631622851673e-03	6.494142e-02
1.435397247851673e-03	5.555243e-02
1.445162872851673e-03	4.593549e-02
1.454928497851673e-03	3.612687e-02
1.464694122851673e-03	2.616394e-02
1.474459747851673e-03	1.608423e-02
1.484225372851673e-03	5.926089e-03
1.485446075976673e-03	4.652624e-03
1.485751251757923e-03	4.334232e-03
1.486361603320423e-03	3.697352e-03
1.486514191211048e-03	3.538096e-03
1.486819366992298e-03	3.219567e-03
1.487429718554798e-03	2.582296e-03
1.487582306445423e-03	2.422959e-03
1.487887482226673e-03	2.104304e-03
1.488497833789173e-03	1.466968e-03
1.489718536914173e-03	1.920128e-04
1.492159943164173e-03	-2.358721e-03
1.496895981535636e-03	-7.307893e-03
1.506368058278562e-03	-1.719469e-02
1.516133683278562e-03	-2.734117e-02
1.525899308278562e-03	-3.740165e-02
1.535664933278562e-03	-4.733848e-02
1.545430558278562e-03	-5.711361e-02
1.555196183278562e-03	-6.669030e-02
1.564961808278562e-03	-7.603187e-02
1.574727433278561e-03	-8.510306e-02
1.584493058278561e-03	-9.386910e-02
1.594258683278561e-03	-1.022968e-01
1.604024308278561e-03	-1.103539e-01
1.613789933278561e-03	-1.180098e-01
1.623555558278561e-03	-1.252353e-01
1.633321183278561e-03	-1.320032e-01
1.643086808278561e-03	-1.382880e-01
1.652852433278561e-03	-1.440662e-01
1.662618058278561e-03	-1.493164e-01
1.672383683278561e-03	-1.540197e-01
1.682149308278562e-03	-1.581587e-01
1.691914933278562e-03	-1.617172e-01
1.701680558278562e-03	-1.646870e-01
1.711446183278562e-03	-1.670550e-01
1.721211808278562e-03	-1.688167e-01
1.730977433278562e-03	-1.699630e-01
1.740743058278562e-03	-1.704938e-01
1.750508683278562e-03	-1.704040e-01
1.760274308278562e-03	-1.696971e-01
1.770039933278562e-03	-1.683721e-01
1.779805558278562e-03	-1.664365e-01
1.789571183278562e-03	-1.638933e-01
1.799336808278562e-03	-1.607540e-01
1.809102433278562e-03	-1.570261e-01
1.810323136403562e-03	-1.565185e-01
1.812764542653562e-03	-1.554805e-01
1.817647355153561e-03	-1.532921e-01
1.818868058278562e-03	-1.527222e-01
1.821309464528562e-03	-1.515603e-01
1.826192277028561e-03	-1.491268e-01
1.835957902028561e-03	-1.438560e-01
1.845723527028561e-03	-1.380555e-01
1.855489152028561e-03	-1.317502e-01
1.865254777028562e-03	-1.249605e-01
1.875020402028562e-03	-1.177143e-01
1.884786027028562e-03	-1.100369e-01
1.894551652028562e-03	-1.019592e-01
1.904317277028562e-03	-9.351031e-02
1.914082902028562e-03	-8.472361e-02
1.923848527028562e-03	-7.563148e-02
1.933614152028562e-03	-6.626929e-02
1.953145402028561e-03	-4.687629e-02
1.962911027028562e-03	-3.691912e-02
1.972676652028561e-03	-2.683829e-02
1.982442277028562e-03	-1.667181e-02
1.992207902028561e-03	-6.458115e-03
2.001973527028562e-03	3.764187e-03
2.011739152028561e-03	1.395664e-02
2.021504777028562e-03	2.408055e-02
2.031270402028561e-03	3.409793e-02
2.041036027028562e-03	4.397065e-02
2.050801652028561e-03	5.366171e-02
2.060567277028562e-03	6.313409e-02
2.070332902028561e-03	7.235229e-02
2.080098527028562e-03	8.128098e-02
2.089864152028561e-03	8.988670e-02
2.099629777028562e-03	9.813639e-02
2.109395402028562e-03	1.059992e-01
2.119161027028562e-03	1.134449e-01
2.128926652028562e-03	1.204457e-01
2.138692277028561e-03	1.269750e-01
2.148457902028562e-03	1.330086e-01
2.158223527028561e-03	1.385235e-01
2.167989152028562e-03	1.435005e-01
2.177754777028561e-03	1.479204e-01
2.187520402028562e-03	1.517686e-01
2.197286027028561e-03	1.550307e-01
2.207051652028562e-03	1.576963e-01
2.216817277028561e-03	1.597555e-01
2.226582902028562e-03	1.612023e-01
2.236348527028561e-03	1.620312e-01
2.246114152028562e-03	1.622403e-01
2.255879777028561e-03	1.618282e-01
2.265645402028562e-03	1.607972e-01
2.275411027028561e-03	1.591498e-01
2.285176652028562e-03	1.568924e-01
2.294942277028561e-03	1.540317e-01
2.304707902028562e-03	1.505785e-01
2.314473527028561e-03	1.465439e-01
2.324239152028562e-03	1.419430e-01
2.334004777028561e-03	1.367916e-01
2.335225480153562e-03	1.361088e-01
2.337666886403562e-03	1.347226e-01
2.342549698903562e-03	1.318474e-01
2.352315323903562e-03	1.257170e-01
2.362080948903562e-03	1.190954e-01
2.371846573903561e-03	1.120090e-01
2.381612198903562e-03	1.044833e-01
2.391377823903561e-03	9.654769e-02
2.401143448903562e-03	8.823170e-02
2.410909073903561e-03	7.956731e-02
2.420674698903562e-03	7.058732e-02
2.430440323903561e-03	6.132581e-02
2.440205948903562e-03	5.181816e-02
2.449971573903561e-03	4.210009e-02
2.459737198903562e-03	3.220893e-02
2.469502823903561e-03	2.218152e-02
2.479268448903562e-03	1.205654e-02
2.489034073903561e-03	1.871514e-03
2.498799698903562e-03	-8.334263e-03
2.508565323903561e-03	-1.852294e-02
2.518330948903562e-03	-2.865522e-02
2.528096573903561e-03	-3.869358e-02
2.537862198903562e-03	-4.859911e-02
2.547627823903561e-03	-5.833524e-02
2.557393448903562e-03	-6.786402e-02
2.567159073903562e-03	-7.715031e-02
2.576924698903562e-03	-8.615772e-02
2.586690323903562e-03	-9.485307e-02
2.596455948903562e-03	-1.032021e-01
2.606221573903562e-03	-1.111742e-01
2.615987198903561e-03	-1.187379e-01
2.625752823903562e-03	-1.258656e-01
2.635518448903561e-03	-1.325292e-01
2.645284073903562e-03	-1.387048e-01
2.655049698903561e-03	-1.443684e-01
2.664815323903562e-03	-1.495001e-01
2.674580948903561e-03	-1.540803e-01
2.675801652028562e-03	-1.546120e-01
2.678243058278562e-03	-1.556532e-01
2.683125870778561e-03	-1.576226e-01
2.692891495778562e-03	-1.611262e-01
2.702657120778561e-03	-1.640382e-01
2.712422745778562e-03	-1.663488e-01
2.722188370778561e-03	-1.680512e-01
2.731953995778562e-03	-1.691387e-01
2.741719620778561e-03	-1.696093e-01
2.751485245778562e-03	-1.694598e-01
2.761250870778561e-03	-1.686926e-01
2.771016495778562e-03	-1.673080e-01
2.780782120778562e-03	-1.653128e-01
2.790547745778562e-03	-1.627109e-01
2.800313370778562e-03	-1.595136e-01
2.810078995778562e-03	-1.557289e-01
2.811299698903562e-03	-1.552142e-01
2.813741105153561e-03	-1.541620e-01
2.818623917653561e-03	-1.519455e-01
2.819844620778562e-03	-1.513689e-01
2.822286027028561e-03	-1.501933e-01
2.827168839528561e-03	-1.477330e-01
2.836624184160056e-03	-1.425872e-01
2.846389809160056e-03	-1.367527e-01
2.856155434160056e-03	-1.304151e-01
2.865921059160056e-03	-1.235946e-01
2.875686684160056e-03	-1.163197e-01
2.885452309160056e-03	-1.086155e-01
2.895217934160056e-03	-1.005132e-01
2.904983559160056e-03	-9.204175e-02
2.914749184160056e-03	-8.323487e-02
2.924514809160056e-03	-7.412489e-02
2.934280434160056e-03	-6.474731e-02
2.944046059160056e-03	-5.513702e-02
2.953811684160056e-03	-4.533101e-02
2.963577309160056e-03	-3.536599e-02
2.973342934160056e-03	-2.527996e-02
2.983108559160056e-03	-1.511086e-02
2.992874184160056e-03	-4.897229e-03
3.002639809160056e-03	5.322430e-03
3.012405434160056e-03	1.550954e-02
3.022171059160056e-03	2.562553e-02
3.031936684160056e-03	3.563234e-02
3.041702309160056e-03	4.549196e-02
3.051467934160056e-03	5.516734e-02
3.061233559160056e-03	6.462159e-02
3.070999184160056e-03	7.381918e-02
3.080764809160056e-03	8.272493e-02
3.090530434160056e-03	9.130537e-02
3.100296059160056e-03	9.952760e-02
3.110061684160056e-03	1.073608e-01
3.119827309160056e-03	1.147748e-01
3.129592934160056e-03	1.217422e-01
3.139358559160056e-03	1.282361e-01
3.149124184160056e-03	1.342328e-01
3.158889809160056e-03	1.397092e-01
3.168655434160056e-03	1.446466e-01
3.178421059160056e-03	1.490255e-01
3.188186684160056e-03	1.528320e-01
3.197952309160056e-03	1.560512e-01
3.207717934160056e-03	1.586737e-01
3.217483559160056e-03	1.606890e-01
3.227249184160056e-03	1.620920e-01
3.237014809160056e-03	1.628766e-01
3.246780434160056e-03	1.630417e-01
3.256546059160056e-03	1.625855e-01
3.266311684160056e-03	1.615109e-01
3.276077309160056e-03	1.598201e-01
3.285842934160056e-03	1.575200e-01
3.295608559160056e-03	1.546172e-01
3.305374184160056e-03	1.511227e-01
3.315139809160056e-03	1.470477e-01
3.324905434160056e-03	1.424076e-01
3.334671059160056e-03	1.372180e-01
3.344436684160056e-03	1.314990e-01
3.354202309160056e-03	1.252695e-01
3.363967934160056e-03	1.185556e-01
3.373733559160056e-03	1.113801e-01
3.383499184160056e-03	1.037721e-01
3.393264809160056e-03	9.575857e-02
3.403030434160056e-03	8.737174e-02
3.412796059160056e-03	7.864179e-02
3.422561684160056e-03	6.960353e-02
3.432327309160056e-03	6.028974e-02
3.442092934160056e-03	5.073729e-02
3.451858559160056e-03	4.098096e-02
3.461624184160056e-03	3.105915e-02
3.471389809160056e-03	2.100803e-02
3.481155434160056e-03	1.086700e-02
3.490921059160056e-03	6.731146e-04
3.492141762285056e-03	-6.027336e-04
3.494583168535056e-03	-3.154870e-03
3.499465981035056e-03	-8.258608e-03
3.509231606035056e-03	-1.844597e-02
3.518997231035056e-03	-2.857511e-02
3.528762856035056e-03	-3.860695e-02
3.538528481035056e-03	-4.850417e-02
3.548294106035056e-03	-5.822869e-02
3.558059731035056e-03	-6.774415e-02
3.567825356035056e-03	-7.701395e-02
3.577590981035056e-03	-8.600327e-02
3.587356606035056e-03	-9.467754e-02
3.597122231035056e-03	-1.030040e-01
3.606887856035056e-03	-1.109508e-01
3.616653481035056e-03	-1.184879e-01
3.626419106035056e-03	-1.255865e-01
3.636184731035056e-03	-1.322199e-01
3.645950356035056e-03	-1.383631e-01
3.655715981035056e-03	-1.439934e-01
3.665481606035056e-03	-1.490899e-01
3.675247231035056e-03	-1.536344e-01
3.676467934160056e-03	-1.541614e-01
3.678909340410056e-03	-1.551934e-01
3.683792152910056e-03	-1.571442e-01
3.685012856035056e-03	-1.576085e-01
3.687454262285056e-03	-1.585133e-01
3.688064613847556e-03	-1.587325e-01
3.689285316972556e-03	-1.591661e-01
3.691726723222556e-03	-1.600049e-01
3.696609535722556e-03	-1.615719e-01
3.706375160722556e-03	-1.642580e-01
3.716140785722556e-03	-1.663399e-01
3.725906410722556e-03	-1.678105e-01
3.735672035722556e-03	-1.686653e-01
3.745437660722556e-03	-1.689014e-01
3.755203285722556e-03	-1.685181e-01
3.764968910722556e-03	-1.675167e-01
3.774734535722556e-03	-1.659004e-01
3.784500160722556e-03	-1.636743e-01
3.794265785722556e-03	-1.608459e-01
3.804031410722556e-03	-1.574244e-01
3.813797035722556e-03	-1.534208e-01
3.815017738847556e-03	-1.528786e-01
3.817459145097556e-03	-1.517724e-01
3.822341957597556e-03	-1.494495e-01
3.832107582597556e-03	-1.443943e-01
3.841873207597556e-03	-1.388018e-01
3.851638832597556e-03	-1.326959e-01
3.861404457597556e-03	-1.260962e-01
3.871170082597556e-03	-1.190299e-01
3.880935707597556e-03	-1.115215e-01
3.890701332597556e-03	-1.036012e-01
3.900466957597556e-03	-9.529752e-02
3.910232582597557e-03	-8.664332e-02
3.919998207597556e-03	-7.767045e-02
3.929763832597556e-03	-6.841385e-02
3.939529457597556e-03	-5.890800e-02
3.949295082597557e-03	-4.918948e-02
3.959060707597556e-03	-3.929474e-02
3.968826332597556e-03	-2.926149e-02
3.978591957597556e-03	-1.912751e-02
3.988357582597556e-03	-8.931182e-03
3.998123207597556e-03	1.288979e-03
4.007888832597556e-03	1.149446e-02
4.017654457597556e-03	2.164656e-02
4.027420082597556e-03	3.170713e-02
4.037185707597556e-03	4.163792e-02
4.046951332597556e-03	5.140163e-02
4.056716957597556e-03	6.096104e-02
4.066482582597556e-03	7.028024e-02
4.076248207597557e-03	7.932357e-02
4.086013832597556e-03	8.805706e-02
4.095779457597556e-03	9.644722e-02
4.105545082597556e-03	1.044625e-01
4.115310707597557e-03	1.120722e-01
4.125076332597556e-03	1.192479e-01
4.134841957597556e-03	1.259621e-01
4.144607582597556e-03	1.321899e-01
4.154373207597557e-03	1.379077e-01
4.164138832597556e-03	1.430949e-01
4.173904457597556e-03	1.477322e-01
4.183670082597556e-03	1.518034e-01
4.193435707597557e-03	1.552939e-01
4.203201332597556e-03	1.581919e-01
4.212966957597556e-03	1.604872e-01
4.222732582597556e-03	1.621724e-01
4.232498207597556e-03	1.632418e-01
4.242263832597556e-03	1.636922e-01
4.252029457597556e-03	1.635219e-01
4.261795082597556e-03	1.627317e-01
4.271560707597556e-03	1.613240e-01
4.281326332597556e-03	1.593038e-01
4.291091957597556e-03	1.566775e-01
4.300857582597556e-03	1.534544e-01
4.310623207597556e-03	1.496452e-01
4.320388832597557e-03	1.452636e-01
4.330154457597556e-03	1.403249e-01
4.339920082597556e-03	1.348473e-01
4.341140785722556e-03	1.341244e-01
4.343582191972556e-03	1.326589e-01
4.348465004472556e-03	1.296269e-01
4.358230629472556e-03	1.231948e-01
4.367996254472557e-03	1.162852e-01
4.377761879472556e-03	1.089277e-01
4.387527504472556e-03	1.011469e-01
4.397293129472556e-03	9.297509e-02
4.407058754472557e-03	8.444098e-02
4.416824379472556e-03	7.557901e-02
4.426590004472556e-03	6.642117e-02
4.436355629472556e-03	5.700367e-02
4.446121254472556e-03	4.736106e-02
4.455886879472556e-03	3.753091e-02
4.465652504472556e-03	2.754961e-02
4.475418129472556e-03	1.745565e-02
4.485183754472556e-03	7.286623e-03
4.494949379472556e-03	-2.918514e-03
4.496170082597556e-03	-4.194837e-03
4.498611488847557e-03	-6.747001e-03
4.503494301347557e-03	-1.184756e-02
4.513259926347556e-03	-2.201680e-02
4.523025551347556e-03	-3.211189e-02
4.532791176347556e-03	-4.209406e-02
4.542556801347557e-03	-5.192601e-02
4.552322426347556e-03	-6.157006e-02
4.562088051347556e-03	-7.098997e-02
4.571853676347556e-03	-8.014967e-02
4.581619301347557e-03	-8.901459e-02
4.601150551347556e-03	-1.057260e-01
4.610916176347556e-03	-1.135088e-01
4.620681801347557e-03	-1.208700e-01
4.630447426347556e-03	-1.277814e-01
4.640213051347556e-03	-1.342172e-01
4.649978676347556e-03	-1.401531e-01
4.659744301347556e-03	-1.455674e-01
4.669509926347556e-03	-1.504401e-01
4.679275551347556e-03	-1.547536e-01
4.680496254472556e-03	-1.552513e-01
4.682937660722556e-03	-1.562244e-01
4.683548012285056e-03	-1.564605e-01
4.684768715410056e-03	-1.569282e-01
4.687210121660056e-03	-1.578353e-01
4.687820473222556e-03	-1.580557e-01
4.689041176347556e-03	-1.584917e-01
4.691482582597556e-03	-1.593345e-01
4.696365395097556e-03	-1.609098e-01
4.706131020097556e-03	-1.636126e-01
4.715896645097556e-03	-1.657113e-01
4.725662270097557e-03	-1.671987e-01
4.735427895097556e-03	-1.680703e-01
4.745193520097556e-03	-1.683231e-01
4.754959145097556e-03	-1.679566e-01
4.764724770097557e-03	-1.669718e-01
4.774490395097556e-03	-1.653718e-01
4.784256020097556e-03	-1.631619e-01
4.794021645097556e-03	-1.603492e-01
4.803787270097557e-03	-1.569433e-01
4.805007973222556e-03	-1.564750e-01
4.807449379472556e-03	-1.555160e-01
4.812332191972556e-03	-1.534842e-01
4.813552895097556e-03	-1.529532e-01
4.815994301347556e-03	-1.518686e-01
4.820877113847556e-03	-1.495879e-01
4.822097816972556e-03	-1.489954e-01
4.824539223222556e-03	-1.477885e-01
4.829422035722556e-03	-1.452659e-01
4.839187660722557e-03	-1.398216e-01
4.848953285722556e-03	-1.338543e-01
4.858718910722556e-03	-1.273900e-01
4.868484535722556e-03	-1.204494e-01
4.878250160722557e-03	-1.130616e-01
4.888015785722556e-03	-1.052520e-01
4.897781410722556e-03	-9.705223e-02
4.907547035722556e-03	-8.849181e-02
4.917312660722557e-03	-7.960471e-02
4.927078285722556e-03	-7.042349e-02
4.946609535722556e-03	-5.132132e-02
4.956375160722557e-03	-4.147265e-02
4.975906410722556e-03	-2.136599e-02
4.985672035722556e-03	-1.118413e-02
4.995437660722556e-03	-9.679014e-04
5.005203285722556e-03	9.244256e-03
5.014968910722556e-03	1.941368e-02
5.024734535722556e-03	2.950196e-02
5.034500160722556e-03	3.947104e-02
5.044265785722556e-03	4.928311e-02
5.054031410722556e-03	5.890118e-02
5.063797035722556e-03	6.828865e-02
5.073562660722556e-03	7.741015e-02
5.083328285722557e-03	8.623080e-02
5.093093910722556e-03	9.471741e-02
5.102859535722556e-03	1.028374e-01
5.112625160722556e-03	1.105604e-01
5.122390785722557e-03	1.178567e-01
5.132156410722556e-03	1.246990e-01
5.141922035722556e-03	1.310614e-01
5.151687660722556e-03	1.369204e-01
5.161453285722557e-03	1.422536e-01
5.171218910722556e-03	1.470428e-01
5.180984535722556e-03	1.512693e-01
5.190750160722556e-03	1.549197e-01
5.200515785722557e-03	1.579798e-01
5.210281410722556e-03	1.604407e-01
5.220047035722556e-03	1.622926e-01
5.229812660722556e-03	1.635308e-01
5.239578285722556e-03	1.641501e-01
5.249343910722556e-03	1.641497e-01
5.259109535722556e-03	1.635284e-01
5.268875160722556e-03	1.622895e-01
5.278640785722556e-03	1.604359e-01
5.288406410722556e-03	1.579750e-01
5.298172035722556e-03	1.549138e-01
5.307937660722556e-03	1.512641e-01
5.317703285722556e-03	1.470373e-01
5.327468910722557e-03	1.422496e-01
5.337234535722556e-03	1.369173e-01
5.338455238847556e-03	1.362123e-01
5.340896645097556e-03	1.347821e-01
5.345779457597556e-03	1.318202e-01
5.355545082597556e-03	1.255218e-01
5.365310707597556e-03	1.187402e-01
5.375076332597557e-03	1.115022e-01
5.384841957597556e-03	1.038341e-01
5.394607582597556e-03	9.576570e-02
5.404373207597556e-03	8.732720e-02
5.414138832597557e-03	7.855093e-02
5.423904457597556e-03	6.947019e-02
5.433670082597556e-03	6.011935e-02
5.443435707597556e-03	5.053420e-02
5.453201332597556e-03	4.075065e-02
5.462966957597556e-03	3.080635e-02
5.472732582597556e-03	2.073824e-02
5.482498207597556e-03	1.058523e-02
5.483718910722556e-03	9.311767e-03
5.486160316972556e-03	6.763594e-03
5.491043129472556e-03	1.661262e-03
5.492263832597556e-03	3.851231e-04
5.494705238847556e-03	-2.167884e-03
5.495315590410057e-03	-2.805893e-03
5.496536293535056e-03	-4.082194e-03
5.498977699785056e-03	-6.634632e-03
5.503860512285057e-03	-1.173522e-02
5.508458176772766e-03	-1.652956e-02
5.517653505748187e-03	-2.607699e-02
5.527419130748187e-03	-3.612721e-02
5.537184755748187e-03	-4.604745e-02
5.546950380748187e-03	-5.580063e-02
5.556716005748187e-03	-6.534937e-02
5.566481630748187e-03	-7.465779e-02
5.576247255748187e-03	-8.369021e-02
5.586012880748187e-03	-9.241257e-02
5.595778505748187e-03	-1.007914e-01
5.605544130748187e-03	-1.087951e-01
5.615309755748187e-03	-1.163931e-01
5.625075380748187e-03	-1.235565e-01
5.634841005748187e-03	-1.302584e-01
5.644606630748187e-03	-1.364735e-01
5.654372255748187e-03	-1.421787e-01
5.664137880748187e-03	-1.473530e-01
5.673903505748187e-03	-1.519775e-01
5.683669130748187e-03	-1.560357e-01
5.684889833873187e-03	-1.565011e-01
5.687331240123187e-03	-1.574090e-01
5.692214052623187e-03	-1.591087e-01
5.693434755748187e-03	-1.595103e-01
5.695876161998187e-03	-1.602895e-01
5.700758974498187e-03	-1.617301e-01
5.710524599498187e-03	-1.641644e-01
5.720290224498187e-03	-1.659891e-01
5.730055849498187e-03	-1.672019e-01
5.739821474498187e-03	-1.677959e-01
5.749587099498187e-03	-1.677716e-01
5.759352724498187e-03	-1.671271e-01
5.769118349498187e-03	-1.658662e-01
5.778883974498187e-03	-1.639915e-01
5.788649599498187e-03	-1.615104e-01
5.798415224498187e-03	-1.584300e-01
5.808180849498187e-03	-1.547614e-01
5.809401552623187e-03	-1.542606e-01
5.811842958873187e-03	-1.532365e-01
5.816725771373187e-03	-1.510762e-01
5.817946474498187e-03	-1.505135e-01
5.820387880748187e-03	-1.493657e-01
5.825270693248187e-03	-1.469602e-01
5.835036318248187e-03	-1.417440e-01
5.844801943248187e-03	-1.359963e-01
5.854567568248187e-03	-1.297419e-01
5.864333193248187e-03	-1.230008e-01
5.874098818248187e-03	-1.158011e-01
5.883864443248187e-03	-1.081676e-01
5.893630068248187e-03	-1.001312e-01
5.903395693248187e-03	-9.172073e-02
5.913161318248187e-03	-8.296959e-02
5.922926943248187e-03	-7.390989e-02
5.932692568248187e-03	-6.457696e-02
5.942458193248187e-03	-5.500552e-02
5.952223818248187e-03	-4.523243e-02
5.961989443248187e-03	-3.529428e-02
5.971755068248187e-03	-2.522900e-02
5.981520693248187e-03	-1.507443e-02
5.991286318248187e-03	-4.869090e-03
6.001051943248187e-03	5.348551e-03
6.010817568248187e-03	1.553988e-02
6.020583193248187e-03	2.566633e-02
6.030348818248187e-03	3.568977e-02
6.040114443248187e-03	4.557212e-02
6.049880068248187e-03	5.527621e-02
6.059645693248187e-03	6.476504e-02
6.069411318248187e-03	7.400294e-02
6.079176943248187e-03	8.295454e-02
6.088942568248187e-03	9.158619e-02
6.098708193248187e-03	9.986476e-02
6.108473818248187e-03	1.077592e-01
6.118239443248187e-03	1.152391e-01
6.128005068248187e-03	1.222766e-01
6.137770693248187e-03	1.288448e-01
6.147536318248187e-03	1.349195e-01
6.157301943248187e-03	1.404772e-01
6.167067568248187e-03	1.454991e-01
6.176833193248187e-03	1.499651e-01
6.186598818248187e-03	1.538613e-01
6.196364443248187e-03	1.571721e-01
6.206130068248187e-03	1.598881e-01
6.215895693248187e-03	1.619982e-01
6.225661318248187e-03	1.634973e-01
6.235426943248187e-03	1.643786e-01
6.245192568248187e-03	1.646412e-01
6.254958193248187e-03	1.642825e-01
6.264723818248187e-03	1.633052e-01
6.274489443248187e-03	1.617113e-01
6.284255068248187e-03	1.595072e-01
6.294020693248187e-03	1.566991e-01
6.303786318248187e-03	1.532978e-01
6.313551943248187e-03	1.493137e-01
6.323317568248187e-03	1.447621e-01
6.333083193248187e-03	1.396582e-01
6.342848818248187e-03	1.340215e-01
6.344069521373187e-03	1.332792e-01
6.346510927623187e-03	1.317749e-01
6.351393740123187e-03	1.286667e-01
6.361159365123187e-03	1.220881e-01
6.370924990123187e-03	1.150390e-01
6.380690615123187e-03	1.075506e-01
6.390456240123187e-03	9.964709e-02
6.400221865123187e-03	9.136209e-02
6.409987490123187e-03	8.272393e-02
6.419753115123187e-03	7.376825e-02
6.429518740123187e-03	6.452659e-02
6.439284365123187e-03	5.503627e-02
6.449049990123187e-03	4.533132e-02
6.458815615123187e-03	3.545029e-02
6.468581240123187e-03	2.542900e-02
6.478346865123187e-03	1.530683e-02
6.488112490123187e-03	5.120733e-03
6.489333193248187e-03	3.845062e-03
6.491774599498187e-03	1.292856e-03
6.492384951060687e-03	6.546245e-04
6.493605654185687e-03	-6.218514e-04
6.493910829966937e-03	-9.410755e-04
6.494521181529437e-03	-1.579431e-03
6.495741884654437e-03	-2.855893e-03
6.498183290904437e-03	-5.408674e-03
6.502229373510203e-03	-9.636959e-03
6.509367800292784e-03	-1.708213e-02
6.519133425292784e-03	-2.721325e-02
6.528899050292783e-03	-3.724704e-02
6.538664675292784e-03	-4.714530e-02
6.548430300292784e-03	-5.687072e-02
6.558195925292784e-03	-6.638628e-02
6.567961550292783e-03	-7.565601e-02
6.577727175292784e-03	-8.464459e-02
6.587492800292784e-03	-9.331792e-02
6.597258425292784e-03	-1.016429e-01
6.607024050292783e-03	-1.095880e-01
6.616789675292783e-03	-1.171229e-01
6.626555300292784e-03	-1.242192e-01
6.636320925292784e-03	-1.308499e-01
6.646086550292783e-03	-1.369903e-01
6.655852175292783e-03	-1.426174e-01
6.665617800292784e-03	-1.477107e-01
6.675383425292784e-03	-1.522515e-01
6.685149050292783e-03	-1.562237e-01
6.686369753417783e-03	-1.566781e-01
6.688811159667784e-03	-1.575640e-01
6.689421511230284e-03	-1.577782e-01
6.690642214355284e-03	-1.582020e-01
6.693083620605283e-03	-1.590214e-01
6.697966433105284e-03	-1.605492e-01
6.707732058105284e-03	-1.631559e-01
6.717497683105284e-03	-1.651570e-01
6.727263308105283e-03	-1.665459e-01
6.737028933105284e-03	-1.673182e-01
6.746794558105284e-03	-1.674715e-01
6.756560183105284e-03	-1.670051e-01
6.766325808105283e-03	-1.659208e-01
6.776091433105284e-03	-1.642218e-01
6.785857058105284e-03	-1.619139e-01
6.795622683105284e-03	-1.590045e-01
6.805388308105283e-03	-1.555036e-01
6.806609011230284e-03	-1.550235e-01
6.809050417480284e-03	-1.540409e-01
6.813933229980283e-03	-1.519623e-01
6.815153933105283e-03	-1.514198e-01
6.817595339355284e-03	-1.503123e-01
6.822478151855283e-03	-1.479864e-01
6.832243776855283e-03	-1.429258e-01
6.842009401855284e-03	-1.373279e-01
6.851775026855284e-03	-1.312172e-01
6.861540651855283e-03	-1.246129e-01
6.871306276855283e-03	-1.175427e-01
6.881071901855284e-03	-1.100307e-01
6.890837526855284e-03	-1.021074e-01
6.900603151855284e-03	-9.380113e-02
6.910368776855283e-03	-8.514495e-02
6.920134401855284e-03	-7.617058e-02
6.929900026855284e-03	-6.691308e-02
6.939665651855284e-03	-5.740682e-02
6.949431276855283e-03	-4.768847e-02
6.959196901855284e-03	-3.779441e-02
6.968962526855284e-03	-2.776242e-02
6.978728151855284e-03	-1.763022e-02
6.988493776855283e-03	-7.436263e-03
6.998259401855283e-03	2.781027e-03
7.008025026855284e-03	1.298304e-02
7.017790651855284e-03	2.313116e-02
7.027556276855283e-03	3.318718e-02
7.037321901855283e-03	4.311289e-02
7.047087526855284e-03	5.287097e-02
7.056853151855284e-03	6.242423e-02
7.066618776855283e-03	7.173672e-02
7.076384401855283e-03	8.077285e-02
7.086150026855284e-03	8.949859e-02
7.095915651855284e-03	9.788049e-02
7.105681276855283e-03	1.058870e-01
7.115446901855283e-03	1.134875e-01
7.125212526855284e-03	1.206535e-01
7.134978151855284e-03	1.273575e-01
7.144743776855284e-03	1.335748e-01
7.154509401855283e-03	1.392815e-01
7.164275026855284e-03	1.444576e-01
7.174040651855284e-03	1.490832e-01
7.183806276855284e-03	1.531430e-01
7.193571901855283e-03	1.566214e-01
7.203337526855284e-03	1.595077e-01
7.213103151855284e-03	1.617909e-01
7.222868776855284e-03	1.634644e-01
7.232634401855283e-03	1.645219e-01
7.242400026855283e-03	1.649609e-01
7.252165651855284e-03	1.647790e-01
7.261931276855284e-03	1.639778e-01
7.271696901855283e-03	1.625590e-01
7.281462526855283e-03	1.605283e-01
7.291228151855284e-03	1.578914e-01
7.300993776855284e-03	1.546582e-01
7.310759401855283e-03	1.508388e-01
7.320525026855283e-03	1.464476e-01
7.330290651855284e-03	1.414992e-01
7.340056276855284e-03	1.360124e-01
7.341276979980283e-03	1.352884e-01
7.343718386230284e-03	1.338205e-01
7.344328737792783e-03	1.334473e-01
7.345549440917784e-03	1.326967e-01
7.347990847167783e-03	1.311711e-01
7.352873659667783e-03	1.280262e-01
7.362639284667784e-03	1.213736e-01
7.372404909667784e-03	1.142561e-01
7.382170534667784e-03	1.067019e-01
7.391936159667783e-03	9.873836e-02
7.401701784667784e-03	9.039686e-02
7.411467409667784e-03	8.170804e-02
7.421233034667784e-03	7.270595e-02
7.430998659667783e-03	6.342383e-02
7.440764284667783e-03	5.389786e-02
7.450529909667784e-03	4.416325e-02
7.460295534667784e-03	3.425779e-02
7.470061159667783e-03	2.421812e-02
7.479826784667783e-03	1.408307e-02
7.489592409667784e-03	3.890140e-03
7.490813112792784e-03	2.614004e-03
7.493254519042784e-03	6.112986e-05
7.498137331542784e-03	-5.045240e-03
7.498289919433409e-03	-5.204785e-03
7.498595095214658e-03	-5.523856e-03
7.499205446777159e-03	-6.161918e-03
7.500426149902159e-03	-7.437813e-03
7.502867556152159e-03	-9.988425e-03
7.507750368652159e-03	-1.508275e-02
7.517515993652159e-03	-2.522692e-02
7.527281618652158e-03	-3.528029e-02
7.537047243652158e-03	-4.520421e-02
7.546812868652159e-03	-5.496163e-02
7.556578493652159e-03	-6.451512e-02
7.566344118652158e-03	-7.382883e-02
7.576109743652158e-03	-8.286705e-02
7.585875368652159e-03	-9.159571e-02
7.595640993652159e-03	-9.998137e-02
7.605406618652158e-03	-1.079923e-01
7.615172243652158e-03	-1.155980e-01
7.624937868652159e-03	-1.227696e-01
7.634703493652159e-03	-1.294801e-01
7.644469118652159e-03	-1.357042e-01
7.654234743652158e-03	-1.414187e-01
7.664000368652159e-03	-1.466026e-01
7.673765993652159e-03	-1.512370e-01
7.683531618652159e-03	-1.553053e-01
7.684752321777158e-03	-1.557720e-01
7.687193728027159e-03	-1.566826e-01
7.687804079589659e-03	-1.569030e-01
7.689024782714659e-03	-1.573391e-01
7.691466188964658e-03	-1.581829e-01
7.696349001464658e-03	-1.597606e-01
7.706114626464659e-03	-1.624673e-01
7.715880251464659e-03	-1.645704e-01
7.725645876464658e-03	-1.660616e-01
7.735411501464658e-03	-1.669372e-01
7.745177126464659e-03	-1.671935e-01
7.754942751464659e-03	-1.668306e-01
7.764708376464658e-03	-1.658487e-01
7.774474001464658e-03	-1.642521e-01
7.784239626464659e-03	-1.620448e-01
7.794005251464659e-03	-1.592351e-01
7.803770876464658e-03	-1.558315e-01
7.813536501464659e-03	-1.518453e-01
7.814757204589658e-03	-1.513052e-01
7.817198610839659e-03	-1.502032e-01
7.822081423339658e-03	-1.478891e-01
7.831847048339658e-03	-1.428509e-01
7.841612673339658e-03	-1.372749e-01
7.851378298339659e-03	-1.311851e-01
7.861143923339659e-03	-1.246008e-01
7.870909548339659e-03	-1.175495e-01
7.880675173339659e-03	-1.100554e-01
7.890440798339659e-03	-1.021488e-01
7.900206423339658e-03	-9.385803e-02
7.909972048339658e-03	-8.521601e-02
7.919737673339658e-03	-7.625449e-02
7.929503298339658e-03	-6.700839e-02
7.939268923339659e-03	-5.751215e-02
7.949034548339659e-03	-4.780231e-02
7.958800173339659e-03	-3.791527e-02
7.968565798339659e-03	-2.788877e-02
7.978331423339658e-03	-1.776052e-02
7.988097048339658e-03	-7.568941e-03
7.997862673339658e-03	2.647524e-03
8.007628298339658e-03	1.285029e-02
8.027159548339659e-03	3.306058e-02
8.036925173339659e-03	4.299168e-02
8.046690798339659e-03	5.275666e-02
8.056456423339659e-03	6.231830e-02
8.066222048339658e-03	7.164061e-02
8.075987673339658e-03	8.068797e-02
8.085753298339658e-03	8.942630e-02
8.095518923339659e-03	9.782211e-02
8.105284548339659e-03	1.058438e-01
8.115050173339659e-03	1.134606e-01
8.124815798339659e-03	1.206440e-01
8.134581423339659e-03	1.273666e-01
8.144347048339658e-03	1.336034e-01
8.154112673339658e-03	1.393304e-01
8.163878298339658e-03	1.445277e-01
8.173643923339658e-03	1.491752e-01
8.183409548339659e-03	1.532575e-01
8.193175173339659e-03	1.567590e-01
8.202940798339659e-03	1.596688e-01
8.212706423339659e-03	1.619759e-01
8.222472048339658e-03	1.636737e-01
8.232237673339658e-03	1.647556e-01
8.242003298339658e-03	1.652191e-01
8.251768923339658e-03	1.650618e-01
8.261534548339659e-03	1.642852e-01
8.271300173339659e-03	1.628910e-01
8.281065798339659e-03	1.608845e-01
8.290831423339659e-03	1.582716e-01
8.300597048339659e-03	1.550620e-01
8.310362673339658e-03	1.512659e-01
8.320128298339658e-03	1.468972e-01
8.329893923339658e-03	1.419706e-01
8.339659548339659e-03	1.365049e-01
8.340880251464658e-03	1.357835e-01
8.343321657714658e-03	1.343208e-01
8.348204470214659e-03	1.312948e-01
8.357970095214658e-03	1.248727e-01
8.367735720214658e-03	1.179735e-01
8.377501345214658e-03	1.106244e-01
8.387266970214658e-03	1.028523e-01
8.397032595214659e-03	9.468721e-02
8.406798220214659e-03	8.615986e-02
8.416563845214659e-03	7.730284e-02
8.426329470214659e-03	6.814979e-02
8.436095095214658e-03	5.873532e-02
8.445860720214658e-03	4.909550e-02
8.455626345214658e-03	3.926636e-02
8.465391970214658e-03	2.928579e-02
8.475157595214659e-03	1.919081e-02
8.484923220214659e-03	9.020434e-03
8.494688845214659e-03	-1.187793e-03
8.504454470214659e-03	-1.139438e-02
8.514220095214659e-03	-2.156162e-02
8.523985720214658e-03	-3.165021e-02
8.533751345214658e-03	-4.162290e-02
8.543516970214658e-03	-5.144095e-02
8.553282595214659e-03	-6.106825e-02
8.563048220214659e-03	-7.046715e-02
8.572813845214659e-03	-7.960317e-02
8.582579470214659e-03	-8.844035e-02
8.592345095214659e-03	-9.694635e-02
8.602110720214658e-03	-1.050876e-01
8.611876345214658e-03	-1.128343e-01
8.621641970214658e-03	-1.201559e-01
8.631407595214658e-03	-1.270259e-01
8.641173220214659e-03	-1.334172e-01
8.650938845214659e-03	-1.393071e-01
8.660704470214659e-03	-1.446728e-01
8.670470095214659e-03	-1.494956e-01
8.680235720214658e-03	-1.537572e-01
8.681456423339659e-03	-1.542485e-01
8.683897829589659e-03	-1.552084e-01
8.688780642089659e-03	-1.570137e-01
8.698546267089659e-03	-1.601841e-01
8.708311892089659e-03	-1.627566e-01
8.718077517089659e-03	-1.647228e-01
8.727843142089659e-03	-1.660768e-01
8.737608767089658e-03	-1.668135e-01
8.747374392089658e-03	-1.669314e-01
8.757140017089658e-03	-1.664291e-01
8.766905642089659e-03	-1.653095e-01
8.776671267089659e-03	-1.635748e-01
8.786436892089659e-03	-1.612323e-01
8.796202517089659e-03	-1.582879e-01
8.805968142089659e-03	-1.547531e-01
8.815733767089658e-03	-1.506372e-01
8.816954470214659e-03	-1.500814e-01
8.819395876464659e-03	-1.489479e-01
8.824278688964659e-03	-1.465714e-01
8.832742863693776e-03	-1.421301e-01
8.842508488693775e-03	-1.365064e-01
8.852274113693775e-03	-1.303706e-01
8.862039738693777e-03	-1.237429e-01
8.871805363693776e-03	-1.166502e-01
8.881570988693776e-03	-1.091175e-01
8.891336613693776e-03	-1.011747e-01
8.901102238693776e-03	-9.285089e-02
8.910867863693776e-03	-8.417860e-02
8.920633488693775e-03	-7.519003e-02
8.930399113693775e-03	-6.591995e-02
8.940164738693775e-03	-5.640311e-02
8.949930363693777e-03	-4.667593e-02
8.959695988693776e-03	-3.677506e-02
8.969461613693776e-03	-2.673809e-02
8.979227238693776e-03	-1.660297e-02
8.988992863693776e-03	-6.407970e-03
8.998758488693775e-03	3.808313e-03
9.008524113693775e-03	1.400740e-02
9.018289738693775e-03	2.415058e-02
9.028055363693777e-03	3.419974e-02
9.037820988693776e-03	4.411661e-02
9.047586613693776e-03	5.386398e-02
9.057352238693776e-03	6.340461e-02
9.067117863693776e-03	7.270267e-02
9.076883488693776e-03	8.172253e-02
9.086649113693775e-03	9.043030e-02
9.096414738693775e-03	9.879251e-02
9.106180363693777e-03	1.067778e-01
9.115945988693776e-03	1.143554e-01
9.125711613693776e-03	1.214971e-01
9.135477238693776e-03	1.281755e-01
9.145242863693776e-03	1.343659e-01
9.155008488693776e-03	1.400444e-01
9.164774113693775e-03	1.451916e-01
9.174539738693775e-03	1.497871e-01
9.184305363693775e-03	1.538161e-01
9.194070988693777e-03	1.572630e-01
9.203836613693776e-03	1.601175e-01
9.213602238693776e-03	1.623682e-01
9.223367863693776e-03	1.640093e-01
9.233133488693776e-03	1.650339e-01
9.242899113693775e-03	1.654401e-01
9.252664738693775e-03	1.652254e-01
9.262430363693775e-03	1.643917e-01
9.272195988693777e-03	1.629406e-01
9.281961613693776e-03	1.608779e-01
9.291727238693776e-03	1.582095e-01
9.301492863693776e-03	1.549454e-01
9.311258488693776e-03	1.510956e-01
9.321024113693776e-03	1.466749e-01
9.330789738693775e-03	1.416977e-01
9.340555363693775e-03	1.361832e-01
9.341776066818776e-03	1.354558e-01
9.344217473068775e-03	1.339812e-01
9.344827824631276e-03	1.336063e-01
9.346048527756275e-03	1.328524e-01
9.348489934006277e-03	1.313202e-01
9.353372746506276e-03	1.281622e-01
9.363138371506275e-03	1.214845e-01
9.372903996506275e-03	1.143432e-01
9.382669621506275e-03	1.067666e-01
9.392435246506277e-03	9.878205e-02
9.402200871506276e-03	9.042118e-02
9.411966496506276e-03	8.171456e-02
9.421732121506276e-03	7.269643e-02
9.431497746506276e-03	6.339998e-02
9.441263371506275e-03	5.386153e-02
9.451028996506275e-03	4.411626e-02
9.460794621506275e-03	3.420208e-02
9.470560246506277e-03	2.415557e-02
9.480325871506276e-03	1.401567e-02
9.490091496506276e-03	3.819800e-03
9.491312199631275e-03	2.543455e-03
9.493753605881276e-03	-9.789593e-06
9.494363957443776e-03	-6.481650e-04
9.495584660568776e-03	-1.925036e-03
9.495889836350026e-03	-2.244224e-03
9.496500187912526e-03	-2.882562e-03
9.497720891037526e-03	-4.159123e-03
9.500162297287526e-03	-6.711602e-03
9.505045109787526e-03	-1.181168e-02
9.514810734787526e-03	-2.197534e-02
9.524576359787526e-03	-3.205881e-02
9.534341984787526e-03	-4.202332e-02
9.544107609787526e-03	-5.183170e-02
9.553873234787525e-03	-6.144633e-02
9.563638859787525e-03	-7.083116e-02
9.573404484787525e-03	-7.995021e-02
9.583170109787527e-03	-8.876912e-02
9.592935734787526e-03	-9.725413e-02
9.602701359787526e-03	-1.053732e-01
9.612466984787526e-03	-1.130952e-01
9.622232609787526e-03	-1.203911e-01
9.641763859787525e-03	-1.335956e-01
9.651529484787525e-03	-1.394547e-01
9.661295109787527e-03	-1.447889e-01
9.671060734787526e-03	-1.495786e-01
9.680826359787526e-03	-1.538066e-01
9.682047062912525e-03	-1.542935e-01
9.684488469162526e-03	-1.552448e-01
9.689371281662525e-03	-1.570327e-01
9.699136906662525e-03	-1.601677e-01
9.708902531662527e-03	-1.627043e-01
9.718668156662526e-03	-1.646342e-01
9.728433781662526e-03	-1.659515e-01
9.738199406662526e-03	-1.666512e-01
9.747965031662526e-03	-1.667321e-01
9.757730656662526e-03	-1.661927e-01
9.767496281662525e-03	-1.650363e-01
9.777261906662525e-03	-1.632648e-01
9.787027531662525e-03	-1.608860e-01
9.796793156662527e-03	-1.579058e-01
9.806558781662526e-03	-1.543358e-01
9.807779484787525e-03	-1.538470e-01
9.810220891037526e-03	-1.528473e-01
9.815103703537525e-03	-1.507349e-01
9.816324406662526e-03	-1.501841e-01
9.818765812912526e-03	-1.490600e-01
9.823648625412526e-03	-1.467014e-01
9.833414250412526e-03	-1.415766e-01
9.843179875412526e-03	-1.359170e-01
9.852945500412526e-03	-1.297472e-01
9.862711125412526e-03	-1.230867e-01
9.872476750412525e-03	-1.159634e-01
9.882242375412525e-03	-1.084018e-01
9.892008000412527e-03	-1.004323e-01
9.901773625412526e-03	-9.208373e-02
9.911539250412526e-03	-8.338910e-02
9.931070500412526e-03	-6.509263e-02
9.940836125412526e-03	-5.556048e-02
9.950601750412525e-03	-4.582063e-02
9.960367375412525e-03	-3.590954e-02
9.970133000412525e-03	-2.586504e-02
9.979898625412527e-03	-1.572494e-02
9.989664250412526e-03	-5.527673e-03
9.999429875412526e-03	4.688288e-03
1.000000000000000e-02	5.284666e-03
Step Information: Rgain=4.9009K  (Step: 2/11)
0.000000000000000e+00	4.500005e-14
5.000000058430487e-08	1.643794e-09
1.000000011686097e-07	1.630093e-07
2.000000023372195e-07	5.583298e-06
4.000000046744390e-07	6.635093e-05
8.000000093488779e-07	3.650161e-04
1.600000018697756e-06	1.369665e-03
3.200000037395512e-06	4.189733e-03
6.400000074791024e-06	1.066287e-02
1.280000014958205e-05	2.382394e-02
2.044715763386621e-05	3.941050e-02
3.021278263386621e-05	5.911680e-02
3.997840763386621e-05	7.843150e-02
4.974403263386621e-05	9.716909e-02
5.950965763386621e-05	1.149668e-01
6.927528263386621e-05	1.313198e-01
7.904090763386621e-05	1.456194e-01
8.880653263386622e-05	1.575910e-01
9.857215763386621e-05	1.673747e-01
1.083377826338662e-04	1.754152e-01
1.181034076338662e-04	1.819954e-01
1.278690326338662e-04	1.875454e-01
1.376346576338662e-04	1.922588e-01
1.474002826338662e-04	1.962656e-01
1.571659076338662e-04	1.997150e-01
1.669315326338662e-04	2.026527e-01
1.766971576338662e-04	2.051577e-01
1.864627826338662e-04	2.072491e-01
1.962284076338662e-04	2.089725e-01
2.059940326338662e-04	2.103348e-01
2.157596576338662e-04	2.113627e-01
2.255252826338662e-04	2.120570e-01
2.352909076338662e-04	2.124330e-01
2.450565326338662e-04	2.124878e-01
2.548221576338662e-04	2.122285e-01
2.645877826338662e-04	2.116489e-01
2.743534076338662e-04	2.107493e-01
2.841190326338662e-04	2.095194e-01
2.938846576338662e-04	2.079517e-01
3.036502826338662e-04	2.060290e-01
3.134159076338662e-04	2.037332e-01
3.231815326338662e-04	2.010348e-01
3.329471576338662e-04	1.978974e-01
3.427127826338662e-04	1.942676e-01
3.524784076338662e-04	1.900742e-01
3.622440326338662e-04	1.852153e-01
3.720096576338662e-04	1.795489e-01
3.817752826338662e-04	1.728735e-01
3.915409076338662e-04	1.649136e-01
4.013065326338662e-04	1.553175e-01
4.110721576338662e-04	1.436903e-01
4.208377826338662e-04	1.298670e-01
4.220584857588662e-04	1.279809e-01
4.244998920088662e-04	1.241306e-01
4.293827045088662e-04	1.160569e-01
4.362951291591401e-04	1.039269e-01
4.460607541591401e-04	8.573646e-02
4.558263791591401e-04	6.672695e-02
4.655920041591401e-04	4.722396e-02
4.753576291591401e-04	2.741146e-02
4.851232541591401e-04	7.422464e-03
4.863439572841401e-04	4.915499e-03
4.866491330653901e-04	4.288475e-03
4.872594846278901e-04	3.034365e-03
4.884801877528901e-04	5.267756e-04
4.909215940028901e-04	-4.491364e-03
4.956067128619753e-04	-1.412466e-02
5.027161995014866e-04	-2.873222e-02
5.124818245014866e-04	-4.871688e-02
5.222474495014866e-04	-6.850887e-02
5.320130745014866e-04	-8.795378e-02
5.417786995014866e-04	-1.068010e-01
5.515443245014866e-04	-1.246266e-01
5.613099495014866e-04	-1.408193e-01
5.710755745014865e-04	-1.547592e-01
5.808411995014865e-04	-1.662692e-01
5.820619026264866e-04	-1.675388e-01
5.845033088764866e-04	-1.700076e-01
5.893861213764866e-04	-1.745662e-01
5.991517463764866e-04	-1.824487e-01
6.089173713764866e-04	-1.890020e-01
6.186829963764866e-04	-1.945617e-01
6.284486213764866e-04	-1.993016e-01
6.382142463764866e-04	-2.033894e-01
6.479798713764866e-04	-2.069343e-01
6.577454963764865e-04	-2.100032e-01
6.675111213764865e-04	-2.126511e-01
6.772767463764865e-04	-2.149117e-01
6.870423713764865e-04	-2.168155e-01
6.968079963764866e-04	-2.183793e-01
7.065736213764866e-04	-2.196207e-01
7.163392463764866e-04	-2.205474e-01
7.261048713764866e-04	-2.211695e-01
7.358704963764866e-04	-2.214894e-01
7.456361213764866e-04	-2.215119e-01
7.554017463764866e-04	-2.212358e-01
7.651673713764866e-04	-2.206619e-01
7.749329963764866e-04	-2.197850e-01
7.846986213764865e-04	-2.186018e-01
7.944642463764865e-04	-2.171024e-01
8.042298713764865e-04	-2.152775e-01
8.139954963764865e-04	-2.131100e-01
8.237611213764866e-04	-2.105811e-01
8.335267463764866e-04	-2.076608e-01
8.432923713764866e-04	-2.043125e-01
8.530579963764866e-04	-2.004820e-01
8.628236213764866e-04	-1.960976e-01
8.725892463764866e-04	-1.910549e-01
8.823548713764866e-04	-1.852091e-01
8.921204963764866e-04	-1.783511e-01
9.018861213764866e-04	-1.701734e-01
9.116517463764865e-04	-1.603273e-01
9.128724495014866e-04	-1.589553e-01
9.153138557514866e-04	-1.561289e-01
9.159242073139865e-04	-1.553943e-01
9.171449104389866e-04	-1.539071e-01
9.195863166889866e-04	-1.508188e-01
9.201966682514866e-04	-1.500211e-01
9.214173713764865e-04	-1.484059e-01
9.238587776264866e-04	-1.450619e-01
9.276500048765195e-04	-1.395820e-01
9.316229684743953e-04	-1.334713e-01
9.395688956701471e-04	-1.202242e-01
9.489918893579831e-04	-1.030774e-01
9.587575143579831e-04	-8.421884e-02
9.685231393579832e-04	-6.471495e-02
9.782887643579831e-04	-4.484893e-02
9.880543893579831e-04	-2.479492e-02
9.978200143579831e-04	-4.669129e-03
1.007585639357983e-03	1.543320e-02
1.017351264357983e-03	3.542210e-02
1.027116889357983e-03	5.519951e-02
1.036882514357983e-03	7.463995e-02
1.046648139357983e-03	9.355432e-02
1.056413764357983e-03	1.116272e-01
1.066179389357983e-03	1.283699e-01
1.075945014357983e-03	1.431693e-01
1.085710639357983e-03	1.556529e-01
1.095476264357983e-03	1.658814e-01
1.105241889357983e-03	1.742782e-01
1.115007514357983e-03	1.811321e-01
1.124773139357983e-03	1.869019e-01
1.134538764357983e-03	1.917983e-01
1.144304389357983e-03	1.959588e-01
1.154070014357983e-03	1.995468e-01
1.163835639357983e-03	2.026090e-01
1.173601264357983e-03	2.052318e-01
1.183366889357983e-03	2.074337e-01
1.193132514357983e-03	2.092651e-01
1.202898139357983e-03	2.107317e-01
1.212663764357983e-03	2.118635e-01
1.222429389357983e-03	2.126605e-01
1.232195014357983e-03	2.131401e-01
1.241960639357983e-03	2.132991e-01
1.251726264357983e-03	2.131460e-01
1.261491889357983e-03	2.126750e-01
1.271257514357983e-03	2.118877e-01
1.281023139357983e-03	2.107746e-01
1.290788764357983e-03	2.093297e-01
1.300554389357983e-03	2.075381e-01
1.310320014357983e-03	2.053834e-01
1.320085639357983e-03	2.028404e-01
1.329851264357983e-03	1.998764e-01
1.339616889357983e-03	1.964456e-01
1.349382514357983e-03	1.924851e-01
1.359148139357983e-03	1.879075e-01
1.368913764357983e-03	1.825887e-01
1.378679389357983e-03	1.763551e-01
1.388445014357983e-03	1.689621e-01
1.398210639357983e-03	1.600872e-01
1.407976264357983e-03	1.493241e-01
1.417741889357983e-03	1.364115e-01
1.418962592482983e-03	1.346335e-01
1.421403998732983e-03	1.310002e-01
1.426286811232983e-03	1.233138e-01
1.427507514357983e-03	1.213060e-01
1.429948920607983e-03	1.172300e-01
1.434831733107983e-03	1.087509e-01
1.444597358107983e-03	9.079795e-02
1.454362983107983e-03	7.191855e-02
1.464128608107983e-03	5.248998e-02
1.473894233107983e-03	3.271732e-02
1.483659858107983e-03	1.274774e-02
1.484880561232983e-03	1.024197e-02
1.487321967482983e-03	5.228250e-03
1.487932319045483e-03	3.974162e-03
1.489153022170483e-03	1.465801e-03
1.489458197951733e-03	8.382748e-04
1.490068549514233e-03	-4.179227e-04
1.491289252639233e-03	-2.926256e-03
1.491473361146058e-03	-3.304730e-03
1.491841578159709e-03	-4.062044e-03
1.492578012187010e-03	-5.576592e-03
1.494050880241611e-03	-8.605833e-03
1.496814818498039e-03	-1.428988e-02
1.501954901040919e-03	-2.485307e-02
1.511720526040919e-03	-4.485335e-02
1.521486151040919e-03	-6.467578e-02
1.531251776040919e-03	-8.417580e-02
1.541017401040919e-03	-1.031269e-01
1.550783026040919e-03	-1.211404e-01
1.560548651040919e-03	-1.376398e-01
1.570314276040919e-03	-1.519811e-01
1.571534979165919e-03	-1.535935e-01
1.573976385415919e-03	-1.567323e-01
1.574586736978419e-03	-1.574874e-01
1.575807440103419e-03	-1.589782e-01
1.578248846353419e-03	-1.618452e-01
1.583131658853419e-03	-1.671374e-01
1.584352361978419e-03	-1.683766e-01
1.586793768228419e-03	-1.707746e-01
1.591676580728419e-03	-1.752030e-01
1.601442205728419e-03	-1.828720e-01
1.611207830728419e-03	-1.892584e-01
1.620973455728419e-03	-1.946845e-01
1.630739080728419e-03	-1.993132e-01
1.640504705728419e-03	-2.033064e-01
1.650270330728419e-03	-2.067652e-01
1.660035955728419e-03	-2.097564e-01
1.669801580728419e-03	-2.123298e-01
1.679567205728419e-03	-2.145205e-01
1.689332830728419e-03	-2.163551e-01
1.699098455728419e-03	-2.178522e-01
1.708864080728419e-03	-2.190263e-01
1.718629705728419e-03	-2.198869e-01
1.728395330728419e-03	-2.204414e-01
1.738160955728419e-03	-2.206941e-01
1.747926580728419e-03	-2.206472e-01
1.757692205728419e-03	-2.203010e-01
1.767457830728419e-03	-2.196540e-01
1.777223455728419e-03	-2.187024e-01
1.786989080728419e-03	-2.174400e-01
1.796754705728419e-03	-2.158582e-01
1.806520330728419e-03	-2.139445e-01
1.816285955728419e-03	-2.116821e-01
1.826051580728419e-03	-2.090480e-01
1.835817205728419e-03	-2.060113e-01
1.845582830728419e-03	-2.025294e-01
1.855348455728419e-03	-1.985438e-01
1.865114080728419e-03	-1.939728e-01
1.874879705728419e-03	-1.887013e-01
1.884645330728419e-03	-1.825651e-01
1.894410955728419e-03	-1.753177e-01
1.904176580728419e-03	-1.666607e-01
1.913942205728419e-03	-1.562042e-01
1.915162908853419e-03	-1.547433e-01
1.917604315103419e-03	-1.517355e-01
1.918214666665919e-03	-1.509540e-01
1.919435369790919e-03	-1.493732e-01
1.921876776040919e-03	-1.461000e-01
1.925564750664297e-03	-1.408812e-01
1.929537208922977e-03	-1.348946e-01
1.937482125440338e-03	-1.218717e-01
1.945460179402370e-03	-1.076098e-01
1.955225804402370e-03	-8.903453e-02
1.964991429402371e-03	-6.969514e-02
1.974757054402370e-03	-4.993063e-02
1.984522679402371e-03	-2.992811e-02
1.994288304402370e-03	-9.820697e-03
2.004053929402371e-03	1.029611e-02
2.013819554402370e-03	3.033043e-02
2.023585179402371e-03	5.018855e-02
2.033350804402370e-03	6.975479e-02
2.043116429402371e-03	8.886196e-02
2.052882054402370e-03	1.072350e-01
2.062647679402370e-03	1.244293e-01
2.072413304402370e-03	1.398390e-01
2.082178929402370e-03	1.529879e-01
2.091944554402370e-03	1.638152e-01
2.101710179402370e-03	1.726948e-01
2.111475804402370e-03	1.799162e-01
2.121241429402370e-03	1.859744e-01
2.131007054402370e-03	1.911051e-01
2.140772679402370e-03	1.954558e-01
2.150538304402371e-03	1.992122e-01
2.160303929402370e-03	2.024205e-01
2.170069554402371e-03	2.051802e-01
2.179835179402370e-03	2.075067e-01
2.189600804402371e-03	2.094593e-01
2.199366429402370e-03	2.110402e-01
2.209132054402371e-03	2.122861e-01
2.218897679402370e-03	2.131932e-01
2.228663304402371e-03	2.137848e-01
2.238428929402370e-03	2.140537e-01
2.248194554402371e-03	2.140140e-01
2.257960179402370e-03	2.136565e-01
2.267725804402371e-03	2.129876e-01
2.277491429402370e-03	2.119952e-01
2.287257054402371e-03	2.106784e-01
2.297022679402370e-03	2.090205e-01
2.306788304402370e-03	2.070109e-01
2.316553929402370e-03	2.046242e-01
2.326319554402370e-03	2.018351e-01
2.336085179402370e-03	1.986009e-01
2.345850804402370e-03	1.948699e-01
2.355616429402370e-03	1.905643e-01
2.365382054402370e-03	1.855800e-01
2.375147679402370e-03	1.797655e-01
2.384913304402370e-03	1.729113e-01
2.394678929402371e-03	1.647273e-01
2.404444554402370e-03	1.548251e-01
2.414210179402371e-03	1.429062e-01
2.423975804402370e-03	1.287269e-01
2.433741429402371e-03	1.124842e-01
2.443507054402370e-03	9.474004e-02
2.453272679402371e-03	7.596558e-02
2.463038304402370e-03	5.660185e-02
2.472803929402371e-03	3.685745e-02
2.482569554402370e-03	1.690474e-02
2.483790257527371e-03	1.439907e-02
2.486231663777371e-03	9.386251e-03
2.491114476277370e-03	-6.503754e-04
2.492335179402371e-03	-3.161483e-03
2.494776585652371e-03	-8.183368e-03
2.499659398152370e-03	-1.822484e-02
2.509425023152370e-03	-3.825738e-02
2.519190648152370e-03	-5.814158e-02
2.528956273152370e-03	-7.774854e-02
2.538721898152370e-03	-9.688637e-02
2.548487523152370e-03	-1.152264e-01
2.558253148152370e-03	-1.322494e-01
2.568018773152370e-03	-1.473237e-01
2.577784398152371e-03	-1.599771e-01
2.579005101277370e-03	-1.613773e-01
2.581446507527370e-03	-1.640940e-01
2.582056859089871e-03	-1.647512e-01
2.583277562214870e-03	-1.660433e-01
2.585718968464870e-03	-1.685256e-01
2.590601780964871e-03	-1.731263e-01
2.600367405964870e-03	-1.810679e-01
2.610133030964871e-03	-1.876634e-01
2.619898655964870e-03	-1.932475e-01
2.629664280964871e-03	-1.980014e-01
2.639429905964870e-03	-2.020928e-01
2.649195530964871e-03	-2.056357e-01
2.658961155964870e-03	-2.086963e-01
2.668726780964871e-03	-2.113324e-01
2.678492405964870e-03	-2.135768e-01
2.688258030964870e-03	-2.154617e-01
2.698023655964870e-03	-2.170034e-01
2.707789280964870e-03	-2.182204e-01
2.717554905964870e-03	-2.191199e-01
2.727320530964870e-03	-2.197126e-01
2.737086155964870e-03	-2.200003e-01
2.746851780964870e-03	-2.199884e-01
2.756617405964870e-03	-2.196748e-01
2.766383030964870e-03	-2.190605e-01
2.776148655964871e-03	-2.181397e-01
2.785914280964870e-03	-2.169086e-01
2.795679905964871e-03	-2.153565e-01
2.805445530964870e-03	-2.134730e-01
2.815211155964871e-03	-2.112399e-01
2.824976780964870e-03	-2.086361e-01
2.834742405964871e-03	-2.056293e-01
2.844508030964870e-03	-2.021790e-01
2.854273655964871e-03	-1.982260e-01
2.864039280964870e-03	-1.936908e-01
2.873804905964871e-03	-1.884585e-01
2.883570530964870e-03	-1.823685e-01
2.893336155964871e-03	-1.751764e-01
2.903101780964870e-03	-1.665888e-01
2.912867405964871e-03	-1.562178e-01
2.914088109089870e-03	-1.547690e-01
2.916529515339870e-03	-1.517859e-01
2.917139866902371e-03	-1.510107e-01
2.918360570027370e-03	-1.494426e-01
2.920801976277370e-03	-1.461952e-01
2.924537037272371e-03	-1.409476e-01
2.928561995677973e-03	-1.349185e-01
2.936611912489178e-03	-1.217796e-01
2.944468417497494e-03	-1.077835e-01
2.954234042497493e-03	-8.926340e-02
2.963999667497494e-03	-6.996338e-02
2.973765292497493e-03	-5.022623e-02
2.983530917497494e-03	-3.024126e-02
2.993296542497493e-03	-1.014266e-02
3.003062167497494e-03	9.973439e-03
3.012827792497493e-03	3.001528e-02
3.022593417497494e-03	4.988920e-02
3.032359042497493e-03	6.948067e-02
3.042124667497494e-03	8.862400e-02
3.051890292497493e-03	1.070476e-01
3.061655917497494e-03	1.243095e-01
3.071421542497494e-03	1.398025e-01
3.081187167497493e-03	1.530376e-01
3.090952792497494e-03	1.639412e-01
3.100718417497493e-03	1.728825e-01
3.110484042497494e-03	1.801906e-01
3.120249667497493e-03	1.862603e-01
3.130015292497494e-03	1.914090e-01
3.139780917497493e-03	1.957995e-01
3.149546542497494e-03	1.995773e-01
3.159312167497493e-03	2.028186e-01
3.169077792497494e-03	2.055995e-01
3.178843417497493e-03	2.079566e-01
3.188609042497494e-03	2.099315e-01
3.198374667497493e-03	2.115422e-01
3.208140292497494e-03	2.128121e-01
3.217905917497493e-03	2.137494e-01
3.227671542497494e-03	2.143669e-01
3.237437167497493e-03	2.146672e-01
3.247202792497494e-03	2.146562e-01
3.256968417497493e-03	2.143321e-01
3.266734042497494e-03	2.136951e-01
3.276499667497493e-03	2.127395e-01
3.286265292497494e-03	2.114594e-01
3.296030917497493e-03	2.098435e-01
3.305796542497494e-03	2.078777e-01
3.315562167497494e-03	2.055415e-01
3.325327792497493e-03	2.028076e-01
3.335093417497494e-03	1.996385e-01
3.344859042497493e-03	1.959826e-01
3.354624667497494e-03	1.917687e-01
3.364390292497493e-03	1.868964e-01
3.374155917497494e-03	1.812246e-01
3.383921542497493e-03	1.745535e-01
3.393687167497494e-03	1.666075e-01
3.403452792497493e-03	1.570321e-01
3.413218417497494e-03	1.454503e-01
3.422984042497493e-03	1.316074e-01
3.432749667497494e-03	1.156666e-01
3.442515292497493e-03	9.810430e-02
3.452280917497494e-03	7.944607e-02
3.462046542497493e-03	6.013741e-02
3.471812167497494e-03	4.042756e-02
3.481577792497493e-03	2.048798e-02
3.491343417497494e-03	4.261768e-04
3.492564120622493e-03	-2.085041e-03
3.492869296403744e-03	-2.713188e-03
3.493479647966243e-03	-3.969115e-03
3.494700351091244e-03	-6.480439e-03
3.497141757341244e-03	-1.150317e-02
3.502024569841243e-03	-2.154204e-02
3.511790194841244e-03	-4.155306e-02
3.521555819841244e-03	-6.139135e-02
3.531321444841243e-03	-8.091968e-02
3.541087069841244e-03	-9.992855e-02
3.550852694841243e-03	-1.180583e-01
3.560618319841244e-03	-1.347609e-01
3.570383944841243e-03	-1.494171e-01
3.571604647966244e-03	-1.510536e-01
3.574046054216243e-03	-1.542546e-01
3.578928866716243e-03	-1.602170e-01
3.580149569841244e-03	-1.616062e-01
3.582590976091244e-03	-1.642934e-01
3.583201327653743e-03	-1.649431e-01
3.584422030778744e-03	-1.662199e-01
3.586863437028744e-03	-1.686733e-01
3.591746249528743e-03	-1.732214e-01
3.601511874528744e-03	-1.810756e-01
3.611277499528743e-03	-1.876027e-01
3.621043124528744e-03	-1.931309e-01
3.630808749528743e-03	-1.978380e-01
3.640574374528744e-03	-2.018884e-01
3.650339999528743e-03	-2.053940e-01
3.660105624528744e-03	-2.084197e-01
3.669871249528743e-03	-2.110224e-01
3.679636874528744e-03	-2.132344e-01
3.689402499528744e-03	-2.150875e-01
3.699168124528743e-03	-2.165974e-01
3.708933749528744e-03	-2.177826e-01
3.718699374528743e-03	-2.186500e-01
3.728464999528744e-03	-2.192101e-01
3.738230624528743e-03	-2.194645e-01
3.747996249528744e-03	-2.194185e-01
3.757761874528743e-03	-2.190696e-01
3.767527499528744e-03	-2.184188e-01
3.777293124528743e-03	-2.174596e-01
3.787058749528744e-03	-2.161882e-01
3.796824374528743e-03	-2.145931e-01
3.806589999528744e-03	-2.126635e-01
3.816355624528743e-03	-2.103799e-01
3.826121249528744e-03	-2.077203e-01
3.835886874528743e-03	-2.046504e-01
3.845652499528744e-03	-2.011275e-01
3.855418124528743e-03	-1.970887e-01
3.865183749528744e-03	-1.924498e-01
3.874949374528743e-03	-1.870883e-01
3.884714999528744e-03	-1.808338e-01
3.894480624528743e-03	-1.734270e-01
3.904246249528744e-03	-1.645614e-01
3.914011874528744e-03	-1.538429e-01
3.915232577653744e-03	-1.523435e-01
3.917673983903743e-03	-1.492606e-01
3.918284335466244e-03	-1.484614e-01
3.919505038591243e-03	-1.468437e-01
3.921946444841244e-03	-1.434991e-01
3.926439861103657e-03	-1.369662e-01
3.934375295409867e-03	-1.243031e-01
3.942281317015554e-03	-1.104519e-01
3.952046942015555e-03	-9.212566e-02
3.961812567015555e-03	-7.294526e-02
3.971578192015554e-03	-5.328075e-02
3.981343817015554e-03	-3.333707e-02
3.991109442015555e-03	-1.325746e-02
4.000875067015555e-03	6.860122e-03
4.010640692015554e-03	2.692214e-02
4.020406317015554e-03	4.683775e-02
4.030171942015555e-03	6.649597e-02
4.039937567015555e-03	8.574379e-02
4.049703192015554e-03	1.043301e-01
4.059468817015554e-03	1.218433e-01
4.069234442015555e-03	1.376898e-01
4.079000067015555e-03	1.513305e-01
4.088765692015555e-03	1.626171e-01
4.098531317015554e-03	1.718167e-01
4.108296942015554e-03	1.794049e-01
4.118062567015555e-03	1.856830e-01
4.127828192015555e-03	1.909679e-01
4.137593817015554e-03	1.954880e-01
4.147359442015554e-03	1.993644e-01
4.157125067015555e-03	2.027035e-01
4.166890692015555e-03	2.055644e-01
4.176656317015554e-03	2.080032e-01
4.186421942015554e-03	2.100495e-01
4.196187567015555e-03	2.117337e-01
4.205953192015555e-03	2.130712e-01
4.215718817015554e-03	2.140783e-01
4.225484442015554e-03	2.147625e-01
4.235250067015555e-03	2.151318e-01
4.245015692015555e-03	2.151885e-01
4.254781317015554e-03	2.149346e-01
4.264546942015554e-03	2.143685e-01
4.274312567015555e-03	2.134868e-01
4.284078192015555e-03	2.122831e-01
4.293843817015554e-03	2.107479e-01
4.303609442015554e-03	2.088680e-01
4.313375067015555e-03	2.066244e-01
4.323140692015555e-03	2.039928e-01
4.332906317015555e-03	2.009377e-01
4.342671942015554e-03	1.974131e-01
4.352437567015555e-03	1.933528e-01
4.362203192015555e-03	1.886669e-01
4.371968817015555e-03	1.832257e-01
4.381734442015554e-03	1.768489e-01
4.391500067015554e-03	1.692816e-01
4.401265692015555e-03	1.601898e-01
4.411031317015555e-03	1.491598e-01
4.420796942015554e-03	1.359450e-01
4.422017645140554e-03	1.341285e-01
4.424459051390555e-03	1.304186e-01
4.425069402953055e-03	1.294644e-01
4.426290106078055e-03	1.275394e-01
4.428731512328055e-03	1.235871e-01
4.433614324828055e-03	1.153421e-01
4.439315604367520e-03	1.052032e-01
4.449081229367519e-03	8.688945e-02
4.458846854367520e-03	6.776488e-02
4.468612479367520e-03	4.817325e-02
4.478378104367520e-03	2.829124e-02
4.488143729367519e-03	8.258956e-03
4.489364432492520e-03	5.747539e-03
4.491805838742520e-03	7.250937e-04
4.492416190305020e-03	-5.306575e-04
4.493636893430020e-03	-3.042113e-03
4.493942069211269e-03	-3.670528e-03
4.494552420773770e-03	-4.926935e-03
4.495773123898769e-03	-7.438395e-03
4.498214530148770e-03	-1.246142e-02
4.502357450774123e-03	-2.097912e-02
4.509564330879312e-03	-3.575983e-02
4.519329955879311e-03	-5.565236e-02
4.529095580879312e-03	-7.527584e-02
4.538861205879312e-03	-9.444576e-02
4.548626830879312e-03	-1.128542e-01
4.558392455879311e-03	-1.300051e-01
4.568158080879312e-03	-1.452727e-01
4.577923705879312e-03	-1.581551e-01
4.579144409004312e-03	-1.595845e-01
4.579449584785562e-03	-1.599397e-01
4.580059936348062e-03	-1.606448e-01
4.581280639473061e-03	-1.620227e-01
4.581585815254312e-03	-1.623589e-01
4.582196166816811e-03	-1.630290e-01
4.583416869941812e-03	-1.643456e-01
4.585858276191812e-03	-1.668767e-01
4.590741088691811e-03	-1.715676e-01
4.600506713691812e-03	-1.796556e-01
4.610272338691812e-03	-1.863594e-01
4.620037963691812e-03	-1.920238e-01
4.629803588691811e-03	-1.968264e-01
4.639569213691812e-03	-2.009704e-01
4.649334838691812e-03	-2.045515e-01
4.659100463691812e-03	-2.076354e-01
4.668866088691812e-03	-2.102941e-01
4.678631713691812e-03	-2.125520e-01
4.688397338691812e-03	-2.144506e-01
4.698162963691812e-03	-2.159992e-01
4.707928588691812e-03	-2.172238e-01
4.717694213691811e-03	-2.181256e-01
4.727459838691812e-03	-2.187212e-01
4.737225463691812e-03	-2.190074e-01
4.746991088691812e-03	-2.189944e-01
4.756756713691811e-03	-2.186757e-01
4.766522338691812e-03	-2.180564e-01
4.776287963691812e-03	-2.171266e-01
4.786053588691812e-03	-2.158860e-01
4.795819213691811e-03	-2.143202e-01
4.805584838691812e-03	-2.124215e-01
4.815350463691812e-03	-2.101681e-01
4.825116088691812e-03	-2.075408e-01
4.834881713691811e-03	-2.045036e-01
4.844647338691812e-03	-2.010167e-01
4.854412963691812e-03	-1.970161e-01
4.864178588691812e-03	-1.924214e-01
4.873944213691811e-03	-1.871104e-01
4.883709838691812e-03	-1.809079e-01
4.893475463691812e-03	-1.736002e-01
4.903241088691812e-03	-1.648262e-01
4.913006713691812e-03	-1.542171e-01
4.914227416816812e-03	-1.527387e-01
4.916668823066812e-03	-1.496916e-01
4.917279174629312e-03	-1.489013e-01
4.918499877754312e-03	-1.473005e-01
4.920941284004312e-03	-1.439902e-01
4.925548114792036e-03	-1.373525e-01
4.930744327216164e-03	-1.292696e-01
4.939275412662198e-03	-1.147874e-01
4.949041037662198e-03	-9.677962e-02
4.958806662662198e-03	-7.779625e-02
4.968572287662198e-03	-5.824667e-02
4.978337912662198e-03	-3.837030e-02
4.988103537662198e-03	-1.832219e-02
4.997869162662198e-03	1.791386e-03
5.007634787662198e-03	2.187711e-02
5.017400412662198e-03	4.184439e-02
5.027166037662198e-03	6.158980e-02
5.036931662662198e-03	8.097456e-02
5.046697287662198e-03	9.977960e-02
5.056462912662198e-03	1.176390e-01
5.066228537662198e-03	1.339958e-01
5.075994162662198e-03	1.482583e-01
5.085759787662198e-03	1.601566e-01
5.095525412662198e-03	1.698638e-01
5.105291037662199e-03	1.778528e-01
5.115056662662198e-03	1.844049e-01
5.124822287662198e-03	1.899493e-01
5.134587912662198e-03	1.946738e-01
5.144353537662199e-03	1.987065e-01
5.154119162662198e-03	2.021920e-01
5.163884787662198e-03	2.051756e-01
5.173650412662198e-03	2.077338e-01
5.183416037662199e-03	2.098857e-01
5.193181662662198e-03	2.116753e-01
5.202947287662198e-03	2.131100e-01
5.212712912662198e-03	2.142156e-01
5.222478537662198e-03	2.149935e-01
5.232244162662198e-03	2.154584e-01
5.242009787662198e-03	2.156086e-01
5.251775412662198e-03	2.154508e-01
5.261541037662198e-03	2.149807e-01
5.271306662662198e-03	2.141984e-01
5.281072287662198e-03	2.130964e-01
5.290837912662198e-03	2.116679e-01
5.300603537662198e-03	2.099000e-01
5.310369162662198e-03	2.077765e-01
5.320134787662198e-03	2.052749e-01
5.329900412662198e-03	2.023640e-01
5.339666037662198e-03	1.990023e-01
5.349431662662199e-03	1.951308e-01
5.359197287662198e-03	1.906699e-01
5.368962912662198e-03	1.855044e-01
5.378728537662198e-03	1.794750e-01
5.388494162662199e-03	1.723534e-01
5.398259787662198e-03	1.638340e-01
5.408025412662198e-03	1.535104e-01
5.417791037662198e-03	1.411033e-01
5.419011740787199e-03	1.393705e-01
5.421453147037198e-03	1.358358e-01
5.426335959537198e-03	1.283636e-01
5.436101584537198e-03	1.119406e-01
5.445867209537198e-03	9.401556e-02
5.455632834537198e-03	7.513028e-02
5.465398459537198e-03	5.567190e-02
5.475164084537198e-03	3.586886e-02
5.484929709537198e-03	1.587414e-02
5.486150412662198e-03	1.336489e-02
5.488591818912199e-03	8.346231e-03
5.493474631412198e-03	-1.699347e-03
5.494695334537198e-03	-4.211503e-03
5.495000510318448e-03	-4.839842e-03
5.495610861880948e-03	-6.096081e-03
5.496831565005948e-03	-8.607833e-03
5.499272971255948e-03	-1.363064e-02
5.504043026121369e-03	-2.343472e-02
5.513583135852210e-03	-4.296666e-02
5.523348760852211e-03	-6.277154e-02
5.533114385852211e-03	-8.224490e-02
5.542880010852211e-03	-1.011677e-01
5.552645635852210e-03	-1.191658e-01
5.562411260852211e-03	-1.356809e-01
5.572176885852211e-03	-1.501077e-01
5.581942510852211e-03	-1.620803e-01
5.583163213977210e-03	-1.633972e-01
5.585604620227211e-03	-1.659672e-01
5.590487432727211e-03	-1.707197e-01
5.600253057727211e-03	-1.789126e-01
5.610018682727211e-03	-1.856935e-01
5.619784307727211e-03	-1.914178e-01
5.629549932727211e-03	-1.962649e-01
5.639315557727211e-03	-2.004450e-01
5.649081182727210e-03	-2.040549e-01
5.658846807727211e-03	-2.071629e-01
5.668612432727211e-03	-2.098418e-01
5.678378057727211e-03	-2.121173e-01
5.688143682727210e-03	-2.140313e-01
5.697909307727211e-03	-2.155937e-01
5.707674932727211e-03	-2.168305e-01
5.717440557727211e-03	-2.177435e-01
5.727206182727210e-03	-2.183493e-01
5.736971807727211e-03	-2.186449e-01
5.746737432727211e-03	-2.186405e-01
5.756503057727211e-03	-2.183298e-01
5.766268682727210e-03	-2.177178e-01
5.776034307727211e-03	-2.167948e-01
5.785799932727211e-03	-2.155602e-01
5.795565557727211e-03	-2.139999e-01
5.805331182727210e-03	-2.121061e-01
5.815096807727211e-03	-2.098568e-01
5.824862432727211e-03	-2.072328e-01
5.834628057727211e-03	-2.041980e-01
5.844393682727211e-03	-2.007123e-01
5.854159307727211e-03	-1.967116e-01
5.863924932727211e-03	-1.921149e-01
5.873690557727211e-03	-1.867998e-01
5.883456182727211e-03	-1.805900e-01
5.893221807727210e-03	-1.732565e-01
5.902987432727211e-03	-1.644780e-01
5.912753057727211e-03	-1.538567e-01
5.913973760852211e-03	-1.523728e-01
5.916415167102211e-03	-1.493194e-01
5.917025518664710e-03	-1.485276e-01
5.918246221789711e-03	-1.469246e-01
5.920687628039711e-03	-1.436096e-01
5.925247153348258e-03	-1.370339e-01
5.931598441251015e-03	-1.270721e-01
5.939628592682646e-03	-1.133008e-01
5.949394217682646e-03	-9.521841e-02
5.959159842682645e-03	-7.619332e-02
5.968925467682645e-03	-5.662420e-02
5.978691092682646e-03	-3.673824e-02
5.988456717682646e-03	-1.668750e-02
5.998222342682645e-03	3.424953e-03
6.007987967682645e-03	2.350540e-02
6.017753592682646e-03	4.346354e-02
6.027519217682646e-03	6.319373e-02
6.037284842682645e-03	8.255342e-02
6.047050467682645e-03	1.013143e-01
6.056816092682646e-03	1.190965e-01
6.066581717682646e-03	1.353288e-01
6.076347342682645e-03	1.494286e-01
6.086112967682645e-03	1.611601e-01
6.095878592682646e-03	1.707259e-01
6.105644217682646e-03	1.786042e-01
6.115409842682645e-03	1.851028e-01
6.125175467682645e-03	1.905629e-01
6.134941092682645e-03	1.952269e-01
6.144706717682646e-03	1.992278e-01
6.154472342682646e-03	2.026756e-01
6.164237967682645e-03	2.056369e-01
6.174003592682645e-03	2.081676e-01
6.183769217682646e-03	2.103025e-01
6.193534842682646e-03	2.120707e-01
6.203300467682645e-03	2.134916e-01
6.213066092682645e-03	2.145796e-01
6.222831717682646e-03	2.153457e-01
6.232597342682646e-03	2.157956e-01
6.242362967682645e-03	2.159353e-01
6.252128592682645e-03	2.157643e-01
6.261894217682646e-03	2.152846e-01
6.271659842682646e-03	2.144907e-01
6.281425467682645e-03	2.133799e-01
6.291191092682645e-03	2.119409e-01
6.300956717682646e-03	2.101648e-01
6.310722342682646e-03	2.080319e-01
6.320487967682645e-03	2.055229e-01
6.330253592682645e-03	2.026035e-01
6.340019217682646e-03	1.992349e-01
6.349784842682646e-03	1.953559e-01
6.359550467682645e-03	1.908887e-01
6.369316092682645e-03	1.857165e-01
6.379081717682645e-03	1.796813e-01
6.388847342682646e-03	1.725532e-01
6.398612967682646e-03	1.640272e-01
6.408378592682645e-03	1.536950e-01
6.418144217682645e-03	1.412774e-01
6.419364920807646e-03	1.395431e-01
6.421806327057645e-03	1.360049e-01
6.426689139557645e-03	1.285256e-01
6.436454764557646e-03	1.120872e-01
6.446220389557646e-03	9.414642e-02
6.455986014557645e-03	7.524735e-02
6.465751639557645e-03	5.577739e-02
6.475517264557646e-03	3.596576e-02
6.485282889557646e-03	1.596496e-02
6.486503592682645e-03	1.345523e-02
6.488944998932646e-03	8.435598e-03
6.493827811432646e-03	-1.611441e-03
6.493980399323271e-03	-1.925555e-03
6.494285575104520e-03	-2.553691e-03
6.494895926667021e-03	-3.809810e-03
6.495048514557645e-03	-4.123824e-03
6.495353690338895e-03	-4.751823e-03
6.495964041901395e-03	-6.012725e-03
6.496086899003157e-03	-6.264173e-03
6.496332613206679e-03	-6.767346e-03
6.496824041613723e-03	-7.777863e-03
6.497806898427811e-03	-9.800407e-03
6.498789129150486e-03	-1.182178e-02
6.500753590595836e-03	-1.586277e-02
6.503165308338050e-03	-2.081975e-02
6.507988743822478e-03	-3.071794e-02
6.515099706051444e-03	-4.524945e-02
6.524865331051444e-03	-6.501690e-02
6.534630956051444e-03	-8.443084e-02
6.544396581051444e-03	-1.032557e-01
6.554162206051444e-03	-1.210980e-01
6.563927831051444e-03	-1.373782e-01
6.573693456051444e-03	-1.514788e-01
6.574914159176444e-03	-1.530621e-01
6.577355565426444e-03	-1.561439e-01
6.582238377926443e-03	-1.618435e-01
6.583459081051444e-03	-1.631667e-01
6.585900487301444e-03	-1.657418e-01
6.590783299801443e-03	-1.704947e-01
6.600548924801444e-03	-1.786905e-01
6.610314549801444e-03	-1.854719e-01
6.620080174801444e-03	-1.911958e-01
6.629845799801443e-03	-1.960411e-01
6.639611424801444e-03	-2.002185e-01
6.649377049801444e-03	-2.038250e-01
6.659142674801444e-03	-2.069287e-01
6.668908299801444e-03	-2.096031e-01
6.678673924801444e-03	-2.118732e-01
6.688439549801444e-03	-2.137817e-01
6.698205174801444e-03	-2.153376e-01
6.707970799801444e-03	-2.165680e-01
6.717736424801444e-03	-2.174736e-01
6.727502049801444e-03	-2.180721e-01
6.737267674801444e-03	-2.183594e-01
6.747033299801444e-03	-2.183467e-01
6.756798924801444e-03	-2.180266e-01
6.766564549801444e-03	-2.174051e-01
6.776330174801444e-03	-2.164713e-01
6.786095799801444e-03	-2.152255e-01
6.795861424801443e-03	-2.136526e-01
6.805627049801444e-03	-2.117452e-01
6.815392674801444e-03	-2.094803e-01
6.825158299801444e-03	-2.068390e-01
6.834923924801443e-03	-2.037839e-01
6.844689549801444e-03	-2.002746e-01
6.854455174801444e-03	-1.962452e-01
6.864220799801444e-03	-1.916135e-01
6.873986424801443e-03	-1.862539e-01
6.883752049801444e-03	-1.799867e-01
6.893517674801444e-03	-1.725935e-01
6.903283299801444e-03	-1.637068e-01
6.913048924801444e-03	-1.529563e-01
6.914269627926444e-03	-1.514570e-01
6.916711034176444e-03	-1.483718e-01
6.917321385738944e-03	-1.475712e-01
6.918542088863944e-03	-1.459515e-01
6.920983495113944e-03	-1.426033e-01
6.925866307613944e-03	-1.354771e-01
6.934589905332981e-03	-1.214132e-01
6.943426933622031e-03	-1.057079e-01
6.953192558622031e-03	-8.718092e-02
6.962958183622032e-03	-6.789911e-02
6.972723808622031e-03	-4.818365e-02
6.982489433622031e-03	-2.821888e-02
6.992255058622031e-03	-8.134346e-03
7.002020683622032e-03	1.197491e-02
7.011786308622031e-03	3.201653e-02
7.021551933622031e-03	5.189713e-02
7.031317558622031e-03	7.149843e-02
7.041083183622032e-03	9.064998e-02
7.050848808622031e-03	1.090666e-01
7.060614433622031e-03	1.262888e-01
7.070380058622031e-03	1.416926e-01
7.080145683622032e-03	1.548061e-01
7.089911308622032e-03	1.655862e-01
7.099676933622031e-03	1.744285e-01
7.109442558622031e-03	1.816245e-01
7.119208183622032e-03	1.876729e-01
7.128973808622032e-03	1.928038e-01
7.138739433622031e-03	1.971658e-01
7.148505058622031e-03	2.009391e-01
7.158270683622032e-03	2.041720e-01
7.168036308622032e-03	2.069600e-01
7.177801933622031e-03	2.093208e-01
7.187567558622031e-03	2.113104e-01
7.197333183622031e-03	2.129333e-01
7.207098808622032e-03	2.142237e-01
7.216864433622031e-03	2.151801e-01
7.226630058622031e-03	2.158233e-01
7.236395683622031e-03	2.161489e-01
7.246161308622032e-03	2.161688e-01
7.255926933622031e-03	2.158764e-01
7.265692558622031e-03	2.152766e-01
7.275458183622031e-03	2.143603e-01
7.285223808622032e-03	2.131254e-01
7.294989433622031e-03	2.115587e-01
7.304755058622031e-03	2.096497e-01
7.314520683622031e-03	2.073774e-01
7.324286308622032e-03	2.047184e-01
7.334051933622032e-03	2.016368e-01
7.343817558622031e-03	1.980864e-01
7.353583183622031e-03	1.940012e-01
7.363348808622032e-03	1.892901e-01
7.373114433622032e-03	1.838242e-01
7.382880058622031e-03	1.774206e-01
7.392645683622031e-03	1.698248e-01
7.402411308622032e-03	1.606744e-01
7.412176933622032e-03	1.496458e-01
7.421942558622031e-03	1.363744e-01
7.423163261747031e-03	1.345419e-01
7.425604667997032e-03	1.308091e-01
7.426215019559531e-03	1.298516e-01
7.427435722684532e-03	1.279197e-01
7.429877128934531e-03	1.239530e-01
7.434759941434531e-03	1.156771e-01
7.440857403231932e-03	1.047806e-01
7.450623028231932e-03	8.637171e-02
7.460388653231932e-03	6.717982e-02
7.470154278231932e-03	4.753877e-02
7.479919903231932e-03	2.762433e-02
7.489685528231932e-03	7.572063e-03
7.490906231356932e-03	5.059400e-03
7.493347637606932e-03	3.447639e-05
7.493957989169432e-03	-1.221786e-03
7.495178692294432e-03	-3.734205e-03
7.495483868075682e-03	-4.362248e-03
7.496094219638182e-03	-5.618519e-03
7.496246807528808e-03	-5.932971e-03
7.496551983310057e-03	-6.561494e-03
7.497162334872557e-03	-7.817418e-03
7.498383037997557e-03	-1.032938e-02
7.500824444247557e-03	-1.535141e-02
7.504521676740340e-03	-2.294953e-02
7.511916141725907e-03	-3.809987e-02
7.521681766725906e-03	-5.795182e-02
7.531447391725906e-03	-7.750662e-02
7.541213016725907e-03	-9.656774e-02
7.550978641725907e-03	-1.148060e-01
7.560744266725906e-03	-1.317035e-01
7.570509891725906e-03	-1.466419e-01
7.580275516725906e-03	-1.591695e-01
7.581496219850907e-03	-1.605564e-01
7.581801395632156e-03	-1.609004e-01
7.582411747194657e-03	-1.615822e-01
7.583632450319656e-03	-1.629185e-01
7.586073856569657e-03	-1.654911e-01
7.590956669069657e-03	-1.702529e-01
7.600722294069657e-03	-1.784617e-01
7.610487919069656e-03	-1.852795e-01
7.620253544069656e-03	-1.909709e-01
7.630019169069657e-03	-1.958323e-01
7.639784794069657e-03	-2.000121e-01
7.649550419069656e-03	-2.036092e-01
7.659316044069656e-03	-2.067247e-01
7.669081669069657e-03	-2.093878e-01
7.678847294069657e-03	-2.116681e-01
7.688612919069656e-03	-2.135636e-01
7.698378544069656e-03	-2.151265e-01
7.708144169069657e-03	-2.163448e-01
7.717909794069657e-03	-2.172549e-01
7.727675419069656e-03	-2.178419e-01
7.737441044069656e-03	-2.181316e-01
7.747206669069657e-03	-2.181077e-01
7.756972294069657e-03	-2.177881e-01
7.766737919069656e-03	-2.171552e-01
7.776503544069656e-03	-2.162201e-01
7.786269169069656e-03	-2.149625e-01
7.796034794069657e-03	-2.133860e-01
7.805800419069656e-03	-2.114657e-01
7.815566044069657e-03	-2.091946e-01
7.825331669069657e-03	-2.065382e-01
7.835097294069657e-03	-2.034728e-01
7.844862919069657e-03	-1.999443e-01
7.854628544069656e-03	-1.958953e-01
7.864394169069656e-03	-1.912389e-01
7.874159794069656e-03	-1.858453e-01
7.883925419069656e-03	-1.795501e-01
7.893691044069657e-03	-1.720872e-01
7.903456669069657e-03	-1.631330e-01
7.904677372194656e-03	-1.618891e-01
7.907118778444657e-03	-1.593243e-01
7.912001590944656e-03	-1.537812e-01
7.913222294069657e-03	-1.523041e-01
7.915663700319656e-03	-1.492647e-01
7.916274051882156e-03	-1.484768e-01
7.917494755007156e-03	-1.468812e-01
7.919936161257156e-03	-1.435816e-01
7.924442964048454e-03	-1.371136e-01
7.930394628228940e-03	-1.278490e-01
7.938365776368316e-03	-1.142970e-01
7.948131401368316e-03	-9.632527e-02
7.957897026368316e-03	-7.737315e-02
7.967662651368316e-03	-5.785127e-02
7.977428276368315e-03	-3.799504e-02
7.987193901368317e-03	-1.796088e-02
7.996959526368317e-03	2.146330e-03
8.006725151368316e-03	2.223237e-02
8.016490776368316e-03	4.220730e-02
8.026256401368316e-03	6.196710e-02
8.036022026368316e-03	8.137312e-02
8.045787651368316e-03	1.002051e-01
8.055553276368315e-03	1.180950e-01
8.065318901368315e-03	1.344811e-01
8.075084526368317e-03	1.487668e-01
8.084850151368317e-03	1.606808e-01
8.094615776368316e-03	1.703991e-01
8.104381401368316e-03	1.783981e-01
8.114147026368316e-03	1.849603e-01
8.123912651368316e-03	1.905160e-01
8.133678276368315e-03	1.952532e-01
8.143443901368315e-03	1.992998e-01
8.153209526368317e-03	2.028007e-01
8.162975151368317e-03	2.058007e-01
8.172740776368316e-03	2.083766e-01
8.182506401368316e-03	2.105473e-01
8.192272026368316e-03	2.123569e-01
8.202037651368316e-03	2.138127e-01
8.211803276368316e-03	2.149405e-01
8.221568901368315e-03	2.157419e-01
8.231334526368317e-03	2.162317e-01
8.241100151368317e-03	2.164080e-01
8.250865776368316e-03	2.162780e-01
8.260631401368316e-03	2.158374e-01
8.270397026368316e-03	2.150867e-01
8.280162651368316e-03	2.140187e-01
8.289928276368316e-03	2.126271e-01
8.299693901368315e-03	2.108996e-01
8.309459526368315e-03	2.088211e-01
8.319225151368317e-03	2.063701e-01
8.328990776368317e-03	2.035171e-01
8.338756401368316e-03	2.002229e-01
8.348522026368316e-03	1.964320e-01
8.358287651368316e-03	1.920693e-01
8.368053276368316e-03	1.870267e-01
8.377818901368315e-03	1.811542e-01
8.387584526368315e-03	1.742366e-01
8.397350151368317e-03	1.659821e-01
8.407115776368317e-03	1.559924e-01
8.416881401368316e-03	1.439667e-01
8.418102104493315e-03	1.422818e-01
8.420543510743317e-03	1.388420e-01
8.425426323243316e-03	1.315499e-01
8.426647026368316e-03	1.296340e-01
8.426952202149566e-03	1.291530e-01
8.427562553712065e-03	1.281859e-01
8.428783256837066e-03	1.262217e-01
8.431224663087065e-03	1.221988e-01
8.436107475587066e-03	1.138188e-01
8.441845347117621e-03	1.034783e-01
8.451610972117623e-03	8.498539e-02
8.461376597117622e-03	6.574067e-02
8.471142222117622e-03	4.606659e-02
8.480907847117622e-03	2.613263e-02
8.490673472117622e-03	6.070619e-03
8.491894175242622e-03	3.557507e-03
8.494335581492622e-03	-1.468100e-03
8.494945933055121e-03	-2.724431e-03
8.496166636180122e-03	-5.236812e-03
8.496471811961372e-03	-5.865387e-03
8.497082163523871e-03	-7.122125e-03
8.498302866648872e-03	-9.633892e-03
8.500744272898871e-03	-1.465654e-02
8.504851456760066e-03	-2.309721e-02
8.511629867818405e-03	-3.698676e-02
8.521395492818405e-03	-5.684746e-02
8.531161117818405e-03	-7.641751e-02
8.540926742818407e-03	-9.550493e-02
8.550692367818406e-03	-1.137899e-01
8.560457992818406e-03	-1.307649e-01
8.570223617818406e-03	-1.458112e-01
8.579989242818406e-03	-1.584604e-01
8.581209945943406e-03	-1.598622e-01
8.581515121724656e-03	-1.602104e-01
8.582125473287155e-03	-1.609016e-01
8.582278061177780e-03	-1.610724e-01
8.582583236959030e-03	-1.614117e-01
8.583193588521531e-03	-1.620830e-01
8.584414291646530e-03	-1.634042e-01
8.586855697896531e-03	-1.659434e-01
8.591738510396530e-03	-1.706500e-01
8.601504135396530e-03	-1.787618e-01
8.611269760396530e-03	-1.855079e-01
8.621035385396532e-03	-1.911406e-01
8.630801010396531e-03	-1.959576e-01
8.640566635396531e-03	-2.000963e-01
8.650332260396531e-03	-2.036614e-01
8.660097885396531e-03	-2.067469e-01
8.669863510396530e-03	-2.093817e-01
8.679629135396530e-03	-2.116327e-01
8.689394760396530e-03	-2.135057e-01
8.699160385396532e-03	-2.150415e-01
8.708926010396531e-03	-2.162384e-01
8.718691635396531e-03	-2.171225e-01
8.728457260396531e-03	-2.176881e-01
8.738222885396531e-03	-2.179519e-01
8.747988510396531e-03	-2.179061e-01
8.757754135396530e-03	-2.175601e-01
8.767519760396530e-03	-2.169042e-01
8.777285385396530e-03	-2.159414e-01
8.787051010396531e-03	-2.146588e-01
8.796816635396531e-03	-2.130523e-01
8.806582260396531e-03	-2.111036e-01
8.816347885396531e-03	-2.087985e-01
8.826113510396531e-03	-2.061081e-01
8.835879135396530e-03	-2.030014e-01
8.845644760396530e-03	-1.994291e-01
8.855410385396530e-03	-1.953284e-01
8.865176010396532e-03	-1.906070e-01
8.874941635396531e-03	-1.851313e-01
8.884707260396531e-03	-1.787378e-01
8.894472885396531e-03	-1.711421e-01
8.904238510396531e-03	-1.620219e-01
8.905459213521531e-03	-1.607533e-01
8.907900619771531e-03	-1.581391e-01
8.912783432271532e-03	-1.524891e-01
8.914004135396530e-03	-1.509830e-01
8.916445541646530e-03	-1.478874e-01
8.917055893209031e-03	-1.470851e-01
8.918276596334030e-03	-1.454618e-01
8.920718002584031e-03	-1.421060e-01
8.925600815084030e-03	-1.349653e-01
8.935366440084030e-03	-1.190998e-01
8.945132065084030e-03	-1.015090e-01
8.954897690084031e-03	-8.279621e-02
8.964663315084031e-03	-6.341406e-02
8.974428940084031e-03	-4.364015e-02
8.984194565084031e-03	-2.364826e-02
8.993960190084031e-03	-3.554274e-03
9.003725815084030e-03	1.654680e-02
9.013491440084030e-03	3.656419e-02
9.023257065084030e-03	5.640070e-02
9.033022690084032e-03	7.592992e-02
9.042788315084031e-03	9.496221e-02
9.052553940084031e-03	1.131768e-01
9.062319565084031e-03	1.300724e-01
9.072085190084031e-03	1.450126e-01
9.081850815084030e-03	1.576087e-01
9.091616440084030e-03	1.679215e-01
9.101382065084030e-03	1.763884e-01
9.111147690084032e-03	1.833029e-01
9.120913315084031e-03	1.891340e-01
9.130678940084031e-03	1.940938e-01
9.140444565084031e-03	1.983205e-01
9.150210190084031e-03	2.019787e-01
9.159975815084031e-03	2.051149e-01
9.169741440084030e-03	2.078159e-01
9.179507065084030e-03	2.101002e-01
9.189272690084032e-03	2.120182e-01
9.199038315084031e-03	2.135759e-01
9.208803940084031e-03	2.148033e-01
9.218569565084031e-03	2.157008e-01
9.228335190084031e-03	2.162861e-01
9.238100815084031e-03	2.165565e-01
9.247866440084030e-03	2.165212e-01
9.257632065084030e-03	2.161753e-01
9.267397690084030e-03	2.155213e-01
9.277163315084032e-03	2.145516e-01
9.286928940084031e-03	2.132619e-01
9.296694565084031e-03	2.116403e-01
9.306460190084031e-03	2.096740e-01
9.316225815084031e-03	2.073427e-01
9.325991440084030e-03	2.046204e-01
9.335757065084030e-03	2.014714e-01
9.345522690084030e-03	1.978458e-01
9.355288315084032e-03	1.936762e-01
9.365053940084031e-03	1.888659e-01
9.374819565084031e-03	1.832811e-01
9.384585190084031e-03	1.767291e-01
9.394350815084031e-03	1.689450e-01
9.404116440084031e-03	1.595539e-01
9.413882065084030e-03	1.482352e-01
9.423647690084030e-03	1.346506e-01
9.424868393209031e-03	1.327795e-01
9.427309799459030e-03	1.289718e-01
9.427920151021531e-03	1.279959e-01
9.429140854146530e-03	1.260251e-01
9.431582260396532e-03	1.219922e-01
9.436465072896531e-03	1.135927e-01
9.442301452353462e-03	1.030523e-01
9.452067077353462e-03	8.452477e-02
9.461832702353462e-03	6.525840e-02
9.471598327353462e-03	4.556964e-02
9.481363952353461e-03	2.562727e-02
9.491129577353461e-03	5.560382e-03
9.492350280478462e-03	3.047231e-03
9.494791686728461e-03	-1.978735e-03
9.495402038290961e-03	-3.235110e-03
9.496622741415961e-03	-5.747600e-03
9.496927917197211e-03	-6.376211e-03
9.497538268759712e-03	-7.632825e-03
9.498758971884711e-03	-1.014463e-02
9.501200378134711e-03	-1.516699e-02
9.505361319566478e-03	-2.371696e-02
9.512961681496918e-03	-3.928152e-02
9.522727306496920e-03	-5.911309e-02
9.532492931496920e-03	-7.863411e-02
9.542258556496919e-03	-9.764190e-02
9.552024181496919e-03	-1.157961e-01
9.561789806496919e-03	-1.325691e-01
9.571555431496919e-03	-1.473473e-01
9.581321056496919e-03	-1.597050e-01
9.581473644387543e-03	-1.598773e-01
9.581778820168793e-03	-1.602216e-01
9.582389171731294e-03	-1.609058e-01
9.583609874856293e-03	-1.622482e-01
9.583915050637545e-03	-1.625798e-01
9.584525402200044e-03	-1.632370e-01
9.585746105325045e-03	-1.645249e-01
9.588187511575044e-03	-1.670035e-01
9.593070324075043e-03	-1.715957e-01
9.602835949075045e-03	-1.795215e-01
9.612601574075045e-03	-1.860961e-01
9.622367199075044e-03	-1.916557e-01
9.632132824075044e-03	-1.963792e-01
9.641898449075044e-03	-2.004369e-01
9.651664074075044e-03	-2.039411e-01
9.661429699075044e-03	-2.069603e-01
9.671195324075043e-03	-2.095505e-01
9.680960949075043e-03	-2.117467e-01
9.690726574075045e-03	-2.135793e-01
9.700492199075044e-03	-2.150666e-01
9.710257824075044e-03	-2.162250e-01
9.720023449075044e-03	-2.170636e-01
9.729789074075044e-03	-2.175912e-01
9.739554699075044e-03	-2.178111e-01
9.749320324075043e-03	-2.177265e-01
9.759085949075043e-03	-2.173367e-01
9.768851574075045e-03	-2.166403e-01
9.778617199075045e-03	-2.156324e-01
9.788382824075044e-03	-2.143064e-01
9.798148449075044e-03	-2.126517e-01
9.807914074075044e-03	-2.106546e-01
9.817679699075044e-03	-2.082953e-01
9.827445324075043e-03	-2.055479e-01
9.837210949075043e-03	-2.023762e-01
9.846976574075045e-03	-1.987313e-01
9.856742199075045e-03	-1.945449e-01
9.866507824075044e-03	-1.897215e-01
9.876273449075044e-03	-1.841263e-01
9.886039074075044e-03	-1.775559e-01
9.895804699075044e-03	-1.697578e-01
9.905570324075044e-03	-1.603808e-01
9.906791027200044e-03	-1.590724e-01
9.909232433450044e-03	-1.563787e-01
9.914115245950044e-03	-1.505615e-01
9.915335949075043e-03	-1.490115e-01
9.917777355325045e-03	-1.458287e-01
9.922660167825044e-03	-1.390121e-01
9.927341648628900e-03	-1.319495e-01
9.936704610236611e-03	-1.164162e-01
9.946370639592389e-03	-9.881101e-02
9.956136264592389e-03	-7.998589e-02
9.965901889592390e-03	-6.053785e-02
9.975667514592390e-03	-4.072861e-02
9.985433139592390e-03	-2.071768e-02
9.995198764592390e-03	-6.191525e-04
1.000000000000000e-02	9.267951e-03
Step Information: Rgain=9.8008K  (Step: 3/11)
0.000000000000000e+00	4.500006e-14
5.000000058430487e-08	1.469483e-09
1.000000011686097e-07	1.479528e-07
2.000000023372195e-07	5.118762e-06
4.000000046744390e-07	6.169386e-05
8.000000093488779e-07	3.508842e-04
1.600000018697756e-06	1.408836e-03
3.200000037395512e-06	4.763505e-03
6.400000074791024e-06	1.355090e-02
1.280000014958205e-05	3.284084e-02
1.981669599077912e-05	5.394923e-02
2.958232099077912e-05	8.254207e-02
3.934794599077912e-05	1.088038e-01
4.911357099077912e-05	1.297951e-01
5.887919599077912e-05	1.444072e-01
6.864482099077912e-05	1.547176e-01
7.841044599077911e-05	1.625817e-01
8.817607099077912e-05	1.689548e-01
9.794169599077912e-05	1.742150e-01
1.077073209907791e-04	1.787532e-01
1.174729459907791e-04	1.827217e-01
1.272385709907791e-04	1.861890e-01
1.370041959907791e-04	1.892696e-01
1.467698209907791e-04	1.919755e-01
1.565354459907791e-04	1.943708e-01
1.663010709907791e-04	1.964534e-01
1.760666959907791e-04	1.982632e-01
1.858323209907791e-04	1.997936e-01
1.955979459907791e-04	2.010707e-01
2.053635709907791e-04	2.020866e-01
2.151291959907791e-04	2.028591e-01
2.248948209907791e-04	2.033803e-01
2.346604459907791e-04	2.036624e-01
2.444260709907791e-04	2.036978e-01
2.541916959907791e-04	2.034948e-01
2.639573209907791e-04	2.030460e-01
2.737229459907791e-04	2.023563e-01
2.834885709907791e-04	2.014180e-01
2.932541959907791e-04	2.002327e-01
3.030198209907791e-04	1.987912e-01
3.127854459907791e-04	1.970910e-01
3.225510709907791e-04	1.951197e-01
3.323166959907792e-04	1.928684e-01
3.420823209907791e-04	1.903179e-01
3.518479459907791e-04	1.874482e-01
3.616135709907791e-04	1.842259e-01
3.713791959907791e-04	1.806091e-01
3.811448209907791e-04	1.765321e-01
3.909104459907791e-04	1.719031e-01
4.006760709907791e-04	1.665761e-01
4.104416959907791e-04	1.603241e-01
4.202073209907791e-04	1.527630e-01
4.299729459907791e-04	1.431704e-01
4.397385709907791e-04	1.304540e-01
4.409592741157791e-04	1.285634e-01
4.412644498970291e-04	1.280848e-01
4.418748014595291e-04	1.271147e-01
4.430955045845291e-04	1.250966e-01
4.455369108345291e-04	1.207938e-01
4.504197233345291e-04	1.111129e-01
4.562593963393765e-04	9.766392e-02
4.660250213393765e-04	7.156246e-02
4.757906463393765e-04	4.294685e-02
4.855562713393765e-04	1.355417e-02
4.867769744643765e-04	9.853370e-03
4.892183807143765e-04	2.449728e-03
4.892946746596890e-04	2.218058e-03
4.894472625503140e-04	1.754741e-03
4.897524383315641e-04	8.287622e-04
4.903627898940640e-04	-1.023256e-03
4.915834930190640e-04	-4.728233e-03
4.940248992690640e-04	-1.213977e-02
4.989077117690640e-04	-2.695916e-02
5.086733367690640e-04	-5.646416e-02
5.184389617690640e-04	-8.535450e-02
5.282045867690640e-04	-1.121117e-01
5.379702117690640e-04	-1.337243e-01
5.477358367690640e-04	-1.487987e-01
5.575014617690640e-04	-1.593855e-01
5.587221648940640e-04	-1.604995e-01
5.590273406753140e-04	-1.607751e-01
5.596376922378140e-04	-1.613199e-01
5.597902801284390e-04	-1.614540e-01
5.600954559096891e-04	-1.617194e-01
5.607058074721890e-04	-1.622446e-01
5.619265105971890e-04	-1.632735e-01
5.643679168471890e-04	-1.652384e-01
5.692507293471890e-04	-1.688564e-01
5.790163543471890e-04	-1.751034e-01
5.887819793471890e-04	-1.803792e-01
5.985476043471890e-04	-1.849460e-01
6.083132293471890e-04	-1.889623e-01
6.180788543471890e-04	-1.925176e-01
6.278444793471890e-04	-1.956827e-01
6.376101043471890e-04	-1.985067e-01
6.473757293471890e-04	-2.010183e-01
6.571413543471890e-04	-2.032422e-01
6.669069793471891e-04	-2.051930e-01
6.766726043471891e-04	-2.068840e-01
6.864382293471890e-04	-2.083230e-01
6.962038543471890e-04	-2.095169e-01
7.059694793471890e-04	-2.104699e-01
7.157351043471890e-04	-2.111856e-01
7.255007293471890e-04	-2.116661e-01
7.352663543471890e-04	-2.119127e-01
7.450319793471890e-04	-2.119266e-01
7.547976043471890e-04	-2.117073e-01
7.645632293471890e-04	-2.112552e-01
7.743288543471890e-04	-2.105684e-01
7.840944793471890e-04	-2.096461e-01
7.938601043471891e-04	-2.084848e-01
8.036257293471891e-04	-2.070821e-01
8.133913543471890e-04	-2.054319e-01
8.231569793471890e-04	-2.035290e-01
8.329226043471890e-04	-2.013630e-01
8.426882293471890e-04	-1.989233e-01
8.524538543471890e-04	-1.961918e-01
8.622194793471890e-04	-1.931475e-01
8.719851043471890e-04	-1.897570e-01
8.817507293471890e-04	-1.859773e-01
8.915163543471890e-04	-1.817417e-01
9.012819793471890e-04	-1.769559e-01
9.110476043471891e-04	-1.714606e-01
9.208132293471891e-04	-1.650290e-01
9.305788543471891e-04	-1.572538e-01
9.317995574721890e-04	-1.561542e-01
9.342409637221890e-04	-1.538675e-01
9.391237762221890e-04	-1.487886e-01
9.401595487337284e-04	-1.476157e-01
9.422310937568071e-04	-1.451820e-01
9.463741838029645e-04	-1.397990e-01
9.524831548494885e-04	-1.304338e-01
9.616921498368439e-04	-1.122385e-01
9.714577748368439e-04	-8.759970e-02
9.812233998368438e-04	-5.944641e-02
9.909890248368438e-04	-3.003679e-02
1.000754649836844e-03	-3.454368e-04
1.010520274836844e-03	2.930222e-02
1.020285899836844e-03	5.863734e-02
1.030051524836844e-03	8.704791e-02
1.039817149836844e-03	1.127104e-01
1.049582774836844e-03	1.326908e-01
1.059348399836844e-03	1.464608e-01
1.069114024836844e-03	1.563125e-01
1.078879649836844e-03	1.638966e-01
1.088645274836844e-03	1.700950e-01
1.098410899836844e-03	1.752415e-01
1.108176524836844e-03	1.797011e-01
1.117942149836844e-03	1.836060e-01
1.127707774836844e-03	1.870302e-01
1.137473399836844e-03	1.900723e-01
1.147239024836844e-03	1.927517e-01
1.157004649836844e-03	1.951213e-01
1.166770274836844e-03	1.971862e-01
1.176535899836844e-03	1.989779e-01
1.186301524836844e-03	2.004959e-01
1.196067149836844e-03	2.017595e-01
1.205832774836844e-03	2.027664e-01
1.215598399836844e-03	2.035285e-01
1.225364024836844e-03	2.040429e-01
1.235129649836844e-03	2.043168e-01
1.244895274836844e-03	2.043472e-01
1.254660899836844e-03	2.041377e-01
1.264426524836844e-03	2.036854e-01
1.274192149836844e-03	2.029908e-01
1.283957774836844e-03	2.020503e-01
1.293723399836844e-03	2.008616e-01
1.303489024836844e-03	1.994196e-01
1.313254649836844e-03	1.977179e-01
1.323020274836844e-03	1.957480e-01
1.332785899836844e-03	1.934976e-01
1.342551524836844e-03	1.909515e-01
1.352317149836844e-03	1.880864e-01
1.362082774836844e-03	1.848730e-01
1.371848399836844e-03	1.812667e-01
1.381614024836844e-03	1.772067e-01
1.391379649836844e-03	1.725996e-01
1.401145274836844e-03	1.673065e-01
1.410910899836844e-03	1.611023e-01
1.420676524836844e-03	1.536171e-01
1.430442149836844e-03	1.441454e-01
1.440207774836844e-03	1.316230e-01
1.441428477961844e-03	1.297621e-01
1.443869884211844e-03	1.258487e-01
1.448752696711844e-03	1.169227e-01
1.455838797347369e-03	1.014400e-01
1.463271472283138e-03	8.228342e-02
1.473037097283138e-03	5.435794e-02
1.482802722283138e-03	2.510992e-02
1.492568347283138e-03	-4.470829e-03
1.493789050408138e-03	-8.181312e-03
1.496230456658138e-03	-1.559726e-02
1.501113269158138e-03	-3.041359e-02
1.510878894158138e-03	-5.987104e-02
1.520644519158138e-03	-8.859074e-02
1.530410144158138e-03	-1.148500e-01
1.540175769158138e-03	-1.355987e-01
1.541396472283138e-03	-1.376675e-01
1.543837878533138e-03	-1.415984e-01
1.548720691033138e-03	-1.484127e-01
1.558486316033138e-03	-1.590143e-01
1.559707019158138e-03	-1.601120e-01
1.562148425408138e-03	-1.622397e-01
1.562758776970638e-03	-1.627467e-01
1.563979480095638e-03	-1.637473e-01
1.566420886345638e-03	-1.656604e-01
1.571303698845638e-03	-1.691871e-01
1.581069323845638e-03	-1.752981e-01
1.590834948845638e-03	-1.804712e-01
1.600600573845638e-03	-1.849581e-01
1.610366198845638e-03	-1.889046e-01
1.620131823845638e-03	-1.924008e-01
1.629897448845638e-03	-1.955098e-01
1.639663073845638e-03	-1.982833e-01
1.649428698845638e-03	-2.007443e-01
1.659194323845638e-03	-2.029213e-01
1.668959948845638e-03	-2.048239e-01
1.678725573845638e-03	-2.064694e-01
1.688491198845638e-03	-2.078609e-01
1.698256823845638e-03	-2.090094e-01
1.708022448845638e-03	-2.099148e-01
1.717788073845638e-03	-2.105846e-01
1.727553698845638e-03	-2.110168e-01
1.737319323845638e-03	-2.112166e-01
1.747084948845638e-03	-2.111810e-01
1.756850573845638e-03	-2.109135e-01
1.766616198845638e-03	-2.104103e-01
1.776381823845638e-03	-2.096733e-01
1.786147448845638e-03	-2.086977e-01
1.795913073845638e-03	-2.074835e-01
1.805678698845638e-03	-2.060241e-01
1.815444323845638e-03	-2.043167e-01
1.825209948845638e-03	-2.023518e-01
1.834975573845638e-03	-2.001218e-01
1.844741198845638e-03	-1.976112e-01
1.854506823845638e-03	-1.948039e-01
1.864272448845638e-03	-1.916729e-01
1.874038073845638e-03	-1.881849e-01
1.883803698845638e-03	-1.842884e-01
1.893569323845638e-03	-1.799121e-01
1.903334948845638e-03	-1.749455e-01
1.913100573845638e-03	-1.692092e-01
1.922866198845638e-03	-1.624358e-01
1.932631823845638e-03	-1.541463e-01
1.933852526970638e-03	-1.529616e-01
1.936293933220638e-03	-1.504924e-01
1.936904284783138e-03	-1.498416e-01
1.938124987908138e-03	-1.485162e-01
1.940566394158138e-03	-1.457188e-01
1.945449206658138e-03	-1.394647e-01
1.951700196100310e-03	-1.298877e-01
1.961465821100310e-03	-1.103891e-01
1.971231446100311e-03	-8.546525e-02
1.980997071100311e-03	-5.719648e-02
1.990762696100311e-03	-2.776806e-02
2.000528321100311e-03	1.922877e-03
2.010293946100311e-03	3.156247e-02
2.020059571100311e-03	6.087784e-02
2.029825196100311e-03	8.920589e-02
2.039590821100311e-03	1.146110e-01
2.049356446100310e-03	1.341725e-01
2.059122071100311e-03	1.476165e-01
2.068887696100310e-03	1.572912e-01
2.078653321100311e-03	1.647675e-01
2.088418946100310e-03	1.708984e-01
2.098184571100311e-03	1.760020e-01
2.107950196100310e-03	1.804319e-01
2.117715821100311e-03	1.843141e-01
2.127481446100310e-03	1.877233e-01
2.137247071100311e-03	1.907533e-01
2.147012696100310e-03	1.934247e-01
2.156778321100311e-03	1.957881e-01
2.166543946100310e-03	1.978493e-01
2.176309571100311e-03	1.996384e-01
2.186075196100310e-03	2.011554e-01
2.195840821100311e-03	2.024190e-01
2.205606446100310e-03	2.034269e-01
2.215372071100311e-03	2.041909e-01
2.225137696100311e-03	2.047080e-01
2.234903321100311e-03	2.049855e-01
2.244668946100311e-03	2.050201e-01
2.254434571100311e-03	2.048157e-01
2.264200196100311e-03	2.043691e-01
2.273965821100311e-03	2.036812e-01
2.283731446100311e-03	2.027481e-01
2.293497071100310e-03	2.015682e-01
2.303262696100311e-03	2.001357e-01
2.313028321100310e-03	1.984452e-01
2.322793946100311e-03	1.964879e-01
2.332559571100310e-03	1.942524e-01
2.342325196100311e-03	1.917234e-01
2.352090821100310e-03	1.888791e-01
2.361856446100311e-03	1.856905e-01
2.371622071100310e-03	1.821153e-01
2.381387696100311e-03	1.780945e-01
2.391153321100310e-03	1.735391e-01
2.400918946100311e-03	1.683159e-01
2.410684571100310e-03	1.622115e-01
2.420450196100311e-03	1.548750e-01
2.430215821100310e-03	1.456420e-01
2.439981446100311e-03	1.334995e-01
2.441202149225310e-03	1.316984e-01
2.443643555475310e-03	1.279126e-01
2.444253907037811e-03	1.269009e-01
2.445474610162810e-03	1.248309e-01
2.447916016412810e-03	1.204313e-01
2.452798828912811e-03	1.105474e-01
2.458604678088920e-03	9.695544e-02
2.468370303088920e-03	7.057440e-02
2.478135928088920e-03	4.180850e-02
2.487901553088920e-03	1.235866e-02
2.489122256213920e-03	8.652862e-03
2.491563662463920e-03	1.240315e-03
2.492174014026420e-03	-6.129393e-04
2.492326601917045e-03	-1.076693e-03
2.492631777698295e-03	-2.004154e-03
2.493242129260795e-03	-3.857629e-03
2.494462832385795e-03	-7.565223e-03
2.496904238635795e-03	-1.498042e-02
2.500513673710763e-03	-2.593678e-02
2.507732543860699e-03	-4.777859e-02
2.517498168860699e-03	-7.689772e-02
2.527263793860699e-03	-1.044545e-01
2.537029418860699e-03	-1.277320e-01
2.546795043860699e-03	-1.444723e-01
2.556560668860699e-03	-1.560078e-01
2.557781371985699e-03	-1.572070e-01
2.560222778235699e-03	-1.595093e-01
2.560833129798198e-03	-1.600540e-01
2.562053832923199e-03	-1.611260e-01
2.562359008704449e-03	-1.613874e-01
2.562969360266949e-03	-1.619045e-01
2.564190063391949e-03	-1.629141e-01
2.564495239173199e-03	-1.631629e-01
2.565105590735698e-03	-1.636549e-01
2.566326293860699e-03	-1.646161e-01
2.568767700110699e-03	-1.664597e-01
2.573650512610698e-03	-1.698679e-01
2.583416137610699e-03	-1.757985e-01
2.593181762610699e-03	-1.808396e-01
2.602947387610699e-03	-1.852217e-01
2.612713012610699e-03	-1.890813e-01
2.622478637610699e-03	-1.925016e-01
2.632244262610699e-03	-1.955430e-01
2.642009887610699e-03	-1.982530e-01
2.651775512610699e-03	-2.006548e-01
2.661541137610699e-03	-2.027741e-01
2.671306762610699e-03	-2.046213e-01
2.681072387610699e-03	-2.062116e-01
2.690838012610699e-03	-2.075492e-01
2.700603637610699e-03	-2.086434e-01
2.710369262610699e-03	-2.094953e-01
2.720134887610699e-03	-2.101107e-01
2.729900512610699e-03	-2.104889e-01
2.739666137610699e-03	-2.106336e-01
2.749431762610699e-03	-2.105431e-01
2.759197387610698e-03	-2.102194e-01
2.768963012610699e-03	-2.096597e-01
2.778728637610698e-03	-2.088647e-01
2.788494262610699e-03	-2.078303e-01
2.798259887610698e-03	-2.065551e-01
2.808025512610699e-03	-2.050333e-01
2.817791137610698e-03	-2.032606e-01
2.827556762610699e-03	-2.012274e-01
2.837322387610699e-03	-1.989245e-01
2.847088012610699e-03	-1.963358e-01
2.856853637610699e-03	-1.934424e-01
2.866619262610699e-03	-1.902155e-01
2.876384887610699e-03	-1.866170e-01
2.886150512610699e-03	-1.825897e-01
2.895916137610699e-03	-1.780525e-01
2.905681762610699e-03	-1.728795e-01
2.915447387610699e-03	-1.668619e-01
2.925213012610699e-03	-1.596857e-01
2.926433715735699e-03	-1.586814e-01
2.928875121985699e-03	-1.565989e-01
2.933757934485699e-03	-1.520154e-01
2.934978637610699e-03	-1.507698e-01
2.937420043860699e-03	-1.481741e-01
2.938030395423199e-03	-1.474893e-01
2.939251098548199e-03	-1.460942e-01
2.941692504798199e-03	-1.431430e-01
2.946575317298198e-03	-1.365203e-01
2.954851549052278e-03	-1.225984e-01
2.964617174052277e-03	-1.008469e-01
2.974382799052278e-03	-7.425299e-02
2.984148424052278e-03	-4.538422e-02
2.993914049052277e-03	-1.579712e-02
3.003679674052278e-03	1.389512e-02
3.013445299052277e-03	4.345495e-02
3.023210924052278e-03	7.251963e-02
3.032976549052277e-03	1.000476e-01
3.042742174052278e-03	1.234601e-01
3.052507799052277e-03	1.404227e-01
3.062273424052278e-03	1.521056e-01
3.072039049052277e-03	1.607972e-01
3.081804674052278e-03	1.677239e-01
3.091570299052277e-03	1.733570e-01
3.101335924052278e-03	1.781889e-01
3.111101549052277e-03	1.824110e-01
3.120867174052278e-03	1.860869e-01
3.130632799052277e-03	1.893656e-01
3.140398424052278e-03	1.922470e-01
3.150164049052277e-03	1.948161e-01
3.159929674052278e-03	1.970597e-01
3.169695299052277e-03	1.990326e-01
3.179460924052278e-03	2.007183e-01
3.189226549052277e-03	2.021541e-01
3.198992174052278e-03	2.033242e-01
3.208757799052277e-03	2.042546e-01
3.218523424052278e-03	2.049312e-01
3.228289049052278e-03	2.053727e-01
3.238054674052277e-03	2.055666e-01
3.247820299052278e-03	2.055263e-01
3.257585924052277e-03	2.052408e-01
3.267351549052278e-03	2.047191e-01
3.277117174052277e-03	2.039514e-01
3.286882799052278e-03	2.029424e-01
3.296648424052277e-03	2.016825e-01
3.306414049052278e-03	2.001720e-01
3.316179674052277e-03	1.983997e-01
3.325945299052278e-03	1.963603e-01
3.335710924052277e-03	1.940384e-01
3.345476549052278e-03	1.914195e-01
3.355242174052277e-03	1.884785e-01
3.365007799052278e-03	1.851848e-01
3.374773424052277e-03	1.814915e-01
3.384539049052278e-03	1.773339e-01
3.394304674052277e-03	1.726132e-01
3.404070299052278e-03	1.671798e-01
3.413835924052277e-03	1.607922e-01
3.423601549052278e-03	1.530142e-01
3.433367174052277e-03	1.432315e-01
3.434587877177278e-03	1.417630e-01
3.437029283427278e-03	1.387229e-01
3.441912095927278e-03	1.319261e-01
3.443132799052278e-03	1.300344e-01
3.445574205302278e-03	1.260685e-01
3.450457017802278e-03	1.170492e-01
3.457666548720163e-03	1.011198e-01
3.465239420551187e-03	8.140218e-02
3.475005045551187e-03	5.330685e-02
3.484770670551187e-03	2.398684e-02
3.494536295551187e-03	-5.625765e-03
3.495756998676187e-03	-9.337700e-03
3.498198404926187e-03	-1.675580e-02
3.503081217426187e-03	-3.157103e-02
3.512846842426187e-03	-6.099794e-02
3.522612467426187e-03	-8.961469e-02
3.532378092426187e-03	-1.156062e-01
3.542143717426187e-03	-1.359397e-01
3.543364420551187e-03	-1.379573e-01
3.545805826801187e-03	-1.417945e-01
3.550688639301187e-03	-1.484588e-01
3.560454264301187e-03	-1.588607e-01
3.561674967426187e-03	-1.599409e-01
3.564116373676187e-03	-1.620357e-01
3.564726725238687e-03	-1.625346e-01
3.565947428363687e-03	-1.635198e-01
3.568388834613687e-03	-1.654052e-01
3.573271647113687e-03	-1.688832e-01
3.583037272113687e-03	-1.749177e-01
3.592802897113687e-03	-1.800473e-01
3.602568522113687e-03	-1.844695e-01
3.612334147113687e-03	-1.883655e-01
3.622099772113687e-03	-1.918206e-01
3.631865397113687e-03	-1.948887e-01
3.641631022113687e-03	-1.976265e-01
3.651396647113687e-03	-2.000453e-01
3.661162272113687e-03	-2.021861e-01
3.670927897113687e-03	-2.040469e-01
3.680693522113687e-03	-2.056550e-01
3.690459147113687e-03	-2.070040e-01
3.700224772113687e-03	-2.081135e-01
3.709990397113687e-03	-2.089753e-01
3.719756022113687e-03	-2.096042e-01
3.729521647113687e-03	-2.099914e-01
3.739287272113687e-03	-2.101481e-01
3.749052897113687e-03	-2.100658e-01
3.758818522113687e-03	-2.097529e-01
3.768584147113687e-03	-2.092007e-01
3.778349772113687e-03	-2.084154e-01
3.788115397113687e-03	-2.073877e-01
3.797881022113687e-03	-2.061211e-01
3.807646647113687e-03	-2.046053e-01
3.817412272113687e-03	-2.028399e-01
3.827177897113687e-03	-2.008117e-01
3.836943522113687e-03	-1.985147e-01
3.846709147113687e-03	-1.959296e-01
3.856474772113687e-03	-1.930404e-01
3.866240397113687e-03	-1.898151e-01
3.876006022113687e-03	-1.862181e-01
3.885771647113687e-03	-1.821895e-01
3.895537272113687e-03	-1.776450e-01
3.905302897113687e-03	-1.724679e-01
3.915068522113687e-03	-1.664400e-01
3.924834147113687e-03	-1.592405e-01
3.926054850238687e-03	-1.582332e-01
3.928496256488687e-03	-1.561435e-01
3.929106608051187e-03	-1.555961e-01
3.930327311176187e-03	-1.544845e-01
3.932768717426187e-03	-1.521500e-01
3.933379068988687e-03	-1.515397e-01
3.934599772113687e-03	-1.502974e-01
3.937041178363687e-03	-1.476769e-01
3.937651529926187e-03	-1.469898e-01
3.938872233051187e-03	-1.455895e-01
3.941313639301187e-03	-1.426229e-01
3.946196451801187e-03	-1.359632e-01
3.953584500776798e-03	-1.236442e-01
3.963350125776799e-03	-1.023146e-01
3.973115750776799e-03	-7.602829e-02
3.982881375776798e-03	-4.725907e-02
3.992647000776798e-03	-1.770918e-02
4.002412625776799e-03	1.198312e-02
4.012178250776799e-03	4.156419e-02
4.021943875776798e-03	7.069587e-02
4.031709500776798e-03	9.841607e-02
4.041475125776799e-03	1.222473e-01
4.051240750776799e-03	1.396853e-01
4.061006375776798e-03	1.516641e-01
4.070772000776798e-03	1.605268e-01
4.080537625776799e-03	1.675678e-01
4.090303250776799e-03	1.732742e-01
4.100068875776798e-03	1.781636e-01
4.109834500776798e-03	1.824347e-01
4.119600125776798e-03	1.861501e-01
4.129365750776799e-03	1.894663e-01
4.139131375776798e-03	1.923803e-01
4.148897000776798e-03	1.949821e-01
4.158662625776798e-03	1.972554e-01
4.168428250776799e-03	1.992589e-01
4.178193875776798e-03	2.009732e-01
4.187959500776798e-03	2.024388e-01
4.197725125776798e-03	2.036372e-01
4.207490750776799e-03	2.045974e-01
4.217256375776799e-03	2.053027e-01
4.227022000776798e-03	2.057743e-01
4.236787625776798e-03	2.059976e-01
4.246553250776799e-03	2.059881e-01
4.256318875776799e-03	2.057330e-01
4.266084500776798e-03	2.052433e-01
4.275850125776798e-03	2.045073e-01
4.285615750776799e-03	2.035319e-01
4.295381375776799e-03	2.023058e-01
4.305147000776798e-03	2.008314e-01
4.314912625776798e-03	1.990962e-01
4.324678250776799e-03	1.970969e-01
4.334443875776799e-03	1.948172e-01
4.344209500776798e-03	1.922453e-01
4.353975125776798e-03	1.893557e-01
4.363740750776798e-03	1.861213e-01
4.373506375776799e-03	1.824968e-01
4.383272000776798e-03	1.784229e-01
4.393037625776798e-03	1.738070e-01
4.402803250776798e-03	1.685120e-01
4.412568875776799e-03	1.623164e-01
4.422334500776798e-03	1.548555e-01
4.432100125776798e-03	1.454957e-01
4.441865750776798e-03	1.330243e-01
4.443086453901799e-03	1.311645e-01
4.445527860151798e-03	1.272678e-01
4.450410672651798e-03	1.184051e-01
4.458585574468294e-03	1.003743e-01
4.466361822645809e-03	7.994104e-02
4.476127447645809e-03	5.170444e-02
4.485893072645809e-03	2.233812e-02
4.495658697645809e-03	-7.290568e-03
4.505424322645809e-03	-3.692720e-02
4.515189947645809e-03	-6.626257e-02
4.524955572645809e-03	-9.457044e-02
4.534721197645809e-03	-1.197080e-01
4.544486822645809e-03	-1.387664e-01
4.554252447645809e-03	-1.518145e-01
4.555473150770809e-03	-1.531394e-01
4.557914557020809e-03	-1.556815e-01
4.562797369520809e-03	-1.602346e-01
4.564018072645809e-03	-1.612751e-01
4.566459478895809e-03	-1.632735e-01
4.567069830458309e-03	-1.637539e-01
4.568290533583310e-03	-1.646966e-01
4.570731939833309e-03	-1.665034e-01
4.575614752333309e-03	-1.698491e-01
4.585380377333309e-03	-1.756808e-01
4.595146002333309e-03	-1.806470e-01
4.604911627333309e-03	-1.849740e-01
4.614677252333309e-03	-1.887735e-01
4.624442877333309e-03	-1.921418e-01
4.634208502333309e-03	-1.951395e-01
4.643974127333309e-03	-1.978037e-01
4.653739752333309e-03	-2.001644e-01
4.663505377333309e-03	-2.022398e-01
4.673271002333309e-03	-2.040465e-01
4.683036627333309e-03	-2.055935e-01
4.692802252333309e-03	-2.068901e-01
4.702567877333309e-03	-2.079405e-01
4.712333502333309e-03	-2.087503e-01
4.722099127333309e-03	-2.093210e-01
4.731864752333309e-03	-2.096558e-01
4.741630377333309e-03	-2.097545e-01
4.751396002333310e-03	-2.096189e-01
4.761161627333309e-03	-2.092473e-01
4.770927252333309e-03	-2.086403e-01
4.780692877333309e-03	-2.077951e-01
4.790458502333309e-03	-2.067104e-01
4.800224127333309e-03	-2.053816e-01
4.809989752333309e-03	-2.038052e-01
4.819755377333309e-03	-2.019736e-01
4.829521002333309e-03	-1.998790e-01
4.839286627333309e-03	-1.975088e-01
4.849052252333309e-03	-1.948475e-01
4.858817877333309e-03	-1.918722e-01
4.868583502333309e-03	-1.885528e-01
4.878349127333309e-03	-1.848449e-01
4.888114752333309e-03	-1.806865e-01
4.897880377333309e-03	-1.759834e-01
4.907646002333309e-03	-1.705850e-01
4.917411627333309e-03	-1.642707e-01
4.927177252333309e-03	-1.566538e-01
4.928397955458309e-03	-1.555777e-01
4.930839361708309e-03	-1.533413e-01
4.935722174208309e-03	-1.483828e-01
4.936674046680706e-03	-1.473340e-01
4.938577791625500e-03	-1.451656e-01
4.942385281515089e-03	-1.404149e-01
4.949553472958112e-03	-1.297545e-01
4.957599637688998e-03	-1.144271e-01
4.967365262688998e-03	-9.057698e-02
4.977130887688998e-03	-6.281539e-02
4.986896512688997e-03	-3.358933e-02
4.996662137688998e-03	-3.930384e-03
5.006427762688998e-03	2.573697e-02
5.016193387688998e-03	5.517843e-02
5.025959012688997e-03	8.386780e-02
5.035724637688998e-03	1.102221e-01
5.045490262688998e-03	1.312776e-01
5.055255887688998e-03	1.459106e-01
5.065021512688997e-03	1.562427e-01
5.074787137688998e-03	1.641353e-01
5.084552762688998e-03	1.705442e-01
5.094318387688998e-03	1.758460e-01
5.104084012688997e-03	1.804310e-01
5.113849637688998e-03	1.844504e-01
5.123615262688998e-03	1.879731e-01
5.133380887688998e-03	1.911122e-01
5.143146512688998e-03	1.938806e-01
5.152912137688997e-03	1.963410e-01
5.162677762688998e-03	1.984923e-01
5.172443387688998e-03	2.003731e-01
5.182209012688998e-03	2.019778e-01
5.191974637688997e-03	2.033313e-01
5.201740262688998e-03	2.044270e-01
5.211505887688998e-03	2.052810e-01
5.221271512688998e-03	2.058872e-01
5.231037137688997e-03	2.062561e-01
5.240802762688998e-03	2.063821e-01
5.250568387688998e-03	2.062716e-01
5.260334012688998e-03	2.059198e-01
5.270099637688997e-03	2.053295e-01
5.279865262688998e-03	2.044961e-01
5.289630887688998e-03	2.034192e-01
5.299396512688998e-03	2.020935e-01
5.309162137688997e-03	2.005147e-01
5.318927762688998e-03	1.986753e-01
5.328693387688998e-03	1.965658e-01
5.338459012688998e-03	1.941732e-01
5.348224637688997e-03	1.914793e-01
5.357990262688998e-03	1.884602e-01
5.367755887688998e-03	1.850806e-01
5.377521512688998e-03	1.812930e-01
5.387287137688998e-03	1.770256e-01
5.397052762688997e-03	1.721739e-01
5.406818387688998e-03	1.665731e-01
5.416584012688998e-03	1.599602e-01
5.426349637688998e-03	1.518495e-01
5.436115262688997e-03	1.415630e-01
5.437335965813998e-03	1.400077e-01
5.439777372063997e-03	1.367849e-01
5.444660184563997e-03	1.295666e-01
5.445880887688998e-03	1.275540e-01
5.448322293938998e-03	1.233313e-01
5.453205106438997e-03	1.137750e-01
5.459437668942270e-03	9.949850e-02
5.469203293942270e-03	7.332818e-02
5.478968918942269e-03	4.460736e-02
5.488734543942270e-03	1.515315e-02
5.489955247067270e-03	1.144454e-02
5.492396653317269e-03	4.028167e-03
5.493007004879770e-03	2.173828e-03
5.494227708004769e-03	-1.535030e-03
5.494532883786020e-03	-2.462268e-03
5.495143235348519e-03	-4.316615e-03
5.495295823239145e-03	-4.780165e-03
5.495600999020395e-03	-5.707745e-03
5.495677292965707e-03	-5.939908e-03
5.495829880856332e-03	-6.404039e-03
5.496135056637582e-03	-7.331340e-03
5.496745408200082e-03	-9.185905e-03
5.497966111325082e-03	-1.289475e-02
5.500407517575082e-03	-2.030943e-02
5.505290330075082e-03	-3.511460e-02
5.515055955075082e-03	-6.447393e-02
5.524821580075082e-03	-9.286866e-02
5.534587205075082e-03	-1.182588e-01
5.544352830075082e-03	-1.376837e-01
5.545573533200082e-03	-1.395928e-01
5.548014939450082e-03	-1.432325e-01
5.552897751950082e-03	-1.495825e-01
5.562663376950082e-03	-1.595689e-01
5.563884080075082e-03	-1.606128e-01
5.564189255856332e-03	-1.608719e-01
5.564799607418832e-03	-1.613855e-01
5.566020310543832e-03	-1.623870e-01
5.566325486325082e-03	-1.626335e-01
5.566935837887583e-03	-1.631212e-01
5.568156541012582e-03	-1.640744e-01
5.570597947262582e-03	-1.659028e-01
5.575480759762583e-03	-1.692839e-01
5.585246384762582e-03	-1.751692e-01
5.595012009762582e-03	-1.801719e-01
5.604777634762582e-03	-1.845271e-01
5.614543259762583e-03	-1.883471e-01
5.624308884762582e-03	-1.917326e-01
5.634074509762582e-03	-1.947436e-01
5.643840134762582e-03	-1.974197e-01
5.653605759762583e-03	-1.997899e-01
5.663371384762582e-03	-2.018744e-01
5.673137009762582e-03	-2.036883e-01
5.682902634762582e-03	-2.052424e-01
5.692668259762582e-03	-2.065448e-01
5.702433884762582e-03	-2.076011e-01
5.712199509762582e-03	-2.084157e-01
5.721965134762582e-03	-2.089914e-01
5.731730759762582e-03	-2.093302e-01
5.741496384762582e-03	-2.094332e-01
5.751262009762582e-03	-2.093008e-01
5.761027634762582e-03	-2.089329e-01
5.770793259762582e-03	-2.083286e-01
5.780558884762583e-03	-2.074863e-01
5.790324509762582e-03	-2.064036e-01
5.800090134762582e-03	-2.050771e-01
5.809855759762582e-03	-2.035019e-01
5.819621384762583e-03	-2.016717e-01
5.829387009762582e-03	-1.995774e-01
5.839152634762582e-03	-1.972074e-01
5.848918259762582e-03	-1.945450e-01
5.858683884762583e-03	-1.915683e-01
5.868449509762582e-03	-1.882456e-01
5.878215134762582e-03	-1.845335e-01
5.887980759762582e-03	-1.803680e-01
5.897746384762583e-03	-1.756553e-01
5.907512009762582e-03	-1.702419e-01
5.917277634762582e-03	-1.639055e-01
5.927043259762582e-03	-1.562534e-01
5.928263962887583e-03	-1.551717e-01
5.930705369137582e-03	-1.529223e-01
5.931315720700082e-03	-1.523304e-01
5.932536423825082e-03	-1.511275e-01
5.934977830075083e-03	-1.485975e-01
5.935588181637582e-03	-1.479344e-01
5.936808884762582e-03	-1.465836e-01
5.939250291012582e-03	-1.437272e-01
5.944133103512582e-03	-1.373282e-01
5.952888588351548e-03	-1.230074e-01
5.962654213351548e-03	-1.016186e-01
5.972419838351548e-03	-7.527448e-02
5.982185463351547e-03	-4.652658e-02
5.991951088351548e-03	-1.697912e-02
6.001716713351548e-03	1.270535e-02
6.011482338351548e-03	4.228898e-02
6.021247963351547e-03	7.142472e-02
6.031013588351548e-03	9.913542e-02
6.040779213351548e-03	1.229161e-01
6.050544838351548e-03	1.402794e-01
6.060310463351547e-03	1.522110e-01
6.070076088351548e-03	1.610486e-01
6.079841713351548e-03	1.680772e-01
6.089607338351548e-03	1.737784e-01
6.099372963351547e-03	1.786680e-01
6.109138588351547e-03	1.829405e-01
6.118904213351548e-03	1.866612e-01
6.128669838351548e-03	1.899826e-01
6.138435463351547e-03	1.929049e-01
6.148201088351547e-03	1.955145e-01
6.157966713351548e-03	1.977980e-01
6.167732338351548e-03	1.998111e-01
6.177497963351548e-03	2.015372e-01
6.187263588351547e-03	2.030141e-01
6.197029213351548e-03	2.042257e-01
6.206794838351548e-03	2.051985e-01
6.216560463351548e-03	2.059183e-01
6.226326088351547e-03	2.064038e-01
6.236091713351548e-03	2.066429e-01
6.245857338351548e-03	2.066487e-01
6.255622963351548e-03	2.064107e-01
6.265388588351547e-03	2.059378e-01
6.275154213351548e-03	2.052205e-01
6.284919838351548e-03	2.042638e-01
6.294685463351548e-03	2.030585e-01
6.304451088351547e-03	2.016052e-01
6.314216713351548e-03	1.998937e-01
6.323982338351548e-03	1.979194e-01
6.333747963351548e-03	1.956680e-01
6.343513588351547e-03	1.931268e-01
6.353279213351547e-03	1.902731e-01
6.363044838351548e-03	1.870795e-01
6.372810463351548e-03	1.835046e-01
6.382576088351547e-03	1.794910e-01
6.392341713351547e-03	1.749527e-01
6.402107338351548e-03	1.697601e-01
6.411872963351548e-03	1.637080e-01
6.421638588351548e-03	1.564316e-01
6.431404213351547e-03	1.474173e-01
6.441169838351548e-03	1.355002e-01
6.442390541476548e-03	1.337233e-01
6.444831947726547e-03	1.300043e-01
6.445442299289048e-03	1.290151e-01
6.446663002414047e-03	1.269944e-01
6.449104408664048e-03	1.226838e-01
6.453987221164048e-03	1.129925e-01
6.459473540948806e-03	1.003873e-01
6.469239165948806e-03	7.432561e-02
6.479004790948806e-03	4.564019e-02
6.488770415948806e-03	1.618910e-02
6.498536040948806e-03	-1.348291e-02
6.499756744073806e-03	-1.719027e-02
6.502198150323806e-03	-2.460209e-02
6.507080962823806e-03	-3.939254e-02
6.516846587823806e-03	-6.866649e-02
6.526612212823807e-03	-9.678034e-02
6.536377837823806e-03	-1.214371e-01
6.546143462823806e-03	-1.398500e-01
6.555909087823806e-03	-1.524552e-01
6.557129790948807e-03	-1.537430e-01
6.559571197198806e-03	-1.562151e-01
6.564454009698806e-03	-1.606509e-01
6.565674712823807e-03	-1.616656e-01
6.568116119073806e-03	-1.636183e-01
6.572998931573806e-03	-1.672106e-01
6.582764556573806e-03	-1.734028e-01
6.592530181573806e-03	-1.786318e-01
6.602295806573806e-03	-1.831436e-01
6.612061431573806e-03	-1.871062e-01
6.621827056573806e-03	-1.906040e-01
6.631592681573806e-03	-1.937191e-01
6.641358306573806e-03	-1.964798e-01
6.651123931573806e-03	-1.989354e-01
6.660889556573806e-03	-2.010908e-01
6.670655181573806e-03	-2.029804e-01
6.680420806573806e-03	-2.045982e-01
6.690186431573806e-03	-2.059708e-01
6.699952056573806e-03	-2.070868e-01
6.709717681573807e-03	-2.079685e-01
6.719483306573806e-03	-2.086016e-01
6.729248931573806e-03	-2.090057e-01
6.739014556573806e-03	-2.091650e-01
6.748780181573807e-03	-2.090970e-01
6.758545806573806e-03	-2.087851e-01
6.768311431573806e-03	-2.082448e-01
6.778077056573806e-03	-2.074588e-01
6.787842681573806e-03	-2.064406e-01
6.797608306573806e-03	-2.051716e-01
6.807373931573806e-03	-2.036624e-01
6.817139556573806e-03	-2.018922e-01
6.826905181573806e-03	-1.998670e-01
6.836670806573806e-03	-1.975619e-01
6.846436431573806e-03	-1.949750e-01
6.856202056573806e-03	-1.920725e-01
6.865967681573806e-03	-1.888378e-01
6.875733306573806e-03	-1.852185e-01
6.885498931573806e-03	-1.811671e-01
6.895264556573806e-03	-1.765866e-01
6.905030181573806e-03	-1.713554e-01
6.914795806573806e-03	-1.652552e-01
6.924561431573806e-03	-1.579474e-01
6.925782134698806e-03	-1.569197e-01
6.928223540948806e-03	-1.547890e-01
6.928833892511306e-03	-1.542305e-01
6.930054595636306e-03	-1.530948e-01
6.932496001886306e-03	-1.507087e-01
6.933106353448806e-03	-1.500852e-01
6.934327056573806e-03	-1.488148e-01
6.936768462823806e-03	-1.461328e-01
6.941651275323806e-03	-1.401509e-01
6.946456893417424e-03	-1.333017e-01
6.956068129604660e-03	-1.158351e-01
6.965833754604660e-03	-9.252920e-02
6.975599379604660e-03	-6.507499e-02
6.985365004604660e-03	-3.591369e-02
6.995130629604661e-03	-6.289575e-03
7.004896254604660e-03	2.338845e-02
7.014661879604660e-03	5.286822e-02
7.024427504604660e-03	8.167875e-02
7.034193129604661e-03	1.083684e-01
7.043958754604660e-03	1.300121e-01
7.053724379604660e-03	1.451616e-01
7.063490004604660e-03	1.557820e-01
7.073255629604661e-03	1.638539e-01
7.083021254604660e-03	1.703809e-01
7.092786879604660e-03	1.757655e-01
7.102552504604660e-03	1.804142e-01
7.112318129604661e-03	1.844902e-01
7.122083754604660e-03	1.880583e-01
7.131849379604660e-03	1.912419e-01
7.141615004604660e-03	1.940488e-01
7.151380629604661e-03	1.965483e-01
7.161146254604660e-03	1.987350e-01
7.170911879604660e-03	2.006526e-01
7.180677504604660e-03	2.022917e-01
7.190443129604660e-03	2.036812e-01
7.200208754604660e-03	2.048111e-01
7.209974379604660e-03	2.057011e-01
7.219740004604660e-03	2.063420e-01
7.229505629604660e-03	2.067472e-01
7.239271254604661e-03	2.069088e-01
7.249036879604660e-03	2.068356e-01
7.258802504604660e-03	2.065205e-01
7.268568129604660e-03	2.059689e-01
7.278333754604661e-03	2.051739e-01
7.288099379604660e-03	2.041377e-01
7.297865004604660e-03	2.028530e-01
7.307630629604660e-03	2.013180e-01
7.317396254604661e-03	1.995236e-01
7.327161879604660e-03	1.974628e-01
7.336927504604660e-03	1.951219e-01
7.346693129604660e-03	1.924852e-01
7.356458754604661e-03	1.895292e-01
7.366224379604660e-03	1.862225e-01
7.375990004604660e-03	1.825199e-01
7.385755629604660e-03	1.783566e-01
7.395521254604661e-03	1.736361e-01
7.405286879604660e-03	1.682102e-01
7.415052504604660e-03	1.618421e-01
7.424818129604660e-03	1.541024e-01
7.434583754604660e-03	1.443878e-01
7.444349379604660e-03	1.313379e-01
7.454115004604660e-03	1.134025e-01
7.463880629604660e-03	8.996886e-02
7.473646254604660e-03	6.245406e-02
7.483411879604661e-03	3.332892e-02
7.493177504604660e-03	3.729392e-03
7.494398207729660e-03	1.854780e-05
7.496839613979660e-03	-7.401351e-03
7.496915907924973e-03	-7.633405e-03
7.497068495815598e-03	-8.097500e-03
7.497373671596847e-03	-9.024991e-03
7.497984023159348e-03	-1.087969e-02
7.499204726284348e-03	-1.458865e-02
7.501646132534348e-03	-2.200236e-02
7.506528945034348e-03	-3.680109e-02
7.516294570034348e-03	-6.612012e-02
7.526060195034347e-03	-9.438796e-02
7.535825820034348e-03	-1.194541e-01
7.545591445034348e-03	-1.384264e-01
7.546812148159348e-03	-1.402844e-01
7.549253554409348e-03	-1.438311e-01
7.554136366909348e-03	-1.500336e-01
7.563901991909348e-03	-1.598239e-01
7.565122695034347e-03	-1.608502e-01
7.567564101284348e-03	-1.628367e-01
7.568174452846848e-03	-1.633161e-01
7.569395155971848e-03	-1.642564e-01
7.571836562221847e-03	-1.660571e-01
7.576719374721848e-03	-1.693917e-01
7.586484999721848e-03	-1.752038e-01
7.596250624721848e-03	-1.801519e-01
7.606016249721848e-03	-1.844617e-01
7.615781874721847e-03	-1.882438e-01
7.625547499721848e-03	-1.915948e-01
7.635313124721848e-03	-1.945745e-01
7.645078749721848e-03	-1.972205e-01
7.654844374721847e-03	-1.995622e-01
7.664609999721848e-03	-2.016183e-01
7.674375624721848e-03	-2.034048e-01
7.684141249721848e-03	-2.049311e-01
7.693906874721847e-03	-2.062061e-01
7.703672499721848e-03	-2.072346e-01
7.713438124721848e-03	-2.080216e-01
7.723203749721848e-03	-2.085690e-01
7.732969374721847e-03	-2.088795e-01
7.742734999721848e-03	-2.089534e-01
7.752500624721848e-03	-2.087920e-01
7.762266249721848e-03	-2.083940e-01
7.772031874721847e-03	-2.077593e-01
7.781797499721848e-03	-2.068856e-01
7.791563124721848e-03	-2.057708e-01
7.801328749721848e-03	-2.044107e-01
7.811094374721847e-03	-2.028009e-01
7.820859999721848e-03	-2.009338e-01
7.830625624721848e-03	-1.988007e-01
7.840391249721848e-03	-1.963885e-01
7.850156874721848e-03	-1.936803e-01
7.859922499721847e-03	-1.906519e-01
7.869688124721847e-03	-1.872707e-01
7.879453749721847e-03	-1.834892e-01
7.889219374721848e-03	-1.792397e-01
7.898984999721848e-03	-1.744203e-01
7.908750624721848e-03	-1.688648e-01
7.918516249721848e-03	-1.623290e-01
7.928281874721848e-03	-1.543791e-01
7.929502577846848e-03	-1.532479e-01
7.931943984096848e-03	-1.508925e-01
7.932554335659347e-03	-1.502732e-01
7.933775038784348e-03	-1.490120e-01
7.936216445034347e-03	-1.463544e-01
7.941099257534348e-03	-1.404296e-01
7.946036828670960e-03	-1.334493e-01
7.955802453670960e-03	-1.157616e-01
7.965568078670961e-03	-9.247598e-02
7.975333703670961e-03	-6.503607e-02
7.985099328670961e-03	-3.588341e-02
7.994864953670961e-03	-6.262993e-03
8.004630578670961e-03	2.341435e-02
8.014396203670960e-03	5.289732e-02
8.024161828670960e-03	8.171542e-02
8.033927453670960e-03	1.084207e-01
8.043693078670960e-03	1.300861e-01
8.053458703670961e-03	1.452534e-01
8.063224328670961e-03	1.558840e-01
8.072989953670961e-03	1.639631e-01
8.082755578670961e-03	1.704955e-01
8.092521203670960e-03	1.758848e-01
8.102286828670960e-03	1.805378e-01
8.112052453670960e-03	1.846182e-01
8.121818078670960e-03	1.881905e-01
8.131583703670961e-03	1.913786e-01
8.141349328670961e-03	1.941897e-01
8.151114953670961e-03	1.966939e-01
8.160880578670961e-03	1.988852e-01
8.170646203670960e-03	2.008078e-01
8.180411828670960e-03	2.024518e-01
8.190177453670960e-03	2.038465e-01
8.199943078670960e-03	2.049816e-01
8.209708703670961e-03	2.058772e-01
8.219474328670961e-03	2.065236e-01
8.229239953670961e-03	2.069348e-01
8.239005578670961e-03	2.071023e-01
8.248771203670961e-03	2.070353e-01
8.258536828670960e-03	2.067266e-01
8.268302453670960e-03	2.061816e-01
8.278068078670960e-03	2.053935e-01
8.287833703670960e-03	2.043645e-01
8.297599328670961e-03	2.030874e-01
8.307364953670961e-03	2.015605e-01
8.317130578670961e-03	1.997746e-01
8.326896203670961e-03	1.977231e-01
8.336661828670960e-03	1.953922e-01
8.346427453670960e-03	1.927668e-01
8.356193078670960e-03	1.898236e-01
8.365958703670960e-03	1.865317e-01
8.375724328670961e-03	1.828467e-01
8.385489953670961e-03	1.787051e-01
8.395255578670961e-03	1.740123e-01
8.405021203670961e-03	1.686233e-01
8.414786828670960e-03	1.623072e-01
8.424552453670960e-03	1.546460e-01
8.434318078670960e-03	1.450522e-01
8.444083703670960e-03	1.321983e-01
8.445304406795960e-03	1.302694e-01
8.447745813045960e-03	1.262320e-01
8.452628625545961e-03	1.170770e-01
8.462394250545961e-03	9.451390e-02
8.471489006705808e-03	6.946795e-02
8.481254631705808e-03	4.057625e-02
8.491020256705808e-03	1.103292e-02
8.492240959830808e-03	7.324343e-03
8.494682366080808e-03	-9.445711e-05
8.495292717643309e-03	-1.949476e-03
8.496513420768308e-03	-5.659130e-03
8.498954827018309e-03	-1.307912e-02
8.499025104886813e-03	-1.329266e-02
8.499165660623823e-03	-1.371969e-02
8.499446772097840e-03	-1.457369e-02
8.500008995045874e-03	-1.628154e-02
8.501133440941945e-03	-1.969628e-02
8.503382332734085e-03	-2.652097e-02
8.507880116318367e-03	-4.013903e-02
8.516875683486932e-03	-6.710886e-02
8.526641308486932e-03	-9.529956e-02
8.536406933486932e-03	-1.201792e-01
8.546172558486931e-03	-1.388958e-01
8.547393261611932e-03	-1.407260e-01
8.549834667861932e-03	-1.442216e-01
8.554717480361932e-03	-1.503430e-01
8.564483105361932e-03	-1.600256e-01
8.565703808486931e-03	-1.610419e-01
8.568145214736932e-03	-1.630100e-01
8.568755566299432e-03	-1.634855e-01
8.569976269424432e-03	-1.644179e-01
8.572417675674432e-03	-1.662035e-01
8.577300488174431e-03	-1.695126e-01
8.587066113174432e-03	-1.752849e-01
8.596831738174432e-03	-1.802035e-01
8.606597363174432e-03	-1.844891e-01
8.616362988174432e-03	-1.882513e-01
8.626128613174432e-03	-1.915845e-01
8.635894238174431e-03	-1.945482e-01
8.645659863174431e-03	-1.971789e-01
8.655425488174431e-03	-1.995063e-01
8.665191113174433e-03	-2.015484e-01
8.674956738174432e-03	-2.033213e-01
8.684722363174432e-03	-2.048340e-01
8.694487988174432e-03	-2.060959e-01
8.704253613174432e-03	-2.071109e-01
8.714019238174431e-03	-2.078846e-01
8.723784863174431e-03	-2.084184e-01
8.733550488174431e-03	-2.087155e-01
8.743316113174433e-03	-2.087757e-01
8.753081738174432e-03	-2.086005e-01
8.762847363174432e-03	-2.081883e-01
8.772612988174432e-03	-2.075395e-01
8.782378613174432e-03	-2.066509e-01
8.792144238174432e-03	-2.055212e-01
8.801909863174431e-03	-2.041455e-01
8.811675488174431e-03	-2.025196e-01
8.821441113174431e-03	-2.006355e-01
8.831206738174432e-03	-1.984846e-01
8.840972363174432e-03	-1.960530e-01
8.850737988174432e-03	-1.933238e-01
8.860503613174432e-03	-1.902718e-01
8.870269238174432e-03	-1.868639e-01
8.880034863174431e-03	-1.830508e-01
8.889800488174431e-03	-1.787631e-01
8.899566113174431e-03	-1.738950e-01
8.909331738174433e-03	-1.682743e-01
8.919097363174432e-03	-1.616467e-01
8.928862988174432e-03	-1.535575e-01
8.930083691299431e-03	-1.524033e-01
8.932525097549432e-03	-1.500002e-01
8.933135449111932e-03	-1.493676e-01
8.934356152236932e-03	-1.480794e-01
8.936797558486932e-03	-1.453635e-01
8.941680370986933e-03	-1.393016e-01
8.949432475920553e-03	-1.275240e-01
8.958971975658456e-03	-1.082744e-01
8.968737600658458e-03	-8.324689e-02
8.978503225658458e-03	-5.501030e-02
8.988268850658458e-03	-2.561479e-02
8.998034475658457e-03	4.049850e-03
9.007800100658457e-03	3.369195e-02
9.017565725658457e-03	6.302848e-02
9.027331350658457e-03	9.136959e-02
9.037096975658456e-03	1.167039e-01
9.046862600658456e-03	1.360940e-01
9.056628225658458e-03	1.493964e-01
9.066393850658458e-03	1.590011e-01
9.076159475658457e-03	1.664439e-01
9.085925100658457e-03	1.725632e-01
9.095690725658457e-03	1.776907e-01
9.105456350658457e-03	1.821169e-01
9.115221975658457e-03	1.860107e-01
9.124987600658456e-03	1.894488e-01
9.134753225658458e-03	1.925035e-01
9.144518850658458e-03	1.952101e-01
9.154284475658457e-03	1.976058e-01
9.164050100658457e-03	1.997073e-01
9.173815725658457e-03	2.015349e-01
9.183581350658457e-03	2.030967e-01
9.193346975658457e-03	2.044040e-01
9.203112600658456e-03	2.054609e-01
9.212878225658458e-03	2.062733e-01
9.222643850658458e-03	2.068435e-01
9.232409475658458e-03	2.071740e-01
9.242175100658457e-03	2.072659e-01
9.251940725658457e-03	2.071195e-01
9.261706350658457e-03	2.067350e-01
9.271471975658457e-03	2.061107e-01
9.281237600658456e-03	2.052457e-01
9.291003225658456e-03	2.041365e-01
9.300768850658458e-03	2.027802e-01
9.310534475658458e-03	2.011705e-01
9.320300100658457e-03	1.993013e-01
9.330065725658457e-03	1.971617e-01
9.339831350658457e-03	1.947398e-01
9.349596975658457e-03	1.920161e-01
9.359362600658457e-03	1.889673e-01
9.369128225658456e-03	1.855572e-01
9.378893850658458e-03	1.817379e-01
9.388659475658458e-03	1.774365e-01
9.398425100658457e-03	1.725468e-01
9.408190725658457e-03	1.669014e-01
9.417956350658457e-03	1.602320e-01
9.427721975658457e-03	1.520423e-01
9.437487600658457e-03	1.416402e-01
9.438708303783457e-03	1.400654e-01
9.441149710033457e-03	1.368008e-01
9.446032522533458e-03	1.294873e-01
9.447253225658456e-03	1.274474e-01
9.449694631908458e-03	1.231681e-01
9.454577444408457e-03	1.134908e-01
9.460571854874913e-03	9.965005e-02
9.470337479874913e-03	7.339646e-02
9.480103104874913e-03	4.462528e-02
9.489868729874913e-03	1.514502e-02
9.499634354874914e-03	-1.453597e-02
9.500855057999913e-03	-1.824272e-02
9.503296464249912e-03	-2.565326e-02
9.508179276749913e-03	-4.043740e-02
9.517944901749913e-03	-6.967525e-02
9.527710526749913e-03	-9.768184e-02
9.537476151749913e-03	-1.220890e-01
9.547241776749912e-03	-1.401906e-01
9.557007401749914e-03	-1.525884e-01
9.558228104874913e-03	-1.538592e-01
9.560669511124914e-03	-1.562982e-01
9.565552323624913e-03	-1.606785e-01
9.566773026749914e-03	-1.616808e-01
9.567078202531163e-03	-1.619276e-01
9.567688554093663e-03	-1.624190e-01
9.568909257218663e-03	-1.633781e-01
9.571350663468663e-03	-1.652134e-01
9.576233475968664e-03	-1.686077e-01
9.585999100968664e-03	-1.745079e-01
9.595764725968663e-03	-1.795192e-01
9.605530350968663e-03	-1.838765e-01
9.615295975968663e-03	-1.876913e-01
9.625061600968663e-03	-1.910768e-01
9.634827225968663e-03	-1.940845e-01
9.644592850968664e-03	-1.967517e-01
9.654358475968664e-03	-1.991150e-01
9.664124100968664e-03	-2.011883e-01
9.673889725968663e-03	-2.029929e-01
9.683655350968663e-03	-2.045340e-01
9.693420975968663e-03	-2.058251e-01
9.703186600968663e-03	-2.068669e-01
9.712952225968663e-03	-2.076685e-01
9.722717850968662e-03	-2.082282e-01
9.732483475968664e-03	-2.085523e-01
9.742249100968664e-03	-2.086379e-01
9.752014725968663e-03	-2.084893e-01
9.761780350968663e-03	-2.081024e-01
9.771545975968663e-03	-2.074800e-01
9.781311600968663e-03	-2.066169e-01
9.791077225968663e-03	-2.055138e-01
9.800842850968662e-03	-2.041640e-01
9.810608475968664e-03	-2.025655e-01
9.820374100968664e-03	-2.007084e-01
9.830139725968664e-03	-1.985863e-01
9.839905350968663e-03	-1.961839e-01
9.849670975968663e-03	-1.934865e-01
9.859436600968663e-03	-1.904681e-01
9.869202225968663e-03	-1.870979e-01
9.878967850968663e-03	-1.833270e-01
9.888733475968664e-03	-1.790898e-01
9.898499100968664e-03	-1.742832e-01
9.908264725968664e-03	-1.687434e-01
9.918030350968663e-03	-1.622266e-01
9.927795975968663e-03	-1.543031e-01
9.929016679093664e-03	-1.531759e-01
9.931458085343663e-03	-1.508297e-01
9.936340897843662e-03	-1.456141e-01
9.937290670345671e-03	-1.445098e-01
9.939190215349688e-03	-1.422251e-01
9.942989305357719e-03	-1.372036e-01
9.950587485373785e-03	-1.251097e-01
9.960353110373785e-03	-1.045749e-01
9.970118735373784e-03	-7.886720e-02
9.979884360373786e-03	-5.034665e-02
9.989649985373786e-03	-2.087947e-02
9.999415610373786e-03	8.796071e-03
1.000000000000000e-02	1.057341e-02
Step Information: Rgain=14.7007K  (Step: 4/11)
0.000000000000000e+00	4.500006e-14
5.000000058430487e-08	1.392619e-09
1.000000011686097e-07	1.409275e-07
2.000000023372195e-07	4.897372e-06
4.000000046744390e-07	5.939751e-05
8.000000093488779e-07	3.429894e-04
1.600000018697756e-06	1.422738e-03
3.200000037395512e-06	5.075681e-03
6.400000074791024e-06	1.550588e-02
1.280000014958205e-05	4.021882e-02
1.970323707340729e-05	6.744177e-02
2.946886207340729e-05	1.024703e-01
3.923448707340729e-05	1.271372e-01
4.900011207340730e-05	1.410195e-01
5.876573707340730e-05	1.503530e-01
6.853136207340729e-05	1.574470e-01
7.829698707340730e-05	1.632554e-01
8.806261207340730e-05	1.681104e-01
9.782823707340729e-05	1.723495e-01
1.075938620734073e-04	1.760933e-01
1.173594870734073e-04	1.794127e-01
1.271251120734073e-04	1.823924e-01
1.368907370734073e-04	1.850402e-01
1.466563620734073e-04	1.874159e-01
1.564219870734073e-04	1.895110e-01
1.661876120734073e-04	1.913649e-01
1.759532370734073e-04	1.929652e-01
1.857188620734073e-04	1.943397e-01
1.954844870734073e-04	1.954757e-01
2.052501120734073e-04	1.963935e-01
2.150157370734073e-04	1.970809e-01
2.247813620734073e-04	1.975535e-01
2.345469870734073e-04	1.978001e-01
2.443126120734073e-04	1.978327e-01
2.540782370734073e-04	1.976412e-01
2.638438620734073e-04	1.972345e-01
2.736094870734073e-04	1.966036e-01
2.833751120734073e-04	1.957548e-01
2.931407370734073e-04	1.946793e-01
3.029063620734073e-04	1.933804e-01
3.126719870734073e-04	1.918490e-01
3.224376120734073e-04	1.900846e-01
3.322032370734073e-04	1.880758e-01
3.419688620734073e-04	1.858170e-01
3.517344870734073e-04	1.832911e-01
3.615001120734073e-04	1.804832e-01
3.712657370734073e-04	1.773649e-01
3.810313620734073e-04	1.739026e-01
3.907969870734073e-04	1.700416e-01
4.005626120734073e-04	1.657063e-01
4.103282370734073e-04	1.607742e-01
4.200938620734073e-04	1.550394e-01
4.298594870734073e-04	1.481997e-01
4.396251120734073e-04	1.395463e-01
4.408458151984073e-04	1.382813e-01
4.432872214484073e-04	1.356276e-01
4.481700339484073e-04	1.295505e-01
4.493907370734073e-04	1.278354e-01
4.518321433234073e-04	1.241893e-01
4.567149558234073e-04	1.155617e-01
4.633259589263172e-04	1.004982e-01
4.730915839263172e-04	7.003231e-02
4.828572089263172e-04	3.290633e-02
4.926228339263172e-04	-5.999126e-03
4.938435370513173e-04	-1.089078e-02
4.962849433013172e-04	-2.067051e-02
5.011677558013172e-04	-4.019658e-02
5.109333808013172e-04	-7.857435e-02
5.206990058013172e-04	-1.125634e-01
5.304646308013172e-04	-1.351190e-01
5.316853339263172e-04	-1.369698e-01
5.341267401763173e-04	-1.404997e-01
5.390095526763173e-04	-1.465588e-01
5.487751776763172e-04	-1.558229e-01
5.499958808013173e-04	-1.567850e-01
5.524372870513172e-04	-1.586564e-01
5.530476386138172e-04	-1.591053e-01
5.542683417388173e-04	-1.599893e-01
5.567097479888172e-04	-1.616807e-01
5.615925604888172e-04	-1.648090e-01
5.713581854888172e-04	-1.703081e-01
5.811238104888172e-04	-1.750249e-01
5.908894354888172e-04	-1.791829e-01
6.006550604888173e-04	-1.828718e-01
6.104206854888173e-04	-1.861944e-01
6.201863104888172e-04	-1.891744e-01
6.299519354888172e-04	-1.918723e-01
6.397175604888172e-04	-1.942871e-01
6.494831854888172e-04	-1.964604e-01
6.592488104888172e-04	-1.983807e-01
6.690144354888172e-04	-2.000803e-01
6.787800604888172e-04	-2.015427e-01
6.885456854888172e-04	-2.027949e-01
6.983113104888172e-04	-2.038184e-01
7.080769354888172e-04	-2.046366e-01
7.178425604888173e-04	-2.052307e-01
7.276081854888173e-04	-2.056215e-01
7.373738104888173e-04	-2.057904e-01
7.471394354888172e-04	-2.057564e-01
7.569050604888172e-04	-2.055011e-01
7.666706854888172e-04	-2.050420e-01
7.764363104888172e-04	-2.043612e-01
7.862019354888172e-04	-2.034744e-01
7.959675604888172e-04	-2.023638e-01
8.057331854888172e-04	-2.010431e-01
8.154988104888172e-04	-1.994940e-01
8.252644354888172e-04	-1.977273e-01
8.350300604888172e-04	-1.957232e-01
8.447956854888173e-04	-1.934876e-01
8.545613104888173e-04	-1.909972e-01
8.643269354888173e-04	-1.882500e-01
8.740925604888172e-04	-1.852140e-01
8.838581854888172e-04	-1.818726e-01
8.936238104888172e-04	-1.781747e-01
9.033894354888172e-04	-1.740717e-01
9.131550604888172e-04	-1.694652e-01
9.229206854888172e-04	-1.642247e-01
9.326863104888172e-04	-1.581108e-01
9.339070136138172e-04	-1.572673e-01
9.363484198638173e-04	-1.555246e-01
9.369587714263172e-04	-1.550709e-01
9.381794745513172e-04	-1.541506e-01
9.406208808013173e-04	-1.522277e-01
9.412312323638173e-04	-1.517278e-01
9.424519354888172e-04	-1.507110e-01
9.448933417388172e-04	-1.485758e-01
9.497761542388172e-04	-1.438520e-01
9.549653814941386e-04	-1.379936e-01
9.647310064941386e-04	-1.231962e-01
9.744966314941386e-04	-1.005694e-01
9.842622564941387e-04	-6.839097e-02
9.940278814941387e-04	-3.047832e-02
1.003793506494139e-03	8.652321e-03
1.013559131494139e-03	4.763321e-02
1.023324756494139e-03	8.518831e-02
1.033090381494139e-03	1.160971e-01
1.042856006494139e-03	1.349152e-01
1.052621631494139e-03	1.459795e-01
1.062387256494139e-03	1.541902e-01
1.072152881494139e-03	1.605130e-01
1.081918506494139e-03	1.659110e-01
1.091684131494139e-03	1.704226e-01
1.101449756494139e-03	1.744629e-01
1.111215381494139e-03	1.779911e-01
1.120981006494139e-03	1.811800e-01
1.130746631494139e-03	1.839993e-01
1.140512256494139e-03	1.865528e-01
1.150277881494139e-03	1.888005e-01
1.160043506494139e-03	1.908161e-01
1.169809131494139e-03	1.925601e-01
1.179574756494139e-03	1.940881e-01
1.189340381494139e-03	1.953640e-01
1.199106006494139e-03	1.964311e-01
1.208871631494139e-03	1.972572e-01
1.218637256494139e-03	1.978773e-01
1.228402881494139e-03	1.982629e-01
1.238168506494139e-03	1.984426e-01
1.247934131494139e-03	1.983913e-01
1.257699756494139e-03	1.981325e-01
1.267465381494139e-03	1.976443e-01
1.277231006494139e-03	1.969453e-01
1.286996631494139e-03	1.960162e-01
1.296762256494139e-03	1.948713e-01
1.306527881494139e-03	1.934924e-01
1.316293506494139e-03	1.918893e-01
1.326059131494139e-03	1.900437e-01
1.335824756494139e-03	1.879594e-01
1.345590381494139e-03	1.856154e-01
1.355356006494139e-03	1.830068e-01
1.365121631494139e-03	1.801049e-01
1.374887256494139e-03	1.768897e-01
1.384652881494139e-03	1.733143e-01
1.394418506494139e-03	1.693268e-01
1.404184131494139e-03	1.648344e-01
1.413949756494139e-03	1.597059e-01
1.423715381494139e-03	1.537122e-01
1.433481006494139e-03	1.464641e-01
1.443246631494139e-03	1.371268e-01
1.444467334619139e-03	1.357485e-01
1.446908740869139e-03	1.328462e-01
1.447519092431639e-03	1.320681e-01
1.448739795556639e-03	1.304745e-01
1.451181201806639e-03	1.270415e-01
1.456064014306639e-03	1.189995e-01
1.464217088596405e-03	1.009680e-01
1.472052809399589e-03	7.724372e-02
1.481818434399589e-03	4.113261e-02
1.491584059399589e-03	2.300181e-03
1.501349684399589e-03	-3.677022e-02
1.511115309399589e-03	-7.528274e-02
1.520880934399589e-03	-1.098666e-01
1.530646559399589e-03	-1.334825e-01
1.531867262524589e-03	-1.353955e-01
1.534308668774589e-03	-1.390429e-01
1.539191481274588e-03	-1.453070e-01
1.548957106274588e-03	-1.548011e-01
1.550177809399588e-03	-1.557807e-01
1.552619215649589e-03	-1.576864e-01
1.557502028149588e-03	-1.611799e-01
1.557654616040214e-03	-1.612810e-01
1.557959791821463e-03	-1.614835e-01
1.558570143383964e-03	-1.618889e-01
1.559790846508964e-03	-1.626850e-01
1.562232252758963e-03	-1.642206e-01
1.567115065258964e-03	-1.670919e-01
1.576880690258963e-03	-1.721832e-01
1.586646315258963e-03	-1.766085e-01
1.596411940258963e-03	-1.805242e-01
1.606177565258963e-03	-1.840245e-01
1.615943190258963e-03	-1.871682e-01
1.625708815258963e-03	-1.899977e-01
1.635474440258963e-03	-1.925462e-01
1.645240065258963e-03	-1.948307e-01
1.655005690258963e-03	-1.968689e-01
1.664771315258963e-03	-1.986686e-01
1.674536940258963e-03	-2.002399e-01
1.684302565258963e-03	-2.015862e-01
1.694068190258963e-03	-2.027133e-01
1.703833815258964e-03	-2.036224e-01
1.713599440258964e-03	-2.043167e-01
1.723365065258964e-03	-2.047966e-01
1.733130690258964e-03	-2.050637e-01
1.742896315258964e-03	-2.051176e-01
1.752661940258964e-03	-2.049592e-01
1.762427565258964e-03	-2.045876e-01
1.772193190258964e-03	-2.040028e-01
1.781958815258964e-03	-2.032036e-01
1.791724440258964e-03	-2.021888e-01
1.801490065258964e-03	-2.009564e-01
1.811255690258964e-03	-1.995038e-01
1.821021315258964e-03	-1.978274e-01
1.830786940258963e-03	-1.959221e-01
1.840552565258963e-03	-1.937813e-01
1.850318190258963e-03	-1.913952e-01
1.860083815258963e-03	-1.887514e-01
1.869849440258963e-03	-1.858316e-01
1.879615065258963e-03	-1.826114e-01
1.889380690258963e-03	-1.790548e-01
1.899146315258963e-03	-1.751113e-01
1.908911940258963e-03	-1.706997e-01
1.918677565258963e-03	-1.657074e-01
1.928443190258963e-03	-1.599396e-01
1.938208815258963e-03	-1.530568e-01
1.939429518383963e-03	-1.520872e-01
1.941870924633963e-03	-1.500754e-01
1.942481276196464e-03	-1.495477e-01
1.943701979321463e-03	-1.484749e-01
1.946143385571463e-03	-1.462193e-01
1.951026198071464e-03	-1.411974e-01
1.960791823071463e-03	-1.281326e-01
1.970557448071464e-03	-1.083878e-01
1.980323073071463e-03	-7.906301e-02
1.990088698071464e-03	-4.237570e-02
1.999854323071463e-03	-3.367954e-03
2.009619948071464e-03	3.572737e-02
2.019385573071463e-03	7.404120e-02
2.029151198071464e-03	1.079461e-01
2.038916823071463e-03	1.305500e-01
2.048682448071464e-03	1.432995e-01
2.058448073071463e-03	1.522397e-01
2.068213698071464e-03	1.590506e-01
2.077979323071463e-03	1.647334e-01
2.087744948071464e-03	1.694784e-01
2.097510573071463e-03	1.736729e-01
2.107276198071464e-03	1.773563e-01
2.117041823071463e-03	1.806591e-01
2.126807448071464e-03	1.836048e-01
2.136573073071463e-03	1.862491e-01
2.146338698071464e-03	1.886056e-01
2.156104323071464e-03	1.907043e-01
2.165869948071463e-03	1.925483e-01
2.175635573071464e-03	1.941565e-01
2.185401198071463e-03	1.955276e-01
2.195166823071464e-03	1.966742e-01
2.204932448071463e-03	1.975933e-01
2.214698073071464e-03	1.982935e-01
2.224463698071463e-03	1.987710e-01
2.234229323071464e-03	1.990320e-01
2.243994948071463e-03	1.990726e-01
2.253760573071464e-03	1.988970e-01
2.263526198071463e-03	1.985013e-01
2.273291823071464e-03	1.978880e-01
2.283057448071463e-03	1.970531e-01
2.292823073071464e-03	1.959973e-01
2.302588698071463e-03	1.947158e-01
2.312354323071464e-03	1.932070e-01
2.322119948071463e-03	1.914645e-01
2.331885573071464e-03	1.894829e-01
2.341651198071463e-03	1.872522e-01
2.351416823071464e-03	1.847607e-01
2.361182448071463e-03	1.819911e-01
2.370948073071464e-03	1.789197e-01
2.380713698071463e-03	1.755132e-01
2.390479323071464e-03	1.717230e-01
2.400244948071464e-03	1.674784e-01
2.410010573071463e-03	1.626693e-01
2.419776198071464e-03	1.571217e-01
2.429541823071463e-03	1.505373e-01
2.439307448071464e-03	1.423212e-01
2.449073073071463e-03	1.314052e-01
2.450293776196464e-03	1.297575e-01
2.452735182446463e-03	1.262470e-01
2.457617994946463e-03	1.179175e-01
2.465135276623991e-03	1.009641e-01
2.472934591729929e-03	7.722183e-02
2.482700216729929e-03	4.103882e-02
2.483920919854929e-03	3.620446e-02
2.486362326104929e-03	2.652170e-02
2.491245138604929e-03	7.058798e-03
2.492465841729929e-03	2.174630e-03
2.492771017511179e-03	9.535274e-04
2.493381369073679e-03	-1.488814e-03
2.493533956964304e-03	-2.100110e-03
2.493839132745554e-03	-3.322951e-03
2.494449484308054e-03	-5.766415e-03
2.495670187433054e-03	-1.065519e-02
2.498111593683054e-03	-2.043395e-02
2.501069256672385e-03	-3.227042e-02
2.506984582651047e-03	-5.582052e-02
2.516750207651047e-03	-9.310931e-02
2.526515832651047e-03	-1.228974e-01
2.536281457651047e-03	-1.405101e-01
2.537502160776047e-03	-1.420031e-01
2.539943567026047e-03	-1.449096e-01
2.544826379526047e-03	-1.500596e-01
2.554592004526047e-03	-1.582382e-01
2.555812707651047e-03	-1.591122e-01
2.558254113901047e-03	-1.608111e-01
2.563136926401047e-03	-1.639418e-01
2.564357629526047e-03	-1.646806e-01
2.566799035776047e-03	-1.661138e-01
2.571681848276047e-03	-1.687974e-01
2.581447473276047e-03	-1.736022e-01
2.591213098276047e-03	-1.778056e-01
2.600978723276047e-03	-1.815469e-01
2.610744348276047e-03	-1.848897e-01
2.620509973276047e-03	-1.878978e-01
2.630275598276047e-03	-1.906046e-01
2.640041223276047e-03	-1.930382e-01
2.649806848276047e-03	-1.952138e-01
2.659572473276047e-03	-1.971468e-01
2.669338098276047e-03	-1.988443e-01
2.679103723276047e-03	-2.003151e-01
2.688869348276047e-03	-2.015622e-01
2.698634973276047e-03	-2.025909e-01
2.708400598276047e-03	-2.034019e-01
2.718166223276047e-03	-2.039984e-01
2.727931848276047e-03	-2.043802e-01
2.737697473276047e-03	-2.045492e-01
2.747463098276047e-03	-2.045044e-01
2.757228723276047e-03	-2.042471e-01
2.766994348276047e-03	-2.037756e-01
2.776759973276047e-03	-2.030904e-01
2.786525598276047e-03	-2.021893e-01
2.796291223276047e-03	-2.010716e-01
2.806056848276047e-03	-1.997343e-01
2.815822473276047e-03	-1.981749e-01
2.825588098276047e-03	-1.963884e-01
2.835353723276047e-03	-1.943695e-01
2.845119348276047e-03	-1.921095e-01
2.854884973276047e-03	-1.895977e-01
2.864650598276047e-03	-1.868185e-01
2.874416223276047e-03	-1.837507e-01
2.884181848276047e-03	-1.803641e-01
2.893947473276047e-03	-1.766159e-01
2.903713098276047e-03	-1.724423e-01
2.913478723276047e-03	-1.677424e-01
2.923244348276047e-03	-1.623694e-01
2.933009973276047e-03	-1.560653e-01
2.934230676401047e-03	-1.551900e-01
2.936672082651047e-03	-1.533781e-01
2.941554895151047e-03	-1.494123e-01
2.942602720399356e-03	-1.484964e-01
2.944698370895973e-03	-1.465992e-01
2.948889671889208e-03	-1.424296e-01
2.956617847414869e-03	-1.330924e-01
2.965853289773435e-03	-1.172638e-01
2.975618914773435e-03	-9.192751e-02
2.985384539773435e-03	-5.770178e-02
2.995150164773435e-03	-1.916032e-02
3.004915789773435e-03	1.997711e-02
3.014681414773435e-03	5.880329e-02
3.024447039773435e-03	9.534014e-02
3.034212664773435e-03	1.231244e-01
3.043978289773435e-03	1.391171e-01
3.053743914773435e-03	1.491716e-01
3.063509539773435e-03	1.567903e-01
3.073275164773435e-03	1.628695e-01
3.083040789773435e-03	1.679872e-01
3.092806414773435e-03	1.723547e-01
3.102572039773435e-03	1.762686e-01
3.112337664773435e-03	1.797017e-01
3.122103289773435e-03	1.828177e-01
3.131868914773435e-03	1.855716e-01
3.141634539773435e-03	1.880710e-01
3.151400164773435e-03	1.902685e-01
3.161165789773435e-03	1.922405e-01
3.170931414773435e-03	1.939432e-01
3.180697039773435e-03	1.954341e-01
3.190462664773435e-03	1.966743e-01
3.200228289773435e-03	1.977084e-01
3.209993914773435e-03	1.985027e-01
3.219759539773435e-03	1.990927e-01
3.229525164773435e-03	1.994493e-01
3.239290789773435e-03	1.996011e-01
3.249056414773435e-03	1.995232e-01
3.258822039773435e-03	1.992385e-01
3.268587664773435e-03	1.987255e-01
3.278353289773435e-03	1.980025e-01
3.288118914773435e-03	1.970506e-01
3.297884539773435e-03	1.958835e-01
3.307650164773435e-03	1.944838e-01
3.317415789773435e-03	1.928606e-01
3.327181414773435e-03	1.909963e-01
3.336947039773435e-03	1.888942e-01
3.346712664773435e-03	1.865341e-01
3.356478289773435e-03	1.839106e-01
3.366243914773435e-03	1.809959e-01
3.376009539773435e-03	1.777697e-01
3.385775164773435e-03	1.741860e-01
3.395540789773435e-03	1.701935e-01
3.405306414773435e-03	1.657004e-01
3.415072039773435e-03	1.605777e-01
3.424837664773435e-03	1.545996e-01
3.434603289773435e-03	1.473510e-01
3.444368914773435e-03	1.381028e-01
3.445589617898435e-03	1.367431e-01
3.448031024148435e-03	1.338723e-01
3.452913836648435e-03	1.272122e-01
3.462679461648435e-03	1.088524e-01
3.472445086648435e-03	8.130939e-02
3.482210711648435e-03	4.563997e-02
3.491976336648435e-03	6.901880e-03
3.493197039773435e-03	2.011250e-03
3.493502215554685e-03	7.889476e-04
3.494112567117185e-03	-1.655527e-03
3.494265155007810e-03	-2.266650e-03
3.494570330789060e-03	-3.488881e-03
3.495180682351560e-03	-5.939474e-03
3.495196711611350e-03	-6.003820e-03
3.495228770130928e-03	-6.132117e-03
3.495292887170086e-03	-6.387525e-03
3.495421121248401e-03	-6.899325e-03
3.495677589405031e-03	-7.926038e-03
3.496190525718292e-03	-9.980304e-03
3.497091300787005e-03	-1.359036e-02
3.498870519893093e-03	-2.071865e-02
3.501209591885217e-03	-3.008222e-02
3.504469909669166e-03	-4.310287e-02
3.510990545237066e-03	-6.884956e-02
3.520756170237066e-03	-1.044443e-01
3.530521795237066e-03	-1.300046e-01
3.531742498362066e-03	-1.321503e-01
3.534183904612066e-03	-1.361677e-01
3.539066717112066e-03	-1.428866e-01
3.548832342112066e-03	-1.528769e-01
3.558597967112066e-03	-1.603167e-01
3.559818670237066e-03	-1.611399e-01
3.562260076487066e-03	-1.627196e-01
3.562870428049566e-03	-1.631007e-01
3.564091131174566e-03	-1.638514e-01
3.566532537424566e-03	-1.653024e-01
3.571415349924566e-03	-1.680261e-01
3.581180974924566e-03	-1.728863e-01
3.590946599924566e-03	-1.771334e-01
3.600712224924566e-03	-1.809057e-01
3.610477849924566e-03	-1.842754e-01
3.620243474924566e-03	-1.873036e-01
3.630009099924566e-03	-1.900294e-01
3.639774724924566e-03	-1.924775e-01
3.649540349924566e-03	-1.946677e-01
3.659305974924566e-03	-1.966121e-01
3.669071599924566e-03	-1.983215e-01
3.678837224924566e-03	-1.998018e-01
3.688602849924566e-03	-2.010590e-01
3.698368474924566e-03	-2.020958e-01
3.708134099924566e-03	-2.029157e-01
3.717899724924566e-03	-2.035194e-01
3.727665349924566e-03	-2.039090e-01
3.737430974924566e-03	-2.040844e-01
3.747196599924566e-03	-2.040467e-01
3.756962224924566e-03	-2.037950e-01
3.766727849924566e-03	-2.033298e-01
3.776493474924566e-03	-2.026496e-01
3.786259099924566e-03	-2.017540e-01
3.796024724924566e-03	-2.006407e-01
3.805790349924566e-03	-1.993080e-01
3.815555974924566e-03	-1.977521e-01
3.825321599924566e-03	-1.959692e-01
3.835087224924566e-03	-1.939527e-01
3.844852849924566e-03	-1.916950e-01
3.854618474924566e-03	-1.891843e-01
3.864384099924566e-03	-1.864056e-01
3.874149724924566e-03	-1.833367e-01
3.883915349924566e-03	-1.799479e-01
3.893680974924566e-03	-1.761950e-01
3.903446599924566e-03	-1.720143e-01
3.913212224924566e-03	-1.673027e-01
3.922977849924566e-03	-1.619120e-01
3.932743474924566e-03	-1.555787e-01
3.933964178049565e-03	-1.546984e-01
3.936405584299566e-03	-1.528750e-01
3.937015935862066e-03	-1.523988e-01
3.938236638987066e-03	-1.514324e-01
3.940678045237066e-03	-1.494111e-01
3.941288396799566e-03	-1.488842e-01
3.942509099924565e-03	-1.478125e-01
3.944950506174566e-03	-1.455552e-01
3.949833318674566e-03	-1.405282e-01
3.959598943674566e-03	-1.274396e-01
3.969364568674566e-03	-1.076535e-01
3.979130193674566e-03	-7.829364e-02
3.988895818674566e-03	-4.160759e-02
3.998661443674566e-03	-2.612697e-03
4.008427068674566e-03	3.648370e-02
4.018192693674566e-03	7.480788e-02
4.027958318674566e-03	1.086925e-01
4.037723943674566e-03	1.312341e-01
4.047489568674566e-03	1.439494e-01
4.057255193674566e-03	1.528831e-01
4.067020818674566e-03	1.596920e-01
4.076786443674566e-03	1.653804e-01
4.086552068674565e-03	1.701322e-01
4.096317693674566e-03	1.743373e-01
4.106083318674566e-03	1.780314e-01
4.115848943674566e-03	1.813478e-01
4.125614568674565e-03	1.843070e-01
4.135380193674566e-03	1.869672e-01
4.145145818674566e-03	1.893396e-01
4.154911443674566e-03	1.914562e-01
4.164677068674565e-03	1.933181e-01
4.174442693674566e-03	1.949459e-01
4.184208318674566e-03	1.963367e-01
4.193973943674566e-03	1.975046e-01
4.203739568674566e-03	1.984450e-01
4.213505193674566e-03	1.991679e-01
4.223270818674566e-03	1.996683e-01
4.233036443674566e-03	1.999536e-01
4.242802068674566e-03	2.000187e-01
4.252567693674566e-03	1.998689e-01
4.262333318674566e-03	1.994994e-01
4.272098943674566e-03	1.989137e-01
4.281864568674566e-03	1.981071e-01
4.291630193674566e-03	1.970810e-01
4.301395818674566e-03	1.958305e-01
4.311161443674566e-03	1.943545e-01
4.320927068674566e-03	1.926467e-01
4.330692693674565e-03	1.907025e-01
4.340458318674566e-03	1.885122e-01
4.350223943674566e-03	1.860654e-01
4.359989568674566e-03	1.833458e-01
4.369755193674565e-03	1.803318e-01
4.379520818674566e-03	1.769925e-01
4.389286443674566e-03	1.732839e-01
4.399052068674566e-03	1.691415e-01
4.408817693674565e-03	1.644665e-01
4.418583318674566e-03	1.591042e-01
4.428348943674566e-03	1.527932e-01
4.438114568674566e-03	1.450247e-01
4.447880193674566e-03	1.348997e-01
4.449100896799566e-03	1.333888e-01
4.451542303049566e-03	1.301835e-01
4.452152654612066e-03	1.293181e-01
4.453373357737066e-03	1.275420e-01
4.455814763987066e-03	1.236892e-01
4.460697576487066e-03	1.146150e-01
4.466997848237271e-03	9.961519e-02
4.476763473237270e-03	6.835548e-02
4.486529098237270e-03	3.084492e-02
4.496294723237271e-03	-8.158291e-03
4.497515426362271e-03	-1.305339e-02
4.499956832612270e-03	-2.283817e-02
4.504839645112271e-03	-4.235537e-02
4.514605270112271e-03	-8.055343e-02
4.524370895112271e-03	-1.137669e-01
4.534136520112270e-03	-1.352374e-01
4.535357223237271e-03	-1.369938e-01
4.537798629487270e-03	-1.403664e-01
4.542681441987270e-03	-1.462090e-01
4.552447066987270e-03	-1.552135e-01
4.553667770112271e-03	-1.561544e-01
4.556109176362270e-03	-1.579839e-01
4.560991988862270e-03	-1.613474e-01
4.562212691987271e-03	-1.621269e-01
4.564654098237270e-03	-1.636464e-01
4.569536910737270e-03	-1.664811e-01
4.579302535737271e-03	-1.715159e-01
4.589068160737271e-03	-1.758919e-01
4.598833785737270e-03	-1.797678e-01
4.608599410737270e-03	-1.832190e-01
4.618365035737271e-03	-1.863227e-01
4.628130660737271e-03	-1.891128e-01
4.637896285737271e-03	-1.916199e-01
4.647661910737270e-03	-1.938649e-01
4.657427535737271e-03	-1.958600e-01
4.667193160737271e-03	-1.976195e-01
4.676958785737271e-03	-1.991455e-01
4.686724410737270e-03	-2.004495e-01
4.696490035737271e-03	-2.015296e-01
4.706255660737271e-03	-2.023942e-01
4.716021285737271e-03	-2.030398e-01
4.725786910737270e-03	-2.034729e-01
4.735552535737270e-03	-2.036894e-01
4.745318160737271e-03	-2.036944e-01
4.755083785737271e-03	-2.034832e-01
4.764849410737270e-03	-2.030601e-01
4.774615035737270e-03	-2.024201e-01
4.784380660737271e-03	-2.015664e-01
4.794146285737271e-03	-2.004933e-01
4.803911910737270e-03	-1.992025e-01
4.813677535737270e-03	-1.976872e-01
4.823443160737271e-03	-1.959469e-01
4.833208785737271e-03	-1.939722e-01
4.842974410737270e-03	-1.917588e-01
4.852740035737270e-03	-1.892925e-01
4.862505660737271e-03	-1.865618e-01
4.872271285737271e-03	-1.835431e-01
4.882036910737271e-03	-1.802088e-01
4.891802535737270e-03	-1.765190e-01
4.901568160737271e-03	-1.724093e-01
4.911333785737271e-03	-1.677945e-01
4.921099410737271e-03	-1.625186e-01
4.930865035737270e-03	-1.563467e-01
4.932085738862271e-03	-1.554936e-01
4.934527145112270e-03	-1.537279e-01
4.939409957612270e-03	-1.498699e-01
4.940565341186238e-03	-1.488880e-01
4.942876108334173e-03	-1.468479e-01
4.947497642630042e-03	-1.423287e-01
4.954397062752010e-03	-1.342338e-01
4.964162687752011e-03	-1.181498e-01
4.973928312752011e-03	-9.354792e-02
4.983693937752011e-03	-5.982680e-02
4.993459562752010e-03	-2.144756e-02
5.003225187752010e-03	1.768455e-02
5.012990812752011e-03	5.657126e-02
5.022756437752011e-03	9.344214e-02
5.032522062752010e-03	1.220845e-01
5.042287687752010e-03	1.387548e-01
5.052053312752011e-03	1.490441e-01
5.061818937752011e-03	1.568187e-01
5.071584562752010e-03	1.629832e-01
5.081350187752010e-03	1.681702e-01
5.091115812752011e-03	1.725821e-01
5.100881437752011e-03	1.765448e-01
5.110647062752010e-03	1.800126e-01
5.120412687752010e-03	1.831689e-01
5.130178312752011e-03	1.859540e-01
5.139943937752011e-03	1.884900e-01
5.149709562752010e-03	1.907179e-01
5.159475187752010e-03	1.927252e-01
5.169240812752011e-03	1.944587e-01
5.179006437752011e-03	1.959846e-01
5.188772062752011e-03	1.972565e-01
5.198537687752010e-03	1.983259e-01
5.208303312752011e-03	1.991531e-01
5.218068937752011e-03	1.997790e-01
5.227834562752011e-03	2.001698e-01
5.237600187752010e-03	2.003584e-01
5.247365812752010e-03	2.003161e-01
5.257131437752011e-03	2.000693e-01
5.266897062752011e-03	1.995935e-01
5.276662687752010e-03	1.989100e-01
5.286428312752010e-03	1.979973e-01
5.296193937752011e-03	1.968717e-01
5.305959562752011e-03	1.955141e-01
5.315725187752010e-03	1.939355e-01
5.325490812752010e-03	1.921175e-01
5.335256437752011e-03	1.900652e-01
5.345022062752011e-03	1.877580e-01
5.354787687752010e-03	1.851929e-01
5.364553312752010e-03	1.823428e-01
5.374318937752011e-03	1.791905e-01
5.384084562752011e-03	1.756933e-01
5.393850187752010e-03	1.718057e-01
5.403615812752010e-03	1.674450e-01
5.413381437752011e-03	1.624980e-01
5.423147062752011e-03	1.567673e-01
5.432912687752011e-03	1.499274e-01
5.442678312752010e-03	1.412969e-01
5.452443937752011e-03	1.296607e-01
5.462209562752011e-03	1.124328e-01
5.471975187752011e-03	8.621887e-02
5.481740812752010e-03	5.140784e-02
5.491506437752011e-03	1.281477e-02
5.492727140877011e-03	7.928919e-03
5.495168547127010e-03	-1.848697e-03
5.495778898689511e-03	-4.294116e-03
5.495931486580135e-03	-4.905508e-03
5.496236662361385e-03	-6.131723e-03
5.496312956306698e-03	-6.437385e-03
5.496465544197323e-03	-7.047683e-03
5.496770719978573e-03	-8.269147e-03
5.497381071541073e-03	-1.071527e-02
5.498312981451967e-03	-1.444984e-02
5.500176801273752e-03	-2.191736e-02
5.503263917588729e-03	-3.426909e-02
5.508482150591821e-03	-5.503387e-02
5.518247775591820e-03	-9.231044e-02
5.528013400591820e-03	-1.221137e-01
5.537779025591820e-03	-1.397523e-01
5.538999728716821e-03	-1.412465e-01
5.541441134966820e-03	-1.441550e-01
5.546323947466820e-03	-1.493070e-01
5.556089572466821e-03	-1.574834e-01
5.557310275591820e-03	-1.583568e-01
5.559751681841820e-03	-1.600549e-01
5.560362033404320e-03	-1.604628e-01
5.561582736529320e-03	-1.612662e-01
5.564024142779320e-03	-1.628086e-01
5.564634494341821e-03	-1.631847e-01
5.565855197466820e-03	-1.639241e-01
5.568296603716820e-03	-1.653506e-01
5.573179416216821e-03	-1.680321e-01
5.582945041216821e-03	-1.728230e-01
5.592710666216820e-03	-1.770147e-01
5.602476291216820e-03	-1.807393e-01
5.612241916216821e-03	-1.840668e-01
5.622007541216821e-03	-1.870557e-01
5.631773166216820e-03	-1.897443e-01
5.641538791216820e-03	-1.921564e-01
5.651304416216820e-03	-1.943113e-01
5.661070041216821e-03	-1.962208e-01
5.670835666216820e-03	-1.978954e-01
5.680601291216820e-03	-1.993407e-01
5.690366916216820e-03	-2.005629e-01
5.700132541216821e-03	-2.015643e-01
5.709898166216820e-03	-2.023484e-01
5.719663791216820e-03	-2.029160e-01
5.729429416216820e-03	-2.032691e-01
5.739195041216821e-03	-2.034074e-01
5.748960666216820e-03	-2.033321e-01
5.758726291216820e-03	-2.030423e-01
5.768491916216820e-03	-2.025382e-01
5.778257541216821e-03	-2.018185e-01
5.788023166216820e-03	-2.008824e-01
5.797788791216820e-03	-1.997276e-01
5.807554416216820e-03	-1.983522e-01
5.817320041216821e-03	-1.967520e-01
5.827085666216821e-03	-1.949229e-01
5.836851291216820e-03	-1.928577e-01
5.846616916216820e-03	-1.905482e-01
5.856382541216821e-03	-1.879813e-01
5.866148166216821e-03	-1.851408e-01
5.875913791216820e-03	-1.820026e-01
5.885679416216820e-03	-1.785336e-01
5.895445041216820e-03	-1.746853e-01
5.905210666216821e-03	-1.703867e-01
5.914976291216820e-03	-1.655216e-01
5.924741916216820e-03	-1.599207e-01
5.934507541216820e-03	-1.532749e-01
5.935728244341821e-03	-1.523425e-01
5.938169650591820e-03	-1.504102e-01
5.938780002154320e-03	-1.499045e-01
5.940000705279320e-03	-1.488771e-01
5.942442111529321e-03	-1.467214e-01
5.947324924029320e-03	-1.419456e-01
5.957090549029320e-03	-1.296731e-01
5.966856174029320e-03	-1.113272e-01
5.976621799029321e-03	-8.364970e-02
5.986387424029320e-03	-4.787844e-02
5.996153049029320e-03	-9.037309e-03
6.005918674029320e-03	3.008567e-02
6.015684299029321e-03	6.867930e-02
6.025449924029321e-03	1.038659e-01
6.035215549029320e-03	1.286104e-01
6.044981174029320e-03	1.425326e-01
6.054746799029321e-03	1.518997e-01
6.064512424029321e-03	1.590308e-01
6.074278049029320e-03	1.648807e-01
6.084043674029320e-03	1.697802e-01
6.093809299029321e-03	1.740687e-01
6.103574924029321e-03	1.778645e-01
6.113340549029320e-03	1.812407e-01
6.123106174029320e-03	1.842793e-01
6.132871799029320e-03	1.869904e-01
6.142637424029321e-03	1.894313e-01
6.152403049029320e-03	1.915957e-01
6.162168674029320e-03	1.935205e-01
6.171934299029320e-03	1.951954e-01
6.181699924029321e-03	1.966463e-01
6.191465549029320e-03	1.978617e-01
6.201231174029320e-03	1.988607e-01
6.210996799029320e-03	1.996323e-01
6.220762424029321e-03	2.001908e-01
6.230528049029320e-03	2.005261e-01
6.240293674029320e-03	2.006493e-01
6.250059299029320e-03	2.005512e-01
6.259824924029321e-03	2.002403e-01
6.269590549029321e-03	1.997082e-01
6.279356174029320e-03	1.989613e-01
6.289121799029320e-03	1.979913e-01
6.298887424029321e-03	1.968024e-01
6.308653049029321e-03	1.953859e-01
6.318418674029320e-03	1.937431e-01
6.328184299029320e-03	1.918636e-01
6.337949924029321e-03	1.897444e-01
6.347715549029321e-03	1.873709e-01
6.357481174029320e-03	1.847331e-01
6.367246799029320e-03	1.818077e-01
6.377012424029320e-03	1.785708e-01
6.386778049029321e-03	1.749801e-01
6.396543674029320e-03	1.709822e-01
6.406309299029320e-03	1.664886e-01
6.416074924029320e-03	1.613699e-01
6.425840549029321e-03	1.554052e-01
6.435606174029320e-03	1.481841e-01
6.445371799029320e-03	1.390672e-01
6.446592502154320e-03	1.376757e-01
6.449033908404320e-03	1.347841e-01
6.453916720904320e-03	1.281979e-01
6.463682345904320e-03	1.100170e-01
6.473447970904321e-03	8.269644e-02
6.483213595904321e-03	4.712988e-02
6.492979220904320e-03	8.388519e-03
6.494199924029320e-03	3.497200e-03
6.494505099810571e-03	2.274434e-03
6.495115451373070e-03	-1.711823e-04
6.496336154498071e-03	-5.062794e-03
6.498777560748070e-03	-1.484872e-02
6.498846065582776e-03	-1.512326e-02
6.498983075252187e-03	-1.567231e-02
6.499257094591010e-03	-1.677036e-02
6.499805133268655e-03	-1.896624e-02
6.500901210623945e-03	-2.335659e-02
6.503093365334526e-03	-3.212895e-02
6.507477674755687e-03	-4.960575e-02
6.516246293598010e-03	-8.364462e-02
6.526011918598010e-03	-1.159539e-01
6.535777543598011e-03	-1.362973e-01
6.536998246723011e-03	-1.379635e-01
6.539439652973011e-03	-1.411842e-01
6.544322465473011e-03	-1.468135e-01
6.554088090473011e-03	-1.555643e-01
6.555308793598010e-03	-1.564850e-01
6.557750199848011e-03	-1.582747e-01
6.558360551410510e-03	-1.587042e-01
6.559581254535511e-03	-1.595509e-01
6.562022660785510e-03	-1.611753e-01
6.566905473285510e-03	-1.641839e-01
6.568126176410511e-03	-1.648962e-01
6.570567582660510e-03	-1.662783e-01
6.575450395160510e-03	-1.688726e-01
6.585216020160511e-03	-1.735298e-01
6.594981645160511e-03	-1.776141e-01
6.604747270160511e-03	-1.812530e-01
6.614512895160510e-03	-1.845044e-01
6.624278520160511e-03	-1.874282e-01
6.634044145160511e-03	-1.900545e-01
6.643809770160511e-03	-1.924106e-01
6.653575395160510e-03	-1.945099e-01
6.663341020160510e-03	-1.963678e-01
6.673106645160511e-03	-1.979902e-01
6.682872270160511e-03	-1.993861e-01
6.692637895160510e-03	-2.005576e-01
6.702403520160510e-03	-2.015104e-01
6.712169145160511e-03	-2.022446e-01
6.721934770160511e-03	-2.027637e-01
6.731700395160510e-03	-2.030670e-01
6.741466020160510e-03	-2.031567e-01
6.751231645160511e-03	-2.030313e-01
6.760997270160511e-03	-2.026923e-01
6.770762895160510e-03	-2.021376e-01
6.780528520160510e-03	-2.013678e-01
6.790294145160511e-03	-2.003802e-01
6.800059770160511e-03	-1.991739e-01
6.809825395160510e-03	-1.977451e-01
6.819591020160510e-03	-1.960912e-01
6.829356645160511e-03	-1.942057e-01
6.839122270160511e-03	-1.920827e-01
6.848887895160511e-03	-1.897115e-01
6.858653520160510e-03	-1.870796e-01
6.868419145160511e-03	-1.841677e-01
6.878184770160511e-03	-1.809507e-01
6.887950395160511e-03	-1.773912e-01
6.897716020160510e-03	-1.734366e-01
6.907481645160510e-03	-1.690067e-01
6.917247270160511e-03	-1.639712e-01
6.927012895160511e-03	-1.581355e-01
6.928233598285510e-03	-1.573336e-01
6.930675004535511e-03	-1.556800e-01
6.931285356098010e-03	-1.552504e-01
6.932506059223011e-03	-1.543799e-01
6.934947465473010e-03	-1.525652e-01
6.935557817035511e-03	-1.520944e-01
6.936778520160510e-03	-1.511377e-01
6.939219926410511e-03	-1.491349e-01
6.939830277973010e-03	-1.486132e-01
6.941050981098011e-03	-1.475520e-01
6.943492387348010e-03	-1.453178e-01
6.948375199848010e-03	-1.403469e-01
6.958013292046067e-03	-1.276404e-01
6.967778917046067e-03	-1.082716e-01
6.977544542046066e-03	-7.939334e-02
6.987310167046067e-03	-4.296638e-02
6.997075792046067e-03	-4.021796e-03
7.006841417046067e-03	3.508367e-02
7.016607042046067e-03	7.350465e-02
7.026372667046067e-03	1.077992e-01
7.036138292046067e-03	1.309620e-01
7.045903917046067e-03	1.439955e-01
7.055669542046067e-03	1.530525e-01
7.065435167046067e-03	1.599539e-01
7.075200792046067e-03	1.656943e-01
7.084966417046067e-03	1.704945e-01
7.094732042046067e-03	1.747322e-01
7.104497667046067e-03	1.784638e-01
7.114263292046067e-03	1.818078e-01
7.124028917046067e-03	1.848000e-01
7.133794542046067e-03	1.874867e-01
7.143560167046067e-03	1.898905e-01
7.153325792046067e-03	1.920340e-01
7.163091417046067e-03	1.939270e-01
7.172857042046067e-03	1.955827e-01
7.182622667046067e-03	1.970051e-01
7.192388292046067e-03	1.982021e-01
7.202153917046067e-03	1.991748e-01
7.211919542046067e-03	1.999281e-01
7.221685167046066e-03	2.004618e-01
7.231450792046067e-03	2.007789e-01
7.241216417046067e-03	2.008784e-01
7.250982042046067e-03	2.007620e-01
7.260747667046067e-03	2.004283e-01
7.270513292046067e-03	1.998777e-01
7.280278917046067e-03	1.991085e-01
7.290044542046067e-03	1.981198e-01
7.299810167046067e-03	1.969090e-01
7.309575792046067e-03	1.954735e-01
7.319341417046067e-03	1.938089e-01
7.329107042046067e-03	1.919096e-01
7.338872667046067e-03	1.897682e-01
7.348638292046067e-03	1.873737e-01
7.358403917046067e-03	1.847124e-01
7.368169542046067e-03	1.817635e-01
7.377935167046067e-03	1.784999e-01
7.387700792046067e-03	1.748807e-01
7.397466417046067e-03	1.708487e-01
7.407232042046067e-03	1.663153e-01
7.416997667046067e-03	1.611447e-01
7.426763292046067e-03	1.551100e-01
7.436528917046067e-03	1.477816e-01
7.446294542046067e-03	1.384930e-01
7.447515245171067e-03	1.370694e-01
7.449956651421067e-03	1.341081e-01
7.454839463921067e-03	1.273492e-01
7.464605088921067e-03	1.086258e-01
7.474370713921067e-03	8.064994e-02
7.484136338921067e-03	4.469682e-02
7.493901963921067e-03	5.880279e-03
7.495122667046067e-03	9.870669e-04
7.497564073296067e-03	-8.798213e-03
7.497640367241380e-03	-9.104242e-03
7.497792955132004e-03	-9.716270e-03
7.498098130913254e-03	-1.093961e-02
7.498708482475754e-03	-1.338606e-02
7.499929185600754e-03	-1.827809e-02
7.502370591850755e-03	-2.805446e-02
7.507253404350754e-03	-4.753720e-02
7.517019029350754e-03	-8.538765e-02
7.526784654350754e-03	-1.171994e-01
7.536550279350755e-03	-1.369200e-01
7.537770982475754e-03	-1.385429e-01
7.540212388725754e-03	-1.416875e-01
7.545095201225755e-03	-1.472045e-01
7.554860826225755e-03	-1.558207e-01
7.556081529350754e-03	-1.567304e-01
7.558522935600755e-03	-1.584987e-01
7.559133287163254e-03	-1.589233e-01
7.560353990288255e-03	-1.597601e-01
7.562795396538254e-03	-1.613661e-01
7.563405748100755e-03	-1.617514e-01
7.564626451225754e-03	-1.625149e-01
7.567067857475755e-03	-1.639899e-01
7.571950669975755e-03	-1.667517e-01
7.581716294975754e-03	-1.716703e-01
7.591481919975754e-03	-1.759632e-01
7.601247544975754e-03	-1.797523e-01
7.611013169975755e-03	-1.831415e-01
7.620778794975754e-03	-1.861855e-01
7.630544419975754e-03	-1.889182e-01
7.640310044975754e-03	-1.913749e-01
7.650075669975755e-03	-1.935654e-01
7.659841294975754e-03	-1.955142e-01
7.669606919975754e-03	-1.972194e-01
7.679372544975754e-03	-1.987002e-01
7.689138169975755e-03	-1.999508e-01
7.698903794975754e-03	-2.009852e-01
7.708669419975754e-03	-2.017964e-01
7.718435044975754e-03	-2.023953e-01
7.728200669975755e-03	-2.027745e-01
7.737966294975755e-03	-2.029430e-01
7.747731919975754e-03	-2.028933e-01
7.757497544975754e-03	-2.026327e-01
7.767263169975755e-03	-2.021538e-01
7.777028794975755e-03	-2.014625e-01
7.786794419975754e-03	-2.005514e-01
7.796560044975754e-03	-1.994245e-01
7.806325669975755e-03	-1.980738e-01
7.816091294975755e-03	-1.965013e-01
7.825856919975754e-03	-1.946971e-01
7.835622544975754e-03	-1.926596e-01
7.845388169975754e-03	-1.903755e-01
7.855153794975754e-03	-1.878372e-01
7.864919419975754e-03	-1.850240e-01
7.874685044975755e-03	-1.819156e-01
7.884450669975755e-03	-1.784789e-01
7.894216294975755e-03	-1.746654e-01
7.903981919975754e-03	-1.704090e-01
7.913747544975754e-03	-1.655964e-01
7.923513169975754e-03	-1.600597e-01
7.924733873100755e-03	-1.593041e-01
7.927175279350754e-03	-1.577486e-01
7.932058091850755e-03	-1.543997e-01
7.933278794975754e-03	-1.535069e-01
7.935720201225755e-03	-1.516573e-01
7.940603013725754e-03	-1.476059e-01
7.941611979172324e-03	-1.467029e-01
7.943629910065465e-03	-1.448352e-01
7.947665771851744e-03	-1.407315e-01
7.955737495424301e-03	-1.306772e-01
7.965503120424301e-03	-1.129435e-01
7.975268745424301e-03	-8.605692e-02
7.985034370424301e-03	-5.081722e-02
7.994799995424301e-03	-1.207339e-02
8.004565620424302e-03	2.705149e-02
8.014331245424302e-03	6.574894e-02
8.024096870424302e-03	1.014757e-01
8.033862495424302e-03	1.272940e-01
8.043628120424301e-03	1.418821e-01
8.053393745424301e-03	1.514760e-01
8.063159370424301e-03	1.587756e-01
8.072924995424301e-03	1.647087e-01
8.082690620424300e-03	1.696834e-01
8.092456245424302e-03	1.740144e-01
8.102221870424302e-03	1.778622e-01
8.111987495424302e-03	1.812691e-01
8.121753120424301e-03	1.843484e-01
8.131518745424301e-03	1.870860e-01
8.141284370424301e-03	1.895623e-01
8.151049995424301e-03	1.917517e-01
8.160815620424301e-03	1.937093e-01
8.170581245424302e-03	1.954091e-01
8.180346870424302e-03	1.968914e-01
8.190112495424302e-03	1.981322e-01
8.199878120424301e-03	1.991621e-01
8.209643745424301e-03	1.999598e-01
8.219409370424301e-03	2.005490e-01
8.229174995424301e-03	2.009112e-01
8.238940620424301e-03	2.010652e-01
8.248706245424302e-03	2.009950e-01
8.258471870424302e-03	2.007153e-01
8.268237495424302e-03	2.002122e-01
8.278003120424302e-03	1.994971e-01
8.287768745424301e-03	1.985575e-01
8.297534370424301e-03	1.974016e-01
8.307299995424301e-03	1.960173e-01
8.317065620424301e-03	1.944095e-01
8.326831245424300e-03	1.925650e-01
8.336596870424302e-03	1.904840e-01
8.346362495424302e-03	1.881502e-01
8.356128120424302e-03	1.855564e-01
8.365893745424301e-03	1.826787e-01
8.375659370424301e-03	1.794964e-01
8.385424995424301e-03	1.759687e-01
8.395190620424301e-03	1.720470e-01
8.404956245424301e-03	1.676487e-01
8.414721870424302e-03	1.626560e-01
8.424487495424302e-03	1.568677e-01
8.434253120424302e-03	1.499186e-01
8.444018745424301e-03	1.412428e-01
8.445239448549302e-03	1.399347e-01
8.447680854799302e-03	1.372205e-01
8.452563667299301e-03	1.310747e-01
8.453784370424301e-03	1.293350e-01
8.456225776674301e-03	1.256395e-01
8.461108589174302e-03	1.168770e-01
8.469678477683243e-03	9.604736e-02
8.478393479166216e-03	6.736902e-02
8.488159104166216e-03	2.979114e-02
8.497924729166217e-03	-9.283667e-03
8.499145432291216e-03	-1.417627e-02
8.501586838541218e-03	-2.395806e-02
8.506469651041217e-03	-4.346503e-02
8.516235276041216e-03	-8.155952e-02
8.526000901041216e-03	-1.143622e-01
8.535766526041216e-03	-1.353010e-01
8.536987229166217e-03	-1.370146e-01
8.539428635416216e-03	-1.403148e-01
8.544311447916217e-03	-1.460554e-01
8.554077072916217e-03	-1.549366e-01
8.555297776041217e-03	-1.558674e-01
8.557739182291217e-03	-1.576770e-01
8.562621994791218e-03	-1.610061e-01
8.562774582681842e-03	-1.611026e-01
8.563079758463092e-03	-1.612962e-01
8.563690110025592e-03	-1.616844e-01
8.564910813150592e-03	-1.624461e-01
8.567352219400592e-03	-1.639183e-01
8.572235031900593e-03	-1.666765e-01
8.582000656900592e-03	-1.715873e-01
8.591766281900592e-03	-1.758667e-01
8.601531906900592e-03	-1.796567e-01
8.611297531900592e-03	-1.830437e-01
8.621063156900591e-03	-1.860818e-01
8.630828781900591e-03	-1.888104e-01
8.640594406900591e-03	-1.912604e-01
8.650360031900593e-03	-1.934477e-01
8.660125656900592e-03	-1.953889e-01
8.669891281900592e-03	-1.970914e-01
8.679656906900592e-03	-1.985648e-01
8.689422531900592e-03	-1.998122e-01
8.699188156900592e-03	-2.008391e-01
8.708953781900591e-03	-2.016467e-01
8.718719406900591e-03	-2.022382e-01
8.728485031900591e-03	-2.026135e-01
8.738250656900592e-03	-2.027744e-01
8.748016281900592e-03	-2.027203e-01
8.757781906900592e-03	-2.024520e-01
8.767547531900592e-03	-2.019684e-01
8.777313156900592e-03	-2.012692e-01
8.787078781900591e-03	-2.003528e-01
8.796844406900591e-03	-1.992177e-01
8.806610031900591e-03	-1.978613e-01
8.816375656900593e-03	-1.962800e-01
8.826141281900592e-03	-1.944692e-01
8.835906906900592e-03	-1.924222e-01
8.845672531900592e-03	-1.901303e-01
8.855438156900592e-03	-1.875811e-01
8.865203781900591e-03	-1.847581e-01
8.874969406900591e-03	-1.816373e-01
8.884735031900591e-03	-1.781862e-01
8.894500656900593e-03	-1.743563e-01
8.904266281900592e-03	-1.700774e-01
8.914031906900592e-03	-1.652343e-01
8.923797531900592e-03	-1.596597e-01
8.933563156900592e-03	-1.530472e-01
8.934783860025592e-03	-1.521204e-01
8.937225266275592e-03	-1.501987e-01
8.942108078775591e-03	-1.459713e-01
8.950148850838826e-03	-1.375917e-01
8.958389481387470e-03	-1.261256e-01
8.968155106387470e-03	-1.060185e-01
8.977920731387470e-03	-7.638928e-02
8.987686356387470e-03	-3.957194e-02
8.997451981387470e-03	-5.840514e-04
9.007217606387471e-03	3.850647e-02
9.016983231387471e-03	7.679155e-02
9.026748856387471e-03	1.104246e-01
9.036514481387471e-03	1.325527e-01
9.046280106387470e-03	1.450606e-01
9.056045731387470e-03	1.539230e-01
9.065811356387470e-03	1.606841e-01
9.075576981387470e-03	1.663557e-01
9.085342606387471e-03	1.710951e-01
9.095108231387471e-03	1.753013e-01
9.104873856387471e-03	1.789996e-01
9.114639481387471e-03	1.823207e-01
9.124405106387470e-03	1.852849e-01
9.134170731387470e-03	1.879591e-01
9.143936356387470e-03	1.903416e-01
9.153701981387470e-03	1.924752e-01
9.163467606387471e-03	1.943507e-01
9.173233231387471e-03	1.959978e-01
9.182998856387471e-03	1.974051e-01
9.192764481387471e-03	1.985942e-01
9.202530106387470e-03	1.995536e-01
9.212295731387470e-03	2.002995e-01
9.222061356387470e-03	2.008212e-01
9.231826981387470e-03	2.011311e-01
9.241592606387470e-03	2.012196e-01
9.251358231387471e-03	2.010962e-01
9.261123856387471e-03	2.007523e-01
9.270889481387471e-03	2.001950e-01
9.280655106387471e-03	1.994163e-01
9.290420731387470e-03	1.984212e-01
9.300186356387470e-03	1.972017e-01
9.309951981387470e-03	1.957600e-01
9.319717606387470e-03	1.940874e-01
9.329483231387471e-03	1.921823e-01
9.339248856387471e-03	1.900335e-01
9.349014481387471e-03	1.876337e-01
9.358780106387471e-03	1.849658e-01
9.368545731387470e-03	1.820120e-01
9.378311356387470e-03	1.787426e-01
9.388076981387470e-03	1.751192e-01
9.397842606387470e-03	1.710824e-01
9.407608231387471e-03	1.665456e-01
9.417373856387471e-03	1.613715e-01
9.427139481387471e-03	1.553349e-01
9.436905106387471e-03	1.480051e-01
9.446670731387470e-03	1.387181e-01
9.447891434512471e-03	1.372949e-01
9.450332840762471e-03	1.343342e-01
9.455215653262470e-03	1.275780e-01
9.464981278262471e-03	1.088630e-01
9.474746903262471e-03	8.089283e-02
9.484512528262471e-03	4.493617e-02
9.494278153262471e-03	6.112445e-03
9.495498856387471e-03	1.218738e-03
9.495804032168721e-03	-4.538580e-06
9.496414383731220e-03	-2.451065e-03
9.497635086856221e-03	-7.343959e-03
9.497940262637471e-03	-8.567990e-03
9.498550614199970e-03	-1.101522e-02
9.499771317324971e-03	-1.590771e-02
9.502212723574970e-03	-2.568709e-02
9.507095536074971e-03	-4.518288e-02
9.514627539620003e-03	-7.473770e-02
9.524393164620002e-03	-1.090574e-01
9.534158789620002e-03	-1.323456e-01
9.535379492745003e-03	-1.342264e-01
9.537820898995002e-03	-1.378191e-01
9.542703711495001e-03	-1.440111e-01
9.552469336495003e-03	-1.534141e-01
9.553690039620002e-03	-1.543857e-01
9.556131445870003e-03	-1.562753e-01
9.561014258370002e-03	-1.597400e-01
9.562234961495003e-03	-1.605447e-01
9.562540137276252e-03	-1.607438e-01
9.563150488838752e-03	-1.611379e-01
9.564371191963753e-03	-1.619091e-01
9.566812598213752e-03	-1.634022e-01
9.571695410713753e-03	-1.661935e-01
9.581461035713753e-03	-1.711571e-01
9.591226660713752e-03	-1.754735e-01
9.600992285713752e-03	-1.792958e-01
9.610757910713752e-03	-1.827066e-01
9.620523535713752e-03	-1.857680e-01
9.630289160713752e-03	-1.885141e-01
9.640054785713753e-03	-1.909830e-01
9.649820410713753e-03	-1.931848e-01
9.659586035713753e-03	-1.951425e-01
9.669351660713752e-03	-1.968579e-01
9.679117285713752e-03	-1.983465e-01
9.688882910713752e-03	-1.996057e-01
9.698648535713752e-03	-2.006471e-01
9.708414160713752e-03	-2.014660e-01
9.718179785713751e-03	-2.020713e-01
9.727945410713753e-03	-2.024575e-01
9.737711035713753e-03	-2.026320e-01
9.747476660713753e-03	-2.025886e-01
9.757242285713752e-03	-2.023336e-01
9.767007910713752e-03	-2.018606e-01
9.776773535713752e-03	-2.011745e-01
9.786539160713752e-03	-2.002687e-01
9.796304785713751e-03	-1.991466e-01
9.806070410713753e-03	-1.978007e-01
9.815836035713753e-03	-1.962325e-01
9.825601660713753e-03	-1.944325e-01
9.835367285713752e-03	-1.923988e-01
9.845132910713752e-03	-1.901183e-01
9.854898535713752e-03	-1.875831e-01
9.864664160713752e-03	-1.847726e-01
9.874429785713752e-03	-1.816674e-01
9.884195410713753e-03	-1.782312e-01
9.893961035713753e-03	-1.744203e-01
9.903726660713753e-03	-1.701617e-01
9.913492285713752e-03	-1.653460e-01
9.923257910713752e-03	-1.598054e-01
9.924478613838753e-03	-1.590488e-01
9.926920020088752e-03	-1.574911e-01
9.931802832588751e-03	-1.541374e-01
9.933023535713752e-03	-1.532428e-01
9.935464941963752e-03	-1.513900e-01
9.940347754463752e-03	-1.473303e-01
9.941440588783143e-03	-1.463488e-01
9.943626257421923e-03	-1.443117e-01
9.947997594699484e-03	-1.397960e-01
9.956740269254605e-03	-1.284034e-01
9.966505894254605e-03	-1.096053e-01
9.976271519254605e-03	-8.142418e-02
9.986037144254604e-03	-4.536775e-02
9.995802769254604e-03	-6.492445e-03
1.000000000000000e-02	1.033615e-02
Step Information: Rgain=19.6006K  (Step: 5/11)
0.000000000000000e+00	4.500006e-14
5.000000058430487e-08	1.346234e-09
1.000000011686097e-07	1.367680e-07
2.000000023372195e-07	4.764777e-06
4.000000046744390e-07	5.799411e-05
8.000000093488779e-07	3.378030e-04
1.600000018697756e-06	1.428305e-03
3.200000037395512e-06	5.268045e-03
6.400000074791024e-06	1.689471e-02
1.280000014958205e-05	4.622992e-02
1.976461223148236e-05	7.949997e-02
2.953023723148237e-05	1.158991e-01
3.929586223148237e-05	1.340218e-01
4.906148723148236e-05	1.437380e-01
5.882711223148237e-05	1.514067e-01
6.859273723148236e-05	1.571472e-01
7.835836223148237e-05	1.622610e-01
8.812398723148236e-05	1.664676e-01
9.788961223148237e-05	1.703643e-01
1.076552372314824e-04	1.736826e-01
1.174208622314824e-04	1.767931e-01
1.271864872314824e-04	1.794797e-01
1.369521122314824e-04	1.819889e-01
1.467177372314824e-04	1.841519e-01
1.564833622314824e-04	1.861527e-01
1.662489872314824e-04	1.878494e-01
1.760146122314824e-04	1.893869e-01
1.857802372314824e-04	1.906461e-01
1.955458622314824e-04	1.917441e-01
2.053114872314824e-04	1.925807e-01
2.150771122314824e-04	1.932515e-01
2.248427372314824e-04	1.936725e-01
2.346083622314824e-04	1.939224e-01
2.443739872314824e-04	1.939304e-01
2.541396122314824e-04	1.937618e-01
2.639052372314824e-04	1.933567e-01
2.736708622314824e-04	1.927689e-01
2.834364872314823e-04	1.919481e-01
2.932021122314824e-04	1.909380e-01
3.029677372314824e-04	1.896955e-01
3.127333622314824e-04	1.882552e-01
3.224989872314824e-04	1.865795e-01
3.322646122314824e-04	1.846938e-01
3.420302372314823e-04	1.825632e-01
3.517958622314824e-04	1.802031e-01
3.615614872314824e-04	1.775770e-01
3.713271122314824e-04	1.746868e-01
3.810927372314824e-04	1.714874e-01
3.908583622314824e-04	1.679573e-01
4.006239872314824e-04	1.640258e-01
4.103896122314824e-04	1.596221e-01
4.201552372314824e-04	1.545915e-01
4.299208622314824e-04	1.487465e-01
4.396864872314824e-04	1.416196e-01
4.494521122314824e-04	1.324242e-01
4.506728153564824e-04	1.310575e-01
4.531142216064824e-04	1.281490e-01
4.537245731689824e-04	1.273623e-01
4.549452762939824e-04	1.257434e-01
4.573866825439824e-04	1.222300e-01
4.622694950439824e-04	1.138251e-01
4.695898388965583e-04	9.616794e-02
4.793554638965583e-04	6.049360e-02
4.891210888965583e-04	1.475726e-02
4.903417920215583e-04	8.703212e-03
4.906469678028083e-04	7.189828e-03
4.912573193653083e-04	4.163100e-03
4.914099072559333e-04	3.406398e-03
4.917150830371833e-04	1.892025e-03
4.917913769824958e-04	1.513211e-03
4.919439648731209e-04	7.558265e-04
4.922491406543708e-04	-7.583218e-04
4.928594922168708e-04	-3.787141e-03
4.940801953418709e-04	-9.846098e-03
4.965216015918708e-04	-2.196561e-02
5.014044140918708e-04	-4.614929e-02
5.111700390918708e-04	-9.239835e-02
5.209356640918708e-04	-1.254366e-01
5.221563672168708e-04	-1.279516e-01
5.245977734668709e-04	-1.324516e-01
5.294805859668709e-04	-1.394544e-01
5.392462109668709e-04	-1.494212e-01
5.490118359668708e-04	-1.567072e-01
5.502325390918709e-04	-1.575257e-01
5.526739453418708e-04	-1.590894e-01
5.532842969043708e-04	-1.594612e-01
5.545050000293709e-04	-1.601983e-01
5.548101758106208e-04	-1.603801e-01
5.554205273731208e-04	-1.607405e-01
5.555731152637458e-04	-1.608300e-01
5.558782910449958e-04	-1.610073e-01
5.564886426074958e-04	-1.613592e-01
5.577093457324958e-04	-1.620538e-01
5.601507519824958e-04	-1.634007e-01
5.650335644824958e-04	-1.659406e-01
5.747991894824959e-04	-1.705137e-01
5.845648144824959e-04	-1.745563e-01
5.943304394824959e-04	-1.781641e-01
6.040960644824959e-04	-1.814218e-01
6.138616894824958e-04	-1.843716e-01
6.236273144824958e-04	-1.870439e-01
6.333929394824958e-04	-1.894653e-01
6.431585644824958e-04	-1.916443e-01
6.529241894824958e-04	-1.936000e-01
6.626898144824958e-04	-1.953331e-01
6.724554394824958e-04	-1.968561e-01
6.822210644824958e-04	-1.981666e-01
6.919866894824958e-04	-1.992734e-01
7.017523144824959e-04	-2.001730e-01
7.115179394824959e-04	-2.008717e-01
7.212835644824959e-04	-2.013657e-01
7.310491894824959e-04	-2.016599e-01
7.408148144824958e-04	-2.017505e-01
7.505804394824958e-04	-2.016412e-01
7.603460644824958e-04	-2.013285e-01
7.701116894824958e-04	-2.008152e-01
7.798773144824958e-04	-2.000978e-01
7.896429394824958e-04	-1.991783e-01
7.994085644824958e-04	-1.980529e-01
8.091741894824958e-04	-1.967225e-01
8.189398144824959e-04	-1.951824e-01
8.287054394824959e-04	-1.934315e-01
8.384710644824959e-04	-1.914635e-01
8.482366894824959e-04	-1.892738e-01
8.580023144824958e-04	-1.868523e-01
8.677679394824958e-04	-1.841886e-01
8.775335644824958e-04	-1.812647e-01
8.872991894824958e-04	-1.780575e-01
8.970648144824958e-04	-1.745357e-01
9.068304394824958e-04	-1.706468e-01
9.165960644824958e-04	-1.663238e-01
9.263616894824958e-04	-1.614432e-01
9.361273144824958e-04	-1.558232e-01
9.373480176074958e-04	-1.550539e-01
9.397894238574959e-04	-1.534666e-01
9.446722363574959e-04	-1.500314e-01
9.458282196803344e-04	-1.491636e-01
9.481401863260116e-04	-1.473665e-01
9.527641196173659e-04	-1.434251e-01
9.609266457323744e-04	-1.350252e-01
9.706922707323744e-04	-1.205251e-01
9.804578957323745e-04	-9.648146e-02
9.902235207323745e-04	-5.882820e-02
9.999891457323745e-04	-1.201093e-02
1.009754770732374e-03	3.649540e-02
1.019520395732374e-03	8.321795e-02
1.029286020732375e-03	1.181828e-01
1.039051645732375e-03	1.351190e-01
1.048817270732375e-03	1.446327e-01
1.058582895732375e-03	1.520938e-01
1.068348520732375e-03	1.577910e-01
1.078114145732375e-03	1.628265e-01
1.087879770732375e-03	1.670228e-01
1.097645395732375e-03	1.708820e-01
1.107411020732375e-03	1.742014e-01
1.117176645732375e-03	1.772925e-01
1.126942270732374e-03	1.799853e-01
1.136707895732374e-03	1.824853e-01
1.146473520732374e-03	1.846577e-01
1.156239145732374e-03	1.866553e-01
1.166004770732374e-03	1.883630e-01
1.175770395732374e-03	1.899013e-01
1.185536020732374e-03	1.911725e-01
1.195301645732374e-03	1.922743e-01
1.205067270732374e-03	1.931235e-01
1.214832895732374e-03	1.938003e-01
1.224598520732374e-03	1.942343e-01
1.234364145732374e-03	1.944920e-01
1.244129770732374e-03	1.945134e-01
1.253895395732374e-03	1.943538e-01
1.263661020732374e-03	1.939626e-01
1.273426645732375e-03	1.933854e-01
1.283192270732375e-03	1.925790e-01
1.292957895732375e-03	1.915808e-01
1.302723520732375e-03	1.903535e-01
1.312489145732375e-03	1.889269e-01
1.322254770732375e-03	1.872679e-01
1.332020395732375e-03	1.853982e-01
1.341786020732375e-03	1.832867e-01
1.351551645732375e-03	1.809460e-01
1.361317270732375e-03	1.783432e-01
1.371082895732374e-03	1.754781e-01
1.380848520732374e-03	1.723093e-01
1.390614145732374e-03	1.688150e-01
1.400379770732374e-03	1.649288e-01
1.410145395732374e-03	1.605828e-01
1.419911020732374e-03	1.556403e-01
1.429676645732374e-03	1.499032e-01
1.439442270732374e-03	1.429565e-01
1.449207895732374e-03	1.340879e-01
1.450428598857374e-03	1.327768e-01
1.452870005107375e-03	1.299965e-01
1.453480356669874e-03	1.292481e-01
1.454701059794874e-03	1.277122e-01
1.457142466044874e-03	1.243771e-01
1.462025278544874e-03	1.164443e-01
1.468376756708697e-03	1.025232e-01
1.478142381708697e-03	6.988413e-02
1.487908006708697e-03	2.571570e-02
1.489128709833697e-03	1.969329e-02
1.491570116083697e-03	7.631009e-03
1.492180467646197e-03	4.609524e-03
1.492333055536822e-03	3.854093e-03
1.492638231318072e-03	2.343098e-03
1.493248582880572e-03	-6.801496e-04
1.493401170771197e-03	-1.436980e-03
1.493706346552447e-03	-2.950167e-03
1.494316698114947e-03	-5.975961e-03
1.495537401239947e-03	-1.203102e-02
1.497978807489947e-03	-2.414482e-02
1.502155593969142e-03	-4.482930e-02
1.510509166927532e-03	-8.495172e-02
1.520274791927532e-03	-1.210790e-01
1.521495495052532e-03	-1.240524e-01
1.523936901302532e-03	-1.292721e-01
1.528819713802532e-03	-1.369474e-01
1.537306167567483e-03	-1.464221e-01
1.546223444740797e-03	-1.537485e-01
1.555989069740797e-03	-1.601354e-01
1.557209772865797e-03	-1.608433e-01
1.559651179115797e-03	-1.622195e-01
1.564533991615797e-03	-1.648170e-01
1.574299616615797e-03	-1.694758e-01
1.584065241615797e-03	-1.735710e-01
1.593830866615797e-03	-1.772290e-01
1.603596491615797e-03	-1.805258e-01
1.613362116615797e-03	-1.835025e-01
1.623127741615797e-03	-1.862063e-01
1.632893366615797e-03	-1.886441e-01
1.642658991615797e-03	-1.908507e-01
1.652424616615797e-03	-1.928178e-01
1.662190241615797e-03	-1.945743e-01
1.671955866615797e-03	-1.961064e-01
1.681721491615797e-03	-1.974375e-01
1.691487116615797e-03	-1.985522e-01
1.701252741615797e-03	-1.994703e-01
1.711018366615797e-03	-2.001761e-01
1.720783991615797e-03	-2.006871e-01
1.730549616615797e-03	-2.009877e-01
1.740315241615797e-03	-2.010938e-01
1.750080866615797e-03	-2.009905e-01
1.759846491615797e-03	-2.006921e-01
1.769612116615797e-03	-2.001842e-01
1.779377741615797e-03	-1.994800e-01
1.789143366615797e-03	-1.985654e-01
1.798908991615797e-03	-1.974519e-01
1.808674616615797e-03	-1.961257e-01
1.818440241615797e-03	-1.945962e-01
1.828205866615797e-03	-1.928486e-01
1.837971491615797e-03	-1.908895e-01
1.847737116615797e-03	-1.887019e-01
1.857502741615797e-03	-1.862874e-01
1.867268366615797e-03	-1.836240e-01
1.877033991615797e-03	-1.807045e-01
1.886799616615797e-03	-1.774961e-01
1.896565241615797e-03	-1.739721e-01
1.906330866615797e-03	-1.700796e-01
1.916096491615797e-03	-1.657447e-01
1.925862116615797e-03	-1.608491e-01
1.935627741615797e-03	-1.552078e-01
1.936848444740797e-03	-1.544324e-01
1.939289850990797e-03	-1.528342e-01
1.944172663490797e-03	-1.493772e-01
1.945228311594024e-03	-1.485798e-01
1.947339607800479e-03	-1.469343e-01
1.951562200213389e-03	-1.433543e-01
1.960007385039207e-03	-1.347212e-01
1.969773010039207e-03	-1.202689e-01
1.979538635039207e-03	-9.631192e-02
1.989304260039208e-03	-5.875979e-02
1.999069885039207e-03	-1.198664e-02
2.008835510039208e-03	3.652260e-02
2.018601135039207e-03	8.329194e-02
2.028366760039208e-03	1.183935e-01
2.038132385039207e-03	1.354225e-01
2.047898010039207e-03	1.449575e-01
2.057663635039207e-03	1.524402e-01
2.067429260039207e-03	1.581486e-01
2.077194885039207e-03	1.631982e-01
2.086960510039207e-03	1.674050e-01
2.096726135039207e-03	1.712770e-01
2.106491760039207e-03	1.746122e-01
2.116257385039207e-03	1.777123e-01
2.126023010039207e-03	1.804160e-01
2.135788635039207e-03	1.829307e-01
2.145554260039207e-03	1.851155e-01
2.155319885039207e-03	1.871284e-01
2.165085510039207e-03	1.888496e-01
2.174851135039207e-03	1.904040e-01
2.184616760039207e-03	1.916900e-01
2.194382385039207e-03	1.928086e-01
2.204148010039207e-03	1.936737e-01
2.213913635039207e-03	1.943681e-01
2.223679260039207e-03	1.948190e-01
2.233444885039208e-03	1.950951e-01
2.243210510039207e-03	1.951344e-01
2.252976135039208e-03	1.949942e-01
2.262741760039207e-03	1.946220e-01
2.272507385039208e-03	1.940650e-01
2.282273010039207e-03	1.932789e-01
2.292038635039207e-03	1.923022e-01
2.301804260039207e-03	1.910968e-01
2.311569885039207e-03	1.896935e-01
2.321335510039207e-03	1.880585e-01
2.331101135039207e-03	1.862146e-01
2.340866760039207e-03	1.841305e-01
2.350632385039207e-03	1.818199e-01
2.360398010039207e-03	1.792499e-01
2.370163635039207e-03	1.764222e-01
2.379929260039207e-03	1.732961e-01
2.389694885039207e-03	1.698525e-01
2.399460510039207e-03	1.660285e-01
2.409226135039207e-03	1.617618e-01
2.418991760039207e-03	1.569256e-01
2.428757385039207e-03	1.513404e-01
2.438523010039207e-03	1.446331e-01
2.448288635039207e-03	1.362443e-01
2.449509338164207e-03	1.349684e-01
2.451950744414207e-03	1.323137e-01
2.456833556914207e-03	1.262525e-01
2.466599181914208e-03	1.089653e-01
2.476364806914207e-03	8.014203e-02
2.486130431914208e-03	3.828803e-02
2.487351135039207e-03	3.235591e-02
2.489792541289207e-03	2.043747e-02
2.494675353789207e-03	-3.630709e-03
2.494827941679832e-03	-4.387058e-03
2.495133117461082e-03	-5.899780e-03
2.495743469023582e-03	-8.925735e-03
2.496964172148582e-03	-1.498060e-02
2.499405578398582e-03	-2.709238e-02
2.504288390898583e-03	-5.123160e-02
2.514054015898582e-03	-9.666967e-02
2.523819640898583e-03	-1.273441e-01
2.525040344023582e-03	-1.295530e-01
2.527481750273582e-03	-1.335967e-01
2.532364562773583e-03	-1.401293e-01
2.542130187773582e-03	-1.496768e-01
2.551895812773582e-03	-1.567560e-01
2.553116515898582e-03	-1.575491e-01
2.555557922148582e-03	-1.590710e-01
2.556168273711082e-03	-1.594343e-01
2.557388976836082e-03	-1.601543e-01
2.557694152617333e-03	-1.603317e-01
2.558304504179832e-03	-1.606839e-01
2.559525207304832e-03	-1.613746e-01
2.561966613554833e-03	-1.627138e-01
2.566849426054832e-03	-1.652443e-01
2.576615051054832e-03	-1.697927e-01
2.586380676054832e-03	-1.738089e-01
2.596146301054832e-03	-1.773969e-01
2.605911926054832e-03	-1.806327e-01
2.615677551054832e-03	-1.835564e-01
2.625443176054832e-03	-1.862062e-01
2.635208801054832e-03	-1.885978e-01
2.644974426054832e-03	-1.907534e-01
2.654740051054832e-03	-1.926776e-01
2.664505676054833e-03	-1.943850e-01
2.674271301054832e-03	-1.958747e-01
2.684036926054833e-03	-1.971574e-01
2.693802551054832e-03	-1.982296e-01
2.703568176054833e-03	-1.990991e-01
2.713333801054832e-03	-1.997618e-01
2.723099426054833e-03	-2.002239e-01
2.732865051054832e-03	-2.004805e-01
2.742630676054832e-03	-2.005374e-01
2.752396301054832e-03	-2.003890e-01
2.762161926054832e-03	-2.000407e-01
2.771927551054832e-03	-1.994867e-01
2.781693176054832e-03	-1.987316e-01
2.791458801054832e-03	-1.977694e-01
2.801224426054832e-03	-1.966037e-01
2.810990051054832e-03	-1.952279e-01
2.820755676054832e-03	-1.936439e-01
2.830521301054832e-03	-1.918434e-01
2.840286926054832e-03	-1.898263e-01
2.850052551054832e-03	-1.875807e-01
2.859818176054832e-03	-1.851017e-01
2.869583801054832e-03	-1.823713e-01
2.879349426054832e-03	-1.793752e-01
2.889115051054832e-03	-1.760829e-01
2.898880676054832e-03	-1.724602e-01
2.908646301054833e-03	-1.684479e-01
2.918411926054832e-03	-1.639642e-01
2.928177551054833e-03	-1.588798e-01
2.937943176054832e-03	-1.529396e-01
2.939163879179833e-03	-1.521188e-01
2.941605285429832e-03	-1.504235e-01
2.946488097929832e-03	-1.467345e-01
2.956253722929832e-03	-1.377837e-01
2.965828782758739e-03	-1.254878e-01
2.975594407758739e-03	-1.054317e-01
2.985360032758739e-03	-7.238768e-02
2.995125657758739e-03	-2.775170e-02
3.004891282758739e-03	2.068701e-02
3.006111985883739e-03	2.674824e-02
3.008553392133739e-03	3.884755e-02
3.013436204633739e-03	6.276384e-02
3.023201829633739e-03	1.050314e-01
3.032967454633739e-03	1.296375e-01
3.042733079633739e-03	1.411648e-01
3.052498704633739e-03	1.496546e-01
3.062264329633739e-03	1.559221e-01
3.072029954633739e-03	1.613541e-01
3.081795579633739e-03	1.658408e-01
3.091561204633739e-03	1.699312e-01
3.101326829633739e-03	1.734473e-01
3.111092454633739e-03	1.767063e-01
3.120858079633739e-03	1.795585e-01
3.130623704633739e-03	1.821989e-01
3.140389329633739e-03	1.845129e-01
3.150154954633739e-03	1.866389e-01
3.159920579633739e-03	1.884800e-01
3.169686204633739e-03	1.901413e-01
3.179451829633739e-03	1.915426e-01
3.189217454633739e-03	1.927655e-01
3.198983079633739e-03	1.937437e-01
3.208748704633739e-03	1.945416e-01
3.218514329633739e-03	1.951050e-01
3.228279954633739e-03	1.954847e-01
3.238045579633739e-03	1.956366e-01
3.247811204633739e-03	1.956008e-01
3.257576829633739e-03	1.953418e-01
3.267342454633739e-03	1.948907e-01
3.277108079633739e-03	1.942192e-01
3.286873704633739e-03	1.933506e-01
3.296639329633739e-03	1.922623e-01
3.306404954633739e-03	1.909705e-01
3.316170579633739e-03	1.894569e-01
3.325936204633739e-03	1.877307e-01
3.335701829633739e-03	1.857756e-01
3.345467454633739e-03	1.835932e-01
3.355233079633739e-03	1.811664e-01
3.364998704633739e-03	1.784865e-01
3.374764329633739e-03	1.755301e-01
3.384529954633739e-03	1.722723e-01
3.394295579633739e-03	1.686721e-01
3.404061204633739e-03	1.646717e-01
3.413826829633739e-03	1.601833e-01
3.423592454633739e-03	1.550648e-01
3.433358079633739e-03	1.490633e-01
3.443123704633739e-03	1.417937e-01
3.452889329633739e-03	1.322520e-01
3.454110032758739e-03	1.308150e-01
3.456551439008739e-03	1.277738e-01
3.461434251508739e-03	1.205465e-01
3.471199876508739e-03	9.919365e-02
3.480553981894959e-03	6.639045e-02
3.490319606894959e-03	2.132248e-02
3.491540310019959e-03	1.527793e-02
3.493981716269959e-03	3.180929e-03
3.494592067832459e-03	1.533352e-04
3.494744655723084e-03	-6.035839e-04
3.495049831504334e-03	-2.117452e-03
3.495126125449647e-03	-2.495938e-03
3.495278713340272e-03	-3.252916e-03
3.495583889121522e-03	-4.767765e-03
3.495660183066835e-03	-5.146840e-03
3.495812770957459e-03	-5.904715e-03
3.496117946738710e-03	-7.419504e-03
3.496728298301209e-03	-1.044962e-02
3.497949001426209e-03	-1.651058e-02
3.500390407676210e-03	-2.862839e-02
3.505273220176209e-03	-5.275645e-02
3.515038845176209e-03	-9.789894e-02
3.524804470176209e-03	-1.278291e-01
3.526025173301209e-03	-1.299506e-01
3.528466579551209e-03	-1.338670e-01
3.533349392051210e-03	-1.402694e-01
3.543115017051209e-03	-1.496923e-01
3.552880642051210e-03	-1.567090e-01
3.554101345176209e-03	-1.574945e-01
3.556542751426209e-03	-1.590040e-01
3.557153102988710e-03	-1.593646e-01
3.558373806113709e-03	-1.600794e-01
3.560815212363709e-03	-1.614615e-01
3.565698024863710e-03	-1.640562e-01
3.575463649863709e-03	-1.687192e-01
3.585229274863710e-03	-1.728109e-01
3.594994899863709e-03	-1.764699e-01
3.604760524863709e-03	-1.797534e-01
3.614526149863709e-03	-1.827293e-01
3.624291774863709e-03	-1.854140e-01
3.634057399863709e-03	-1.878483e-01
3.643823024863709e-03	-1.900321e-01
3.653588649863709e-03	-1.919938e-01
3.663354274863709e-03	-1.937258e-01
3.673119899863709e-03	-1.952498e-01
3.682885524863709e-03	-1.965551e-01
3.692651149863709e-03	-1.976594e-01
3.702416774863709e-03	-1.985505e-01
3.712182399863709e-03	-1.992438e-01
3.721948024863709e-03	-1.997267e-01
3.731713649863710e-03	-2.000130e-01
3.741479274863709e-03	-2.000902e-01
3.751244899863710e-03	-1.999706e-01
3.761010524863709e-03	-1.996422e-01
3.770776149863710e-03	-1.991162e-01
3.780541774863709e-03	-1.983807e-01
3.790307399863710e-03	-1.974458e-01
3.800073024863709e-03	-1.962996e-01
3.809838649863710e-03	-1.949504e-01
3.819604274863709e-03	-1.933857e-01
3.829369899863710e-03	-1.916116e-01
3.839135524863709e-03	-1.896139e-01
3.848901149863710e-03	-1.873945e-01
3.858666774863709e-03	-1.849356e-01
3.868432399863709e-03	-1.822319e-01
3.878198024863709e-03	-1.792577e-01
3.887963649863709e-03	-1.759942e-01
3.897729274863709e-03	-1.723975e-01
3.907494899863710e-03	-1.684195e-01
3.917260524863709e-03	-1.639716e-01
3.927026149863709e-03	-1.589283e-01
3.936791774863709e-03	-1.530641e-01
3.938012477988710e-03	-1.522513e-01
3.940453884238709e-03	-1.505760e-01
3.941064235801209e-03	-1.501410e-01
3.942284938926209e-03	-1.492580e-01
3.944726345176210e-03	-1.474172e-01
3.949609157676210e-03	-1.433934e-01
3.959374782676209e-03	-1.333479e-01
3.969140407676209e-03	-1.185157e-01
3.978906032676210e-03	-9.379580e-02
3.988671657676210e-03	-5.543937e-02
3.998437282676209e-03	-8.402705e-03
4.008202907676209e-03	4.009089e-02
4.017968532676210e-03	8.656963e-02
4.027734157676210e-03	1.205002e-01
4.037499782676209e-03	1.366876e-01
4.047265407676209e-03	1.460735e-01
4.057031032676209e-03	1.534096e-01
4.066796657676210e-03	1.590857e-01
4.076562282676209e-03	1.640917e-01
4.086327907676209e-03	1.682928e-01
4.096093532676209e-03	1.721227e-01
4.105859157676210e-03	1.754575e-01
4.115624782676209e-03	1.785441e-01
4.125390407676209e-03	1.812529e-01
4.135156032676209e-03	1.837610e-01
4.144921657676210e-03	1.859535e-01
4.154687282676209e-03	1.879647e-01
4.164452907676209e-03	1.896953e-01
4.174218532676209e-03	1.912515e-01
4.183984157676210e-03	1.925482e-01
4.193749782676210e-03	1.936713e-01
4.203515407676209e-03	1.945481e-01
4.213281032676209e-03	1.952494e-01
4.223046657676210e-03	1.957129e-01
4.232812282676210e-03	1.959977e-01
4.242577907676209e-03	1.960506e-01
4.252343532676209e-03	1.959210e-01
4.262109157676210e-03	1.955634e-01
4.271874782676210e-03	1.950189e-01
4.281640407676209e-03	1.942485e-01
4.291406032676209e-03	1.932863e-01
4.301171657676210e-03	1.920983e-01
4.310937282676210e-03	1.907119e-01
4.320702907676209e-03	1.890966e-01
4.330468532676209e-03	1.872730e-01
4.340234157676209e-03	1.852121e-01
4.349999782676210e-03	1.829264e-01
4.359765407676209e-03	1.803854e-01
4.369531032676209e-03	1.775904e-01
4.379296657676209e-03	1.745032e-01
4.389062282676210e-03	1.711063e-01
4.398827907676209e-03	1.673404e-01
4.408593532676209e-03	1.631487e-01
4.418359157676209e-03	1.584136e-01
4.428124782676210e-03	1.529728e-01
4.437890407676210e-03	1.464915e-01
4.447656032676209e-03	1.384771e-01
4.448876735801209e-03	1.372736e-01
4.451318142051209e-03	1.347745e-01
4.456200954551209e-03	1.291133e-01
4.457421657676209e-03	1.275041e-01
4.459863063926209e-03	1.240686e-01
4.464745876426209e-03	1.157962e-01
4.471268544493993e-03	1.007513e-01
4.481034169493994e-03	6.667112e-02
4.490799794493993e-03	2.166412e-02
4.492020497618993e-03	1.561749e-02
4.494461903868993e-03	3.514243e-03
4.495072255431493e-03	4.854295e-04
4.496292958556494e-03	-5.573152e-03
4.496598134337743e-03	-7.089107e-03
4.497208485900244e-03	-1.012032e-02
4.498429189025243e-03	-1.618236e-02
4.500870595275244e-03	-2.830207e-02
4.505753407775244e-03	-5.243177e-02
4.514306738998736e-03	-9.258015e-02
4.524072363998736e-03	-1.249123e-01
4.525293067123736e-03	-1.273507e-01
4.527734473373735e-03	-1.317321e-01
4.532617285873736e-03	-1.386032e-01
4.542382910873736e-03	-1.484461e-01
4.552148535873736e-03	-1.556620e-01
4.553369238998736e-03	-1.564718e-01
4.555810645248736e-03	-1.580204e-01
4.560693457748736e-03	-1.608762e-01
4.570459082748736e-03	-1.659281e-01
4.580224707748736e-03	-1.703207e-01
4.589990332748736e-03	-1.742044e-01
4.599755957748736e-03	-1.776905e-01
4.609521582748736e-03	-1.808251e-01
4.619287207748735e-03	-1.836689e-01
4.629052832748736e-03	-1.862311e-01
4.638818457748736e-03	-1.885525e-01
4.648584082748736e-03	-1.906263e-01
4.658349707748735e-03	-1.924845e-01
4.668115332748736e-03	-1.941125e-01
4.677880957748736e-03	-1.955377e-01
4.687646582748736e-03	-1.967418e-01
4.697412207748736e-03	-1.977493e-01
4.707177832748736e-03	-1.985403e-01
4.716943457748736e-03	-1.991375e-01
4.726709082748736e-03	-1.995205e-01
4.736474707748736e-03	-1.997107e-01
4.746240332748736e-03	-1.996876e-01
4.756005957748736e-03	-1.994715e-01
4.765771582748736e-03	-1.990421e-01
4.775537207748736e-03	-1.984185e-01
4.785302832748736e-03	-1.975809e-01
4.795068457748736e-03	-1.965468e-01
4.804834082748736e-03	-1.952964e-01
4.814599707748736e-03	-1.938453e-01
4.824365332748736e-03	-1.921730e-01
4.834130957748736e-03	-1.902921e-01
4.843896582748736e-03	-1.881804e-01
4.853662207748736e-03	-1.858456e-01
4.863427832748736e-03	-1.832610e-01
4.873193457748736e-03	-1.804257e-01
4.882959082748736e-03	-1.773035e-01
4.892724707748736e-03	-1.738768e-01
4.902490332748735e-03	-1.700871e-01
4.912255957748736e-03	-1.658789e-01
4.922021582748736e-03	-1.611359e-01
4.931787207748736e-03	-1.556957e-01
4.941552832748736e-03	-1.492420e-01
4.942773535873736e-03	-1.483365e-01
4.945214942123736e-03	-1.464624e-01
4.950097754623736e-03	-1.423374e-01
4.957870489029995e-03	-1.344325e-01
4.967004215487907e-03	-1.214054e-01
4.976769840487907e-03	-9.879837e-02
4.986535465487907e-03	-6.271671e-02
4.996301090487907e-03	-1.655719e-02
5.006066715487907e-03	3.195636e-02
5.015832340487907e-03	7.919791e-02
5.025597965487907e-03	1.163029e-01
5.035363590487907e-03	1.349240e-01
5.045129215487907e-03	1.447860e-01
5.054894840487907e-03	1.525421e-01
5.064660465487907e-03	1.583514e-01
5.074426090487907e-03	1.635246e-01
5.084191715487907e-03	1.677895e-01
5.093957340487907e-03	1.717430e-01
5.103722965487907e-03	1.751199e-01
5.113488590487907e-03	1.782898e-01
5.123254215487907e-03	1.810383e-01
5.133019840487908e-03	1.836109e-01
5.142785465487907e-03	1.858401e-01
5.152551090487907e-03	1.879086e-01
5.162316715487907e-03	1.896756e-01
5.172082340487908e-03	1.912850e-01
5.181847965487907e-03	1.926187e-01
5.191613590487907e-03	1.937925e-01
5.201379215487907e-03	1.947075e-01
5.211144840487907e-03	1.954579e-01
5.220910465487907e-03	1.959609e-01
5.230676090487907e-03	1.962940e-01
5.240441715487907e-03	1.963878e-01
5.250207340487907e-03	1.963059e-01
5.259972965487907e-03	1.959905e-01
5.269738590487907e-03	1.954937e-01
5.279504215487907e-03	1.947671e-01
5.289269840487907e-03	1.938531e-01
5.299035465487907e-03	1.927107e-01
5.308801090487907e-03	1.913734e-01
5.318566715487907e-03	1.898064e-01
5.328332340487907e-03	1.880342e-01
5.338097965487907e-03	1.860255e-01
5.347863590487907e-03	1.837956e-01
5.357629215487907e-03	1.813136e-01
5.367394840487907e-03	1.785827e-01
5.377160465487908e-03	1.755666e-01
5.386926090487907e-03	1.722503e-01
5.396691715487907e-03	1.685796e-01
5.406457340487907e-03	1.645035e-01
5.416222965487908e-03	1.599179e-01
5.425988590487907e-03	1.546799e-01
5.435754215487907e-03	1.485033e-01
5.445519840487907e-03	1.409740e-01
5.455285465487907e-03	1.309491e-01
5.465051090487907e-03	1.161188e-01
5.474816715487907e-03	9.150628e-02
5.484582340487907e-03	5.324760e-02
5.494347965487907e-03	6.329928e-03
5.495568668612907e-03	2.526505e-04
5.495873844394157e-03	-1.265250e-03
5.496484195956657e-03	-4.300323e-03
5.496636783847282e-03	-5.058941e-03
5.496941959628532e-03	-6.576399e-03
5.497018253573844e-03	-6.956284e-03
5.497170841464469e-03	-7.715820e-03
5.497476017245720e-03	-9.233250e-03
5.498086368808219e-03	-1.226789e-02
5.499307071933220e-03	-1.833585e-02
5.501748478183219e-03	-3.045957e-02
5.506631290683219e-03	-5.456944e-02
5.516396915683220e-03	-9.931332e-02
5.526162540683220e-03	-1.283216e-01
5.527383243808220e-03	-1.303409e-01
5.529824650058220e-03	-1.341091e-01
5.534707462558220e-03	-1.403597e-01
5.544473087558220e-03	-1.496311e-01
5.554238712558219e-03	-1.565709e-01
5.555459415683220e-03	-1.573472e-01
5.557900821933220e-03	-1.588412e-01
5.558511173495720e-03	-1.591986e-01
5.559731876620720e-03	-1.599069e-01
5.562173282870720e-03	-1.612771e-01
5.562783634433219e-03	-1.616080e-01
5.564004337558219e-03	-1.622647e-01
5.566445743808220e-03	-1.635399e-01
5.571328556308219e-03	-1.659512e-01
5.581094181308219e-03	-1.703118e-01
5.590859806308220e-03	-1.741782e-01
5.600625431308220e-03	-1.776348e-01
5.610391056308220e-03	-1.807541e-01
5.620156681308219e-03	-1.835750e-01
5.629922306308220e-03	-1.861235e-01
5.639687931308220e-03	-1.884245e-01
5.649453556308220e-03	-1.904849e-01
5.659219181308219e-03	-1.923228e-01
5.668984806308220e-03	-1.939380e-01
5.678750431308220e-03	-1.953428e-01
5.688516056308220e-03	-1.965342e-01
5.698281681308219e-03	-1.975210e-01
5.708047306308220e-03	-1.982990e-01
5.717812931308220e-03	-1.988752e-01
5.727578556308220e-03	-1.992450e-01
5.737344181308219e-03	-1.994138e-01
5.747109806308219e-03	-1.993770e-01
5.756875431308220e-03	-1.991391e-01
5.766641056308220e-03	-1.986955e-01
5.776406681308219e-03	-1.980498e-01
5.786172306308219e-03	-1.971972e-01
5.795937931308220e-03	-1.961404e-01
5.805703556308220e-03	-1.948742e-01
5.815469181308219e-03	-1.933995e-01
5.825234806308219e-03	-1.917100e-01
5.835000431308220e-03	-1.898042e-01
5.844766056308220e-03	-1.876731e-01
5.854531681308220e-03	-1.853110e-01
5.864297306308219e-03	-1.827034e-01
5.874062931308220e-03	-1.798366e-01
5.883828556308220e-03	-1.766852e-01
5.893594181308220e-03	-1.732171e-01
5.903359806308219e-03	-1.693871e-01
5.913125431308220e-03	-1.651186e-01
5.922891056308220e-03	-1.603034e-01
5.932656681308220e-03	-1.547594e-01
5.933877384433219e-03	-1.539986e-01
5.936318790683220e-03	-1.524309e-01
5.941201603183220e-03	-1.490462e-01
5.942329001921375e-03	-1.482128e-01
5.944583799397684e-03	-1.464903e-01
5.949093394350304e-03	-1.427270e-01
5.958112584255544e-03	-1.335528e-01
5.967878209255545e-03	-1.189920e-01
5.977643834255544e-03	-9.481430e-02
5.987409459255544e-03	-5.708118e-02
5.997175084255544e-03	-1.025669e-02
6.006940709255545e-03	3.824577e-02
6.016706334255544e-03	8.496655e-02
6.026471959255544e-03	1.197732e-01
6.036237584255544e-03	1.365688e-01
6.046003209255545e-03	1.460692e-01
6.055768834255544e-03	1.535220e-01
6.065534459255544e-03	1.592340e-01
6.075300084255544e-03	1.642949e-01
6.085065709255545e-03	1.685187e-01
6.094831334255544e-03	1.723851e-01
6.104596959255544e-03	1.757379e-01
6.114362584255544e-03	1.788550e-01
6.124128209255545e-03	1.815812e-01
6.133893834255544e-03	1.841169e-01
6.143659459255544e-03	1.863274e-01
6.153425084255544e-03	1.883649e-01
6.163190709255544e-03	1.901147e-01
6.172956334255545e-03	1.916968e-01
6.182721959255544e-03	1.930138e-01
6.192487584255544e-03	1.941629e-01
6.202253209255544e-03	1.950613e-01
6.212018834255545e-03	1.957888e-01
6.221784459255544e-03	1.962751e-01
6.231550084255544e-03	1.965865e-01
6.241315709255544e-03	1.966635e-01
6.251081334255545e-03	1.965610e-01
6.260846959255544e-03	1.962286e-01
6.270612584255544e-03	1.957120e-01
6.280378209255544e-03	1.949683e-01
6.290143834255545e-03	1.940350e-01
6.299909459255544e-03	1.928754e-01
6.309675084255544e-03	1.915194e-01
6.319440709255544e-03	1.899348e-01
6.329206334255545e-03	1.881441e-01
6.338971959255544e-03	1.861174e-01
6.348737584255544e-03	1.838688e-01
6.358503209255544e-03	1.813677e-01
6.368268834255545e-03	1.786171e-01
6.378034459255544e-03	1.755800e-01
6.387800084255544e-03	1.722413e-01
6.397565709255544e-03	1.685452e-01
6.407331334255544e-03	1.644403e-01
6.417096959255545e-03	1.598188e-01
6.426862584255544e-03	1.545352e-01
6.436628209255544e-03	1.482925e-01
6.446393834255544e-03	1.406622e-01
6.456159459255545e-03	1.304481e-01
6.465925084255544e-03	1.152239e-01
6.475690709255544e-03	8.988658e-02
6.485456334255544e-03	5.093083e-02
6.495221959255545e-03	3.768469e-03
6.496442662380544e-03	-2.309143e-03
6.496747838161794e-03	-3.827304e-03
6.497358189724294e-03	-6.863015e-03
6.497510777614919e-03	-7.622589e-03
6.497815953396169e-03	-9.141166e-03
6.498426304958669e-03	-1.217631e-02
6.499647008083669e-03	-1.824541e-02
6.502088414333669e-03	-3.037050e-02
6.506185690863391e-03	-5.062639e-02
6.514380243922834e-03	-8.939336e-02
6.524145868922834e-03	-1.230167e-01
6.525366572047834e-03	-1.256385e-01
6.527807978297834e-03	-1.302986e-01
6.532690790797834e-03	-1.373758e-01
6.542456415797834e-03	-1.475073e-01
6.551560296423955e-03	-1.544365e-01
6.561325921423955e-03	-1.604705e-01
6.562546624548955e-03	-1.611383e-01
6.564988030798955e-03	-1.624479e-01
6.569870843298955e-03	-1.649264e-01
6.579636468298955e-03	-1.693867e-01
6.589402093298955e-03	-1.733302e-01
6.599167718298955e-03	-1.768530e-01
6.608933343298955e-03	-1.800299e-01
6.618698968298955e-03	-1.828966e-01
6.628464593298955e-03	-1.854922e-01
6.638230218298955e-03	-1.878294e-01
6.647995843298955e-03	-1.899320e-01
6.657761468298955e-03	-1.918025e-01
6.667527093298955e-03	-1.934559e-01
6.677292718298955e-03	-1.948908e-01
6.687058343298955e-03	-1.961184e-01
6.696823968298955e-03	-1.971340e-01
6.706589593298955e-03	-1.979475e-01
6.716355218298955e-03	-1.985517e-01
6.726120843298955e-03	-1.989560e-01
6.735886468298955e-03	-1.991524e-01
6.745652093298955e-03	-1.991495e-01
6.755417718298955e-03	-1.989392e-01
6.765183343298955e-03	-1.985289e-01
6.774948968298955e-03	-1.979108e-01
6.784714593298955e-03	-1.970913e-01
6.794480218298955e-03	-1.960622e-01
6.804245843298955e-03	-1.948289e-01
6.814011468298955e-03	-1.933824e-01
6.823777093298955e-03	-1.917260e-01
6.833542718298955e-03	-1.898493e-01
6.843308343298955e-03	-1.877519e-01
6.853073968298955e-03	-1.854209e-01
6.862839593298955e-03	-1.828491e-01
6.872605218298955e-03	-1.800164e-01
6.882370843298955e-03	-1.769058e-01
6.892136468298955e-03	-1.734806e-01
6.901902093298955e-03	-1.697003e-01
6.911667718298955e-03	-1.654920e-01
6.921433343298955e-03	-1.607549e-01
6.931198968298955e-03	-1.553132e-01
6.932419671423955e-03	-1.545694e-01
6.934861077673955e-03	-1.530359e-01
6.935471429236455e-03	-1.526385e-01
6.936692132361455e-03	-1.518338e-01
6.939133538611455e-03	-1.501635e-01
6.939743890173955e-03	-1.497314e-01
6.940964593298955e-03	-1.488544e-01
6.943405999548955e-03	-1.470246e-01
6.948288812048955e-03	-1.430259e-01
6.958054437048955e-03	-1.330563e-01
6.967820062048955e-03	-1.183739e-01
6.977585687048955e-03	-9.393719e-02
6.987351312048955e-03	-5.586990e-02
6.997116937048955e-03	-8.948962e-03
7.006882562048955e-03	3.954893e-02
7.016648187048955e-03	8.615503e-02
7.026413812048955e-03	1.205093e-01
7.036179437048955e-03	1.369809e-01
7.045945062048955e-03	1.464233e-01
7.055710687048955e-03	1.538186e-01
7.065476312048955e-03	1.595168e-01
7.075241937048955e-03	1.645546e-01
7.085007562048955e-03	1.687731e-01
7.094773187048955e-03	1.726274e-01
7.104538812048955e-03	1.759786e-01
7.114304437048955e-03	1.790879e-01
7.124070062048955e-03	1.818140e-01
7.133835687048955e-03	1.843445e-01
7.143601312048955e-03	1.865555e-01
7.153366937048955e-03	1.885895e-01
7.163132562048955e-03	1.903402e-01
7.172898187048955e-03	1.919200e-01
7.182663812048955e-03	1.932382e-01
7.192429437048955e-03	1.943857e-01
7.202195062048955e-03	1.952854e-01
7.211960687048955e-03	1.960120e-01
7.221726312048955e-03	1.964999e-01
7.231491937048955e-03	1.968109e-01
7.241257562048955e-03	1.968895e-01
7.251023187048955e-03	1.967872e-01
7.260788812048955e-03	1.964566e-01
7.270554437048955e-03	1.959406e-01
7.280320062048955e-03	1.951989e-01
7.290085687048955e-03	1.942668e-01
7.299851312048955e-03	1.931094e-01
7.309616937048955e-03	1.917551e-01
7.319382562048955e-03	1.901733e-01
7.329148187048955e-03	1.883849e-01
7.338913812048955e-03	1.863615e-01
7.348679437048955e-03	1.841163e-01
7.358445062048955e-03	1.816195e-01
7.368210687048955e-03	1.788737e-01
7.377976312048955e-03	1.758426e-01
7.387741937048955e-03	1.725111e-01
7.397507562048955e-03	1.688243e-01
7.407273187048955e-03	1.647313e-01
7.417038812048955e-03	1.601261e-01
7.426804437048955e-03	1.548654e-01
7.436570062048955e-03	1.486788e-01
7.446335687048955e-03	1.410928e-01
7.456101312048955e-03	1.309767e-01
7.465866937048955e-03	1.159968e-01
7.475632562048955e-03	9.107820e-02
7.485398187048955e-03	5.253188e-02
7.495163812048955e-03	5.496689e-03
7.496384515173955e-03	-5.803217e-04
7.496689690955205e-03	-2.098548e-03
7.497300042517705e-03	-5.134380e-03
7.497452630408330e-03	-5.893185e-03
7.497757806189580e-03	-7.410671e-03
7.497834100134893e-03	-7.790491e-03
7.497986688025518e-03	-8.550745e-03
7.498291863806767e-03	-1.006851e-02
7.498902215369268e-03	-1.310266e-02
7.500122918494267e-03	-1.917197e-02
7.501859337675342e-03	-2.779627e-02
7.505332176037492e-03	-4.499420e-02
7.512277852761791e-03	-7.856690e-02
7.522043477761791e-03	-1.166051e-01
7.531809102761792e-03	-1.361185e-01
7.533029805886791e-03	-1.374658e-01
7.535471212136791e-03	-1.402169e-01
7.540354024636792e-03	-1.452441e-01
7.550119649636792e-03	-1.531297e-01
7.559885274636791e-03	-1.593589e-01
7.561105977761791e-03	-1.600540e-01
7.561411153543042e-03	-1.602266e-01
7.562021505105541e-03	-1.605687e-01
7.563242208230542e-03	-1.612383e-01
7.565683614480541e-03	-1.625401e-01
7.570566426980541e-03	-1.649992e-01
7.580332051980541e-03	-1.694333e-01
7.590097676980542e-03	-1.733520e-01
7.599863301980541e-03	-1.768575e-01
7.609628926980541e-03	-1.800150e-01
7.619394551980541e-03	-1.828680e-01
7.629160176980542e-03	-1.854466e-01
7.638925801980541e-03	-1.877715e-01
7.648691426980541e-03	-1.898580e-01
7.658457051980541e-03	-1.917167e-01
7.668222676980542e-03	-1.933546e-01
7.677988301980541e-03	-1.947778e-01
7.687753926980541e-03	-1.959900e-01
7.697519551980541e-03	-1.969938e-01
7.707285176980542e-03	-1.977918e-01
7.717050801980541e-03	-1.983839e-01
7.726816426980541e-03	-1.987725e-01
7.736582051980541e-03	-1.989566e-01
7.746347676980542e-03	-1.989379e-01
7.756113301980542e-03	-1.987148e-01
7.765878926980541e-03	-1.982886e-01
7.775644551980541e-03	-1.976573e-01
7.785410176980541e-03	-1.968214e-01
7.795175801980542e-03	-1.957786e-01
7.804941426980541e-03	-1.945285e-01
7.814707051980542e-03	-1.930674e-01
7.824472676980542e-03	-1.913934e-01
7.834238301980542e-03	-1.895009e-01
7.844003926980541e-03	-1.873845e-01
7.853769551980541e-03	-1.850358e-01
7.863535176980541e-03	-1.824425e-01
7.873300801980541e-03	-1.795892e-01
7.883066426980541e-03	-1.764519e-01
7.892832051980542e-03	-1.729986e-01
7.902597676980542e-03	-1.691830e-01
7.912363301980542e-03	-1.649363e-01
7.922128926980541e-03	-1.601395e-01
7.931894551980541e-03	-1.546192e-01
7.933115255105542e-03	-1.538627e-01
7.935556661355541e-03	-1.523018e-01
7.936167012918041e-03	-1.518978e-01
7.937387716043041e-03	-1.510785e-01
7.939829122293041e-03	-1.493762e-01
7.944711934793042e-03	-1.456861e-01
7.950867301576892e-03	-1.403502e-01
7.960632926576892e-03	-1.293461e-01
7.970398551576892e-03	-1.124872e-01
7.980164176576892e-03	-8.419328e-02
7.989929801576891e-03	-4.274037e-02
7.999695426576891e-03	5.169246e-03
8.000916129701892e-03	1.124415e-02
8.003357535951891e-03	2.338440e-02
8.008240348451892e-03	4.754961e-02
8.018005973451892e-03	9.314696e-02
8.027771598451892e-03	1.243360e-01
8.037537223451892e-03	1.388236e-01
8.047302848451891e-03	1.479241e-01
8.057068473451893e-03	1.549218e-01
8.066834098451893e-03	1.605769e-01
8.076599723451892e-03	1.654052e-01
8.086365348451892e-03	1.695652e-01
8.096130973451892e-03	1.733244e-01
8.105896598451892e-03	1.766456e-01
8.115662223451892e-03	1.796842e-01
8.125427848451891e-03	1.823871e-01
8.135193473451893e-03	1.848610e-01
8.144959098451893e-03	1.870511e-01
8.154724723451892e-03	1.890368e-01
8.164490348451892e-03	1.907670e-01
8.174255973451892e-03	1.923038e-01
8.184021598451892e-03	1.936010e-01
8.193787223451892e-03	1.947091e-01
8.203552848451891e-03	1.955870e-01
8.213318473451891e-03	1.962767e-01
8.223084098451893e-03	1.967418e-01
8.232849723451893e-03	1.970180e-01
8.242615348451892e-03	1.970729e-01
8.252380973451892e-03	1.969371e-01
8.262146598451892e-03	1.965820e-01
8.271912223451892e-03	1.960336e-01
8.281677848451892e-03	1.952666e-01
8.291443473451891e-03	1.943029e-01
8.301209098451893e-03	1.931193e-01
8.310974723451893e-03	1.917339e-01
8.320740348451892e-03	1.901246e-01
8.330505973451892e-03	1.883051e-01
8.340271598451892e-03	1.862527e-01
8.350037223451892e-03	1.839751e-01
8.359802848451892e-03	1.814466e-01
8.369568473451891e-03	1.786657e-01
8.379334098451893e-03	1.755978e-01
8.389099723451893e-03	1.722248e-01
8.398865348451892e-03	1.684909e-01
8.408630973451892e-03	1.643420e-01
8.418396598451892e-03	1.596664e-01
8.428162223451892e-03	1.543124e-01
8.437927848451892e-03	1.479905e-01
8.447693473451891e-03	1.401368e-01
8.457459098451893e-03	1.296450e-01
8.467224723451893e-03	1.138447e-01
8.476990348451893e-03	8.734716e-02
8.486755973451892e-03	4.740718e-02
8.496521598451892e-03	-8.573333e-05
8.496674186342517e-03	-8.465257e-04
8.496979362123767e-03	-2.366319e-03
8.497589713686268e-03	-5.402925e-03
8.497742301576893e-03	-6.162220e-03
8.498047477358142e-03	-7.680412e-03
8.498123771303455e-03	-8.059844e-03
8.498276359194080e-03	-8.823237e-03
8.498314506166735e-03	-9.013876e-03
8.498390800112048e-03	-9.393166e-03
8.498543388002674e-03	-1.014935e-02
8.498848563783924e-03	-1.166662e-02
8.499458915346423e-03	-1.470166e-02
8.500316538880873e-03	-1.896645e-02
8.502031785949772e-03	-2.748803e-02
8.504659098016053e-03	-4.051081e-02
8.509431215840614e-03	-6.391891e-02
8.518975451489740e-03	-1.057304e-01
8.528741076489739e-03	-1.311682e-01
8.529961779614738e-03	-1.328554e-01
8.532403185864739e-03	-1.361443e-01
8.537285998364738e-03	-1.418865e-01
8.547051623364738e-03	-1.506147e-01
8.556817248364738e-03	-1.572836e-01
8.558037951489739e-03	-1.580280e-01
8.560479357739738e-03	-1.594685e-01
8.561089709302239e-03	-1.598148e-01
8.562310412427238e-03	-1.605000e-01
8.562615588208488e-03	-1.606685e-01
8.563225939770989e-03	-1.610026e-01
8.564446642895988e-03	-1.616609e-01
8.566888049145989e-03	-1.629430e-01
8.571770861645988e-03	-1.653636e-01
8.581536486645988e-03	-1.697387e-01
8.591302111645990e-03	-1.736077e-01
8.601067736645989e-03	-1.770750e-01
8.610833361645989e-03	-1.801976e-01
8.620598986645989e-03	-1.830204e-01
8.630364611645989e-03	-1.855673e-01
8.640130236645989e-03	-1.878662e-01
8.649895861645988e-03	-1.899242e-01
8.659661486645988e-03	-1.917583e-01
8.669427111645988e-03	-1.933694e-01
8.679192736645990e-03	-1.947691e-01
8.688958361645989e-03	-1.959550e-01
8.698723986645989e-03	-1.969357e-01
8.708489611645989e-03	-1.977072e-01
8.718255236645989e-03	-1.982765e-01
8.728020861645988e-03	-1.986388e-01
8.737786486645988e-03	-1.987998e-01
8.747552111645988e-03	-1.987545e-01
8.757317736645990e-03	-1.985081e-01
8.767083361645989e-03	-1.980551e-01
8.776848986645989e-03	-1.973999e-01
8.786614611645989e-03	-1.965371e-01
8.796380236645989e-03	-1.954698e-01
8.806145861645989e-03	-1.941919e-01
8.815911486645988e-03	-1.927054e-01
8.825677111645988e-03	-1.910026e-01
8.835442736645990e-03	-1.890830e-01
8.845208361645989e-03	-1.869363e-01
8.854973986645989e-03	-1.845572e-01
8.864739611645989e-03	-1.819301e-01
8.874505236645989e-03	-1.790413e-01
8.884270861645989e-03	-1.758636e-01
8.894036486645988e-03	-1.723659e-01
8.903802111645988e-03	-1.684953e-01
8.913567736645988e-03	-1.641759e-01
8.923333361645990e-03	-1.592923e-01
8.933098986645989e-03	-1.536477e-01
8.934319689770988e-03	-1.528703e-01
8.936761096020989e-03	-1.512688e-01
8.941643908520988e-03	-1.478034e-01
8.949408771655948e-03	-1.414117e-01
8.957523269317974e-03	-1.330237e-01
8.967288894317974e-03	-1.183643e-01
8.977054519317974e-03	-9.401606e-02
8.986820144317974e-03	-5.611622e-02
8.996585769317974e-03	-9.241107e-03
9.006351394317973e-03	3.925599e-02
9.016117019317975e-03	8.591920e-02
9.025882644317975e-03	1.204743e-01
9.035648269317974e-03	1.370843e-01
9.045413894317974e-03	1.465542e-01
9.055179519317974e-03	1.539771e-01
9.064945144317974e-03	1.596855e-01
9.074710769317974e-03	1.647374e-01
9.084476394317973e-03	1.689635e-01
9.094242019317975e-03	1.728282e-01
9.104007644317975e-03	1.761864e-01
9.113773269317975e-03	1.793051e-01
9.123538894317974e-03	1.820384e-01
9.133304519317974e-03	1.845780e-01
9.143070144317974e-03	1.867968e-01
9.152835769317974e-03	1.888400e-01
9.162601394317973e-03	1.905989e-01
9.172367019317975e-03	1.921881e-01
9.182132644317975e-03	1.935151e-01
9.191898269317975e-03	1.946723e-01
9.201663894317974e-03	1.955815e-01
9.211429519317974e-03	1.963181e-01
9.221195144317974e-03	1.968158e-01
9.230960769317974e-03	1.971373e-01
9.240726394317974e-03	1.972264e-01
9.250492019317973e-03	1.971348e-01
9.260257644317975e-03	1.968152e-01
9.270023269317975e-03	1.963105e-01
9.279788894317974e-03	1.955804e-01
9.289554519317974e-03	1.946601e-01
9.299320144317974e-03	1.935150e-01
9.309085769317974e-03	1.921734e-01
9.318851394317974e-03	1.906049e-01
9.328617019317973e-03	1.888304e-01
9.338382644317975e-03	1.868219e-01
9.348148269317975e-03	1.845924e-01
9.357913894317975e-03	1.821132e-01
9.367679519317974e-03	1.793864e-01
9.377445144317974e-03	1.763772e-01
9.387210769317974e-03	1.730708e-01
9.396976394317974e-03	1.694144e-01
9.406742019317973e-03	1.653589e-01
9.416507644317975e-03	1.608028e-01
9.426273269317975e-03	1.556092e-01
9.436038894317975e-03	1.495220e-01
9.445804519317974e-03	1.420960e-01
9.455570144317974e-03	1.322830e-01
9.456790847442975e-03	1.308047e-01
9.459232253692974e-03	1.276646e-01
9.464115066192973e-03	1.201603e-01
9.472796931319499e-03	1.009995e-01
9.481633050184348e-03	7.062765e-02
9.491398675184348e-03	2.616819e-02
9.492619378309346e-03	2.013152e-02
9.495060784559348e-03	8.046412e-03
9.495671136121847e-03	5.020226e-03
9.496891839246848e-03	-1.034637e-03
9.497197015028097e-03	-2.549191e-03
9.497807366590597e-03	-5.578501e-03
9.497959954481222e-03	-6.335902e-03
9.498265130262471e-03	-7.850691e-03
9.498341424207784e-03	-8.229382e-03
9.498494012098411e-03	-8.991318e-03
9.498532159071066e-03	-9.181593e-03
9.498608453016378e-03	-9.560153e-03
9.498761040907003e-03	-1.031493e-02
9.499066216688253e-03	-1.182960e-02
9.499676568250754e-03	-1.486003e-02
9.500532431742422e-03	-1.911084e-02
9.502244158725758e-03	-2.760751e-02
9.504889225028110e-03	-4.071132e-02
9.509578804915229e-03	-6.371023e-02
9.518957964689469e-03	-1.049592e-01
9.528723589689468e-03	-1.307495e-01
9.529944292814467e-03	-1.324694e-01
9.532385699064469e-03	-1.358046e-01
9.537268511564468e-03	-1.415958e-01
9.547034136564467e-03	-1.503782e-01
9.556799761564469e-03	-1.570734e-01
9.558020464689468e-03	-1.578208e-01
9.560461870939467e-03	-1.592666e-01
9.561072222501969e-03	-1.596138e-01
9.562292925626967e-03	-1.603013e-01
9.562598101408219e-03	-1.604707e-01
9.563208452970718e-03	-1.608063e-01
9.564429156095719e-03	-1.614659e-01
9.566870562345718e-03	-1.627517e-01
9.571753374845718e-03	-1.651780e-01
9.581518999845719e-03	-1.695631e-01
9.591284624845719e-03	-1.734393e-01
9.601050249845719e-03	-1.769150e-01
9.610815874845718e-03	-1.800374e-01
9.620581499845718e-03	-1.828645e-01
9.630347124845718e-03	-1.854156e-01
9.640112749845718e-03	-1.877158e-01
9.649878374845718e-03	-1.897768e-01
9.659643999845717e-03	-1.916119e-01
9.669409624845719e-03	-1.932254e-01
9.679175249845719e-03	-1.946258e-01
9.688940874845718e-03	-1.958136e-01
9.698706499845718e-03	-1.967947e-01
9.708472124845718e-03	-1.975678e-01
9.718237749845718e-03	-1.981374e-01
9.728003374845718e-03	-1.985009e-01
9.737768999845717e-03	-1.986621e-01
9.747534624845719e-03	-1.986179e-01
9.757300249845719e-03	-1.983715e-01
9.767065874845719e-03	-1.979193e-01
9.776831499845718e-03	-1.972640e-01
9.786597124845718e-03	-1.964017e-01
9.796362749845718e-03	-1.953341e-01
9.806128374845718e-03	-1.940566e-01
9.815893999845718e-03	-1.925696e-01
9.825659624845719e-03	-1.908668e-01
9.835425249845719e-03	-1.889465e-01
9.845190874845719e-03	-1.867992e-01
9.854956499845718e-03	-1.844191e-01
9.864722124845718e-03	-1.817909e-01
9.874487749845718e-03	-1.789002e-01
9.884253374845718e-03	-1.757205e-01
9.894018999845718e-03	-1.722197e-01
9.903784624845717e-03	-1.683429e-01
9.913550249845719e-03	-1.640241e-01
9.923315874845719e-03	-1.591304e-01
9.933081499845718e-03	-1.534732e-01
9.934302202970717e-03	-1.526939e-01
9.936743609220719e-03	-1.510884e-01
9.941626421720718e-03	-1.476132e-01
9.949272672365488e-03	-1.413082e-01
9.957260607705026e-03	-1.330627e-01
9.967026232705026e-03	-1.184779e-01
9.976791857705026e-03	-9.427339e-02
9.986557482705027e-03	-5.651300e-02
9.996323107705027e-03	-9.693006e-03
1.000000000000000e-02	8.603200e-03
Step Information: Rgain=24.5005K  (Step: 6/11)
0.000000000000000e+00	4.500006e-14
5.000000058430487e-08	1.300278e-09
1.000000011686097e-07	1.339115e-07
2.000000023372195e-07	4.673851e-06
4.000000046744390e-07	5.701630e-05
8.000000093488779e-07	3.339746e-04
1.600000018697756e-06	1.430013e-03
3.200000037395512e-06	5.395152e-03
6.400000074791024e-06	1.791931e-02
1.280000014958205e-05	5.114307e-02
1.989788348167775e-05	8.973423e-02
2.966350848167774e-05	1.232158e-01
3.942913348167774e-05	1.361541e-01
4.919475848167774e-05	1.446684e-01
5.896038348167775e-05	1.511461e-01
6.872600848167774e-05	1.564827e-01
7.849163348167775e-05	1.610452e-01
8.825725848167774e-05	1.650483e-01
9.802288348167774e-05	1.686164e-01
1.077885084816777e-04	1.718119e-01
1.175541334816777e-04	1.746975e-01
1.273197584816778e-04	1.772983e-01
1.370853834816777e-04	1.796483e-01
1.468510084816777e-04	1.817517e-01
1.566166334816778e-04	1.836340e-01
1.663822584816778e-04	1.852888e-01
1.761478834816777e-04	1.867379e-01
1.859135084816778e-04	1.879693e-01
1.956791334816778e-04	1.890031e-01
2.054447584816777e-04	1.898238e-01
2.152103834816777e-04	1.904511e-01
2.249760084816778e-04	1.908674e-01
2.347416334816777e-04	1.910921e-01
2.445072584816778e-04	1.911064e-01
2.542728834816777e-04	1.909297e-01
2.640385084816777e-04	1.905423e-01
2.738041334816777e-04	1.899633e-01
2.835697584816778e-04	1.891725e-01
2.933353834816778e-04	1.881883e-01
3.031010084816778e-04	1.869895e-01
3.128666334816777e-04	1.855937e-01
3.226322584816777e-04	1.839781e-01
3.323978834816777e-04	1.821580e-01
3.421635084816778e-04	1.801081e-01
3.519291334816778e-04	1.778398e-01
3.616947584816778e-04	1.753225e-01
3.714603834816777e-04	1.725599e-01
3.812260084816777e-04	1.695111e-01
3.909916334816777e-04	1.661637e-01
4.007572584816778e-04	1.624540e-01
4.105228834816778e-04	1.583322e-01
4.202885084816778e-04	1.536749e-01
4.300541334816778e-04	1.483267e-01
4.398197584816777e-04	1.419414e-01
4.495853834816777e-04	1.339511e-01
4.508060866066778e-04	1.327831e-01
4.532474928566778e-04	1.303225e-01
4.538578444191778e-04	1.296629e-01
4.550785475441777e-04	1.283117e-01
4.575199537941777e-04	1.253923e-01
4.624027662941777e-04	1.184977e-01
4.694922215820566e-04	1.045609e-01
4.792578465820566e-04	7.206196e-02
4.890234715820566e-04	2.292048e-02
4.902441747070566e-04	1.584133e-02
4.905493504883066e-04	1.406929e-02
4.911597020508066e-04	1.052086e-02
4.923804051758066e-04	3.400995e-03
4.926855809570566e-04	1.614919e-03
4.932959325195566e-04	-1.959413e-03
4.945166356445566e-04	-9.122303e-03
4.969580418945567e-04	-2.348949e-02
5.018408543945567e-04	-5.220094e-02
5.103387104691486e-04	-9.859359e-02
5.201043354691485e-04	-1.298735e-01
5.213250385941486e-04	-1.315928e-01
5.237664448441485e-04	-1.348993e-01
5.286492573441486e-04	-1.406338e-01
5.384148823441486e-04	-1.493145e-01
5.481805073441486e-04	-1.558891e-01
5.494012104691485e-04	-1.566291e-01
5.518426167191486e-04	-1.580556e-01
5.567254292191486e-04	-1.607109e-01
5.664910542191486e-04	-1.654523e-01
5.762566792191486e-04	-1.696230e-01
5.860223042191485e-04	-1.733398e-01
5.957879292191485e-04	-1.767015e-01
6.055535542191485e-04	-1.797412e-01
6.153191792191485e-04	-1.825152e-01
6.250848042191486e-04	-1.850265e-01
6.348504292191486e-04	-1.873145e-01
6.446160542191486e-04	-1.893688e-01
6.543816792191486e-04	-1.912207e-01
6.641473042191486e-04	-1.928537e-01
6.739129292191486e-04	-1.942946e-01
6.836785542191486e-04	-1.955242e-01
6.934441792191486e-04	-1.965664e-01
7.032098042191486e-04	-1.974009e-01
7.129754292191485e-04	-1.980502e-01
7.227410542191485e-04	-1.984934e-01
7.325066792191485e-04	-1.987518e-01
7.422723042191486e-04	-1.988049e-01
7.520379292191486e-04	-1.986729e-01
7.618035542191486e-04	-1.983358e-01
7.715691792191486e-04	-1.978128e-01
7.813348042191486e-04	-1.970843e-01
7.911004292191486e-04	-1.961684e-01
8.008660542191486e-04	-1.950461e-01
8.106316792191486e-04	-1.937335e-01
8.203973042191486e-04	-1.922118e-01
8.301629292191485e-04	-1.904949e-01
8.399285542191485e-04	-1.885628e-01
8.496941792191485e-04	-1.864259e-01
8.594598042191485e-04	-1.840619e-01
8.692254292191486e-04	-1.814749e-01
8.789910542191486e-04	-1.786368e-01
8.887566792191486e-04	-1.755408e-01
8.985223042191486e-04	-1.721453e-01
9.082879292191486e-04	-1.684206e-01
9.180535542191486e-04	-1.642930e-01
9.278191792191486e-04	-1.596763e-01
9.375848042191486e-04	-1.544036e-01
9.388055073441486e-04	-1.536853e-01
9.412469135941485e-04	-1.522044e-01
9.418572651566485e-04	-1.518226e-01
9.430779682816486e-04	-1.510484e-01
9.455193745316486e-04	-1.494435e-01
9.504021870316486e-04	-1.459830e-01
9.567718323894745e-04	-1.408329e-01
9.665374573894746e-04	-1.306630e-01
9.763030823894746e-04	-1.150952e-01
9.860687073894746e-04	-8.724495e-02
9.958343323894746e-04	-4.183039e-02
1.005599957389475e-03	1.440537e-02
1.006820660514475e-03	2.164254e-02
1.009262066764475e-03	3.608638e-02
1.014144879264475e-03	6.454836e-02
1.023910504264474e-03	1.107348e-01
1.033676129264474e-03	1.315650e-01
1.043441754264474e-03	1.407267e-01
1.053207379264474e-03	1.485841e-01
1.062973004264474e-03	1.540387e-01
1.072738629264474e-03	1.592333e-01
1.082504254264474e-03	1.632786e-01
1.092269879264474e-03	1.672400e-01
1.102035504264474e-03	1.704697e-01
1.111801129264474e-03	1.736505e-01
1.121566754264475e-03	1.762944e-01
1.131332379264475e-03	1.788805e-01
1.141098004264475e-03	1.810350e-01
1.150863629264475e-03	1.831226e-01
1.160629254264475e-03	1.848388e-01
1.170394879264475e-03	1.864731e-01
1.180160504264475e-03	1.877761e-01
1.189926129264475e-03	1.889811e-01
1.199691754264475e-03	1.898829e-01
1.209457379264475e-03	1.906713e-01
1.219223004264475e-03	1.911771e-01
1.228988629264475e-03	1.915554e-01
1.238754254264475e-03	1.916667e-01
1.248519879264475e-03	1.916379e-01
1.258285504264475e-03	1.913543e-01
1.268051129264475e-03	1.909191e-01
1.277816754264474e-03	1.902385e-01
1.287582379264474e-03	1.893955e-01
1.297348004264474e-03	1.883138e-01
1.307113629264474e-03	1.870587e-01
1.316879254264474e-03	1.855682e-01
1.326644879264474e-03	1.838915e-01
1.336410504264474e-03	1.819778e-01
1.346176129264474e-03	1.798610e-01
1.355941754264474e-03	1.774972e-01
1.365707379264475e-03	1.749040e-01
1.375473004264475e-03	1.720387e-01
1.385238629264475e-03	1.688985e-01
1.395004254264475e-03	1.654303e-01
1.404769879264475e-03	1.615982e-01
1.414535504264475e-03	1.573118e-01
1.424301129264475e-03	1.524597e-01
1.434066754264475e-03	1.468117e-01
1.443832379264475e-03	1.400503e-01
1.453598004264475e-03	1.313040e-01
1.463363629264475e-03	1.188022e-01
1.473129254264475e-03	9.774125e-02
1.482894879264475e-03	6.038183e-02
1.492660504264475e-03	7.865471e-03
1.492813092155099e-03	6.958281e-03
1.493118267936350e-03	5.157215e-03
1.493728619498850e-03	1.568329e-03
1.493881207389475e-03	6.684715e-04
1.494186383170725e-03	-1.130440e-03
1.494262677116037e-03	-1.580370e-03
1.494415265006662e-03	-2.480215e-03
1.494720440787912e-03	-4.279443e-03
1.495330792350412e-03	-7.879538e-03
1.496551495475412e-03	-1.508503e-02
1.498992901725412e-03	-2.950315e-02
1.503875714225412e-03	-5.818586e-02
1.513641339225412e-03	-1.082748e-01
1.514862042350412e-03	-1.130358e-01
1.517303448600412e-03	-1.210608e-01
1.522186261100412e-03	-1.310084e-01
1.528601296055916e-03	-1.391719e-01
1.536346897202091e-03	-1.465664e-01
1.545052774053461e-03	-1.529322e-01
1.554818399053461e-03	-1.588215e-01
1.556039102178461e-03	-1.594696e-01
1.558480508428461e-03	-1.607505e-01
1.563363320928461e-03	-1.631683e-01
1.564584024053461e-03	-1.637479e-01
1.567025430303461e-03	-1.648791e-01
1.571908242803461e-03	-1.670305e-01
1.581673867803461e-03	-1.709722e-01
1.591439492803461e-03	-1.745064e-01
1.601205117803461e-03	-1.777070e-01
1.610970742803461e-03	-1.806083e-01
1.620736367803461e-03	-1.832468e-01
1.630501992803461e-03	-1.856404e-01
1.640267617803461e-03	-1.878063e-01
1.650033242803461e-03	-1.897526e-01
1.659798867803461e-03	-1.914888e-01
1.669564492803461e-03	-1.930180e-01
1.679330117803461e-03	-1.943460e-01
1.689095742803461e-03	-1.954734e-01
1.698861367803461e-03	-1.964036e-01
1.708626992803461e-03	-1.971362e-01
1.718392617803461e-03	-1.976734e-01
1.728158242803461e-03	-1.980142e-01
1.737923867803461e-03	-1.981602e-01
1.747689492803461e-03	-1.981100e-01
1.757455117803461e-03	-1.978648e-01
1.767220742803461e-03	-1.974233e-01
1.776986367803461e-03	-1.967860e-01
1.786751992803461e-03	-1.959516e-01
1.796517617803461e-03	-1.949200e-01
1.806283242803461e-03	-1.936893e-01
1.816048867803461e-03	-1.922586e-01
1.825814492803461e-03	-1.906247e-01
1.835580117803461e-03	-1.887849e-01
1.845345742803461e-03	-1.867341e-01
1.855111367803461e-03	-1.844661e-01
1.864876992803461e-03	-1.819714e-01
1.874642617803461e-03	-1.792378e-01
1.884408242803461e-03	-1.762470e-01
1.894173867803461e-03	-1.729742e-01
1.903939492803461e-03	-1.693825e-01
1.913705117803461e-03	-1.654161e-01
1.923470742803461e-03	-1.609959e-01
1.933236367803461e-03	-1.559899e-01
1.934457070928461e-03	-1.553120e-01
1.936898477178461e-03	-1.539204e-01
1.941781289678461e-03	-1.509442e-01
1.943001992803461e-03	-1.501579e-01
1.945443399053461e-03	-1.485347e-01
1.950326211553461e-03	-1.450158e-01
1.958121802619026e-03	-1.384608e-01
1.967887427619025e-03	-1.274230e-01
1.977653052619026e-03	-1.098420e-01
1.987418677619025e-03	-7.811637e-02
1.997184302619026e-03	-2.930386e-02
2.006949927619025e-03	2.778530e-02
2.008170630744026e-03	3.500418e-02
2.010612036994026e-03	4.938248e-02
2.015494849494026e-03	7.728144e-02
2.025260474494026e-03	1.177521e-01
2.026481177619026e-03	1.206728e-01
2.028922583869025e-03	1.256083e-01
2.033805396369026e-03	1.325086e-01
2.043571021369026e-03	1.422750e-01
2.053336646369026e-03	1.493789e-01
2.063102271369026e-03	1.551144e-01
2.072867896369026e-03	1.599543e-01
2.082633521369026e-03	1.641779e-01
2.092399146369026e-03	1.679254e-01
2.102164771369026e-03	1.712777e-01
2.111930396369026e-03	1.743062e-01
2.121696021369026e-03	1.770431e-01
2.131461646369025e-03	1.795173e-01
2.141227271369026e-03	1.817459e-01
2.150992896369025e-03	1.837458e-01
2.160758521369026e-03	1.855215e-01
2.170524146369025e-03	1.870858e-01
2.180289771369026e-03	1.884367e-01
2.190055396369025e-03	1.895855e-01
2.199821021369026e-03	1.905259e-01
2.209586646369026e-03	1.912688e-01
2.219352271369026e-03	1.918058e-01
2.229117896369026e-03	1.921474e-01
2.238883521369026e-03	1.922838e-01
2.248649146369026e-03	1.922256e-01
2.258414771369026e-03	1.919621e-01
2.268180396369026e-03	1.915037e-01
2.277946021369026e-03	1.908392e-01
2.287711646369026e-03	1.899785e-01
2.297477271369026e-03	1.889096e-01
2.307242896369026e-03	1.876417e-01
2.317008521369026e-03	1.861616e-01
2.326774146369026e-03	1.844767e-01
2.336539771369026e-03	1.825720e-01
2.346305396369026e-03	1.804515e-01
2.356071021369026e-03	1.780963e-01
2.365836646369026e-03	1.755044e-01
2.375602271369025e-03	1.726490e-01
2.385367896369026e-03	1.695162e-01
2.395133521369025e-03	1.660622e-01
2.404899146369026e-03	1.622466e-01
2.414664771369025e-03	1.579849e-01
2.424430396369026e-03	1.531676e-01
2.434196021369025e-03	1.475750e-01
2.443961646369026e-03	1.408980e-01
2.453727271369026e-03	1.323166e-01
2.454947974494026e-03	1.310438e-01
2.457389380744026e-03	1.283514e-01
2.462272193244026e-03	1.220129e-01
2.472037818244026e-03	1.031207e-01
2.481803443244026e-03	6.926116e-02
2.491569068244026e-03	1.890197e-02
2.492789771369026e-03	1.177459e-02
2.493094947150276e-03	9.991393e-03
2.493705298712776e-03	6.421952e-03
2.494926001837776e-03	-7.334213e-04
2.497367408087776e-03	-1.509660e-02
2.497427474992545e-03	-1.545059e-02
2.497547608802084e-03	-1.615855e-02
2.497787876421163e-03	-1.757504e-02
2.498268411659320e-03	-2.040885e-02
2.499229482135633e-03	-2.607804e-02
2.501151623088260e-03	-3.741317e-02
2.504995904993514e-03	-5.993893e-02
2.512684468804023e-03	-1.009466e-01
2.522450093804023e-03	-1.302649e-01
2.523638001653409e-03	-1.318232e-01
2.526013817352180e-03	-1.349006e-01
2.530765448749722e-03	-1.403617e-01
2.540268711544807e-03	-1.487142e-01
2.550034336544807e-03	-1.552659e-01
2.559799961544808e-03	-1.606998e-01
2.561020664669807e-03	-1.613062e-01
2.563462070919807e-03	-1.625035e-01
2.568344883419808e-03	-1.647818e-01
2.578110508419807e-03	-1.689243e-01
2.587876133419808e-03	-1.726235e-01
2.597641758419807e-03	-1.759581e-01
2.607407383419808e-03	-1.789777e-01
2.617173008419807e-03	-1.817207e-01
2.626938633419808e-03	-1.842126e-01
2.636704258419807e-03	-1.864671e-01
2.646469883419808e-03	-1.885007e-01
2.656235508419807e-03	-1.903171e-01
2.666001133419807e-03	-1.919281e-01
2.675766758419807e-03	-1.933314e-01
2.685532383419807e-03	-1.945370e-01
2.695298008419807e-03	-1.955402e-01
2.705063633419807e-03	-1.963490e-01
2.714829258419807e-03	-1.969579e-01
2.724594883419807e-03	-1.973735e-01
2.734360508419807e-03	-1.975903e-01
2.744126133419807e-03	-1.976140e-01
2.753891758419807e-03	-1.974393e-01
2.763657383419807e-03	-1.970709e-01
2.773423008419808e-03	-1.965038e-01
2.783188633419807e-03	-1.957420e-01
2.792954258419808e-03	-1.947804e-01
2.802719883419807e-03	-1.936222e-01
2.812485508419808e-03	-1.922618e-01
2.822251133419807e-03	-1.907009e-01
2.832016758419808e-03	-1.889327e-01
2.841782383419807e-03	-1.869566e-01
2.851548008419808e-03	-1.847631e-01
2.861313633419807e-03	-1.823473e-01
2.871079258419808e-03	-1.796946e-01
2.880844883419807e-03	-1.767909e-01
2.890610508419808e-03	-1.736130e-01
2.900376133419807e-03	-1.701274e-01
2.910141758419807e-03	-1.662883e-01
2.919907383419807e-03	-1.620192e-01
2.929673008419807e-03	-1.572086e-01
2.930893711544807e-03	-1.565607e-01
2.933335117794807e-03	-1.552327e-01
2.933945469357307e-03	-1.548906e-01
2.935166172482307e-03	-1.541991e-01
2.937607578732307e-03	-1.527711e-01
2.938217930294807e-03	-1.524041e-01
2.939438633419807e-03	-1.516606e-01
2.941880039669807e-03	-1.501208e-01
2.946762852169807e-03	-1.468143e-01
2.953343760716130e-03	-1.417491e-01
2.963109385716129e-03	-1.322294e-01
2.972875010716130e-03	-1.181029e-01
2.982640635716129e-03	-9.331663e-02
2.992406260716130e-03	-5.114964e-02
3.002171885716129e-03	3.898295e-03
3.003392588841130e-03	1.113613e-02
3.005833995091130e-03	2.559860e-02
3.010716807591129e-03	5.431059e-02
3.020482432591130e-03	1.044448e-01
3.030248057591129e-03	1.297123e-01
3.040013682591130e-03	1.397480e-01
3.049779307591130e-03	1.479872e-01
3.059544932591129e-03	1.537059e-01
3.069310557591130e-03	1.590464e-01
3.079076182591129e-03	1.632302e-01
3.088841807591130e-03	1.672719e-01
3.098607432591129e-03	1.706063e-01
3.108373057591130e-03	1.738476e-01
3.118138682591129e-03	1.765796e-01
3.127904307591130e-03	1.792202e-01
3.137669932591129e-03	1.814547e-01
3.147435557591130e-03	1.835954e-01
3.157201182591129e-03	1.853877e-01
3.166966807591130e-03	1.870759e-01
3.176732432591129e-03	1.884532e-01
3.186498057591130e-03	1.897139e-01
3.196263682591129e-03	1.906894e-01
3.206029307591130e-03	1.915356e-01
3.215794932591129e-03	1.921152e-01
3.225560557591130e-03	1.925535e-01
3.235326182591129e-03	1.927392e-01
3.245091807591130e-03	1.927726e-01
3.254857432591129e-03	1.925643e-01
3.264623057591130e-03	1.921937e-01
3.274388682591129e-03	1.915897e-01
3.284154307591130e-03	1.908142e-01
3.293919932591130e-03	1.898110e-01
3.303685557591129e-03	1.886270e-01
3.313451182591130e-03	1.872182e-01
3.323216807591129e-03	1.856178e-01
3.332982432591130e-03	1.837914e-01
3.342748057591129e-03	1.817589e-01
3.352513682591130e-03	1.794918e-01
3.362279307591129e-03	1.769966e-01
3.372044932591130e-03	1.742455e-01
3.381810557591129e-03	1.712278e-01
3.391576182591130e-03	1.679077e-01
3.401341807591129e-03	1.642470e-01
3.411107432591130e-03	1.601811e-01
3.420873057591129e-03	1.556131e-01
3.430638682591130e-03	1.503868e-01
3.440404307591129e-03	1.442281e-01
3.450169932591130e-03	1.365651e-01
3.451390635716129e-03	1.354545e-01
3.453832041966129e-03	1.331338e-01
3.458714854466130e-03	1.277972e-01
3.468480479466129e-03	1.128244e-01
3.478246104466130e-03	8.631106e-02
3.488011729466129e-03	4.226006e-02
3.489232432591130e-03	3.548019e-02
3.491673838841130e-03	2.173843e-02
3.492284190403630e-03	1.824246e-02
3.493504893528630e-03	1.122186e-02
3.493810069309879e-03	9.456474e-03
3.494420420872379e-03	5.920080e-03
3.495641123997379e-03	-1.182407e-03
3.495946299778630e-03	-2.964306e-03
3.496556651341130e-03	-6.533572e-03
3.496709239231754e-03	-7.426839e-03
3.497014415013005e-03	-9.214019e-03
3.497624766575504e-03	-1.279279e-02
3.498845469700505e-03	-1.996295e-02
3.501286875950505e-03	-3.432780e-02
3.506169688450504e-03	-6.287261e-02
3.515935313450505e-03	-1.111421e-01
3.517156016575504e-03	-1.154789e-01
3.519597422825504e-03	-1.227140e-01
3.524480235325505e-03	-1.317519e-01
3.530850705587541e-03	-1.394974e-01
3.538462284731079e-03	-1.465481e-01
3.547871884495307e-03	-1.532498e-01
3.557637509495308e-03	-1.589677e-01
3.558858212620307e-03	-1.596010e-01
3.561299618870307e-03	-1.608512e-01
3.566182431370307e-03	-1.632133e-01
3.567403134495307e-03	-1.637802e-01
3.569844540745307e-03	-1.648871e-01
3.574727353245307e-03	-1.669940e-01
3.584492978245308e-03	-1.708585e-01
3.594258603245307e-03	-1.743262e-01
3.604024228245308e-03	-1.774666e-01
3.613789853245307e-03	-1.803120e-01
3.623555478245308e-03	-1.828971e-01
3.633321103245307e-03	-1.852388e-01
3.643086728245308e-03	-1.873537e-01
3.652852353245307e-03	-1.892493e-01
3.662617978245308e-03	-1.909349e-01
3.672383603245307e-03	-1.924134e-01
3.682149228245308e-03	-1.936902e-01
3.691914853245307e-03	-1.947659e-01
3.701680478245308e-03	-1.956440e-01
3.711446103245307e-03	-1.963239e-01
3.721211728245308e-03	-1.968078e-01
3.730977353245307e-03	-1.970948e-01
3.740742978245308e-03	-1.971861e-01
3.750508603245307e-03	-1.970808e-01
3.760274228245308e-03	-1.967797e-01
3.770039853245308e-03	-1.962815e-01
3.779805478245307e-03	-1.955869e-01
3.789571103245308e-03	-1.946941e-01
3.799336728245307e-03	-1.936030e-01
3.809102353245308e-03	-1.923116e-01
3.818867978245307e-03	-1.908185e-01
3.828633603245308e-03	-1.891203e-01
3.838399228245307e-03	-1.872138e-01
3.848164853245308e-03	-1.850929e-01
3.857930478245307e-03	-1.827507e-01
3.867696103245308e-03	-1.801761e-01
3.877461728245307e-03	-1.773551e-01
3.887227353245308e-03	-1.742665e-01
3.896992978245307e-03	-1.708815e-01
3.906758603245308e-03	-1.671568e-01
3.916524228245307e-03	-1.630260e-01
3.926289853245307e-03	-1.583935e-01
3.927510556370308e-03	-1.577714e-01
3.929951962620307e-03	-1.564985e-01
3.934834775120307e-03	-1.537999e-01
3.936055478245308e-03	-1.530897e-01
3.938496884495307e-03	-1.516305e-01
3.943379696995307e-03	-1.485014e-01
3.944600400120308e-03	-1.476707e-01
3.947041806370307e-03	-1.459535e-01
3.951924618870307e-03	-1.422010e-01
3.961690243870307e-03	-1.329471e-01
3.971455868870308e-03	-1.193959e-01
3.981221493870308e-03	-9.591126e-02
3.990987118870307e-03	-5.529081e-02
4.000752743870307e-03	-9.370160e-04
4.001973446995308e-03	6.294564e-03
4.004414853245307e-03	2.075208e-02
4.009297665745307e-03	4.952578e-02
4.019063290745308e-03	1.011519e-01
4.028828915745308e-03	1.286311e-01
4.038594540745307e-03	1.392470e-01
4.048360165745307e-03	1.476116e-01
4.058125790745308e-03	1.534999e-01
4.067891415745308e-03	1.588777e-01
4.077657040745307e-03	1.631497e-01
4.087422665745307e-03	1.672081e-01
4.097188290745308e-03	1.706129e-01
4.106953915745308e-03	1.738607e-01
4.116719540745307e-03	1.766410e-01
4.126485165745307e-03	1.792961e-01
4.136250790745308e-03	1.815729e-01
4.146016415745308e-03	1.837289e-01
4.155782040745308e-03	1.855599e-01
4.165547665745307e-03	1.872649e-01
4.175313290745307e-03	1.886787e-01
4.185078915745308e-03	1.899578e-01
4.194844540745308e-03	1.909685e-01
4.204610165745307e-03	1.918347e-01
4.214375790745307e-03	1.924485e-01
4.224141415745308e-03	1.929084e-01
4.233907040745308e-03	1.931278e-01
4.243672665745307e-03	1.931843e-01
4.253438290745307e-03	1.930093e-01
4.263203915745308e-03	1.926633e-01
4.272969540745308e-03	1.920925e-01
4.282735165745307e-03	1.913430e-01
4.292500790745307e-03	1.903733e-01
4.302266415745308e-03	1.892170e-01
4.312032040745308e-03	1.878425e-01
4.321797665745307e-03	1.862720e-01
4.331563290745307e-03	1.844815e-01
4.341328915745308e-03	1.824820e-01
4.351094540745308e-03	1.802540e-01
4.360860165745307e-03	1.777968e-01
4.370625790745307e-03	1.750908e-01
4.380391415745308e-03	1.721200e-01
4.390157040745308e-03	1.688566e-01
4.399922665745308e-03	1.652601e-01
4.409688290745307e-03	1.612757e-01
4.419453915745307e-03	1.568102e-01
4.429219540745308e-03	1.517267e-01
4.438985165745308e-03	1.457764e-01
4.448750790745307e-03	1.384671e-01
4.458516415745307e-03	1.288490e-01
4.468282040745308e-03	1.144300e-01
4.478047665745308e-03	8.900940e-02
4.487813290745307e-03	4.618060e-02
4.489033993870307e-03	3.948072e-02
4.491475400120308e-03	2.588766e-02
4.492085751682808e-03	2.241818e-02
4.493306454807808e-03	1.544405e-02
4.495747861057807e-03	1.327377e-03
4.496358212620307e-03	-2.234125e-03
4.496510800510932e-03	-3.124901e-03
4.496815976292183e-03	-4.907249e-03
4.496892270237495e-03	-5.353471e-03
4.497044858128120e-03	-6.248021e-03
4.497350033909370e-03	-8.033820e-03
4.497960385471870e-03	-1.160736e-02
4.499181088596870e-03	-1.877599e-02
4.500359089164651e-03	-2.570216e-02
4.502715090300214e-03	-3.956657e-02
4.507427092571340e-03	-6.700925e-02
4.516851097113592e-03	-1.124860e-01
4.518071800238592e-03	-1.165957e-01
4.520513206488591e-03	-1.234460e-01
4.525396018988592e-03	-1.321100e-01
4.531868745158677e-03	-1.398152e-01
4.539512434470362e-03	-1.467562e-01
4.549278059470362e-03	-1.535941e-01
4.559043684470363e-03	-1.592103e-01
4.560264387595363e-03	-1.598352e-01
4.562705793845362e-03	-1.610664e-01
4.563316145407862e-03	-1.613656e-01
4.564536848532862e-03	-1.619594e-01
4.566978254782863e-03	-1.631155e-01
4.571861067282862e-03	-1.653152e-01
4.581626692282862e-03	-1.693308e-01
4.591392317282863e-03	-1.729256e-01
4.601157942282863e-03	-1.761639e-01
4.610923567282862e-03	-1.791016e-01
4.620689192282862e-03	-1.817683e-01
4.630454817282863e-03	-1.841856e-01
4.640220442282863e-03	-1.863723e-01
4.649986067282862e-03	-1.883345e-01
4.659751692282862e-03	-1.900858e-01
4.669517317282862e-03	-1.916266e-01
4.679282942282863e-03	-1.929658e-01
4.689048567282863e-03	-1.941017e-01
4.698814192282862e-03	-1.950404e-01
4.708579817282862e-03	-1.957791e-01
4.718345442282863e-03	-1.963225e-01
4.728111067282863e-03	-1.966675e-01
4.737876692282862e-03	-1.968177e-01
4.747642317282862e-03	-1.967700e-01
4.757407942282863e-03	-1.965273e-01
4.767173567282863e-03	-1.960865e-01
4.776939192282862e-03	-1.954499e-01
4.786704817282862e-03	-1.946144e-01
4.796470442282863e-03	-1.935814e-01
4.806236067282863e-03	-1.923475e-01
4.816001692282862e-03	-1.909129e-01
4.825767317282862e-03	-1.892731e-01
4.835532942282863e-03	-1.874264e-01
4.845298567282863e-03	-1.853659e-01
4.855064192282862e-03	-1.830866e-01
4.864829817282862e-03	-1.805769e-01
4.874595442282863e-03	-1.778251e-01
4.884361067282863e-03	-1.748106e-01
4.894126692282862e-03	-1.715069e-01
4.903892317282862e-03	-1.678773e-01
4.913657942282862e-03	-1.638595e-01
4.923423567282863e-03	-1.593675e-01
4.933189192282863e-03	-1.542569e-01
4.934409895407862e-03	-1.535614e-01
4.936851301657863e-03	-1.521327e-01
4.941734114157863e-03	-1.490742e-01
4.942954817282862e-03	-1.482637e-01
4.945396223532863e-03	-1.465899e-01
4.950279036032863e-03	-1.429441e-01
4.960044661032862e-03	-1.340923e-01
4.969810286032862e-03	-1.212403e-01
4.979575911032863e-03	-9.938255e-02
4.989341536032863e-03	-6.099343e-02
4.999107161032862e-03	-7.743841e-03
5.008872786032862e-03	4.980912e-02
5.018638411032863e-03	1.014705e-01
5.028404036032863e-03	1.288805e-01
5.038169661032862e-03	1.394785e-01
5.047935286032862e-03	1.478432e-01
5.057700911032863e-03	1.537279e-01
5.067466536032863e-03	1.591095e-01
5.077232161032862e-03	1.633814e-01
5.086997786032862e-03	1.674450e-01
5.096763411032862e-03	1.708512e-01
5.106529036032863e-03	1.741050e-01
5.116294661032863e-03	1.768878e-01
5.126060286032862e-03	1.795496e-01
5.135825911032862e-03	1.818299e-01
5.145591536032863e-03	1.839930e-01
5.155357161032863e-03	1.858283e-01
5.165122786032862e-03	1.875409e-01
5.174888411032862e-03	1.889597e-01
5.184654036032863e-03	1.902468e-01
5.194419661032863e-03	1.912631e-01
5.204185286032862e-03	1.921377e-01
5.213950911032862e-03	1.927577e-01
5.223716536032863e-03	1.932265e-01
5.233482161032863e-03	1.934525e-01
5.243247786032862e-03	1.935182e-01
5.253013411032862e-03	1.933504e-01
5.262779036032863e-03	1.930140e-01
5.272544661032863e-03	1.924510e-01
5.282310286032862e-03	1.917115e-01
5.292075911032862e-03	1.907503e-01
5.301841536032863e-03	1.896046e-01
5.311607161032863e-03	1.882394e-01
5.321372786032862e-03	1.866803e-01
5.331138411032862e-03	1.849002e-01
5.340904036032862e-03	1.829135e-01
5.350669661032863e-03	1.806977e-01
5.360435286032863e-03	1.782554e-01
5.370200911032862e-03	1.755644e-01
5.379966536032862e-03	1.726124e-01
5.389732161032863e-03	1.693693e-01
5.399497786032863e-03	1.657987e-01
5.409263411032862e-03	1.618452e-01
5.419029036032862e-03	1.574214e-01
5.428794661032863e-03	1.523939e-01
5.438560286032863e-03	1.465277e-01
5.448325911032862e-03	1.393571e-01
5.458091536032862e-03	1.299991e-01
5.459312239157863e-03	1.285933e-01
5.461753645407862e-03	1.255741e-01
5.466636457907862e-03	1.183290e-01
5.475216992778699e-03	9.943992e-02
5.484982617778699e-03	6.241898e-02
5.494748242778699e-03	1.007397e-02
5.495968945903699e-03	2.882765e-03
5.496274121684949e-03	1.084451e-03
5.496884473247449e-03	-2.513350e-03
5.497037061138074e-03	-3.413225e-03
5.497342236919324e-03	-5.213134e-03
5.497418530864637e-03	-5.663177e-03
5.497571118755261e-03	-6.563284e-03
5.497609265727918e-03	-6.788566e-03
5.497685559673230e-03	-7.240073e-03
5.497838147563855e-03	-8.141932e-03
5.498143323345106e-03	-9.941481e-03
5.498753674907605e-03	-1.354716e-02
5.499872799641359e-03	-2.015746e-02
5.502111049108866e-03	-3.337767e-02
5.506587548043880e-03	-5.963007e-02
5.515540545913907e-03	-1.058180e-01
5.525306170913907e-03	-1.317941e-01
5.526526874038907e-03	-1.331418e-01
5.528968280288907e-03	-1.359702e-01
5.533851092788907e-03	-1.412384e-01
5.543616717788907e-03	-1.493516e-01
5.553382342788907e-03	-1.556491e-01
5.554603045913907e-03	-1.563523e-01
5.557044452163907e-03	-1.577200e-01
5.561927264663907e-03	-1.602817e-01
5.563147967788907e-03	-1.608898e-01
5.565589374038907e-03	-1.620739e-01
5.570472186538908e-03	-1.643286e-01
5.580237811538907e-03	-1.684260e-01
5.590003436538907e-03	-1.720882e-01
5.599769061538907e-03	-1.753823e-01
5.609534686538907e-03	-1.783716e-01
5.619300311538907e-03	-1.810783e-01
5.629065936538907e-03	-1.835389e-01
5.638831561538907e-03	-1.857575e-01
5.648597186538907e-03	-1.877590e-01
5.658362811538907e-03	-1.895392e-01
5.668128436538907e-03	-1.911160e-01
5.677894061538907e-03	-1.924821e-01
5.687659686538907e-03	-1.936524e-01
5.697425311538907e-03	-1.946168e-01
5.707190936538907e-03	-1.953891e-01
5.716956561538907e-03	-1.959576e-01
5.726722186538907e-03	-1.963353e-01
5.736487811538907e-03	-1.965103e-01
5.746253436538907e-03	-1.964946e-01
5.756019061538907e-03	-1.962765e-01
5.765784686538907e-03	-1.958673e-01
5.775550311538907e-03	-1.952553e-01
5.785315936538907e-03	-1.944509e-01
5.795081561538907e-03	-1.934425e-01
5.804847186538907e-03	-1.922394e-01
5.814612811538908e-03	-1.908296e-01
5.824378436538907e-03	-1.892205e-01
5.834144061538907e-03	-1.873991e-01
5.843909686538907e-03	-1.853694e-01
5.853675311538907e-03	-1.831169e-01
5.863440936538907e-03	-1.806392e-01
5.873206561538907e-03	-1.779168e-01
5.882972186538907e-03	-1.749374e-01
5.892737811538907e-03	-1.716686e-01
5.902503436538907e-03	-1.680805e-01
5.912269061538907e-03	-1.641127e-01
5.922034686538907e-03	-1.596800e-01
5.931800311538907e-03	-1.546458e-01
5.933021014663907e-03	-1.539632e-01
5.935462420913907e-03	-1.525586e-01
5.940345233413907e-03	-1.495579e-01
5.941487750594595e-03	-1.488151e-01
5.943772784955971e-03	-1.472861e-01
5.948342853678722e-03	-1.439841e-01
5.957482991124225e-03	-1.361422e-01
5.967248616124226e-03	-1.244627e-01
5.977014241124226e-03	-1.053512e-01
5.986779866124226e-03	-7.103512e-02
5.996545491124225e-03	-2.031047e-02
6.006311116124226e-03	3.707711e-02
6.007531819249226e-03	4.427417e-02
6.009973225499225e-03	5.857724e-02
6.014856037999225e-03	8.585942e-02
6.024621662999226e-03	1.222822e-01
6.025842366124226e-03	1.246510e-01
6.028283772374226e-03	1.288052e-01
6.033166584874226e-03	1.351090e-01
6.042932209874226e-03	1.443833e-01
6.052697834874225e-03	1.512361e-01
6.062463459874225e-03	1.568425e-01
6.072229084874226e-03	1.615893e-01
6.081994709874226e-03	1.657592e-01
6.091760334874225e-03	1.694612e-01
6.101525959874225e-03	1.727904e-01
6.111291584874226e-03	1.757924e-01
6.121057209874226e-03	1.785160e-01
6.130822834874225e-03	1.809779e-01
6.140588459874225e-03	1.832012e-01
6.150354084874226e-03	1.851957e-01
6.160119709874226e-03	1.869711e-01
6.169885334874226e-03	1.885348e-01
6.179650959874225e-03	1.898891e-01
6.189416584874226e-03	1.910406e-01
6.199182209874226e-03	1.919872e-01
6.208947834874226e-03	1.927358e-01
6.218713459874225e-03	1.932812e-01
6.228479084874225e-03	1.936309e-01
6.238244709874226e-03	1.937778e-01
6.248010334874226e-03	1.937298e-01
6.257775959874225e-03	1.934788e-01
6.267541584874225e-03	1.930329e-01
6.277307209874226e-03	1.923829e-01
6.287072834874226e-03	1.915371e-01
6.296838459874225e-03	1.904853e-01
6.306604084874225e-03	1.892351e-01
6.316369709874226e-03	1.877752e-01
6.326135334874226e-03	1.861120e-01
6.335900959874225e-03	1.842318e-01
6.345666584874225e-03	1.821384e-01
6.355432209874226e-03	1.798143e-01
6.365197834874226e-03	1.772580e-01
6.374963459874225e-03	1.744447e-01
6.384729084874225e-03	1.713619e-01
6.394494709874226e-03	1.679696e-01
6.404260334874226e-03	1.642317e-01
6.414025959874226e-03	1.600720e-01
6.423791584874225e-03	1.553940e-01
6.433557209874226e-03	1.500063e-01
6.443322834874226e-03	1.436455e-01
6.453088459874226e-03	1.356358e-01
6.454309162999225e-03	1.344656e-01
6.456750569249226e-03	1.320029e-01
6.457360920811725e-03	1.313447e-01
6.458581623936726e-03	1.299968e-01
6.461023030186725e-03	1.270896e-01
6.465905842686725e-03	1.202111e-01
6.474231574186026e-03	1.031929e-01
6.482725860936347e-03	7.420194e-02
6.492491485936347e-03	2.503386e-02
6.493712189061348e-03	1.795180e-02
6.496153595311347e-03	3.725400e-03
6.496763946873848e-03	1.469248e-04
6.496916534764472e-03	-7.480128e-04
6.497221710545722e-03	-2.538489e-03
6.497832062108222e-03	-6.122656e-03
6.499052765233222e-03	-1.330521e-02
6.499088413000169e-03	-1.351516e-02
6.499159708534062e-03	-1.393496e-02
6.499302299601849e-03	-1.477466e-02
6.499587481737421e-03	-1.645488e-02
6.500157846008566e-03	-1.981629e-02
6.501298574550857e-03	-2.654225e-02
6.503580031635437e-03	-3.998663e-02
6.508142945804598e-03	-6.657867e-02
6.517268774142919e-03	-1.110672e-01
6.518489477267918e-03	-1.153050e-01
6.520930883517919e-03	-1.223922e-01
6.525813696017919e-03	-1.313259e-01
6.532282358483081e-03	-1.391410e-01
6.539955869822124e-03	-1.461836e-01
6.549570894290578e-03	-1.529680e-01
6.559336519290578e-03	-1.586266e-01
6.560557222415578e-03	-1.592549e-01
6.562998628665578e-03	-1.604949e-01
6.567881441165578e-03	-1.628361e-01
6.569102144290578e-03	-1.633984e-01
6.571543550540578e-03	-1.644959e-01
6.576426363040578e-03	-1.665853e-01
6.586191988040578e-03	-1.704180e-01
6.595957613040579e-03	-1.738565e-01
6.605723238040579e-03	-1.769691e-01
6.615488863040578e-03	-1.797875e-01
6.625254488040578e-03	-1.823458e-01
6.635020113040579e-03	-1.846607e-01
6.644785738040579e-03	-1.867486e-01
6.654551363040578e-03	-1.886167e-01
6.664316988040578e-03	-1.902743e-01
6.674082613040578e-03	-1.917242e-01
6.683848238040579e-03	-1.929720e-01
6.693613863040578e-03	-1.940182e-01
6.703379488040578e-03	-1.948661e-01
6.713145113040578e-03	-1.955152e-01
6.722910738040579e-03	-1.959678e-01
6.732676363040578e-03	-1.962228e-01
6.742441988040578e-03	-1.962817e-01
6.752207613040578e-03	-1.961432e-01
6.761973238040579e-03	-1.958084e-01
6.771738863040578e-03	-1.952759e-01
6.781504488040578e-03	-1.945461e-01
6.791270113040578e-03	-1.936174e-01
6.801035738040579e-03	-1.924896e-01
6.810801363040579e-03	-1.911603e-01
6.820566988040578e-03	-1.896280e-01
6.830332613040578e-03	-1.878889e-01
6.840098238040579e-03	-1.859395e-01
6.849863863040579e-03	-1.837731e-01
6.859629488040578e-03	-1.813820e-01
6.869395113040578e-03	-1.787540e-01
6.879160738040579e-03	-1.758736e-01
6.888926363040579e-03	-1.727174e-01
6.898691988040578e-03	-1.692533e-01
6.908457613040578e-03	-1.654306e-01
6.918223238040578e-03	-1.611806e-01
6.927988863040579e-03	-1.563883e-01
6.929209566165578e-03	-1.557418e-01
6.931650972415579e-03	-1.544168e-01
6.936533784915579e-03	-1.515936e-01
6.937754488040578e-03	-1.508498e-01
6.940195894290579e-03	-1.493178e-01
6.945078706790579e-03	-1.460167e-01
6.952599924457105e-03	-1.401814e-01
6.962365549457105e-03	-1.303625e-01
6.972131174457105e-03	-1.155608e-01
6.981896799457105e-03	-8.933078e-02
6.991662424457105e-03	-4.556990e-02
7.001428049457105e-03	1.008572e-02
7.002648752582105e-03	1.732527e-02
7.005090158832105e-03	3.178440e-02
7.009972971332105e-03	6.040781e-02
7.019738596332105e-03	1.087513e-01
7.029504221332105e-03	1.317793e-01
7.039269846332105e-03	1.413343e-01
7.049035471332105e-03	1.494188e-01
7.058801096332105e-03	1.550054e-01
7.068566721332105e-03	1.603008e-01
7.078332346332105e-03	1.644301e-01
7.088097971332105e-03	1.684636e-01
7.097863596332105e-03	1.717639e-01
7.107629221332105e-03	1.750090e-01
7.117394846332105e-03	1.777202e-01
7.127160471332105e-03	1.803695e-01
7.136926096332105e-03	1.825917e-01
7.146691721332105e-03	1.847441e-01
7.156457346332105e-03	1.865301e-01
7.166222971332105e-03	1.882319e-01
7.175988596332105e-03	1.896073e-01
7.185754221332105e-03	1.908829e-01
7.195519846332105e-03	1.918600e-01
7.205285471332105e-03	1.927222e-01
7.215051096332105e-03	1.933063e-01
7.224816721332105e-03	1.937616e-01
7.234582346332105e-03	1.939543e-01
7.244347971332105e-03	1.940057e-01
7.254113596332105e-03	1.938068e-01
7.263879221332105e-03	1.934552e-01
7.273644846332105e-03	1.928629e-01
7.283410471332105e-03	1.921077e-01
7.293176096332105e-03	1.911188e-01
7.302941721332105e-03	1.899569e-01
7.312707346332105e-03	1.885653e-01
7.322472971332105e-03	1.869896e-01
7.332238596332105e-03	1.851843e-01
7.342004221332105e-03	1.831803e-01
7.351769846332105e-03	1.809400e-01
7.361535471332105e-03	1.784796e-01
7.371301096332105e-03	1.757641e-01
7.381066721332105e-03	1.727922e-01
7.390832346332105e-03	1.695233e-01
7.400597971332105e-03	1.659294e-01
7.410363596332105e-03	1.619453e-01
7.420129221332105e-03	1.574897e-01
7.429894846332105e-03	1.524084e-01
7.439660471332105e-03	1.464935e-01
7.449426096332105e-03	1.392352e-01
7.459191721332105e-03	1.297156e-01
7.460412424457105e-03	1.282819e-01
7.462853830707105e-03	1.251948e-01
7.467736643207105e-03	1.177619e-01
7.475393628016179e-03	1.009443e-01
7.485159253016179e-03	6.462567e-02
7.494924878016179e-03	1.276595e-02
7.496145581141179e-03	5.584768e-03
7.496450756922429e-03	3.788721e-03
7.497061108484929e-03	1.949919e-04
7.498281811609929e-03	-7.000479e-03
7.498586987391179e-03	-8.802029e-03
7.499197338953679e-03	-1.240518e-02
7.500418042078679e-03	-1.961391e-02
7.502859448328679e-03	-3.402937e-02
7.507742260828679e-03	-6.260784e-02
7.515912429718270e-03	-1.047587e-01
7.525678054718271e-03	-1.311498e-01
7.526898757843271e-03	-1.325431e-01
7.529340164093270e-03	-1.354270e-01
7.534222976593271e-03	-1.407403e-01
7.543988601593271e-03	-1.489086e-01
7.553754226593270e-03	-1.552296e-01
7.563519851593270e-03	-1.604941e-01
7.564740554718271e-03	-1.610873e-01
7.567181960968270e-03	-1.622539e-01
7.572064773468270e-03	-1.644742e-01
7.581830398468270e-03	-1.685184e-01
7.591596023468271e-03	-1.721328e-01
7.601361648468270e-03	-1.753891e-01
7.611127273468270e-03	-1.783400e-01
7.620892898468270e-03	-1.810161e-01
7.630658523468271e-03	-1.834415e-01
7.640424148468270e-03	-1.856315e-01
7.650189773468270e-03	-1.875999e-01
7.659955398468270e-03	-1.893518e-01
7.669721023468271e-03	-1.908968e-01
7.679486648468271e-03	-1.922347e-01
7.689252273468270e-03	-1.933733e-01
7.699017898468270e-03	-1.943091e-01
7.708783523468271e-03	-1.950492e-01
7.718549148468271e-03	-1.955888e-01
7.728314773468270e-03	-1.959339e-01
7.738080398468270e-03	-1.960795e-01
7.747846023468271e-03	-1.960307e-01
7.757611648468271e-03	-1.957826e-01
7.767377273468270e-03	-1.953396e-01
7.777142898468270e-03	-1.946968e-01
7.786908523468270e-03	-1.938580e-01
7.796674148468271e-03	-1.928178e-01
7.806439773468270e-03	-1.915791e-01
7.816205398468270e-03	-1.901361e-01
7.825971023468270e-03	-1.884899e-01
7.835736648468270e-03	-1.866329e-01
7.845502273468270e-03	-1.845637e-01
7.855267898468271e-03	-1.822714e-01
7.865033523468271e-03	-1.797489e-01
7.874799148468271e-03	-1.769805e-01
7.884564773468270e-03	-1.739471e-01
7.894330398468270e-03	-1.706208e-01
7.904096023468270e-03	-1.669598e-01
7.913861648468270e-03	-1.629065e-01
7.923627273468270e-03	-1.583616e-01
7.933392898468271e-03	-1.531734e-01
7.934613601593270e-03	-1.524652e-01
7.937055007843270e-03	-1.510110e-01
7.941937820343270e-03	-1.478928e-01
7.950473242898617e-03	-1.416190e-01
7.959156935636810e-03	-1.336447e-01
7.968922560636809e-03	-1.207834e-01
7.978688185636809e-03	-9.891979e-02
7.988453810636809e-03	-6.051995e-02
7.998219435636810e-03	-7.276367e-03
8.007985060636810e-03	5.027549e-02
8.017750685636810e-03	1.019337e-01
8.027516310636810e-03	1.293238e-01
8.037281935636810e-03	1.399164e-01
8.047047560636809e-03	1.482864e-01
8.056813185636809e-03	1.541737e-01
8.066578810636809e-03	1.595525e-01
8.076344435636811e-03	1.638387e-01
8.086110060636810e-03	1.679144e-01
8.095875685636810e-03	1.713182e-01
8.105641310636810e-03	1.745907e-01
8.115406935636810e-03	1.773826e-01
8.125172560636809e-03	1.800561e-01
8.134938185636809e-03	1.823465e-01
8.144703810636809e-03	1.845227e-01
8.154469435636811e-03	1.863694e-01
8.164235060636810e-03	1.880961e-01
8.174000685636810e-03	1.895275e-01
8.183766310636810e-03	1.908296e-01
8.193531935636810e-03	1.918596e-01
8.203297560636810e-03	1.927502e-01
8.213063185636809e-03	1.933849e-01
8.222828810636809e-03	1.938703e-01
8.232594435636809e-03	1.941121e-01
8.242360060636810e-03	1.941954e-01
8.252125685636810e-03	1.940442e-01
8.261891310636810e-03	1.937262e-01
8.271656935636810e-03	1.931808e-01
8.281422560636810e-03	1.924608e-01
8.291188185636809e-03	1.915184e-01
8.300953810636809e-03	1.903933e-01
8.310719435636809e-03	1.890485e-01
8.320485060636811e-03	1.875118e-01
8.330250685636810e-03	1.857542e-01
8.340016310636810e-03	1.837925e-01
8.349781935636810e-03	1.816027e-01
8.359547560636810e-03	1.791896e-01
8.369313185636809e-03	1.765303e-01
8.379078810636809e-03	1.736148e-01
8.388844435636809e-03	1.704136e-01
8.398610060636811e-03	1.668938e-01
8.408375685636810e-03	1.630024e-01
8.418141310636810e-03	1.586598e-01
8.427906935636810e-03	1.537425e-01
8.437672560636810e-03	1.480381e-01
8.447438185636810e-03	1.411322e-01
8.457203810636809e-03	1.322580e-01
8.458424513761810e-03	1.309400e-01
8.460865920011809e-03	1.281263e-01
8.465748732511810e-03	1.214450e-01
8.474459376940946e-03	1.040754e-01
8.483463021596858e-03	7.332700e-02
8.493228646596858e-03	2.381276e-02
8.494449349721859e-03	1.671378e-02
8.496890755971858e-03	2.459792e-03
8.497501107534359e-03	-1.123279e-03
8.497653695424984e-03	-2.019322e-03
8.497958871206234e-03	-3.811928e-03
8.498569222768733e-03	-7.399884e-03
8.498721810659358e-03	-8.297713e-03
8.498759957632015e-03	-8.522433e-03
8.498836251577328e-03	-8.972039e-03
8.498988839467952e-03	-9.870621e-03
8.499294015249202e-03	-1.166719e-02
8.499904366811702e-03	-1.526331e-02
8.501125069936702e-03	-2.246001e-02
8.503566476186702e-03	-3.685405e-02
8.508449288686703e-03	-6.534898e-02
8.518214913686702e-03	-1.123897e-01
8.519435616811703e-03	-1.164532e-01
8.521877023061702e-03	-1.232083e-01
8.526759835561703e-03	-1.317494e-01
8.533187805845360e-03	-1.393498e-01
8.540788674634852e-03	-1.462255e-01
8.550554299634852e-03	-1.530465e-01
8.560319924634852e-03	-1.586472e-01
8.561540627759852e-03	-1.592708e-01
8.563982034009852e-03	-1.605005e-01
8.568864846509852e-03	-1.628226e-01
8.570085549634851e-03	-1.633806e-01
8.572526955884853e-03	-1.644699e-01
8.577409768384852e-03	-1.665440e-01
8.587175393384851e-03	-1.703502e-01
8.596941018384851e-03	-1.737656e-01
8.606706643384853e-03	-1.768572e-01
8.616472268384853e-03	-1.796560e-01
8.626237893384852e-03	-1.821956e-01
8.636003518384852e-03	-1.844923e-01
8.645769143384852e-03	-1.865622e-01
8.655534768384852e-03	-1.884125e-01
8.665300393384852e-03	-1.900523e-01
8.675066018384851e-03	-1.914843e-01
8.684831643384853e-03	-1.927141e-01
8.694597268384853e-03	-1.937421e-01
8.704362893384852e-03	-1.945717e-01
8.714128518384852e-03	-1.952023e-01
8.723894143384852e-03	-1.956361e-01
8.733659768384852e-03	-1.958721e-01
8.743425393384852e-03	-1.959119e-01
8.753191018384851e-03	-1.957540e-01
8.762956643384851e-03	-1.953995e-01
8.772722268384853e-03	-1.948470e-01
8.782487893384852e-03	-1.940970e-01
8.792253518384852e-03	-1.931477e-01
8.802019143384852e-03	-1.919989e-01
8.811784768384852e-03	-1.906480e-01
8.821550393384852e-03	-1.890935e-01
8.831316018384851e-03	-1.873316e-01
8.841081643384851e-03	-1.853582e-01
8.850847268384853e-03	-1.831665e-01
8.860612893384853e-03	-1.807484e-01
8.870378518384852e-03	-1.780911e-01
8.880144143384852e-03	-1.751782e-01
8.889909768384852e-03	-1.719853e-01
8.899675393384852e-03	-1.684782e-01
8.909441018384852e-03	-1.646034e-01
8.919206643384851e-03	-1.602876e-01
8.928972268384853e-03	-1.554072e-01
8.930192971509852e-03	-1.547471e-01
8.932634377759851e-03	-1.533922e-01
8.937517190259852e-03	-1.505020e-01
8.938737893384853e-03	-1.497395e-01
8.941179299634852e-03	-1.481677e-01
8.946062112134851e-03	-1.447698e-01
8.955827737134853e-03	-1.366768e-01
8.965593362134852e-03	-1.254322e-01
8.975358987134852e-03	-1.073292e-01
8.985124612134852e-03	-7.474323e-02
8.994890237134852e-03	-2.526587e-02
9.004655862134852e-03	3.193041e-02
9.005876565259852e-03	3.914423e-02
9.008317971509852e-03	5.350481e-02
9.013200784009853e-03	8.123498e-02
9.022966409009852e-03	1.203465e-01
9.024187112134851e-03	1.230668e-01
9.026628518384852e-03	1.277119e-01
9.031511330884852e-03	1.343875e-01
9.041276955884851e-03	1.439878e-01
9.051042580884853e-03	1.510130e-01
9.060808205884853e-03	1.567181e-01
9.070573830884852e-03	1.615408e-01
9.080339455884852e-03	1.657641e-01
9.090105080884852e-03	1.695149e-01
9.099870705884852e-03	1.728799e-01
9.109636330884852e-03	1.759226e-01
9.119401955884851e-03	1.786797e-01
9.129167580884851e-03	1.811752e-01
9.138933205884853e-03	1.834296e-01
9.148698830884852e-03	1.854559e-01
9.158464455884852e-03	1.872617e-01
9.168230080884852e-03	1.888569e-01
9.177995705884852e-03	1.902416e-01
9.187761330884852e-03	1.914247e-01
9.197526955884851e-03	1.924022e-01
9.207292580884851e-03	1.931828e-01
9.217058205884853e-03	1.937596e-01
9.226823830884853e-03	1.941418e-01
9.236589455884852e-03	1.943208e-01
9.246355080884852e-03	1.943061e-01
9.256120705884852e-03	1.940880e-01
9.265886330884852e-03	1.936760e-01
9.275651955884852e-03	1.930599e-01
9.285417580884851e-03	1.922490e-01
9.295183205884853e-03	1.912321e-01
9.304948830884853e-03	1.900182e-01
9.314714455884852e-03	1.885950e-01
9.324480080884852e-03	1.869701e-01
9.334245705884852e-03	1.851294e-01
9.344011330884852e-03	1.830777e-01
9.353776955884852e-03	1.807976e-01
9.363542580884851e-03	1.782890e-01
9.373308205884851e-03	1.755276e-01
9.383073830884853e-03	1.725033e-01
9.392839455884852e-03	1.691781e-01
9.402605080884852e-03	1.655204e-01
9.412370705884852e-03	1.614597e-01
9.422136330884852e-03	1.569110e-01
9.431901955884852e-03	1.517039e-01
9.441667580884851e-03	1.456107e-01
9.451433205884851e-03	1.380607e-01
9.452653909009852e-03	1.369710e-01
9.455095315259851e-03	1.346865e-01
9.459978127759852e-03	1.294706e-01
9.461198830884853e-03	1.279990e-01
9.463640237134852e-03	1.248557e-01
9.468523049634851e-03	1.172713e-01
9.475397142641744e-03	1.022252e-01
9.485162767641744e-03	6.657320e-02
9.494928392641743e-03	1.517715e-02
9.496454271547994e-03	6.214825e-03
9.497064623110493e-03	2.625942e-03
9.498285326235494e-03	-4.562187e-03
9.498590502016744e-03	-6.361252e-03
9.498666795962056e-03	-6.811034e-03
9.498819383852681e-03	-7.710637e-03
9.499124559633931e-03	-9.511029e-03
9.499200853579243e-03	-9.961599e-03
9.499353441469868e-03	-1.086249e-02
9.499658617251119e-03	-1.266339e-02
9.500268968813619e-03	-1.626643e-02
9.501489671938618e-03	-2.347480e-02
9.503931078188619e-03	-3.788107e-02
9.508813890688618e-03	-6.635928e-02
9.518579515688618e-03	-1.129724e-01
9.519800218813618e-03	-1.169431e-01
9.522241625063618e-03	-1.235390e-01
9.527124437563619e-03	-1.319241e-01
9.533530831902264e-03	-1.394375e-01
9.541085325414794e-03	-1.462329e-01
9.550850950414793e-03	-1.530348e-01
9.560616575414793e-03	-1.586200e-01
9.561837278539794e-03	-1.592427e-01
9.564278684789793e-03	-1.604700e-01
9.569161497289794e-03	-1.627871e-01
9.570382200414793e-03	-1.633442e-01
9.572823606664794e-03	-1.644313e-01
9.577706419164793e-03	-1.665015e-01
9.587472044164793e-03	-1.703007e-01
9.597237669164793e-03	-1.737099e-01
9.607003294164793e-03	-1.767958e-01
9.616768919164794e-03	-1.795891e-01
9.626534544164794e-03	-1.821235e-01
9.636300169164794e-03	-1.844150e-01
9.646065794164793e-03	-1.864797e-01
9.655831419164793e-03	-1.883248e-01
9.665597044164793e-03	-1.899595e-01
9.675362669164793e-03	-1.913863e-01
9.685128294164793e-03	-1.926108e-01
9.694893919164794e-03	-1.936334e-01
9.704659544164794e-03	-1.944575e-01
9.714425169164794e-03	-1.950826e-01
9.724190794164794e-03	-1.955108e-01
9.733956419164793e-03	-1.957412e-01
9.743722044164793e-03	-1.957752e-01
9.753487669164793e-03	-1.956114e-01
9.763253294164793e-03	-1.952510e-01
9.773018919164794e-03	-1.946925e-01
9.782784544164794e-03	-1.939364e-01
9.792550169164794e-03	-1.929808e-01
9.802315794164794e-03	-1.918256e-01
9.812081419164793e-03	-1.904681e-01
9.821847044164793e-03	-1.889068e-01
9.831612669164793e-03	-1.871378e-01
9.841378294164793e-03	-1.851570e-01
9.851143919164793e-03	-1.829575e-01
9.860909544164794e-03	-1.805309e-01
9.870675169164794e-03	-1.778644e-01
9.880440794164794e-03	-1.749413e-01
9.890206419164793e-03	-1.717366e-01
9.899972044164793e-03	-1.682158e-01
9.909737669164793e-03	-1.643242e-01
9.919503294164793e-03	-1.599870e-01
9.929268919164793e-03	-1.550777e-01
9.930489622289793e-03	-1.544130e-01
9.932931028539793e-03	-1.530481e-01
9.937813841039794e-03	-1.501361e-01
9.938990220132372e-03	-1.493956e-01
9.941342978317528e-03	-1.478708e-01
9.946048494687840e-03	-1.445810e-01
9.955459527428465e-03	-1.367905e-01
9.965225152428465e-03	-1.256426e-01
9.974990777428465e-03	-1.077664e-01
9.984756402428465e-03	-7.556634e-02
9.994522027428464e-03	-2.639046e-02
1.000000000000000e-02	5.566265e-03
Step Information: Rgain=29.4004K  (Step: 7/11)
0.000000000000000e+00	4.500007e-14
5.000000058430487e-08	1.293676e-09
1.000000011686097e-07	1.318538e-07
2.000000023372195e-07	4.605481e-06
4.000000046744390e-07	5.626812e-05
8.000000093488779e-07	3.308840e-04
1.600000018697756e-06	1.429461e-03
3.200000037395512e-06	5.482211e-03
6.400000074791024e-06	1.869568e-02
1.280000014958205e-05	5.517869e-02
2.006232159182619e-05	9.786661e-02
2.981523357906373e-05	1.270186e-01
3.958085857906372e-05	1.367225e-01
4.934648357906373e-05	1.449532e-01
5.911210857906373e-05	1.504773e-01
6.887773357906373e-05	1.557682e-01
7.864335857906373e-05	1.598577e-01
8.840898357906373e-05	1.638386e-01
9.817460857906373e-05	1.670792e-01
1.079402335790637e-04	1.702872e-01
1.177058585790637e-04	1.729401e-01
1.274714835790637e-04	1.755598e-01
1.372371085790637e-04	1.777327e-01
1.470027335790637e-04	1.798566e-01
1.567683585790637e-04	1.816012e-01
1.665339835790637e-04	1.832771e-01
1.762996085790637e-04	1.846186e-01
1.860652335790637e-04	1.858718e-01
1.958308585790637e-04	1.868221e-01
2.055964835790637e-04	1.876659e-01
2.153621085790637e-04	1.882301e-01
2.251277335790637e-04	1.886714e-01
2.348933585790637e-04	1.888510e-01
2.446589835790637e-04	1.888932e-01
2.544246085790637e-04	1.886878e-01
2.641902335790637e-04	1.883322e-01
2.739558585790637e-04	1.877399e-01
2.837214835790637e-04	1.869859e-01
2.934871085790638e-04	1.860035e-01
3.032527335790637e-04	1.848481e-01
3.130183585790637e-04	1.834694e-01
3.227839835790637e-04	1.819057e-01
3.325496085790637e-04	1.801194e-01
3.423152335790637e-04	1.781329e-01
3.520808585790638e-04	1.759176e-01
3.618464835790638e-04	1.734800e-01
3.716121085790637e-04	1.707950e-01
3.813777335790637e-04	1.678507e-01
3.911433585790637e-04	1.646165e-01
4.009089835790637e-04	1.610532e-01
4.106746085790637e-04	1.571049e-01
4.204402335790638e-04	1.526768e-01
4.302058585790637e-04	1.476292e-01
4.399714835790637e-04	1.416865e-01
4.497371085790637e-04	1.343740e-01
4.509578117040638e-04	1.333186e-01
4.533992179540638e-04	1.311153e-01
4.582820304540637e-04	1.260485e-01
4.680476554540637e-04	1.118624e-01
4.778132804540637e-04	8.582845e-02
4.875789054540637e-04	3.896930e-02
4.887996085790637e-04	3.140798e-02
4.912410148290638e-04	1.597976e-02
4.918513663915638e-04	1.201968e-02
4.930720695165637e-04	4.050503e-03
4.931102164892199e-04	3.799850e-03
4.931865104345325e-04	3.298387e-03
4.933390983251575e-04	2.293200e-03
4.933772452978138e-04	2.041604e-03
4.934535392431262e-04	1.538730e-03
4.936061271337513e-04	5.327257e-04
4.939113029150012e-04	-1.484158e-03
4.945216544775012e-04	-5.531421e-03
4.957423576025012e-04	-1.367325e-02
4.981837638525012e-04	-3.009062e-02
5.030665763525012e-04	-6.296751e-02
5.128322013525013e-04	-1.155179e-01
5.140529044775012e-04	-1.196417e-01
5.164943107275013e-04	-1.261428e-01
5.213771232275013e-04	-1.336848e-01
5.269212485611822e-04	-1.397770e-01
5.337899127948359e-04	-1.458891e-01
5.430366415759649e-04	-1.522446e-01
5.528022665759649e-04	-1.578100e-01
5.540229697009649e-04	-1.584387e-01
5.564643759509648e-04	-1.596702e-01
5.613471884509648e-04	-1.619910e-01
5.625678915759649e-04	-1.625475e-01
5.650092978259648e-04	-1.636367e-01
5.698921103259648e-04	-1.657126e-01
5.796577353259649e-04	-1.695309e-01
5.894233603259649e-04	-1.729694e-01
5.991889853259649e-04	-1.760939e-01
6.089546103259649e-04	-1.789358e-01
6.187202353259649e-04	-1.815274e-01
6.284858603259649e-04	-1.838853e-01
6.382514853259649e-04	-1.860246e-01
6.480171103259648e-04	-1.879527e-01
6.577827353259648e-04	-1.896779e-01
6.675483603259648e-04	-1.912033e-01
6.773139853259648e-04	-1.925333e-01
6.870796103259648e-04	-1.936690e-01
6.968452353259649e-04	-1.946129e-01
7.066108603259649e-04	-1.953648e-01
7.163764853259649e-04	-1.959264e-01
7.261421103259649e-04	-1.962969e-01
7.359077353259649e-04	-1.964773e-01
7.456733603259649e-04	-1.964669e-01
7.554389853259649e-04	-1.962661e-01
7.652046103259649e-04	-1.958744e-01
7.749702353259648e-04	-1.952919e-01
7.847358603259648e-04	-1.945177e-01
7.945014853259648e-04	-1.935518e-01
8.042671103259648e-04	-1.923928e-01
8.140327353259648e-04	-1.910400e-01
8.237983603259649e-04	-1.894913e-01
8.335639853259649e-04	-1.877443e-01
8.433296103259649e-04	-1.857952e-01
8.530952353259649e-04	-1.836393e-01
8.628608603259649e-04	-1.812692e-01
8.726264853259649e-04	-1.786751e-01
8.823921103259649e-04	-1.758429e-01
8.921577353259649e-04	-1.727530e-01
9.019233603259648e-04	-1.693770e-01
9.116889853259648e-04	-1.656738e-01
9.214546103259648e-04	-1.615786e-01
9.312202353259648e-04	-1.569993e-01
9.324409384509648e-04	-1.563853e-01
9.348823447009649e-04	-1.551291e-01
9.354926962634649e-04	-1.548062e-01
9.367133993884648e-04	-1.541540e-01
9.391548056384649e-04	-1.528105e-01
9.440376181384649e-04	-1.499585e-01
9.452255844979331e-04	-1.492261e-01
9.476015172168695e-04	-1.477197e-01
9.523533826547424e-04	-1.444751e-01
9.618571135304882e-04	-1.367974e-01
9.716227385304882e-04	-1.259057e-01
9.813883635304882e-04	-1.081420e-01
9.911539885304882e-04	-7.417221e-02
1.000919613530488e-03	-1.925774e-02
1.010685238530488e-03	4.627745e-02
1.011905941655488e-03	5.455051e-02
1.014347347905488e-03	7.084189e-02
1.019230160405488e-03	9.947697e-02
1.028995785405488e-03	1.274744e-01
1.038761410405488e-03	1.370807e-01
1.048527035405488e-03	1.452582e-01
1.058292660405488e-03	1.507647e-01
1.068058285405488e-03	1.560474e-01
1.077823910405488e-03	1.601354e-01
1.087589535405488e-03	1.641216e-01
1.097355160405488e-03	1.673685e-01
1.107120785405488e-03	1.705879e-01
1.116886410405488e-03	1.732513e-01
1.126652035405488e-03	1.758861e-01
1.136417660405488e-03	1.780723e-01
1.146183285405488e-03	1.802141e-01
1.155948910405488e-03	1.819741e-01
1.165714535405488e-03	1.836698e-01
1.175480160405488e-03	1.850282e-01
1.185245785405488e-03	1.863027e-01
1.195011410405488e-03	1.872711e-01
1.204777035405488e-03	1.881373e-01
1.214542660405488e-03	1.887205e-01
1.224308285405488e-03	1.891852e-01
1.234073910405488e-03	1.893847e-01
1.243839535405488e-03	1.894511e-01
1.253605160405488e-03	1.892662e-01
1.263370785405488e-03	1.889355e-01
1.273136410405488e-03	1.883646e-01
1.282902035405488e-03	1.876363e-01
1.292667660405488e-03	1.866762e-01
1.302433285405488e-03	1.855476e-01
1.312198910405488e-03	1.841926e-01
1.321964535405488e-03	1.826572e-01
1.331730160405488e-03	1.808966e-01
1.341495785405488e-03	1.789410e-01
1.351261410405488e-03	1.767547e-01
1.361027035405488e-03	1.743523e-01
1.370792660405488e-03	1.717021e-01
1.380558285405488e-03	1.688007e-01
1.390323910405488e-03	1.656120e-01
1.400089535405488e-03	1.621068e-01
1.409855160405488e-03	1.582260e-01
1.419620785405488e-03	1.538892e-01
1.429386410405488e-03	1.489624e-01
1.439152035405488e-03	1.432046e-01
1.448917660405488e-03	1.361922e-01
1.450138363530488e-03	1.351891e-01
1.452579769780488e-03	1.330999e-01
1.457462582280488e-03	1.283449e-01
1.467228207280488e-03	1.153714e-01
1.476993832280488e-03	9.230786e-02
1.486759457280488e-03	4.933626e-02
1.487980160405488e-03	4.215540e-02
1.490421566655488e-03	2.736618e-02
1.491031918217988e-03	2.352308e-02
1.492252621342988e-03	1.576431e-02
1.494694027592988e-03	-1.142751e-04
1.494770321538301e-03	-6.177922e-04
1.494922909428926e-03	-1.625406e-03
1.495228085210176e-03	-3.643561e-03
1.495838436772676e-03	-7.693415e-03
1.497059139897676e-03	-1.583971e-02
1.499500546147676e-03	-3.226018e-02
1.504383358647676e-03	-6.508262e-02
1.514148983647676e-03	-1.164618e-01
1.515325713623274e-03	-1.202361e-01
1.517679173574470e-03	-1.262333e-01
1.522386093476861e-03	-1.333971e-01
1.528009866823093e-03	-1.395719e-01
1.534819420031026e-03	-1.455952e-01
1.544425492305430e-03	-1.521602e-01
1.554191117305430e-03	-1.576680e-01
1.555411820430430e-03	-1.582932e-01
1.557853226680430e-03	-1.595152e-01
1.558463578242930e-03	-1.598114e-01
1.559684281367930e-03	-1.603984e-01
1.559989457149180e-03	-1.605430e-01
1.560599808711680e-03	-1.608300e-01
1.561820511836680e-03	-1.613978e-01
1.564261918086680e-03	-1.625082e-01
1.569144730586680e-03	-1.646242e-01
1.578910355586680e-03	-1.685061e-01
1.588675980586680e-03	-1.719946e-01
1.598441605586680e-03	-1.751584e-01
1.608207230586680e-03	-1.780360e-01
1.617972855586680e-03	-1.806584e-01
1.627738480586680e-03	-1.830419e-01
1.637504105586680e-03	-1.852060e-01
1.647269730586680e-03	-1.871554e-01
1.657035355586680e-03	-1.889019e-01
1.666800980586680e-03	-1.904458e-01
1.676566605586680e-03	-1.917951e-01
1.686332230586680e-03	-1.929476e-01
1.696097855586680e-03	-1.939093e-01
1.705863480586680e-03	-1.946770e-01
1.715629105586680e-03	-1.952553e-01
1.725394730586680e-03	-1.956407e-01
1.735160355586680e-03	-1.958371e-01
1.744925980586680e-03	-1.958407e-01
1.754691605586680e-03	-1.956553e-01
1.764457230586680e-03	-1.952769e-01
1.774222855586680e-03	-1.947089e-01
1.783988480586680e-03	-1.939475e-01
1.793754105586680e-03	-1.929953e-01
1.803519730586680e-03	-1.918483e-01
1.813285355586680e-03	-1.905084e-01
1.823050980586680e-03	-1.889707e-01
1.832816605586680e-03	-1.872357e-01
1.842582230586680e-03	-1.852968e-01
1.852347855586680e-03	-1.831517e-01
1.862113480586680e-03	-1.807906e-01
1.871879105586680e-03	-1.782060e-01
1.881644730586680e-03	-1.753814e-01
1.891410355586680e-03	-1.722994e-01
1.901175980586680e-03	-1.689292e-01
1.910941605586680e-03	-1.652298e-01
1.920707230586680e-03	-1.611395e-01
1.930472855586680e-03	-1.565628e-01
1.931693558711680e-03	-1.559483e-01
1.934134964961680e-03	-1.546916e-01
1.939017777461680e-03	-1.520260e-01
1.940238480586680e-03	-1.513263e-01
1.942679886836680e-03	-1.498884e-01
1.947562699336680e-03	-1.468091e-01
1.955471487064990e-03	-1.411159e-01
1.965237112064990e-03	-1.321839e-01
1.975002737064990e-03	-1.190978e-01
1.984768362064990e-03	-9.571246e-02
1.994533987064990e-03	-5.227429e-02
2.004299612064990e-03	9.090908e-03
2.005520315189990e-03	1.741900e-02
2.007961721439990e-03	3.407203e-02
2.012844533939990e-03	6.692994e-02
2.022610158939990e-03	1.154372e-01
2.023830862064990e-03	1.188140e-01
2.026272268314990e-03	1.241852e-01
2.031155080814990e-03	1.309089e-01
2.040920705814990e-03	1.404090e-01
2.050686330814990e-03	1.473381e-01
2.060451955814990e-03	1.529374e-01
2.070217580814990e-03	1.576836e-01
2.079983205814990e-03	1.618290e-01
2.089748830814990e-03	1.655224e-01
2.099514455814990e-03	1.688285e-01
2.109280080814990e-03	1.718278e-01
2.119045705814990e-03	1.745394e-01
2.128811330814990e-03	1.770021e-01
2.138576955814990e-03	1.792216e-01
2.148342580814990e-03	1.812241e-01
2.158108205814990e-03	1.830042e-01
2.167873830814990e-03	1.845834e-01
2.177639455814990e-03	1.859504e-01
2.187405080814990e-03	1.871249e-01
2.197170705814990e-03	1.880924e-01
2.206936330814990e-03	1.888712e-01
2.216701955814990e-03	1.894454e-01
2.226467580814990e-03	1.898327e-01
2.236233205814990e-03	1.900162e-01
2.245998830814990e-03	1.900133e-01
2.255764455814990e-03	1.898067e-01
2.265530080814990e-03	1.894135e-01
2.275295705814990e-03	1.888160e-01
2.285061330814990e-03	1.880308e-01
2.294826955814990e-03	1.870401e-01
2.304592580814990e-03	1.858592e-01
2.314358205814990e-03	1.844700e-01
2.324123830814990e-03	1.828861e-01
2.333889455814990e-03	1.810878e-01
2.343655080814990e-03	1.790862e-01
2.353420705814990e-03	1.768586e-01
2.363186330814990e-03	1.744108e-01
2.372951955814990e-03	1.717144e-01
2.382717580814990e-03	1.687653e-01
2.392483205814990e-03	1.655224e-01
2.402248830814990e-03	1.619611e-01
2.412014455814990e-03	1.580101e-01
2.421780080814990e-03	1.535943e-01
2.431545705814990e-03	1.485492e-01
2.441311330814990e-03	1.426658e-01
2.451076955814990e-03	1.354048e-01
2.452297658939990e-03	1.343601e-01
2.454739065189990e-03	1.321708e-01
2.459621877689990e-03	1.271782e-01
2.469387502689990e-03	1.132652e-01
2.479153127689990e-03	8.791123e-02
2.488918752689990e-03	4.185557e-02
2.490139455814990e-03	3.436330e-02
2.492580862064990e-03	1.904893e-02
2.497463674564990e-03	-1.297169e-02
2.497616262455615e-03	-1.399624e-02
2.497921438236865e-03	-1.604661e-02
2.498531789799365e-03	-2.015461e-02
2.499752492924365e-03	-2.839419e-02
2.502193899174365e-03	-4.491437e-02
2.507076711674365e-03	-7.735094e-02
2.515344689174503e-03	-1.180076e-01
2.516481992469389e-03	-1.212272e-01
2.518756599059162e-03	-1.264832e-01
2.523305812238706e-03	-1.332369e-01
2.529380120673444e-03	-1.398431e-01
2.536392693514488e-03	-1.458222e-01
2.546158318514488e-03	-1.524092e-01
2.555923943514488e-03	-1.578325e-01
2.557144646639488e-03	-1.584430e-01
2.559586052889487e-03	-1.596440e-01
2.564468865389488e-03	-1.619142e-01
2.565689568514488e-03	-1.624579e-01
2.568130974764488e-03	-1.635237e-01
2.573013787264488e-03	-1.655567e-01
2.582779412264488e-03	-1.692992e-01
2.592545037264487e-03	-1.726710e-01
2.602310662264488e-03	-1.757340e-01
2.612076287264487e-03	-1.785181e-01
2.621841912264488e-03	-1.810537e-01
2.631607537264487e-03	-1.833569e-01
2.641373162264488e-03	-1.854418e-01
2.651138787264487e-03	-1.873158e-01
2.660904412264488e-03	-1.889865e-01
2.670670037264487e-03	-1.904572e-01
2.680435662264488e-03	-1.917318e-01
2.690201287264488e-03	-1.928117e-01
2.699966912264488e-03	-1.936989e-01
2.709732537264488e-03	-1.943938e-01
2.719498162264488e-03	-1.948973e-01
2.729263787264488e-03	-1.952093e-01
2.739029412264488e-03	-1.953303e-01
2.748795037264488e-03	-1.952599e-01
2.758560662264488e-03	-1.949983e-01
2.768326287264488e-03	-1.945450e-01
2.778091912264488e-03	-1.939000e-01
2.787857537264488e-03	-1.930626e-01
2.797623162264488e-03	-1.920322e-01
2.807388787264488e-03	-1.908076e-01
2.817154412264488e-03	-1.893875e-01
2.826920037264488e-03	-1.877696e-01
2.836685662264487e-03	-1.859511e-01
2.846451287264488e-03	-1.839274e-01
2.856216912264487e-03	-1.816928e-01
2.865982537264488e-03	-1.792387e-01
2.875748162264487e-03	-1.765534e-01
2.885513787264488e-03	-1.736205e-01
2.895279412264487e-03	-1.704165e-01
2.905045037264488e-03	-1.669077e-01
2.914810662264487e-03	-1.630417e-01
2.924576287264488e-03	-1.587459e-01
2.934341912264488e-03	-1.538953e-01
2.935562615389488e-03	-1.532382e-01
2.938004021639488e-03	-1.518920e-01
2.942886834139488e-03	-1.490255e-01
2.944107537264488e-03	-1.482696e-01
2.946548943514488e-03	-1.467120e-01
2.951431756014488e-03	-1.433433e-01
2.961197381014488e-03	-1.353028e-01
2.970963006014488e-03	-1.240173e-01
2.980728631014488e-03	-1.052493e-01
2.990494256014488e-03	-6.935920e-02
3.000259881014488e-03	-1.290072e-02
3.010025506014488e-03	5.286055e-02
3.019791131014487e-03	1.082681e-01
3.021011834139488e-03	1.129388e-01
3.023453240389488e-03	1.203456e-01
3.028336052889487e-03	1.286254e-01
3.038101677889488e-03	1.388794e-01
3.047867302889487e-03	1.463021e-01
3.057632927889488e-03	1.520893e-01
3.067398552889487e-03	1.570581e-01
3.077164177889488e-03	1.612909e-01
3.086929802889488e-03	1.650910e-01
3.096695427889488e-03	1.684636e-01
3.106461052889488e-03	1.715493e-01
3.116226677889488e-03	1.743129e-01
3.125992302889488e-03	1.768502e-01
3.135757927889488e-03	1.791179e-01
3.145523552889488e-03	1.811874e-01
3.155289177889488e-03	1.830147e-01
3.165054802889488e-03	1.846566e-01
3.174820427889488e-03	1.860716e-01
3.184586052889488e-03	1.873065e-01
3.194351677889488e-03	1.883230e-01
3.204117302889488e-03	1.891611e-01
3.213882927889488e-03	1.897856e-01
3.223648552889488e-03	1.902315e-01
3.233414177889487e-03	1.904668e-01
3.243179802889488e-03	1.905222e-01
3.252945427889487e-03	1.903689e-01
3.262711052889488e-03	1.900340e-01
3.272476677889487e-03	1.894913e-01
3.282242302889488e-03	1.887649e-01
3.292007927889487e-03	1.878306e-01
3.301773552889488e-03	1.867096e-01
3.311539177889487e-03	1.853791e-01
3.321304802889488e-03	1.838570e-01
3.331070427889488e-03	1.821210e-01
3.340836052889488e-03	1.801849e-01
3.350601677889488e-03	1.780252e-01
3.360367302889488e-03	1.756499e-01
3.370132927889488e-03	1.730315e-01
3.379898552889488e-03	1.701682e-01
3.389664177889488e-03	1.670222e-01
3.399429802889488e-03	1.635734e-01
3.409195427889488e-03	1.597587e-01
3.418961052889488e-03	1.555152e-01
3.428726677889488e-03	1.507110e-01
3.438492302889488e-03	1.451568e-01
3.448257927889488e-03	1.384417e-01
3.458023552889488e-03	1.298289e-01
3.467789177889488e-03	1.173724e-01
3.477554802889488e-03	9.554595e-02
3.487320427889488e-03	5.443369e-02
3.488541131014488e-03	4.745397e-02
3.490982537264488e-03	3.301008e-02
3.495865349764488e-03	1.975409e-03
3.497086052889487e-03	-6.142664e-03
3.497391228670738e-03	-8.176542e-03
3.498001580233237e-03	-1.225090e-02
3.499222283358238e-03	-2.043681e-02
3.501663689608238e-03	-3.690420e-02
3.506546502108238e-03	-6.961897e-02
3.515246159503235e-03	-1.151745e-01
3.516416560079421e-03	-1.189631e-01
3.518757361231793e-03	-1.250443e-01
3.523438963536537e-03	-1.323799e-01
3.529113959762196e-03	-1.386951e-01
3.535960839162152e-03	-1.448081e-01
3.545522210163480e-03	-1.513723e-01
3.555287835163479e-03	-1.568997e-01
3.556508538288480e-03	-1.575268e-01
3.558949944538480e-03	-1.587520e-01
3.559560296100979e-03	-1.590490e-01
3.560780999225980e-03	-1.596379e-01
3.563222405475980e-03	-1.607840e-01
3.568105217975980e-03	-1.629579e-01
3.569325921100980e-03	-1.634827e-01
3.571767327350980e-03	-1.645081e-01
3.576650139850980e-03	-1.664672e-01
3.586415764850979e-03	-1.700828e-01
3.596181389850980e-03	-1.733470e-01
3.605947014850979e-03	-1.763151e-01
3.615712639850980e-03	-1.790127e-01
3.625478264850979e-03	-1.814681e-01
3.635243889850980e-03	-1.836945e-01
3.645009514850979e-03	-1.857057e-01
3.654775139850980e-03	-1.875073e-01
3.664540764850979e-03	-1.891073e-01
3.674306389850980e-03	-1.905075e-01
3.684072014850979e-03	-1.917126e-01
3.693837639850980e-03	-1.927226e-01
3.703603264850979e-03	-1.935404e-01
3.713368889850980e-03	-1.941652e-01
3.723134514850979e-03	-1.945991e-01
3.732900139850980e-03	-1.948407e-01
3.742665764850979e-03	-1.948915e-01
3.752431389850980e-03	-1.947501e-01
3.762197014850979e-03	-1.944177e-01
3.771962639850980e-03	-1.938928e-01
3.781728264850980e-03	-1.931761e-01
3.791493889850980e-03	-1.922660e-01
3.801259514850980e-03	-1.911627e-01
3.811025139850980e-03	-1.898640e-01
3.820790764850980e-03	-1.883690e-01
3.830556389850980e-03	-1.866744e-01
3.840322014850980e-03	-1.847774e-01
3.850087639850979e-03	-1.826724e-01
3.859853264850980e-03	-1.803530e-01
3.869618889850979e-03	-1.778090e-01
3.879384514850980e-03	-1.750274e-01
3.889150139850979e-03	-1.719884e-01
3.898915764850980e-03	-1.686651e-01
3.908681389850979e-03	-1.650174e-01
3.918447014850979e-03	-1.609832e-01
3.928212639850980e-03	-1.564738e-01
3.929433342975980e-03	-1.558694e-01
3.931874749225979e-03	-1.546329e-01
3.936757561725980e-03	-1.520124e-01
3.937978264850980e-03	-1.513254e-01
3.940419671100979e-03	-1.499142e-01
3.945302483600980e-03	-1.468968e-01
3.953417451863053e-03	-1.411793e-01
3.963183076863054e-03	-1.324763e-01
3.972948701863053e-03	-1.198873e-01
3.982714326863053e-03	-9.775588e-02
3.992479951863053e-03	-5.613835e-02
4.002245576863054e-03	4.189294e-03
4.003466279988053e-03	1.249667e-02
4.005907686238053e-03	2.912676e-02
4.010790498738054e-03	6.213500e-02
4.020556123738053e-03	1.133530e-01
4.021776826863053e-03	1.172078e-01
4.024218233113054e-03	1.232908e-01
4.029101045613053e-03	1.305075e-01
4.038866670613053e-03	1.402829e-01
4.048632295613053e-03	1.473953e-01
4.058397920613053e-03	1.530708e-01
4.068163545613054e-03	1.578997e-01
4.077929170613053e-03	1.620873e-01
4.087694795613053e-03	1.658358e-01
4.097460420613053e-03	1.691749e-01
4.107226045613054e-03	1.722189e-01
4.116991670613053e-03	1.749612e-01
4.126757295613053e-03	1.774643e-01
4.136522920613053e-03	1.797143e-01
4.146288545613054e-03	1.817558e-01
4.156054170613053e-03	1.835672e-01
4.165819795613053e-03	1.851849e-01
4.175585420613053e-03	1.865848e-01
4.185351045613054e-03	1.877981e-01
4.195116670613053e-03	1.887999e-01
4.204882295613053e-03	1.896181e-01
4.214647920613053e-03	1.902281e-01
4.224413545613054e-03	1.906555e-01
4.234179170613053e-03	1.908763e-01
4.243944795613053e-03	1.909143e-01
4.253710420613053e-03	1.907465e-01
4.263476045613053e-03	1.903952e-01
4.273241670613053e-03	1.898381e-01
4.283007295613053e-03	1.890961e-01
4.292772920613053e-03	1.881476e-01
4.302538545613053e-03	1.870117e-01
4.312304170613054e-03	1.856671e-01
4.322069795613053e-03	1.841307e-01
4.331835420613053e-03	1.823809e-01
4.341601045613053e-03	1.804310e-01
4.351366670613054e-03	1.782576e-01
4.361132295613053e-03	1.758689e-01
4.370897920613053e-03	1.732366e-01
4.380663545613053e-03	1.703598e-01
4.390429170613054e-03	1.671993e-01
4.400194795613053e-03	1.637359e-01
4.409960420613053e-03	1.599047e-01
4.419726045613053e-03	1.556433e-01
4.429491670613054e-03	1.508096e-01
4.439257295613053e-03	1.452325e-01
4.449022920613053e-03	1.384784e-01
4.458788545613053e-03	1.297893e-01
4.460009248738054e-03	1.284946e-01
4.462450654988053e-03	1.257318e-01
4.467333467488053e-03	1.191398e-01
4.475486104931883e-03	1.030582e-01
4.485251729931883e-03	6.759984e-02
4.495017354931884e-03	1.166770e-02
4.496238058056884e-03	3.508482e-03
4.496543233838133e-03	1.465405e-03
4.497153585400634e-03	-2.626739e-03
4.497306173291258e-03	-3.651938e-03
4.497611349072508e-03	-5.703583e-03
4.497687643017821e-03	-6.217636e-03
4.497840230908446e-03	-7.246072e-03
4.498145406689696e-03	-9.302733e-03
4.498755758252196e-03	-1.342267e-02
4.499976461377196e-03	-2.168540e-02
4.502417867627196e-03	-3.825576e-02
4.507300680127196e-03	-7.101437e-02
4.515573562617108e-03	-1.144547e-01
4.516713231299316e-03	-1.182056e-01
4.518992568663733e-03	-1.242764e-01
4.523551243392566e-03	-1.316527e-01
4.529183777321973e-03	-1.380395e-01
4.535946038030070e-03	-1.441791e-01
4.545259838206503e-03	-1.506678e-01
4.555025463206503e-03	-1.562702e-01
4.556246166331502e-03	-1.569045e-01
4.558687572581503e-03	-1.581433e-01
4.563570385081503e-03	-1.604805e-01
4.573336010081502e-03	-1.647070e-01
4.583101635081502e-03	-1.684768e-01
4.592867260081503e-03	-1.718616e-01
4.602632885081503e-03	-1.749399e-01
4.612398510081502e-03	-1.777287e-01
4.622164135081502e-03	-1.802765e-01
4.631929760081502e-03	-1.825794e-01
4.641695385081503e-03	-1.846727e-01
4.651461010081502e-03	-1.865433e-01
4.661226635081502e-03	-1.882199e-01
4.670992260081502e-03	-1.896850e-01
4.680757885081503e-03	-1.909637e-01
4.690523510081502e-03	-1.920366e-01
4.700289135081502e-03	-1.929264e-01
4.710054760081502e-03	-1.936131e-01
4.719820385081503e-03	-1.941178e-01
4.729586010081503e-03	-1.944207e-01
4.739351635081502e-03	-1.945417e-01
4.749117260081502e-03	-1.944614e-01
4.758882885081503e-03	-1.941987e-01
4.768648510081503e-03	-1.937347e-01
4.778414135081502e-03	-1.930873e-01
4.788179760081502e-03	-1.922383e-01
4.797945385081503e-03	-1.912041e-01
4.807711010081503e-03	-1.899668e-01
4.817476635081502e-03	-1.885412e-01
4.827242260081502e-03	-1.869092e-01
4.837007885081503e-03	-1.850829e-01
4.846773510081503e-03	-1.830430e-01
4.856539135081502e-03	-1.807974e-01
4.866304760081502e-03	-1.783236e-01
4.876070385081502e-03	-1.756224e-01
4.885836010081503e-03	-1.726639e-01
4.895601635081502e-03	-1.694354e-01
4.905367260081502e-03	-1.658898e-01
4.915132885081502e-03	-1.619851e-01
4.924898510081503e-03	-1.576304e-01
4.926119213206502e-03	-1.570496e-01
4.928560619456503e-03	-1.558615e-01
4.933443431956503e-03	-1.533534e-01
4.934664135081502e-03	-1.526962e-01
4.937105541331502e-03	-1.513493e-01
4.941988353831503e-03	-1.484816e-01
4.950748217734812e-03	-1.426344e-01
4.959636456414461e-03	-1.353634e-01
4.969402081414461e-03	-1.243305e-01
4.979167706414461e-03	-1.062056e-01
4.988933331414461e-03	-7.153831e-02
4.998698956414461e-03	-1.605649e-02
5.008464581414461e-03	4.957777e-02
5.009685284539461e-03	5.783775e-02
5.012126690789461e-03	7.407011e-02
5.017009503289461e-03	1.022037e-01
5.026775128289461e-03	1.290620e-01
5.036540753289461e-03	1.384761e-01
5.046306378289461e-03	1.466248e-01
5.056072003289461e-03	1.520856e-01
5.065837628289461e-03	1.573830e-01
5.075603253289461e-03	1.614557e-01
5.085368878289461e-03	1.654618e-01
5.095134503289461e-03	1.687110e-01
5.104900128289461e-03	1.719569e-01
5.114665753289461e-03	1.746310e-01
5.124431378289461e-03	1.772963e-01
5.134197003289461e-03	1.794995e-01
5.143962628289461e-03	1.816749e-01
5.153728253289461e-03	1.834568e-01
5.163493878289461e-03	1.851888e-01
5.173259503289461e-03	1.865733e-01
5.183025128289461e-03	1.878863e-01
5.192790753289461e-03	1.888845e-01
5.202556378289461e-03	1.897915e-01
5.212322003289461e-03	1.904078e-01
5.222087628289461e-03	1.909151e-01
5.231853253289461e-03	1.911506e-01
5.241618878289461e-03	1.912617e-01
5.251384503289461e-03	1.911157e-01
5.261150128289461e-03	1.908317e-01
5.270915753289461e-03	1.903026e-01
5.280681378289461e-03	1.896234e-01
5.290447003289461e-03	1.887085e-01
5.300212628289461e-03	1.876321e-01
5.309978253289461e-03	1.863264e-01
5.319743878289461e-03	1.848475e-01
5.329509503289461e-03	1.831421e-01
5.339275128289461e-03	1.812494e-01
5.349040753289461e-03	1.791271e-01
5.358806378289461e-03	1.767982e-01
5.368572003289461e-03	1.742263e-01
5.378337628289461e-03	1.714168e-01
5.388103253289461e-03	1.683319e-01
5.397868878289461e-03	1.649533e-01
5.407634503289461e-03	1.612266e-01
5.417400128289461e-03	1.570908e-01
5.427165753289461e-03	1.524351e-01
5.436931378289461e-03	1.470880e-01
5.446697003289461e-03	1.407056e-01
5.456462628289461e-03	1.326893e-01
5.457683331414461e-03	1.315162e-01
5.460124737664461e-03	1.290214e-01
5.460735089226961e-03	1.283531e-01
5.461955792351961e-03	1.269803e-01
5.464397198601961e-03	1.240057e-01
5.469280011101961e-03	1.168943e-01
5.475667575401373e-03	1.038848e-01
5.485433200401373e-03	6.880178e-02
5.495198825401373e-03	1.330535e-02
5.496419528526373e-03	5.161794e-03
5.498860934776373e-03	-1.122140e-02
5.498937228721685e-03	-1.173680e-02
5.499089816612310e-03	-1.276769e-02
5.499394992393561e-03	-1.483019e-02
5.500005343956060e-03	-1.896073e-02
5.501226047081061e-03	-2.723807e-02
5.503667453331060e-03	-4.381257e-02
5.508550265831060e-03	-7.632039e-02
5.516645475530412e-03	-1.166407e-01
5.517769176472427e-03	-1.199321e-01
5.520016578356454e-03	-1.253105e-01
5.524511382124508e-03	-1.321637e-01
5.530445515684356e-03	-1.387178e-01
5.537336558860403e-03	-1.446961e-01
5.547102183860403e-03	-1.513629e-01
5.556867808860402e-03	-1.568348e-01
5.558088511985402e-03	-1.574488e-01
5.560529918235402e-03	-1.586575e-01
5.561140269797902e-03	-1.589518e-01
5.562360972922903e-03	-1.595347e-01
5.564802379172902e-03	-1.606684e-01
5.569685191672902e-03	-1.628197e-01
5.570905894797903e-03	-1.633392e-01
5.573347301047902e-03	-1.643543e-01
5.578230113547902e-03	-1.662944e-01
5.587995738547903e-03	-1.698756e-01
5.597761363547902e-03	-1.731088e-01
5.607526988547902e-03	-1.760480e-01
5.617292613547902e-03	-1.787179e-01
5.627058238547903e-03	-1.811463e-01
5.636823863547902e-03	-1.833460e-01
5.646589488547902e-03	-1.853306e-01
5.656355113547902e-03	-1.871055e-01
5.666120738547903e-03	-1.886785e-01
5.675886363547902e-03	-1.900515e-01
5.685651988547902e-03	-1.912290e-01
5.695417613547902e-03	-1.922110e-01
5.705183238547903e-03	-1.930006e-01
5.714948863547903e-03	-1.935967e-01
5.724714488547902e-03	-1.940015e-01
5.734480113547902e-03	-1.942136e-01
5.744245738547902e-03	-1.942344e-01
5.754011363547903e-03	-1.940628e-01
5.763776988547902e-03	-1.936996e-01
5.773542613547902e-03	-1.931435e-01
5.783308238547902e-03	-1.923951e-01
5.793073863547903e-03	-1.914527e-01
5.802839488547902e-03	-1.903165e-01
5.812605113547902e-03	-1.889840e-01
5.822370738547902e-03	-1.874542e-01
5.832136363547903e-03	-1.857237e-01
5.841901988547902e-03	-1.837892e-01
5.851667613547902e-03	-1.816447e-01
5.861433238547902e-03	-1.792833e-01
5.871198863547903e-03	-1.766938e-01
5.880964488547902e-03	-1.738619e-01
5.890730113547902e-03	-1.707662e-01
5.900495738547902e-03	-1.673774e-01
5.910261363547903e-03	-1.636488e-01
5.920026988547902e-03	-1.595180e-01
5.929792613547902e-03	-1.548790e-01
5.931013316672902e-03	-1.542540e-01
5.933454722922902e-03	-1.529736e-01
5.938337535422902e-03	-1.502575e-01
5.939558238547902e-03	-1.495436e-01
5.941999644797902e-03	-1.480760e-01
5.946882457297902e-03	-1.449239e-01
5.956648082297902e-03	-1.375256e-01
5.966413707297902e-03	-1.275577e-01
5.976179332297903e-03	-1.120431e-01
5.985944957297902e-03	-8.286949e-02
5.995710582297902e-03	-3.244537e-02
6.005476207297902e-03	3.194366e-02
6.006696910422903e-03	4.028649e-02
6.009138316672902e-03	5.687585e-02
6.014021129172902e-03	8.819578e-02
6.023786754172903e-03	1.246909e-01
6.025007457297902e-03	1.265038e-01
6.027448863547902e-03	1.298361e-01
6.032331676047903e-03	1.353651e-01
6.042097301047902e-03	1.438568e-01
6.051862926047902e-03	1.502411e-01
6.061628551047902e-03	1.555580e-01
6.071394176047903e-03	1.600831e-01
6.081159801047903e-03	1.640961e-01
6.090925426047902e-03	1.676651e-01
6.100691051047902e-03	1.708946e-01
6.110456676047902e-03	1.738094e-01
6.120222301047903e-03	1.764652e-01
6.129987926047902e-03	1.788670e-01
6.139753551047902e-03	1.810436e-01
6.149519176047902e-03	1.829970e-01
6.159284801047903e-03	1.847413e-01
6.169050426047902e-03	1.862788e-01
6.178816051047902e-03	1.876146e-01
6.188581676047902e-03	1.887524e-01
6.198347301047903e-03	1.896916e-01
6.208112926047902e-03	1.904374e-01
6.217878551047902e-03	1.909854e-01
6.227644176047902e-03	1.913425e-01
6.237409801047903e-03	1.915016e-01
6.247175426047902e-03	1.914709e-01
6.256941051047902e-03	1.912414e-01
6.266706676047902e-03	1.908226e-01
6.276472301047903e-03	1.902039e-01
6.286237926047902e-03	1.893952e-01
6.296003551047902e-03	1.883849e-01
6.305769176047902e-03	1.871830e-01
6.315534801047903e-03	1.857762e-01
6.325300426047903e-03	1.841737e-01
6.335066051047902e-03	1.823604e-01
6.344831676047902e-03	1.803432e-01
6.354597301047902e-03	1.781036e-01
6.364362926047903e-03	1.756442e-01
6.374128551047902e-03	1.729400e-01
6.383894176047902e-03	1.699847e-01
6.393659801047902e-03	1.667404e-01
6.403425426047903e-03	1.631810e-01
6.413191051047902e-03	1.592395e-01
6.422956676047902e-03	1.548412e-01
6.432722301047902e-03	1.498294e-01
6.442487926047903e-03	1.440017e-01
6.452253551047902e-03	1.368469e-01
6.462019176047902e-03	1.274177e-01
6.471784801047902e-03	1.131411e-01
6.481550426047903e-03	8.678116e-02
6.491316051047902e-03	3.955220e-02
6.501081676047902e-03	-2.360643e-02
6.501234263938527e-03	-2.465331e-02
6.501539439719778e-03	-2.674337e-02
6.502149791282277e-03	-3.091642e-02
6.503370494407277e-03	-3.925952e-02
6.505811900657277e-03	-5.585820e-02
6.510694713157277e-03	-8.749902e-02
6.518817543009001e-03	-1.219803e-01
6.519922493304763e-03	-1.242689e-01
6.522132393896286e-03	-1.282180e-01
6.526552195079333e-03	-1.341402e-01
6.534089818527680e-03	-1.416622e-01
6.542009548068622e-03	-1.476718e-01
6.551775173068622e-03	-1.537796e-01
6.561540798068623e-03	-1.588149e-01
6.562761501193622e-03	-1.594055e-01
6.565202907443622e-03	-1.605447e-01
6.570085719943622e-03	-1.626881e-01
6.571306423068623e-03	-1.632084e-01
6.573747829318622e-03	-1.642225e-01
6.578630641818622e-03	-1.661591e-01
6.588396266818623e-03	-1.697349e-01
6.598161891818622e-03	-1.729621e-01
6.607927516818622e-03	-1.758960e-01
6.617693141818622e-03	-1.785601e-01
6.627458766818623e-03	-1.809830e-01
6.637224391818622e-03	-1.831767e-01
6.646990016818622e-03	-1.851555e-01
6.656755641818622e-03	-1.869241e-01
6.666521266818623e-03	-1.884911e-01
6.676286891818622e-03	-1.898575e-01
6.686052516818622e-03	-1.910285e-01
6.695818141818622e-03	-1.920037e-01
6.705583766818623e-03	-1.927865e-01
6.715349391818622e-03	-1.933755e-01
6.725115016818622e-03	-1.937731e-01
6.734880641818622e-03	-1.939778e-01
6.744646266818623e-03	-1.939913e-01
6.754411891818623e-03	-1.938119e-01
6.764177516818622e-03	-1.934410e-01
6.773943141818622e-03	-1.928769e-01
6.783708766818623e-03	-1.921204e-01
6.793474391818623e-03	-1.911697e-01
6.803240016818622e-03	-1.900249e-01
6.813005641818622e-03	-1.886836e-01
6.822771266818622e-03	-1.871448e-01
6.832536891818623e-03	-1.854046e-01
6.842302516818622e-03	-1.834602e-01
6.852068141818622e-03	-1.813049e-01
6.861833766818622e-03	-1.789320e-01
6.871599391818623e-03	-1.763299e-01
6.881365016818622e-03	-1.734840e-01
6.891130641818622e-03	-1.703722e-01
6.900896266818622e-03	-1.669645e-01
6.910661891818623e-03	-1.632129e-01
6.920427516818622e-03	-1.590530e-01
6.930193141818622e-03	-1.543743e-01
6.931413844943622e-03	-1.537427e-01
6.933855251193622e-03	-1.524497e-01
6.938738063693622e-03	-1.497046e-01
6.939958766818622e-03	-1.489826e-01
6.942400173068622e-03	-1.474977e-01
6.947282985568622e-03	-1.443032e-01
6.957048610568622e-03	-1.367784e-01
6.966814235568623e-03	-1.265539e-01
6.976579860568623e-03	-1.104141e-01
6.986345485568622e-03	-7.984280e-02
6.996111110568622e-03	-2.801690e-02
7.005876735568622e-03	3.680251e-02
7.007097438693623e-03	4.513413e-02
7.009538844943622e-03	6.166657e-02
7.014421657443622e-03	9.235266e-02
7.024187282443623e-03	1.262073e-01
7.025407985568622e-03	1.277845e-01
7.027849391818623e-03	1.308436e-01
7.032732204318623e-03	1.362148e-01
7.042497829318622e-03	1.445017e-01
7.052263454318622e-03	1.507950e-01
7.062029079318622e-03	1.560461e-01
7.071794704318623e-03	1.605476e-01
7.081560329318622e-03	1.645211e-01
7.091325954318622e-03	1.680584e-01
7.101091579318622e-03	1.712677e-01
7.110857204318623e-03	1.741659e-01
7.120622829318623e-03	1.768069e-01
7.130388454318622e-03	1.791954e-01
7.140154079318622e-03	1.813599e-01
7.149919704318623e-03	1.833019e-01
7.159685329318623e-03	1.850358e-01
7.169450954318622e-03	1.865630e-01
7.179216579318622e-03	1.878893e-01
7.188982204318622e-03	1.890175e-01
7.198747829318623e-03	1.899478e-01
7.208513454318622e-03	1.906844e-01
7.218279079318622e-03	1.912240e-01
7.228044704318622e-03	1.915722e-01
7.237810329318623e-03	1.917232e-01
7.247575954318622e-03	1.916839e-01
7.257341579318622e-03	1.914467e-01
7.267107204318622e-03	1.910194e-01
7.276872829318623e-03	1.903931e-01
7.286638454318622e-03	1.895764e-01
7.296404079318622e-03	1.885588e-01
7.306169704318622e-03	1.873489e-01
7.315935329318623e-03	1.859350e-01
7.325700954318622e-03	1.843249e-01
7.335466579318622e-03	1.825047e-01
7.345232204318622e-03	1.804800e-01
7.354997829318623e-03	1.782337e-01
7.364763454318623e-03	1.757668e-01
7.374529079318622e-03	1.730559e-01
7.384294704318622e-03	1.700930e-01
7.394060329318623e-03	1.668415e-01
7.403825954318623e-03	1.632740e-01
7.413591579318622e-03	1.593242e-01
7.423357204318622e-03	1.549157e-01
7.433122829318622e-03	1.499007e-01
7.442888454318623e-03	1.440504e-01
7.452654079318622e-03	1.368667e-01
7.462419704318622e-03	1.273954e-01
7.472185329318622e-03	1.130117e-01
7.481950954318623e-03	8.640698e-02
7.491716579318622e-03	3.888007e-02
7.501482204318622e-03	-2.440624e-02
7.501634792209247e-03	-2.545323e-02
7.501939967990498e-03	-2.754362e-02
7.502550319552997e-03	-3.171732e-02
7.503771022677998e-03	-4.006032e-02
7.506212428927997e-03	-5.665159e-02
7.511095241427997e-03	-8.819239e-02
7.519148188725828e-03	-1.220404e-01
7.520245212910522e-03	-1.242761e-01
7.522439261279909e-03	-1.281550e-01
7.526827358018683e-03	-1.340196e-01
7.534460519194232e-03	-1.416241e-01
7.542428989812350e-03	-1.476510e-01
7.552194614812349e-03	-1.537354e-01
7.561960239812349e-03	-1.587577e-01
7.563180942937349e-03	-1.593463e-01
7.565622349187349e-03	-1.604824e-01
7.570505161687349e-03	-1.626205e-01
7.571725864812349e-03	-1.631396e-01
7.574167271062349e-03	-1.641512e-01
7.579050083562349e-03	-1.660832e-01
7.588815708562349e-03	-1.696506e-01
7.598581333562349e-03	-1.728702e-01
7.608346958562349e-03	-1.757968e-01
7.618112583562349e-03	-1.784539e-01
7.627878208562349e-03	-1.808698e-01
7.637643833562349e-03	-1.830566e-01
7.647409458562350e-03	-1.850286e-01
7.657175083562349e-03	-1.867903e-01
7.666940708562349e-03	-1.883502e-01
7.676706333562349e-03	-1.897095e-01
7.686471958562350e-03	-1.908733e-01
7.696237583562349e-03	-1.918412e-01
7.706003208562349e-03	-1.926164e-01
7.715768833562349e-03	-1.931979e-01
7.725534458562350e-03	-1.935878e-01
7.735300083562349e-03	-1.937847e-01
7.745065708562349e-03	-1.937902e-01
7.754831333562349e-03	-1.936028e-01
7.764596958562349e-03	-1.932237e-01
7.774362583562349e-03	-1.926513e-01
7.784128208562349e-03	-1.918863e-01
7.793893833562349e-03	-1.909270e-01
7.803659458562349e-03	-1.897733e-01
7.813425083562349e-03	-1.884229e-01
7.823190708562348e-03	-1.868747e-01
7.832956333562350e-03	-1.851249e-01
7.842721958562350e-03	-1.831702e-01
7.852487583562349e-03	-1.810042e-01
7.862253208562349e-03	-1.786198e-01
7.872018833562349e-03	-1.760050e-01
7.881784458562349e-03	-1.731451e-01
7.891550083562349e-03	-1.700175e-01
7.901315708562348e-03	-1.665912e-01
7.911081333562350e-03	-1.628171e-01
7.920846958562350e-03	-1.586287e-01
7.930612583562350e-03	-1.539111e-01
7.931833286687348e-03	-1.532734e-01
7.934274692937350e-03	-1.519680e-01
7.939157505437349e-03	-1.491946e-01
7.940378208562349e-03	-1.484647e-01
7.942819614812349e-03	-1.469627e-01
7.947702427312350e-03	-1.437266e-01
7.957468052312349e-03	-1.360769e-01
7.967233677312349e-03	-1.255956e-01
7.976999302312349e-03	-1.088232e-01
7.986764927312349e-03	-7.688980e-02
7.996530552312349e-03	-2.377940e-02
8.006296177312348e-03	4.137881e-02
8.007516880437349e-03	4.969387e-02
8.009958286687349e-03	6.615160e-02
8.014841099187349e-03	9.610613e-02
8.024606724187349e-03	1.275048e-01
8.025827427312350e-03	1.288986e-01
8.028268833562349e-03	1.317486e-01
8.033151646062350e-03	1.369864e-01
8.042917271062350e-03	1.450861e-01
8.052682896062350e-03	1.512986e-01
8.062448521062349e-03	1.564873e-01
8.072214146062349e-03	1.609534e-01
8.081979771062349e-03	1.648950e-01
8.091745396062349e-03	1.684123e-01
8.101511021062349e-03	1.716005e-01
8.111276646062350e-03	1.744843e-01
8.121042271062350e-03	1.771094e-01
8.130807896062350e-03	1.794863e-01
8.140573521062349e-03	1.816378e-01
8.150339146062349e-03	1.835695e-01
8.160104771062349e-03	1.852920e-01
8.169870396062349e-03	1.868097e-01
8.179636021062349e-03	1.881258e-01
8.189401646062348e-03	1.892448e-01
8.199167271062350e-03	1.901655e-01
8.208932896062350e-03	1.908933e-01
8.218698521062349e-03	1.914237e-01
8.228464146062349e-03	1.917633e-01
8.238229771062349e-03	1.919055e-01
8.247995396062349e-03	1.918576e-01
8.257761021062349e-03	1.916119e-01
8.267526646062348e-03	1.911762e-01
8.277292271062350e-03	1.905418e-01
8.287057896062350e-03	1.897167e-01
8.296823521062350e-03	1.886911e-01
8.306589146062349e-03	1.874730e-01
8.316354771062349e-03	1.860514e-01
8.326120396062349e-03	1.844331e-01
8.335886021062349e-03	1.826053e-01
8.345651646062349e-03	1.805725e-01
8.355417271062350e-03	1.783185e-01
8.365182896062350e-03	1.758434e-01
8.374948521062350e-03	1.731246e-01
8.384714146062349e-03	1.701529e-01
8.394479771062349e-03	1.668928e-01
8.404245396062349e-03	1.633152e-01
8.414011021062349e-03	1.593546e-01
8.423776646062349e-03	1.549328e-01
8.433542271062348e-03	1.499013e-01
8.443307896062350e-03	1.440276e-01
8.453073521062350e-03	1.368071e-01
8.462839146062349e-03	1.272672e-01
8.472604771062349e-03	1.127250e-01
8.482370396062349e-03	8.574066e-02
8.492136021062349e-03	3.777091e-02
8.501901646062349e-03	-2.570044e-02
8.502054233952974e-03	-2.674753e-02
8.502359409734225e-03	-2.883824e-02
8.502969761296724e-03	-3.301264e-02
8.504190464421725e-03	-4.135496e-02
8.506631870671725e-03	-5.793357e-02
8.511514683171724e-03	-8.931472e-02
8.519479958848636e-03	-1.222551e-01
8.520566124701315e-03	-1.244089e-01
8.522738456406675e-03	-1.281783e-01
8.527083119817393e-03	-1.339535e-01
8.534893031485333e-03	-1.417023e-01
8.542960588450752e-03	-1.477629e-01
8.552726213450754e-03	-1.538034e-01
8.562491838450753e-03	-1.588005e-01
8.563712541575752e-03	-1.593856e-01
8.566153947825754e-03	-1.605158e-01
8.571036760325753e-03	-1.626446e-01
8.572257463450753e-03	-1.631612e-01
8.574698869700753e-03	-1.641685e-01
8.579581682200754e-03	-1.660925e-01
8.589347307200753e-03	-1.696457e-01
8.599112932200753e-03	-1.728529e-01
8.608878557200753e-03	-1.757681e-01
8.618644182200753e-03	-1.784145e-01
8.628409807200752e-03	-1.808203e-01
8.638175432200752e-03	-1.829972e-01
8.647941057200754e-03	-1.849593e-01
8.657706682200754e-03	-1.867114e-01
8.667472307200753e-03	-1.882616e-01
8.677237932200753e-03	-1.896113e-01
8.687003557200753e-03	-1.907654e-01
8.696769182200753e-03	-1.917235e-01
8.706534807200753e-03	-1.924889e-01
8.716300432200752e-03	-1.930604e-01
8.726066057200752e-03	-1.934403e-01
8.735831682200754e-03	-1.936271e-01
8.745597307200753e-03	-1.936224e-01
8.755362932200753e-03	-1.934247e-01
8.765128557200753e-03	-1.930352e-01
8.774894182200753e-03	-1.924522e-01
8.784659807200753e-03	-1.916766e-01
8.794425432200752e-03	-1.907064e-01
8.804191057200752e-03	-1.895417e-01
8.813956682200754e-03	-1.881801e-01
8.823722307200754e-03	-1.866204e-01
8.833487932200753e-03	-1.848586e-01
8.843253557200753e-03	-1.828916e-01
8.853019182200753e-03	-1.807126e-01
8.862784807200753e-03	-1.783143e-01
8.872550432200752e-03	-1.756847e-01
8.882316057200752e-03	-1.728084e-01
8.892081682200754e-03	-1.696622e-01
8.901847307200754e-03	-1.662129e-01
8.911612932200753e-03	-1.624141e-01
8.921378557200753e-03	-1.581935e-01
8.931144182200753e-03	-1.534309e-01
8.932364885325754e-03	-1.527866e-01
8.934806291575753e-03	-1.514673e-01
8.939689104075752e-03	-1.486614e-01
8.949454729075754e-03	-1.422385e-01
8.958667851156669e-03	-1.347219e-01
8.968433476156669e-03	-1.236346e-01
8.978199101156671e-03	-1.053703e-01
8.987964726156671e-03	-7.045349e-02
8.997730351156670e-03	-1.477100e-02
9.007495976156670e-03	5.089080e-02
9.017261601156670e-03	1.074951e-01
9.018482304281671e-03	1.124383e-01
9.020923710531670e-03	1.203189e-01
9.025806523031669e-03	1.290308e-01
9.035572148031671e-03	1.394677e-01
9.045337773031670e-03	1.470104e-01
9.055103398031670e-03	1.528504e-01
9.064869023031670e-03	1.578775e-01
9.074634648031670e-03	1.621322e-01
9.084400273031670e-03	1.659862e-01
9.094165898031669e-03	1.693943e-01
9.103931523031669e-03	1.725167e-01
9.113697148031671e-03	1.753145e-01
9.123462773031671e-03	1.778890e-01
9.133228398031670e-03	1.801923e-01
9.142994023031670e-03	1.823002e-01
9.152759648031670e-03	1.841651e-01
9.162525273031670e-03	1.858473e-01
9.172290898031669e-03	1.873021e-01
9.182056523031669e-03	1.885791e-01
9.191822148031671e-03	1.896376e-01
9.201587773031671e-03	1.905197e-01
9.211353398031670e-03	1.911884e-01
9.221119023031670e-03	1.916802e-01
9.230884648031670e-03	1.919616e-01
9.240650273031670e-03	1.920649e-01
9.250415898031670e-03	1.919597e-01
9.260181523031669e-03	1.916746e-01
9.269947148031669e-03	1.911823e-01
9.279712773031671e-03	1.905078e-01
9.289478398031670e-03	1.896265e-01
9.299244023031670e-03	1.885602e-01
9.309009648031670e-03	1.872859e-01
9.318775273031670e-03	1.858224e-01
9.328540898031670e-03	1.841474e-01
9.338306523031669e-03	1.822757e-01
9.348072148031669e-03	1.801846e-01
9.357837773031671e-03	1.778833e-01
9.367603398031671e-03	1.753460e-01
9.377369023031670e-03	1.725733e-01
9.387134648031670e-03	1.695311e-01
9.396900273031670e-03	1.662041e-01
9.406665898031670e-03	1.625380e-01
9.416431523031669e-03	1.584827e-01
9.426197148031669e-03	1.539299e-01
9.435962773031671e-03	1.487335e-01
9.445728398031671e-03	1.425842e-01
9.455494023031670e-03	1.349663e-01
9.456714726156669e-03	1.338607e-01
9.459156132406671e-03	1.315327e-01
9.464038944906670e-03	1.261592e-01
9.473804569906669e-03	1.107370e-01
9.483570194906669e-03	8.182862e-02
9.493335819906671e-03	3.167990e-02
9.494556523031670e-03	2.385002e-02
9.496997929281671e-03	7.973786e-03
9.497608280844170e-03	3.932574e-03
9.498828983969169e-03	-4.182912e-03
9.499134159750421e-03	-6.223402e-03
9.499210453695733e-03	-6.733708e-03
9.499363041586358e-03	-7.754690e-03
9.499401188559013e-03	-8.010075e-03
9.499477482504326e-03	-8.520932e-03
9.499630070394951e-03	-9.545769e-03
9.499644375509698e-03	-9.642124e-03
9.499663448996025e-03	-9.770441e-03
9.499701595968682e-03	-1.002638e-02
9.499777889913994e-03	-1.053725e-02
9.499930477804619e-03	-1.156029e-02
9.500235653585869e-03	-1.361079e-02
9.500846005148370e-03	-1.771914e-02
9.502066708273369e-03	-2.596018e-02
9.504508114523370e-03	-4.248622e-02
9.509390927023369e-03	-7.498848e-02
9.519156552023369e-03	-1.204245e-01
9.520297628819009e-03	-1.231398e-01
9.522579782410291e-03	-1.276021e-01
9.527144089592852e-03	-1.336817e-01
9.533670130413365e-03	-1.403597e-01
9.540947594862468e-03	-1.461656e-01
9.550713219862469e-03	-1.524549e-01
9.560478844862469e-03	-1.576616e-01
9.561699547987468e-03	-1.582555e-01
9.564140954237469e-03	-1.594185e-01
9.564751305799968e-03	-1.597009e-01
9.565972008924969e-03	-1.602604e-01
9.568413415174969e-03	-1.613480e-01
9.569023766737468e-03	-1.616158e-01
9.570244469862469e-03	-1.621446e-01
9.572685876112468e-03	-1.631762e-01
9.577568688612469e-03	-1.651512e-01
9.587334313612469e-03	-1.687867e-01
9.597099938612469e-03	-1.720657e-01
9.606865563612468e-03	-1.750395e-01
9.616631188612468e-03	-1.777435e-01
9.626396813612468e-03	-1.801993e-01
9.636162438612468e-03	-1.824245e-01
9.645928063612469e-03	-1.844313e-01
9.655693688612469e-03	-1.862278e-01
9.665459313612469e-03	-1.878201e-01
9.675224938612469e-03	-1.892120e-01
9.684990563612468e-03	-1.904068e-01
9.694756188612468e-03	-1.914061e-01
9.704521813612468e-03	-1.922115e-01
9.714287438612468e-03	-1.928236e-01
9.724053063612468e-03	-1.932431e-01
9.733818688612469e-03	-1.934702e-01
9.743584313612469e-03	-1.935050e-01
9.753349938612469e-03	-1.933475e-01
9.763115563612468e-03	-1.929974e-01
9.772881188612468e-03	-1.924545e-01
9.782646813612468e-03	-1.917184e-01
9.792412438612468e-03	-1.907883e-01
9.802178063612468e-03	-1.896634e-01
9.811943688612469e-03	-1.883423e-01
9.821709313612469e-03	-1.868230e-01
9.831474938612469e-03	-1.851027e-01
9.841240563612469e-03	-1.831774e-01
9.851006188612468e-03	-1.810418e-01
9.860771813612468e-03	-1.786882e-01
9.870537438612468e-03	-1.761059e-01
9.880303063612468e-03	-1.732800e-01
9.890068688612469e-03	-1.701894e-01
9.899834313612469e-03	-1.668038e-01
9.909599938612469e-03	-1.630769e-01
9.919365563612469e-03	-1.589449e-01
9.929131188612468e-03	-1.543005e-01
9.930351891737469e-03	-1.536738e-01
9.932793297987469e-03	-1.523910e-01
9.937676110487468e-03	-1.496692e-01
9.938896813612468e-03	-1.489536e-01
9.941338219862468e-03	-1.474824e-01
9.946221032362468e-03	-1.443201e-01
9.955986657362468e-03	-1.368878e-01
9.965752282362468e-03	-1.268448e-01
9.975517907362468e-03	-1.111408e-01
9.985283532362468e-03	-8.153634e-02
9.995049157362469e-03	-3.067681e-02
1.000000000000000e-02	1.651038e-03
Step Information: Rgain=34.3003K  (Step: 8/11)
0.000000000000000e+00	4.500007e-14
5.000000058430487e-08	1.276793e-09
1.000000011686097e-07	1.301723e-07
2.000000023372195e-07	4.549928e-06
4.000000046744390e-07	5.565084e-05
8.000000093488779e-07	3.281980e-04
1.600000018697756e-06	1.427296e-03
3.200000037395512e-06	5.542285e-03
6.400000074791024e-06	1.929381e-02
1.280000014958205e-05	5.850631e-02
2.023913181686904e-05	1.039429e-01
2.137066638552137e-05	1.089776e-01
2.363373552282602e-05	1.169902e-01
2.815987379743532e-05	1.254860e-01
3.721215034665392e-05	1.351877e-01
4.616853526869069e-05	1.422776e-01
5.593416026869069e-05	1.481922e-01
6.569978526869069e-05	1.532436e-01
7.546541026869069e-05	1.575111e-01
8.523103526869069e-05	1.613603e-01
9.499666026869068e-05	1.647403e-01
1.047622852686907e-04	1.678483e-01
1.145279102686907e-04	1.706135e-01
1.242935352686907e-04	1.731622e-01
1.340591602686907e-04	1.754319e-01
1.438247852686907e-04	1.775117e-01
1.535904102686907e-04	1.793443e-01
1.633560352686907e-04	1.809981e-01
1.731216602686907e-04	1.824227e-01
1.828872852686907e-04	1.836727e-01
1.926529102686907e-04	1.847038e-01
2.024185352686907e-04	1.855608e-01
2.121841602686907e-04	1.862054e-01
2.219497852686907e-04	1.866746e-01
2.317154102686907e-04	1.869354e-01
2.414810352686907e-04	1.870190e-01
2.512466602686907e-04	1.868967e-01
2.610122852686907e-04	1.865950e-01
2.707779102686907e-04	1.860891e-01
2.805435352686907e-04	1.854012e-01
2.903091602686907e-04	1.845096e-01
3.000747852686907e-04	1.834328e-01
3.098404102686907e-04	1.821513e-01
3.196060352686907e-04	1.806797e-01
3.293716602686907e-04	1.789996e-01
3.391372852686907e-04	1.771215e-01
3.489029102686907e-04	1.750261e-01
3.586685352686907e-04	1.727181e-01
3.684341602686907e-04	1.701749e-01
3.781997852686907e-04	1.673920e-01
3.879654102686907e-04	1.643372e-01
3.977310352686907e-04	1.609892e-01
4.074966602686907e-04	1.572928e-01
4.172622852686907e-04	1.531877e-01
4.270279102686907e-04	1.485563e-01
4.367935352686907e-04	1.432132e-01
4.465591602686907e-04	1.368552e-01
4.477798633936907e-04	1.359392e-01
4.502212696436907e-04	1.340527e-01
4.551040821436907e-04	1.298793e-01
4.563247852686907e-04	1.287245e-01
4.587661915186907e-04	1.262848e-01
4.636490040186907e-04	1.205921e-01
4.714862167503204e-04	1.078354e-01
4.812518417503204e-04	7.805752e-02
4.910174667503204e-04	2.399411e-02
4.922381698753204e-04	1.532458e-02
4.946795761253204e-04	-2.314176e-03
4.947558700706329e-04	-2.875449e-03
4.949084579612580e-04	-3.998755e-03
4.952136337425079e-04	-6.249898e-03
4.958239853050079e-04	-1.077211e-02
4.970446884300080e-04	-1.988508e-02
4.994860946800079e-04	-3.830402e-02
5.043689071800079e-04	-7.493918e-02
5.114605438749605e-04	-1.156541e-01
5.125334701774553e-04	-1.192894e-01
5.146793227824445e-04	-1.250432e-01
5.189710279924231e-04	-1.317358e-01
5.240470423094843e-04	-1.373736e-01
5.302305422750779e-04	-1.429944e-01
5.387764822545606e-04	-1.490461e-01
5.485421072545607e-04	-1.547548e-01
5.583077322545607e-04	-1.595858e-01
5.595284353795606e-04	-1.601438e-01
5.619698416295607e-04	-1.612286e-01
5.668526541295607e-04	-1.633052e-01
5.766182791295607e-04	-1.671168e-01
5.863839041295606e-04	-1.705562e-01
5.961495291295606e-04	-1.736778e-01
6.059151541295606e-04	-1.765291e-01
6.156807791295606e-04	-1.791278e-01
6.254464041295606e-04	-1.815008e-01
6.352120291295607e-04	-1.836551e-01
6.449776541295607e-04	-1.856063e-01
6.547432791295607e-04	-1.873544e-01
6.645089041295607e-04	-1.889105e-01
6.742745291295607e-04	-1.902713e-01
6.840401541295607e-04	-1.914452e-01
6.938057791295607e-04	-1.924274e-01
7.035714041295607e-04	-1.932249e-01
7.133370291295606e-04	-1.938320e-01
7.231026541295606e-04	-1.942552e-01
7.328682791295606e-04	-1.944884e-01
7.426339041295606e-04	-1.945376e-01
7.523995291295606e-04	-1.943968e-01
7.621651541295607e-04	-1.940718e-01
7.719307791295607e-04	-1.935565e-01
7.816964041295607e-04	-1.928563e-01
7.914620291295607e-04	-1.919653e-01
8.012276541295607e-04	-1.908882e-01
8.109932791295607e-04	-1.896189e-01
8.207589041295607e-04	-1.881612e-01
8.305245291295606e-04	-1.865081e-01
8.402901541295606e-04	-1.846616e-01
8.500557791295606e-04	-1.826129e-01
8.598214041295606e-04	-1.803610e-01
8.695870291295606e-04	-1.778933e-01
8.793526541295607e-04	-1.752029e-01
8.891182791295607e-04	-1.722696e-01
8.988839041295607e-04	-1.690747e-01
9.086495291295607e-04	-1.655801e-01
9.184151541295607e-04	-1.617431e-01
9.281807791295607e-04	-1.574854e-01
9.294014822545607e-04	-1.569183e-01
9.318428885045606e-04	-1.557603e-01
9.367257010045606e-04	-1.533215e-01
9.379464041295607e-04	-1.526837e-01
9.403878103795607e-04	-1.513780e-01
9.452706228795607e-04	-1.486057e-01
9.550362478795607e-04	-1.422748e-01
9.638861453987651e-04	-1.352122e-01
9.736517703987651e-04	-1.244777e-01
9.834173953987650e-04	-1.067147e-01
9.931830203987651e-04	-7.106742e-02
1.002948645398765e-03	-1.089882e-02
1.012714270398765e-03	6.218665e-02
1.013934973523765e-03	7.130230e-02
1.016376379773765e-03	8.864159e-02
1.021259192273765e-03	1.133094e-01
1.022392554177748e-03	1.164992e-01
1.024659277985715e-03	1.216536e-01
1.029192725601647e-03	1.281722e-01
1.038259620833512e-03	1.372137e-01
1.048025245833512e-03	1.442957e-01
1.057790870833512e-03	1.499502e-01
1.067556495833512e-03	1.547285e-01
1.077322120833512e-03	1.588980e-01
1.087087745833512e-03	1.625958e-01
1.096853370833512e-03	1.659122e-01
1.106618995833512e-03	1.689205e-01
1.116384620833512e-03	1.716432e-01
1.126150245833512e-03	1.741210e-01
1.135915870833512e-03	1.763577e-01
1.145681495833512e-03	1.783802e-01
1.155447120833512e-03	1.801841e-01
1.165212745833512e-03	1.817891e-01
1.174978370833512e-03	1.831869e-01
1.184743995833512e-03	1.843935e-01
1.194509620833512e-03	1.853985e-01
1.204275245833512e-03	1.862158e-01
1.214040870833512e-03	1.868342e-01
1.223806495833512e-03	1.872664e-01
1.233572120833512e-03	1.875009e-01
1.243337745833512e-03	1.875494e-01
1.253103370833512e-03	1.874005e-01
1.262868995833512e-03	1.870653e-01
1.272634620833512e-03	1.865324e-01
1.282400245833512e-03	1.858123e-01
1.292165870833512e-03	1.848935e-01
1.301931495833512e-03	1.837855e-01
1.311697120833512e-03	1.824766e-01
1.321462745833512e-03	1.809746e-01
1.331228370833512e-03	1.792667e-01
1.340993995833512e-03	1.773586e-01
1.350759620833512e-03	1.752347e-01
1.360525245833512e-03	1.728964e-01
1.370290870833512e-03	1.703231e-01
1.380056495833512e-03	1.675081e-01
1.389822120833512e-03	1.644200e-01
1.399587745833512e-03	1.610352e-01
1.409353370833512e-03	1.572976e-01
1.419118995833512e-03	1.531437e-01
1.428884620833512e-03	1.484513e-01
1.438650245833512e-03	1.430240e-01
1.448415870833512e-03	1.365127e-01
1.449636573958512e-03	1.355941e-01
1.452077980208512e-03	1.336754e-01
1.456960792708512e-03	1.293763e-01
1.466726417708512e-03	1.179903e-01
1.476492042708512e-03	9.840207e-02
1.486257667708512e-03	5.892601e-02
1.487478370833512e-03	5.185709e-02
1.489919777083512e-03	3.696740e-02
1.490530128646012e-03	3.298174e-02
1.491750831771012e-03	2.487043e-02
1.494192238021012e-03	7.929606e-03
1.494802589583512e-03	3.544980e-03
1.494955177474137e-03	2.446468e-03
1.495260353255387e-03	2.448079e-04
1.495336647200700e-03	-3.073430e-04
1.495489235091325e-03	-1.417931e-03
1.495527382063981e-03	-1.695731e-03
1.495603676009293e-03	-2.249336e-03
1.495756263899918e-03	-3.355617e-03
1.496061439681168e-03	-5.580456e-03
1.496671791243668e-03	-1.005511e-02
1.497502932953012e-03	-1.619592e-02
1.499165216371698e-03	-2.860199e-02
1.501564595303549e-03	-4.669549e-02
1.506317234213620e-03	-8.185974e-02
1.513540891109438e-03	-1.193261e-01
1.514595021969115e-03	-1.221382e-01
1.516703283688470e-03	-1.266935e-01
1.520919807127180e-03	-1.325869e-01
1.526574864266324e-03	-1.385908e-01
1.533047247611852e-03	-1.440982e-01
1.542812872611852e-03	-1.506250e-01
1.552578497611852e-03	-1.559913e-01
1.553799200736852e-03	-1.566066e-01
1.556240606986852e-03	-1.578046e-01
1.561123419486852e-03	-1.600665e-01
1.570889044486852e-03	-1.641767e-01
1.572109747611852e-03	-1.646587e-01
1.574551153861852e-03	-1.656029e-01
1.579433966361852e-03	-1.674154e-01
1.589199591361852e-03	-1.707796e-01
1.598965216361852e-03	-1.738359e-01
1.608730841361852e-03	-1.766254e-01
1.618496466361852e-03	-1.791680e-01
1.628262091361852e-03	-1.814851e-01
1.638027716361852e-03	-1.835872e-01
1.647793341361852e-03	-1.854847e-01
1.657558966361852e-03	-1.871821e-01
1.667324591361852e-03	-1.886853e-01
1.677090216361852e-03	-1.899956e-01
1.686855841361852e-03	-1.911165e-01
1.696621466361852e-03	-1.920479e-01
1.706387091361852e-03	-1.927918e-01
1.716152716361852e-03	-1.933476e-01
1.725918341361852e-03	-1.937166e-01
1.735683966361852e-03	-1.938977e-01
1.745449591361852e-03	-1.938920e-01
1.755215216361852e-03	-1.936983e-01
1.764980841361852e-03	-1.933176e-01
1.774746466361852e-03	-1.927486e-01
1.784512091361852e-03	-1.919918e-01
1.794277716361852e-03	-1.910460e-01
1.804043341361852e-03	-1.899112e-01
1.813808966361852e-03	-1.885855e-01
1.823574591361852e-03	-1.870682e-01
1.833340216361852e-03	-1.853562e-01
1.843105841361852e-03	-1.834469e-01
1.852871466361852e-03	-1.813351e-01
1.862637091361852e-03	-1.790149e-01
1.872402716361852e-03	-1.764764e-01
1.882168341361852e-03	-1.737075e-01
1.891933966361852e-03	-1.706893e-01
1.901699591361852e-03	-1.673963e-01
1.911465216361852e-03	-1.637884e-01
1.921230841361852e-03	-1.598118e-01
1.930996466361852e-03	-1.553772e-01
1.932217169486852e-03	-1.547832e-01
1.934658575736852e-03	-1.535676e-01
1.939541388236852e-03	-1.509984e-01
1.940762091361852e-03	-1.503261e-01
1.943203497611852e-03	-1.489458e-01
1.948086310111852e-03	-1.459997e-01
1.957851935111852e-03	-1.391884e-01
1.967617560111851e-03	-1.303007e-01
1.977383185111852e-03	-1.171189e-01
1.987148810111852e-03	-9.272500e-02
1.996914435111852e-03	-4.523439e-02
2.006680060111852e-03	2.338170e-02
2.007900763236852e-03	3.274813e-02
2.010342169486852e-03	5.144059e-02
2.015224981986852e-03	8.688351e-02
2.024990606986852e-03	1.246903e-01
2.026211310111852e-03	1.259878e-01
2.028652716361851e-03	1.288217e-01
2.033535528861852e-03	1.341389e-01
2.043301153861852e-03	1.420593e-01
2.053066778861852e-03	1.482112e-01
2.062832403861852e-03	1.532873e-01
2.072598028861851e-03	1.576884e-01
2.082363653861852e-03	1.615556e-01
2.092129278861851e-03	1.650384e-01
2.101894903861852e-03	1.681632e-01
2.111660528861851e-03	1.710134e-01
2.121426153861852e-03	1.735901e-01
2.131191778861851e-03	1.759363e-01
2.140957403861852e-03	1.780486e-01
2.150723028861851e-03	1.799545e-01
2.160488653861852e-03	1.816455e-01
2.170254278861852e-03	1.831417e-01
2.180019903861852e-03	1.844330e-01
2.189785528861852e-03	1.855349e-01
2.199551153861852e-03	1.864369e-01
2.209316778861852e-03	1.871518e-01
2.219082403861852e-03	1.876694e-01
2.228848028861852e-03	1.880003e-01
2.238613653861852e-03	1.881353e-01
2.248379278861852e-03	1.880833e-01
2.258144903861852e-03	1.878358e-01
2.267910528861852e-03	1.874005e-01
2.277676153861852e-03	1.867696e-01
2.287441778861852e-03	1.859495e-01
2.297207403861852e-03	1.849329e-01
2.306973028861852e-03	1.837246e-01
2.316738653861851e-03	1.823173e-01
2.326504278861852e-03	1.807137e-01
2.336269903861851e-03	1.789056e-01
2.346035528861852e-03	1.768927e-01
2.355801153861851e-03	1.746641e-01
2.365566778861852e-03	1.722143e-01
2.375332403861851e-03	1.695266e-01
2.385098028861852e-03	1.665859e-01
2.394863653861851e-03	1.633630e-01
2.404629278861852e-03	1.598224e-01
2.414394903861852e-03	1.559051e-01
2.424160528861852e-03	1.515257e-01
2.433926153861852e-03	1.465318e-01
2.443691778861852e-03	1.407043e-01
2.453457403861852e-03	1.335107e-01
2.463223028861852e-03	1.239047e-01
2.472988653861852e-03	1.089310e-01
2.482754278861852e-03	7.969900e-02
2.492519903861852e-03	2.611672e-02
2.493740606986852e-03	1.748377e-02
2.496182013236852e-03	-9.474361e-05
2.496792364799352e-03	-4.596266e-03
2.498013067924352e-03	-1.364890e-02
2.500454474174352e-03	-3.199055e-02
2.505337286674352e-03	-6.878268e-02
2.513386707980847e-03	-1.154352e-01
2.514540471124273e-03	-1.193151e-01
2.516847997411124e-03	-1.253064e-01
2.521463049984827e-03	-1.320475e-01
2.526592895815018e-03	-1.375314e-01
2.532983642221977e-03	-1.431405e-01
2.541672176105440e-03	-1.491143e-01
2.551437801105440e-03	-1.546853e-01
2.561203426105440e-03	-1.594184e-01
2.562424129230440e-03	-1.599667e-01
2.562729305011690e-03	-1.601022e-01
2.563339656574190e-03	-1.603712e-01
2.564560359699190e-03	-1.609009e-01
2.567001765949190e-03	-1.619391e-01
2.571884578449190e-03	-1.639255e-01
2.581650203449190e-03	-1.675865e-01
2.591415828449190e-03	-1.708943e-01
2.601181453449190e-03	-1.739018e-01
2.610947078449190e-03	-1.766434e-01
2.620712703449190e-03	-1.791444e-01
2.630478328449190e-03	-1.814188e-01
2.640243953449190e-03	-1.834812e-01
2.650009578449190e-03	-1.853380e-01
2.659775203449190e-03	-1.869961e-01
2.669540828449190e-03	-1.884592e-01
2.679306453449190e-03	-1.897300e-01
2.689072078449190e-03	-1.908108e-01
2.698837703449190e-03	-1.917021e-01
2.708603328449190e-03	-1.924055e-01
2.718368953449190e-03	-1.929205e-01
2.728134578449190e-03	-1.932483e-01
2.737900203449190e-03	-1.933880e-01
2.747665828449190e-03	-1.933405e-01
2.757431453449190e-03	-1.931048e-01
2.767197078449190e-03	-1.926815e-01
2.776962703449190e-03	-1.920697e-01
2.786728328449190e-03	-1.912695e-01
2.796493953449190e-03	-1.902800e-01
2.806259578449190e-03	-1.891007e-01
2.816025203449190e-03	-1.877299e-01
2.825790828449190e-03	-1.861663e-01
2.835556453449190e-03	-1.844070e-01
2.845322078449190e-03	-1.824486e-01
2.855087703449190e-03	-1.802858e-01
2.864853328449190e-03	-1.779111e-01
2.874618953449190e-03	-1.753153e-01
2.884384578449190e-03	-1.724826e-01
2.894150203449190e-03	-1.693947e-01
2.903915828449190e-03	-1.660198e-01
2.913681453449190e-03	-1.623192e-01
2.923447078449190e-03	-1.582229e-01
2.933212703449190e-03	-1.536309e-01
2.934433406574190e-03	-1.530115e-01
2.936874812824190e-03	-1.517458e-01
2.941757625324190e-03	-1.490649e-01
2.942978328449190e-03	-1.483610e-01
2.945419734699190e-03	-1.469144e-01
2.950302547199190e-03	-1.438084e-01
2.960068172199190e-03	-1.365266e-01
2.969833797199190e-03	-1.267094e-01
2.979599422199190e-03	-1.112726e-01
2.989365047199190e-03	-8.100398e-02
2.999130672199190e-03	-2.615622e-02
3.008896297199190e-03	4.573278e-02
3.010117000324190e-03	5.507785e-02
3.012558406574190e-03	7.344169e-02
3.017441219074190e-03	1.042299e-01
3.018661922199190e-03	1.096071e-01
3.021103328449190e-03	1.180728e-01
3.025986140949190e-03	1.268591e-01
3.035751765949190e-03	1.369710e-01
3.044868290841054e-03	1.439576e-01
3.054633915841055e-03	1.497218e-01
3.064399540841054e-03	1.546978e-01
3.074165165841055e-03	1.589225e-01
3.083930790841054e-03	1.627406e-01
3.093696415841054e-03	1.660954e-01
3.103462040841054e-03	1.691984e-01
3.113227665841054e-03	1.719563e-01
3.122993290841054e-03	1.745154e-01
3.132758915841054e-03	1.767885e-01
3.142524540841055e-03	1.788854e-01
3.152290165841054e-03	1.807284e-01
3.162055790841055e-03	1.824041e-01
3.171821415841054e-03	1.838441e-01
3.181587040841055e-03	1.851193e-01
3.191352665841054e-03	1.861698e-01
3.201118290841055e-03	1.870546e-01
3.210883915841054e-03	1.877217e-01
3.220649540841055e-03	1.882208e-01
3.230415165841054e-03	1.885069e-01
3.240180790841055e-03	1.886222e-01
3.249946415841054e-03	1.885276e-01
3.259712040841055e-03	1.882595e-01
3.269477665841054e-03	1.877837e-01
3.279243290841055e-03	1.871313e-01
3.289008915841054e-03	1.862724e-01
3.298774540841055e-03	1.852336e-01
3.308540165841054e-03	1.839880e-01
3.318305790841055e-03	1.825578e-01
3.328071415841054e-03	1.809181e-01
3.337837040841055e-03	1.790862e-01
3.347602665841054e-03	1.770377e-01
3.357368290841054e-03	1.747839e-01
3.367133915841054e-03	1.722982e-01
3.376899540841054e-03	1.695829e-01
3.386665165841055e-03	1.666042e-01
3.396430790841054e-03	1.633487e-01
3.406196415841055e-03	1.597639e-01
3.415962040841054e-03	1.558032e-01
3.425727665841055e-03	1.513633e-01
3.435493290841054e-03	1.463070e-01
3.445258915841055e-03	1.403631e-01
3.455024540841054e-03	1.329923e-01
3.456245243966055e-03	1.319243e-01
3.458686650216054e-03	1.296820e-01
3.459297001778554e-03	1.290844e-01
3.460517704903555e-03	1.278605e-01
3.462959111153555e-03	1.252272e-01
3.467841923653554e-03	1.190413e-01
3.474513832895014e-03	1.073830e-01
3.484279457895014e-03	7.599261e-02
3.494045082895015e-03	2.026381e-02
3.495570961801264e-03	9.257304e-03
3.496181313363764e-03	4.822224e-03
3.497402016488764e-03	-4.142444e-03
3.497707192270014e-03	-6.405926e-03
3.498317543832515e-03	-1.094406e-02
3.499538246957514e-03	-2.008356e-02
3.501979653207514e-03	-3.853941e-02
3.506862465707514e-03	-7.515141e-02
3.513885863546203e-03	-1.151021e-01
3.514936307452425e-03	-1.185958e-01
3.517037195264867e-03	-1.241576e-01
3.521238970889752e-03	-1.307211e-01
3.526318779383596e-03	-1.363849e-01
3.532450893878115e-03	-1.419660e-01
3.541044348123908e-03	-1.480564e-01
3.550809973123908e-03	-1.537544e-01
3.560575598123908e-03	-1.585744e-01
3.561796301248908e-03	-1.591309e-01
3.564237707498908e-03	-1.602174e-01
3.569120519998908e-03	-1.622796e-01
3.570341223123908e-03	-1.627788e-01
3.572782629373908e-03	-1.637549e-01
3.577665441873908e-03	-1.656241e-01
3.587431066873908e-03	-1.690862e-01
3.597196691873908e-03	-1.722230e-01
3.606962316873908e-03	-1.750823e-01
3.616727941873908e-03	-1.776859e-01
3.626493566873908e-03	-1.800585e-01
3.636259191873908e-03	-1.822113e-01
3.646024816873908e-03	-1.841565e-01
3.655790441873908e-03	-1.858988e-01
3.665556066873908e-03	-1.874449e-01
3.675321691873908e-03	-1.887966e-01
3.685087316873908e-03	-1.899576e-01
3.694852941873908e-03	-1.909279e-01
3.704618566873908e-03	-1.917100e-01
3.714384191873908e-03	-1.923032e-01
3.724149816873908e-03	-1.927088e-01
3.733915441873908e-03	-1.929260e-01
3.743681066873908e-03	-1.929559e-01
3.753446691873908e-03	-1.927972e-01
3.763212316873908e-03	-1.924509e-01
3.772977941873908e-03	-1.919158e-01
3.782743566873908e-03	-1.911924e-01
3.792509191873908e-03	-1.902794e-01
3.802274816873908e-03	-1.891769e-01
3.812040441873908e-03	-1.878830e-01
3.821806066873908e-03	-1.863968e-01
3.831571691873908e-03	-1.847154e-01
3.841337316873908e-03	-1.828363e-01
3.851102941873908e-03	-1.807542e-01
3.860868566873908e-03	-1.784632e-01
3.870634191873908e-03	-1.759539e-01
3.880399816873908e-03	-1.732140e-01
3.890165441873908e-03	-1.702251e-01
3.899931066873908e-03	-1.669622e-01
3.909696691873908e-03	-1.633859e-01
3.919462316873908e-03	-1.594435e-01
3.929227941873908e-03	-1.550475e-01
3.930448644998908e-03	-1.544584e-01
3.932890051248908e-03	-1.532533e-01
3.937772863748908e-03	-1.507088e-01
3.938993566873908e-03	-1.500429e-01
3.941434973123908e-03	-1.486770e-01
3.946317785623908e-03	-1.457627e-01
3.956083410623908e-03	-1.390376e-01
3.965849035623908e-03	-1.303037e-01
3.975614660623908e-03	-1.174669e-01
3.985380285623908e-03	-9.399614e-02
3.995145910623908e-03	-4.787343e-02
4.004911535623908e-03	1.996043e-02
4.006132238748908e-03	2.931297e-02
4.008573644998908e-03	4.800663e-02
4.013456457498908e-03	8.391140e-02
4.023222082498908e-03	1.241549e-01
4.024442785623908e-03	1.256695e-01
4.026884191873908e-03	1.287369e-01
4.031767004373908e-03	1.341632e-01
4.041532629373908e-03	1.422420e-01
4.051298254373908e-03	1.484626e-01
4.061063879373908e-03	1.535999e-01
4.070829504373908e-03	1.580366e-01
4.080595129373909e-03	1.619434e-01
4.090360754373908e-03	1.654537e-01
4.100126379373908e-03	1.686109e-01
4.109892004373908e-03	1.714863e-01
4.119657629373909e-03	1.740932e-01
4.129423254373908e-03	1.764647e-01
4.139188879373908e-03	1.786067e-01
4.148954504373908e-03	1.805388e-01
4.158720129373908e-03	1.822598e-01
4.168485754373908e-03	1.837835e-01
4.178251379373908e-03	1.851054e-01
4.188017004373908e-03	1.862361e-01
4.197782629373908e-03	1.871697e-01
4.207548254373908e-03	1.879147e-01
4.217313879373908e-03	1.884648e-01
4.227079504373908e-03	1.888271e-01
4.236845129373908e-03	1.889955e-01
4.246610754373908e-03	1.889762e-01
4.256376379373908e-03	1.887631e-01
4.266142004373908e-03	1.883619e-01
4.275907629373908e-03	1.877665e-01
4.285673254373908e-03	1.869820e-01
4.295438879373908e-03	1.860024e-01
4.305204504373908e-03	1.848315e-01
4.314970129373908e-03	1.834632e-01
4.324735754373909e-03	1.818998e-01
4.334501379373908e-03	1.801339e-01
4.344267004373908e-03	1.781651e-01
4.354032629373908e-03	1.759838e-01
4.363798254373909e-03	1.735849e-01
4.373563879373908e-03	1.709535e-01
4.383329504373908e-03	1.680758e-01
4.393095129373908e-03	1.649255e-01
4.402860754373909e-03	1.614713e-01
4.412626379373908e-03	1.576605e-01
4.422392004373908e-03	1.534187e-01
4.432157629373908e-03	1.486148e-01
4.441923254373908e-03	1.430640e-01
4.451688879373908e-03	1.363339e-01
4.461454504373908e-03	1.276211e-01
4.471220129373908e-03	1.147812e-01
4.480985754373908e-03	9.119695e-02
4.490751379373908e-03	4.497802e-02
4.491972082498908e-03	3.704594e-02
4.494413488748909e-03	2.065157e-02
4.495023840311408e-03	1.637064e-02
4.496244543436408e-03	7.716978e-03
4.498685949686408e-03	-1.005021e-02
4.498762243631721e-03	-1.061472e-02
4.498914831522345e-03	-1.174444e-02
4.499220007303596e-03	-1.400797e-02
4.499830358866095e-03	-1.855268e-02
4.501051061991095e-03	-2.770112e-02
4.503492468241096e-03	-4.614214e-02
4.508375280741096e-03	-8.221746e-02
4.514915721214340e-03	-1.169948e-01
4.515915787344517e-03	-1.199076e-01
4.517915919604871e-03	-1.246564e-01
4.521916184125578e-03	-1.306926e-01
4.527271520091607e-03	-1.366267e-01
4.533444868265719e-03	-1.421328e-01
4.543129329648663e-03	-1.488381e-01
4.552894954648663e-03	-1.543527e-01
4.562660579648663e-03	-1.590663e-01
4.563881282773664e-03	-1.596071e-01
4.566322689023663e-03	-1.606678e-01
4.571205501523663e-03	-1.626896e-01
4.580971126523664e-03	-1.664180e-01
4.590736751523663e-03	-1.697717e-01
4.600502376523663e-03	-1.728247e-01
4.610268001523663e-03	-1.755972e-01
4.620033626523663e-03	-1.781319e-01
4.629799251523663e-03	-1.804300e-01
4.639564876523663e-03	-1.825204e-01
4.649330501523663e-03	-1.843961e-01
4.659096126523663e-03	-1.860788e-01
4.668861751523663e-03	-1.875577e-01
4.678627376523663e-03	-1.888507e-01
4.688393001523663e-03	-1.899454e-01
4.698158626523663e-03	-1.908572e-01
4.707924251523663e-03	-1.915733e-01
4.717689876523663e-03	-1.921075e-01
4.727455501523663e-03	-1.924470e-01
4.737221126523663e-03	-1.926048e-01
4.746986751523664e-03	-1.925682e-01
4.756752376523663e-03	-1.923494e-01
4.766518001523663e-03	-1.919364e-01
4.776283626523663e-03	-1.913403e-01
4.786049251523664e-03	-1.905497e-01
4.795814876523663e-03	-1.895747e-01
4.805580501523663e-03	-1.884041e-01
4.815346126523663e-03	-1.870466e-01
4.825111751523664e-03	-1.854908e-01
4.834877376523663e-03	-1.837433e-01
4.844643001523663e-03	-1.817914e-01
4.854408626523663e-03	-1.796386e-01
4.864174251523663e-03	-1.772692e-01
4.873939876523663e-03	-1.746809e-01
4.883705501523663e-03	-1.718515e-01
4.893471126523663e-03	-1.687677e-01
4.903236751523663e-03	-1.653932e-01
4.913002376523663e-03	-1.616910e-01
4.922768001523663e-03	-1.575902e-01
4.923988704648663e-03	-1.570452e-01
4.926430110898663e-03	-1.559330e-01
4.931312923398663e-03	-1.535955e-01
4.932533626523663e-03	-1.529854e-01
4.934975032773663e-03	-1.517376e-01
4.939857845273663e-03	-1.490972e-01
4.948564278934833e-03	-1.438254e-01
4.957434641721200e-03	-1.374127e-01
4.967200266721200e-03	-1.281453e-01
4.976965891721199e-03	-1.140581e-01
4.986731516721200e-03	-8.723754e-02
4.996497141721200e-03	-3.646491e-02
5.006262766721200e-03	3.380993e-02
5.007483469846199e-03	4.319183e-02
5.009924876096200e-03	6.182689e-02
5.014807688596200e-03	9.570649e-02
5.016028391721199e-03	1.025089e-01
5.018469797971200e-03	1.136651e-01
5.023352610471200e-03	1.251159e-01
5.033118235471199e-03	1.359285e-01
5.042201000032902e-03	1.433122e-01
5.051966625032902e-03	1.492437e-01
5.061732250032902e-03	1.543926e-01
5.071497875032902e-03	1.586843e-01
5.081263500032902e-03	1.626100e-01
5.091029125032902e-03	1.660282e-01
5.100794750032902e-03	1.692012e-01
5.110560375032902e-03	1.720087e-01
5.120326000032902e-03	1.746284e-01
5.130091625032902e-03	1.769466e-01
5.139857250032902e-03	1.790985e-01
5.149622875032902e-03	1.809862e-01
5.159388500032902e-03	1.827141e-01
5.169154125032902e-03	1.841998e-01
5.178919750032902e-03	1.855259e-01
5.188685375032902e-03	1.866233e-01
5.198451000032902e-03	1.875587e-01
5.208216625032902e-03	1.882740e-01
5.217982250032902e-03	1.888238e-01
5.227747875032902e-03	1.891595e-01
5.237513500032902e-03	1.893258e-01
5.247279125032902e-03	1.892823e-01
5.257044750032902e-03	1.890656e-01
5.266810375032902e-03	1.886423e-01
5.276576000032902e-03	1.880421e-01
5.286341625032902e-03	1.872373e-01
5.296107250032902e-03	1.862518e-01
5.305872875032902e-03	1.850624e-01
5.315638500032902e-03	1.836873e-01
5.325404125032902e-03	1.821067e-01
5.335169750032902e-03	1.803333e-01
5.344935375032902e-03	1.783486e-01
5.354701000032902e-03	1.761590e-01
5.364466625032902e-03	1.737450e-01
5.374232250032902e-03	1.711045e-01
5.383997875032902e-03	1.682120e-01
5.393763500032902e-03	1.650514e-01
5.403529125032902e-03	1.615815e-01
5.413294750032902e-03	1.577578e-01
5.423060375032902e-03	1.534972e-01
5.432826000032902e-03	1.486742e-01
5.442591625032902e-03	1.430937e-01
5.452357250032902e-03	1.363234e-01
5.462122875032902e-03	1.275310e-01
5.471888500032902e-03	1.145253e-01
5.481654125032902e-03	9.047350e-02
5.491419750032902e-03	4.356937e-02
5.492640453157902e-03	3.556411e-02
5.495081859407902e-03	1.903825e-02
5.495692210970402e-03	1.473208e-02
5.496912914095402e-03	6.032615e-03
5.499354320345402e-03	-1.180279e-02
5.499430614290714e-03	-1.236896e-02
5.499583202181339e-03	-1.350193e-02
5.499888377962590e-03	-1.577167e-02
5.500498729525089e-03	-2.032770e-02
5.501719432650090e-03	-2.949434e-02
5.504160838900089e-03	-4.795240e-02
5.509043651400089e-03	-8.387246e-02
5.515493977872660e-03	-1.174433e-01
5.516478448057987e-03	-1.201911e-01
5.518447388428640e-03	-1.247085e-01
5.522385269169946e-03	-1.305864e-01
5.527830658816890e-03	-1.366012e-01
5.534021399060137e-03	-1.420854e-01
5.543787024060136e-03	-1.488121e-01
5.553552649060136e-03	-1.542954e-01
5.563318274060137e-03	-1.589911e-01
5.564538977185137e-03	-1.595290e-01
5.566980383435136e-03	-1.605854e-01
5.571863195935137e-03	-1.625994e-01
5.573083899060137e-03	-1.630867e-01
5.575525305310136e-03	-1.640406e-01
5.580408117810137e-03	-1.658688e-01
5.590173742810137e-03	-1.692576e-01
5.599939367810136e-03	-1.723300e-01
5.609704992810136e-03	-1.751302e-01
5.619470617810136e-03	-1.776787e-01
5.629236242810137e-03	-1.799984e-01
5.639001867810137e-03	-1.820999e-01
5.648767492810136e-03	-1.839947e-01
5.658533117810136e-03	-1.856871e-01
5.668298742810137e-03	-1.871836e-01
5.678064367810137e-03	-1.884855e-01
5.687829992810136e-03	-1.895967e-01
5.697595617810136e-03	-1.905170e-01
5.707361242810137e-03	-1.912488e-01
5.717126867810137e-03	-1.917913e-01
5.726892492810136e-03	-1.921459e-01
5.736658117810136e-03	-1.923117e-01
5.746423742810137e-03	-1.922897e-01
5.756189367810137e-03	-1.920788e-01
5.765954992810136e-03	-1.916799e-01
5.775720617810136e-03	-1.910916e-01
5.785486242810137e-03	-1.903146e-01
5.795251867810137e-03	-1.893473e-01
5.805017492810136e-03	-1.881897e-01
5.814783117810136e-03	-1.868398e-01
5.824548742810137e-03	-1.852965e-01
5.834314367810137e-03	-1.835566e-01
5.844079992810136e-03	-1.816168e-01
5.853845617810136e-03	-1.794715e-01
5.863611242810136e-03	-1.771140e-01
5.873376867810137e-03	-1.745333e-01
5.883142492810137e-03	-1.717158e-01
5.892908117810136e-03	-1.686404e-01
5.902673742810136e-03	-1.652771e-01
5.912439367810137e-03	-1.615845e-01
5.922204992810137e-03	-1.574976e-01
5.923425695935136e-03	-1.569538e-01
5.925867102185137e-03	-1.558449e-01
5.930749914685137e-03	-1.535148e-01
5.931970617810136e-03	-1.529067e-01
5.934412024060137e-03	-1.516632e-01
5.939294836560137e-03	-1.490324e-01
5.949060461560136e-03	-1.430815e-01
5.958066453130622e-03	-1.364324e-01
5.967832078130622e-03	-1.268355e-01
5.977597703130622e-03	-1.119501e-01
5.987363328130622e-03	-8.306774e-02
5.997128953130622e-03	-2.978589e-02
6.006894578130622e-03	4.154435e-02
6.008115281255622e-03	5.091342e-02
6.010556687505622e-03	6.941757e-02
6.015439500005622e-03	1.015565e-01
6.016660203130622e-03	1.075041e-01
6.019101609380622e-03	1.169844e-01
6.023984421880622e-03	1.266612e-01
6.033750046880622e-03	1.370101e-01
6.042737465942192e-03	1.440841e-01
6.052503090942192e-03	1.499235e-01
6.062268715942192e-03	1.549879e-01
6.072034340942192e-03	1.592540e-01
6.081799965942192e-03	1.631272e-01
6.091565590942192e-03	1.665132e-01
6.101331215942192e-03	1.696613e-01
6.111096840942193e-03	1.724482e-01
6.120862465942192e-03	1.750481e-01
6.130628090942192e-03	1.773505e-01
6.140393715942192e-03	1.794865e-01
6.150159340942193e-03	1.813601e-01
6.159924965942192e-03	1.830744e-01
6.169690590942192e-03	1.845469e-01
6.179456215942192e-03	1.858609e-01
6.189221840942193e-03	1.869456e-01
6.198987465942192e-03	1.878698e-01
6.208753090942192e-03	1.885728e-01
6.218518715942192e-03	1.891121e-01
6.228284340942193e-03	1.894356e-01
6.238049965942192e-03	1.895919e-01
6.247815590942192e-03	1.895365e-01
6.257581215942192e-03	1.893103e-01
6.267346840942192e-03	1.888752e-01
6.277112465942192e-03	1.882658e-01
6.286878090942192e-03	1.874495e-01
6.296643715942192e-03	1.864552e-01
6.306409340942192e-03	1.852544e-01
6.316174965942192e-03	1.838709e-01
6.325940590942192e-03	1.822792e-01
6.335706215942192e-03	1.804975e-01
6.345471840942192e-03	1.785019e-01
6.355237465942193e-03	1.763043e-01
6.365003090942192e-03	1.738794e-01
6.374768715942192e-03	1.712306e-01
6.384534340942192e-03	1.683270e-01
6.394299965942193e-03	1.651576e-01
6.404065590942192e-03	1.616756e-01
6.413831215942192e-03	1.578414e-01
6.423596840942192e-03	1.535659e-01
6.433362465942193e-03	1.487346e-01
6.443128090942192e-03	1.431253e-01
6.452893715942192e-03	1.363184e-01
6.462659340942192e-03	1.274666e-01
6.472424965942193e-03	1.143196e-01
6.482190590942192e-03	8.989708e-02
6.491956215942192e-03	4.244675e-02
6.493176919067192e-03	3.438170e-02
6.495618325317192e-03	1.775494e-02
6.500501137817192e-03	-1.763430e-02
6.500653725707817e-03	-1.877763e-02
6.500958901489067e-03	-2.106663e-02
6.501569253051567e-03	-2.565722e-02
6.502789956176567e-03	-3.487897e-02
6.505231362426567e-03	-5.338334e-02
6.510114174926567e-03	-8.876206e-02
6.511334878051567e-03	-9.655958e-02
6.513776284301567e-03	-1.100124e-01
6.518659096801567e-03	-1.247638e-01
6.524702273675080e-03	-1.327104e-01
6.530373982158585e-03	-1.386501e-01
6.536721111895285e-03	-1.437353e-01
6.546486736895286e-03	-1.500995e-01
6.556252361895286e-03	-1.553300e-01
6.566017986895285e-03	-1.598857e-01
6.567238690020285e-03	-1.603989e-01
6.569680096270286e-03	-1.614165e-01
6.570290447832786e-03	-1.616698e-01
6.571511150957786e-03	-1.621680e-01
6.573952557207785e-03	-1.631401e-01
6.578835369707786e-03	-1.650072e-01
6.588600994707786e-03	-1.684589e-01
6.598366619707786e-03	-1.715870e-01
6.608132244707785e-03	-1.744339e-01
6.617897869707785e-03	-1.770264e-01
6.627663494707786e-03	-1.793848e-01
6.637429119707786e-03	-1.815246e-01
6.647194744707785e-03	-1.834541e-01
6.656960369707785e-03	-1.851816e-01
6.666725994707786e-03	-1.867106e-01
6.676491619707786e-03	-1.880459e-01
6.686257244707785e-03	-1.891886e-01
6.696022869707785e-03	-1.901412e-01
6.705788494707786e-03	-1.909038e-01
6.715554119707786e-03	-1.914780e-01
6.725319744707785e-03	-1.918631e-01
6.735085369707785e-03	-1.920602e-01
6.744850994707786e-03	-1.920685e-01
6.754616619707786e-03	-1.918887e-01
6.764382244707785e-03	-1.915197e-01
6.774147869707785e-03	-1.909623e-01
6.783913494707786e-03	-1.902152e-01
6.793679119707786e-03	-1.892786e-01
6.803444744707786e-03	-1.881509e-01
6.813210369707785e-03	-1.868316e-01
6.822975994707786e-03	-1.853184e-01
6.832741619707786e-03	-1.836094e-01
6.842507244707786e-03	-1.817004e-01
6.852272869707785e-03	-1.795871e-01
6.862038494707786e-03	-1.772618e-01
6.871804119707786e-03	-1.747154e-01
6.881569744707786e-03	-1.719335e-01
6.891335369707785e-03	-1.688972e-01
6.901100994707785e-03	-1.655780e-01
6.910866619707786e-03	-1.619340e-01
6.920632244707786e-03	-1.579060e-01
6.930397869707785e-03	-1.533935e-01
6.931618572832785e-03	-1.527859e-01
6.934059979082786e-03	-1.515442e-01
6.938942791582785e-03	-1.489170e-01
6.948708416582785e-03	-1.429749e-01
6.958474041582786e-03	-1.357094e-01
6.968239666582786e-03	-1.258639e-01
6.978005291582785e-03	-1.103560e-01
6.987770916582785e-03	-7.994483e-02
6.997536541582786e-03	-2.493102e-02
7.007302166582786e-03	4.701077e-02
7.008522869707785e-03	5.635437e-02
7.010964275957786e-03	7.470480e-02
7.015847088457786e-03	1.053367e-01
7.017067791582786e-03	1.106486e-01
7.019509197832786e-03	1.190009e-01
7.024392010332786e-03	1.276947e-01
7.034157635332786e-03	1.377886e-01
7.043381516902595e-03	1.448365e-01
7.053147141902595e-03	1.505915e-01
7.062912766902595e-03	1.555645e-01
7.072678391902595e-03	1.597926e-01
7.082444016902595e-03	1.636173e-01
7.092209641902595e-03	1.669815e-01
7.101975266902595e-03	1.700961e-01
7.111740891902595e-03	1.728671e-01
7.121506516902595e-03	1.754414e-01
7.131272141902595e-03	1.777303e-01
7.141037766902595e-03	1.798452e-01
7.150803391902594e-03	1.817064e-01
7.160569016902595e-03	1.834023e-01
7.170334641902595e-03	1.848627e-01
7.180100266902595e-03	1.861601e-01
7.189865891902594e-03	1.872329e-01
7.199631516902595e-03	1.881417e-01
7.209397141902595e-03	1.888326e-01
7.219162766902595e-03	1.893574e-01
7.228928391902594e-03	1.896689e-01
7.238694016902595e-03	1.898114e-01
7.248459641902595e-03	1.897437e-01
7.258225266902595e-03	1.895043e-01
7.267990891902595e-03	1.890569e-01
7.277756516902595e-03	1.884348e-01
7.287522141902595e-03	1.876062e-01
7.297287766902595e-03	1.865995e-01
7.307053391902595e-03	1.853864e-01
7.316819016902595e-03	1.839909e-01
7.326584641902595e-03	1.823868e-01
7.336350266902595e-03	1.805933e-01
7.346115891902595e-03	1.785852e-01
7.355881516902595e-03	1.763756e-01
7.365647141902595e-03	1.739378e-01
7.375412766902595e-03	1.712766e-01
7.385178391902595e-03	1.683590e-01
7.394944016902594e-03	1.651757e-01
7.404709641902595e-03	1.616774e-01
7.414475266902595e-03	1.578256e-01
7.424240891902595e-03	1.535279e-01
7.434006516902594e-03	1.486695e-01
7.443772141902595e-03	1.430213e-01
7.453537766902595e-03	1.361538e-01
7.463303391902595e-03	1.271902e-01
7.473069016902594e-03	1.137841e-01
7.482834641902595e-03	8.866641e-02
7.492600266902595e-03	4.023233e-02
7.502365891902595e-03	-2.888191e-02
7.502518479793220e-03	-3.005599e-02
7.502823655574470e-03	-3.240038e-02
7.503434007136970e-03	-3.708558e-02
7.504654710261970e-03	-4.645693e-02
7.507096116511970e-03	-6.504913e-02
7.511978929011970e-03	-9.863621e-02
7.513199632136969e-03	-1.052915e-01
7.515641038386970e-03	-1.161441e-01
7.520523850886970e-03	-1.272435e-01
7.526127578955320e-03	-1.338521e-01
7.532514591814757e-03	-1.401692e-01
7.538936841279337e-03	-1.449741e-01
7.548702466279336e-03	-1.511566e-01
7.558468091279336e-03	-1.561460e-01
7.559688794404337e-03	-1.567477e-01
7.562130200654336e-03	-1.578952e-01
7.567013013154336e-03	-1.600534e-01
7.576778638154337e-03	-1.639981e-01
7.577999341279337e-03	-1.644602e-01
7.580440747529336e-03	-1.653675e-01
7.585323560029337e-03	-1.671109e-01
7.595089185029337e-03	-1.703486e-01
7.604854810029336e-03	-1.732895e-01
7.614620435029336e-03	-1.759699e-01
7.624386060029337e-03	-1.784080e-01
7.634151685029337e-03	-1.806228e-01
7.643917310029336e-03	-1.826239e-01
7.653682935029336e-03	-1.844207e-01
7.663448560029336e-03	-1.860173e-01
7.673214185029337e-03	-1.874189e-01
7.682979810029337e-03	-1.886270e-01
7.692745435029336e-03	-1.896444e-01
7.702511060029336e-03	-1.904714e-01
7.712276685029337e-03	-1.911097e-01
7.722042310029337e-03	-1.915586e-01
7.731807935029336e-03	-1.918194e-01
7.741573560029336e-03	-1.918913e-01
7.751339185029337e-03	-1.917750e-01
7.761104810029337e-03	-1.914695e-01
7.770870435029336e-03	-1.909755e-01
7.780636060029336e-03	-1.902919e-01
7.790401685029337e-03	-1.894188e-01
7.800167310029337e-03	-1.883549e-01
7.809932935029336e-03	-1.870997e-01
7.819698560029337e-03	-1.856510e-01
7.829464185029337e-03	-1.840073e-01
7.839229810029337e-03	-1.821647e-01
7.848995435029336e-03	-1.801193e-01
7.858761060029336e-03	-1.778643e-01
7.868526685029336e-03	-1.753914e-01
7.878292310029336e-03	-1.726876e-01
7.888057935029336e-03	-1.697361e-01
7.897823560029337e-03	-1.665114e-01
7.907589185029337e-03	-1.629762e-01
7.917354810029337e-03	-1.590788e-01
7.927120435029337e-03	-1.547346e-01
7.928341138154337e-03	-1.541523e-01
7.930782544404337e-03	-1.529622e-01
7.935665356904336e-03	-1.504510e-01
7.936886060029336e-03	-1.497943e-01
7.939327466279336e-03	-1.484476e-01
7.944210278779337e-03	-1.455777e-01
7.953975903779336e-03	-1.389711e-01
7.963741528779336e-03	-1.304484e-01
7.973507153779336e-03	-1.180830e-01
7.983272778779336e-03	-9.587845e-02
7.993038403779337e-03	-5.175150e-02
8.002804028779337e-03	1.484447e-02
8.004024731904336e-03	2.416680e-02
8.006466138154337e-03	4.283642e-02
8.011348950654336e-03	7.924318e-02
8.021114575654336e-03	1.230486e-01
8.022335278779337e-03	1.249375e-01
8.024776685029336e-03	1.284164e-01
8.029659497529337e-03	1.340186e-01
8.039425122529337e-03	1.423314e-01
8.049190747529337e-03	1.486562e-01
8.058956372529336e-03	1.538782e-01
8.068721997529336e-03	1.583660e-01
8.078487622529336e-03	1.623250e-01
8.088253247529336e-03	1.658726e-01
8.098018872529337e-03	1.690708e-01
8.107784497529337e-03	1.719791e-01
8.117550122529337e-03	1.746233e-01
8.127315747529337e-03	1.770268e-01
8.137081372529336e-03	1.792048e-01
8.146846997529336e-03	1.811694e-01
8.156612622529336e-03	1.829265e-01
8.166378247529336e-03	1.844838e-01
8.176143872529337e-03	1.858424e-01
8.185909497529337e-03	1.870080e-01
8.195675122529337e-03	1.879792e-01
8.205440747529337e-03	1.887605e-01
8.215206372529336e-03	1.893491e-01
8.224971997529336e-03	1.897492e-01
8.234737622529336e-03	1.899571e-01
8.244503247529336e-03	1.899768e-01
8.254268872529337e-03	1.898044e-01
8.264034497529337e-03	1.894435e-01
8.273800122529337e-03	1.888900e-01
8.283565747529337e-03	1.881475e-01
8.293331372529337e-03	1.872112e-01
8.303096997529336e-03	1.860844e-01
8.312862622529336e-03	1.847616e-01
8.322628247529336e-03	1.832448e-01
8.332393872529336e-03	1.815276e-01
8.342159497529337e-03	1.796099e-01
8.351925122529337e-03	1.774826e-01
8.361690747529337e-03	1.751418e-01
8.371456372529337e-03	1.725734e-01
8.381221997529336e-03	1.697662e-01
8.390987622529336e-03	1.666961e-01
8.400753247529336e-03	1.633361e-01
8.410518872529336e-03	1.596397e-01
8.420284497529337e-03	1.555434e-01
8.430050122529337e-03	1.509354e-01
8.439815747529337e-03	1.456633e-01
8.449581372529337e-03	1.393812e-01
8.459346997529336e-03	1.314806e-01
8.460567700654337e-03	1.303245e-01
8.463009106904337e-03	1.278745e-01
8.467891919404337e-03	1.221204e-01
8.477657544404337e-03	1.048232e-01
8.486477611227321e-03	7.483731e-02
8.496243236227321e-03	1.769336e-02
8.497463939352322e-03	8.815072e-03
8.497769115133572e-03	6.587551e-03
8.498379466696071e-03	2.116911e-03
8.499600169821072e-03	-6.908868e-03
8.499905345602321e-03	-9.185108e-03
8.499981639547634e-03	-9.754628e-03
8.500134227438259e-03	-1.089423e-02
8.500439403219508e-03	-1.317680e-02
8.501049754782008e-03	-1.775661e-02
8.502270457907008e-03	-2.696512e-02
8.504711864157008e-03	-4.549420e-02
8.509594676657009e-03	-8.166226e-02
8.516133296096533e-03	-1.164528e-01
8.517132348934529e-03	-1.193606e-01
8.519130454610517e-03	-1.241018e-01
8.523126665962498e-03	-1.301299e-01
8.528478714420931e-03	-1.360584e-01
8.534648891723009e-03	-1.415590e-01
8.544301460117325e-03	-1.482391e-01
8.554067085117325e-03	-1.537501e-01
8.563832710117325e-03	-1.584578e-01
8.565053413242325e-03	-1.589980e-01
8.567494819492325e-03	-1.600585e-01
8.572377631992326e-03	-1.620762e-01
8.573598335117324e-03	-1.625644e-01
8.576039741367326e-03	-1.635198e-01
8.580922553867325e-03	-1.653503e-01
8.590688178867325e-03	-1.687419e-01
8.600453803867324e-03	-1.718151e-01
8.610219428867326e-03	-1.746145e-01
8.619985053867326e-03	-1.771610e-01
8.629750678867325e-03	-1.794777e-01
8.639516303867325e-03	-1.815754e-01
8.649281928867325e-03	-1.834656e-01
8.659047553867325e-03	-1.851528e-01
8.668813178867325e-03	-1.866435e-01
8.678578803867324e-03	-1.879392e-01
8.688344428867326e-03	-1.890436e-01
8.698110053867326e-03	-1.899567e-01
8.707875678867326e-03	-1.906809e-01
8.717641303867325e-03	-1.912154e-01
8.727406928867325e-03	-1.915617e-01
8.737172553867325e-03	-1.917187e-01
8.746938178867325e-03	-1.916877e-01
8.756703803867324e-03	-1.914674e-01
8.766469428867326e-03	-1.910587e-01
8.776235053867326e-03	-1.904603e-01
8.786000678867326e-03	-1.896728e-01
8.795766303867325e-03	-1.886945e-01
8.805531928867325e-03	-1.875255e-01
8.815297553867325e-03	-1.861636e-01
8.825063178867325e-03	-1.846076e-01
8.834828803867325e-03	-1.828542e-01
8.844594428867324e-03	-1.809000e-01
8.854360053867326e-03	-1.787390e-01
8.864125678867326e-03	-1.763641e-01
8.873891303867325e-03	-1.737642e-01
8.883656928867325e-03	-1.709246e-01
8.893422553867325e-03	-1.678235e-01
8.903188178867325e-03	-1.644294e-01
8.912953803867325e-03	-1.606986e-01
8.922719428867324e-03	-1.565624e-01
8.932485053867326e-03	-1.519032e-01
8.933705756992325e-03	-1.512740e-01
8.936147163242324e-03	-1.499871e-01
8.941029975742325e-03	-1.472568e-01
8.949684667763066e-03	-1.418004e-01
8.959450292763066e-03	-1.342729e-01
8.969215917763066e-03	-1.238931e-01
8.978981542763066e-03	-1.070079e-01
8.988747167763066e-03	-7.333273e-02
8.998512792763065e-03	-1.498778e-02
9.008278417763065e-03	5.783448e-02
9.018044042763067e-03	1.147229e-01
9.019264745888066e-03	1.185187e-01
9.021706152138067e-03	1.243757e-01
9.026588964638066e-03	1.310549e-01
9.036354589638066e-03	1.402276e-01
9.046120214638066e-03	1.470483e-01
9.055885839638065e-03	1.525176e-01
9.065651464638067e-03	1.572183e-01
9.075417089638067e-03	1.613021e-01
9.085182714638066e-03	1.649804e-01
9.094948339638066e-03	1.682617e-01
9.104713964638066e-03	1.712667e-01
9.114479589638066e-03	1.739775e-01
9.124245214638066e-03	1.764615e-01
9.134010839638065e-03	1.786985e-01
9.143776464638067e-03	1.807356e-01
9.153542089638067e-03	1.825483e-01
9.163307714638066e-03	1.841737e-01
9.173073339638066e-03	1.855868e-01
9.182838964638066e-03	1.868182e-01
9.192604589638066e-03	1.878437e-01
9.202370214638066e-03	1.886896e-01
9.212135839638065e-03	1.893329e-01
9.221901464638065e-03	1.897968e-01
9.231667089638067e-03	1.900600e-01
9.241432714638067e-03	1.901432e-01
9.251198339638066e-03	1.900267e-01
9.260963964638066e-03	1.897291e-01
9.270729589638066e-03	1.892323e-01
9.280495214638066e-03	1.885531e-01
9.290260839638066e-03	1.876744e-01
9.300026464638065e-03	1.866113e-01
9.309792089638067e-03	1.853473e-01
9.319557714638067e-03	1.838955e-01
9.329323339638066e-03	1.822394e-01
9.339088964638066e-03	1.803888e-01
9.348854589638066e-03	1.783264e-01
9.358620214638066e-03	1.760576e-01
9.368385839638066e-03	1.735613e-01
9.378151464638065e-03	1.708355e-01
9.387917089638067e-03	1.678509e-01
9.397682714638067e-03	1.645914e-01
9.407448339638066e-03	1.610086e-01
9.417213964638066e-03	1.570546e-01
9.426979589638066e-03	1.526317e-01
9.436745214638066e-03	1.476050e-01
9.446510839638066e-03	1.416966e-01
9.456276464638065e-03	1.344432e-01
9.457497167763066e-03	1.333976e-01
9.459938574013066e-03	1.312009e-01
9.464821386513066e-03	1.261615e-01
9.474587011513066e-03	1.118839e-01
9.484352636513066e-03	8.460204e-02
9.494118261513066e-03	3.324503e-02
9.495338964638066e-03	2.479807e-02
9.497780370888066e-03	7.528324e-03
9.498390722450565e-03	3.083477e-03
9.499611425575566e-03	-5.867365e-03
9.499916601356816e-03	-8.126812e-03
9.499992895302128e-03	-8.692566e-03
9.500145483192753e-03	-9.824891e-03
9.500450658974004e-03	-1.209261e-02
9.501061010536504e-03	-1.664490e-02
9.502281713661503e-03	-2.580749e-02
9.504723119911504e-03	-4.427347e-02
9.509605932411503e-03	-8.046757e-02
9.516087050512186e-03	-1.155992e-01
9.517081830593865e-03	-1.186326e-01
9.519071390757224e-03	-1.235645e-01
9.523050511083941e-03	-1.297285e-01
9.528273270816354e-03	-1.355870e-01
9.534355852988322e-03	-1.410970e-01
9.543541136747501e-03	-1.475599e-01
9.553306761747501e-03	-1.531710e-01
9.563072386747501e-03	-1.579407e-01
9.564293089872502e-03	-1.584884e-01
9.566734496122501e-03	-1.595624e-01
9.571617308622502e-03	-1.616048e-01
9.572838011747501e-03	-1.620969e-01
9.575279417997502e-03	-1.630621e-01
9.580162230497501e-03	-1.649109e-01
9.589927855497501e-03	-1.683339e-01
9.599693480497501e-03	-1.714338e-01
9.609459105497502e-03	-1.742564e-01
9.619224730497502e-03	-1.768241e-01
9.628990355497502e-03	-1.791600e-01
9.638755980497501e-03	-1.812760e-01
9.648521605497501e-03	-1.831834e-01
9.658287230497501e-03	-1.848875e-01
9.668052855497501e-03	-1.863943e-01
9.677818480497501e-03	-1.877060e-01
9.687584105497502e-03	-1.888259e-01
9.697349730497502e-03	-1.897545e-01
9.707115355497502e-03	-1.904939e-01
9.716880980497502e-03	-1.910436e-01
9.726646605497501e-03	-1.914048e-01
9.736412230497501e-03	-1.915769e-01
9.746177855497501e-03	-1.915607e-01
9.755943480497501e-03	-1.913553e-01
9.765709105497501e-03	-1.909613e-01
9.775474730497502e-03	-1.903777e-01
9.785240355497502e-03	-1.896047e-01
9.795005980497502e-03	-1.886413e-01
9.804771605497501e-03	-1.874868e-01
9.814537230497501e-03	-1.861396e-01
9.824302855497501e-03	-1.845983e-01
9.834068480497501e-03	-1.828597e-01
9.843834105497501e-03	-1.809205e-01
9.853599730497502e-03	-1.787749e-01
9.863365355497502e-03	-1.764157e-01
9.873130980497502e-03	-1.738323e-01
9.882896605497501e-03	-1.710100e-01
9.892662230497501e-03	-1.679280e-01
9.902427855497501e-03	-1.645562e-01
9.912193480497501e-03	-1.608485e-01
9.921959105497501e-03	-1.567412e-01
9.923179808622501e-03	-1.561944e-01
9.925621214872501e-03	-1.550789e-01
9.930504027372502e-03	-1.527316e-01
9.931724730497502e-03	-1.521191e-01
9.934166136747502e-03	-1.508662e-01
9.939048949247501e-03	-1.482134e-01
9.948806775324238e-03	-1.422047e-01
9.958572400324238e-03	-1.348196e-01
9.968338025324238e-03	-1.247219e-01
9.978103650324237e-03	-1.085701e-01
9.987869275324237e-03	-7.660095e-02
9.997634900324237e-03	-1.994596e-02
1.000000000000000e-02	-2.785655e-03
Step Information: Rgain=39.2002K  (Step: 9/11)
0.000000000000000e+00	4.500007e-14
5.000000058430487e-08	1.255471e-09
1.000000011686097e-07	1.287160e-07
2.000000023372195e-07	4.501829e-06
4.000000046744390e-07	5.510776e-05
8.000000093488779e-07	3.257115e-04
1.600000018697756e-06	1.423770e-03
3.200000037395512e-06	5.582615e-03
6.400000074791024e-06	1.975753e-02
1.280000014958205e-05	6.125319e-02
2.041892191790350e-05	1.083080e-01
2.147387150987158e-05	1.125254e-01
2.358377069380775e-05	1.190209e-01
2.780356906168008e-05	1.257951e-01
3.624316579742475e-05	1.343513e-01
4.458428970129571e-05	1.407658e-01
5.434991470129571e-05	1.466217e-01
6.411553970129572e-05	1.515919e-01
7.388116470129571e-05	1.558227e-01
8.364678970129571e-05	1.596223e-01
9.341241470129572e-05	1.629794e-01
1.031780397012957e-04	1.660550e-01
1.129436647012957e-04	1.688084e-01
1.227092897012957e-04	1.713391e-01
1.324749147012957e-04	1.736042e-01
1.422405397012957e-04	1.756769e-01
1.520061647012957e-04	1.775112e-01
1.617717897012957e-04	1.791666e-01
1.715374147012957e-04	1.805995e-01
1.813030397012957e-04	1.818586e-01
1.910686647012957e-04	1.829041e-01
2.008342897012957e-04	1.837773e-01
2.105999147012957e-04	1.844422e-01
2.203655397012957e-04	1.849342e-01
2.301311647012957e-04	1.852212e-01
2.398967897012957e-04	1.853340e-01
2.496624147012957e-04	1.852438e-01
2.594280397012957e-04	1.849777e-01
2.691936647012957e-04	1.845097e-01
2.789592897012957e-04	1.838640e-01
2.887249147012957e-04	1.830167e-01
2.984905397012957e-04	1.819891e-01
3.082561647012957e-04	1.807589e-01
3.180217897012957e-04	1.793443e-01
3.277874147012957e-04	1.777239e-01
3.375530397012957e-04	1.759123e-01
3.473186647012957e-04	1.738872e-01
3.570842897012957e-04	1.716583e-01
3.668499147012957e-04	1.692003e-01
3.766155397012957e-04	1.665147e-01
3.863811647012957e-04	1.635682e-01
3.961467897012957e-04	1.603477e-01
4.059124147012957e-04	1.568001e-01
4.156780397012957e-04	1.528796e-01
4.254436647012957e-04	1.484819e-01
4.352092897012957e-04	1.434600e-01
4.449749147012957e-04	1.375646e-01
4.547405397012957e-04	1.302260e-01
4.645061647012957e-04	1.202234e-01
4.742717897012957e-04	1.040016e-01
4.840374147012957e-04	7.041289e-02
4.938030397012958e-04	9.170352e-03
4.950237428262957e-04	-5.332292e-04
4.953289186075457e-04	-2.970245e-03
4.959392701700458e-04	-7.864153e-03
4.971599732950457e-04	-1.776302e-02
4.996013795450457e-04	-3.789535e-02
5.044841920450457e-04	-7.807922e-02
5.105670648706647e-04	-1.156732e-01
5.115609311140160e-04	-1.191274e-01
5.135486636007183e-04	-1.245157e-01
5.175241285741231e-04	-1.305798e-01
5.221205328129122e-04	-1.356983e-01
5.277491071429320e-04	-1.408163e-01
5.356231528214743e-04	-1.464907e-01
5.453887778214743e-04	-1.522892e-01
5.551544028214743e-04	-1.571254e-01
5.563751059464744e-04	-1.577068e-01
5.588165121964743e-04	-1.588146e-01
5.594268637589743e-04	-1.590811e-01
5.606475668839743e-04	-1.596124e-01
5.630889731339743e-04	-1.606509e-01
5.636993246964743e-04	-1.609041e-01
5.649200278214743e-04	-1.614079e-01
5.673614340714744e-04	-1.623940e-01
5.722442465714744e-04	-1.642864e-01
5.820098715714744e-04	-1.677905e-01
5.917754965714743e-04	-1.709731e-01
6.015411215714743e-04	-1.738738e-01
6.113067465714743e-04	-1.765266e-01
6.210723715714743e-04	-1.789511e-01
6.308379965714743e-04	-1.811589e-01
6.406036215714743e-04	-1.831638e-01
6.503692465714743e-04	-1.849693e-01
6.601348715714743e-04	-1.865835e-01
6.699004965714743e-04	-1.880066e-01
6.796661215714743e-04	-1.892439e-01
6.894317465714744e-04	-1.902940e-01
6.991973715714744e-04	-1.911605e-01
7.089629965714744e-04	-1.918415e-01
7.187286215714743e-04	-1.923394e-01
7.284942465714743e-04	-1.926522e-01
7.382598715714743e-04	-1.927820e-01
7.480254965714743e-04	-1.927267e-01
7.577911215714743e-04	-1.924880e-01
7.675567465714743e-04	-1.920640e-01
7.773223715714743e-04	-1.914563e-01
7.870879965714743e-04	-1.906629e-01
7.968536215714743e-04	-1.896849e-01
8.066192465714743e-04	-1.885200e-01
8.163848715714744e-04	-1.871690e-01
8.261504965714744e-04	-1.856287e-01
8.359161215714744e-04	-1.838985e-01
8.456817465714743e-04	-1.819739e-01
8.554473715714743e-04	-1.798517e-01
8.652129965714743e-04	-1.775243e-01
8.749786215714743e-04	-1.749840e-01
8.847442465714743e-04	-1.722171e-01
8.945098715714743e-04	-1.692060e-01
9.042754965714743e-04	-1.659265e-01
9.140411215714743e-04	-1.623386e-01
9.238067465714743e-04	-1.583882e-01
9.335723715714744e-04	-1.539858e-01
9.347930746964743e-04	-1.533954e-01
9.372344809464743e-04	-1.521893e-01
9.421172934464743e-04	-1.496434e-01
9.433379965714744e-04	-1.489774e-01
9.457794028214743e-04	-1.476112e-01
9.506622153214743e-04	-1.446947e-01
9.604278403214743e-04	-1.379517e-01
9.701934653214743e-04	-1.291410e-01
9.799590903214743e-04	-1.159800e-01
9.897247153214743e-04	-9.091013e-02
9.994903403214744e-04	-4.012001e-02
1.009255965321474e-03	3.495891e-02
1.010476668446474e-03	4.527017e-02
1.012918074696474e-03	6.572061e-02
1.017800887196474e-03	1.010097e-01
1.019021590321474e-03	1.072669e-01
1.021462996571474e-03	1.168279e-01
1.026345809071474e-03	1.255815e-01
1.034230612921878e-03	1.335426e-01
1.042727050622388e-03	1.404156e-01
1.052492675622388e-03	1.462790e-01
1.062258300622388e-03	1.513999e-01
1.072023925622388e-03	1.556312e-01
1.081789550622388e-03	1.595273e-01
1.091555175622388e-03	1.628894e-01
1.101320800622388e-03	1.660397e-01
1.111086425622388e-03	1.688044e-01
1.120852050622388e-03	1.713991e-01
1.130617675622388e-03	1.736799e-01
1.140383300622388e-03	1.758103e-01
1.150148925622388e-03	1.776656e-01
1.159914550622388e-03	1.793752e-01
1.169680175622388e-03	1.808329e-01
1.179445800622387e-03	1.821441e-01
1.189211425622388e-03	1.832178e-01
1.198977050622388e-03	1.841415e-01
1.208742675622388e-03	1.848374e-01
1.218508300622388e-03	1.853788e-01
1.228273925622388e-03	1.856991e-01
1.238039550622388e-03	1.858605e-01
1.247805175622388e-03	1.858057e-01
1.257570800622388e-03	1.855875e-01
1.267336425622388e-03	1.851570e-01
1.277102050622388e-03	1.845588e-01
1.286867675622388e-03	1.837508e-01
1.296633300622388e-03	1.827708e-01
1.306398925622388e-03	1.815820e-01
1.316164550622388e-03	1.802158e-01
1.325930175622388e-03	1.786396e-01
1.335695800622388e-03	1.768783e-01
1.345461425622388e-03	1.749015e-01
1.355227050622388e-03	1.727270e-01
1.364992675622388e-03	1.703238e-01
1.374758300622388e-03	1.677005e-01
1.384523925622388e-03	1.648207e-01
1.394289550622388e-03	1.616779e-01
1.404055175622388e-03	1.582203e-01
1.413820800622388e-03	1.544110e-01
1.423586425622388e-03	1.501549e-01
1.433352050622388e-03	1.453297e-01
1.443117675622388e-03	1.397203e-01
1.452883300622388e-03	1.328705e-01
1.454104003747388e-03	1.318869e-01
1.456545409997388e-03	1.298311e-01
1.461428222497388e-03	1.251633e-01
1.471193847497388e-03	1.122416e-01
1.480959472497388e-03	8.782040e-02
1.490725097497388e-03	3.803721e-02
1.491945800622388e-03	2.936400e-02
1.494387206872388e-03	1.140869e-02
1.494997558434888e-03	6.708960e-03
1.496218261559888e-03	-2.798123e-03
1.496256408532544e-03	-3.098980e-03
1.496332702477856e-03	-3.701179e-03
1.496485290368481e-03	-4.907262e-03
1.496790466149731e-03	-7.327395e-03
1.497400817712231e-03	-1.220121e-02
1.498621520837231e-03	-2.206375e-02
1.501062927087231e-03	-4.212774e-02
1.505945739587231e-03	-8.189284e-02
1.507166442712231e-03	-9.111221e-02
1.509607848962231e-03	-1.072765e-01
1.514490661462231e-03	-1.246630e-01
1.519755432633574e-03	-1.316315e-01
1.524246463198419e-03	-1.365356e-01
1.530198199079999e-03	-1.416174e-01
1.539529153711207e-03	-1.480082e-01
1.549294778711207e-03	-1.534498e-01
1.559060403711207e-03	-1.581434e-01
1.560281106836207e-03	-1.586751e-01
1.562722513086207e-03	-1.597282e-01
1.567605325586207e-03	-1.617413e-01
1.568826028711207e-03	-1.622262e-01
1.571267434961207e-03	-1.631785e-01
1.576150247461207e-03	-1.650056e-01
1.585915872461207e-03	-1.683965e-01
1.595681497461207e-03	-1.714779e-01
1.605447122461207e-03	-1.742924e-01
1.615212747461207e-03	-1.768614e-01
1.624978372461208e-03	-1.792065e-01
1.634743997461207e-03	-1.813391e-01
1.644509622461207e-03	-1.832695e-01
1.654275247461207e-03	-1.850027e-01
1.664040872461207e-03	-1.865442e-01
1.673806497461207e-03	-1.878961e-01
1.683572122461207e-03	-1.890612e-01
1.693337747461207e-03	-1.900400e-01
1.703103372461207e-03	-1.908340e-01
1.712868997461207e-03	-1.914431e-01
1.722634622461207e-03	-1.918680e-01
1.732400247461207e-03	-1.921083e-01
1.742165872461207e-03	-1.921644e-01
1.751931497461207e-03	-1.920357e-01
1.761697122461207e-03	-1.917226e-01
1.781228372461207e-03	-1.905415e-01
1.800759622461207e-03	-1.886184e-01
1.820290872461207e-03	-1.859476e-01
1.830056497461207e-03	-1.843282e-01
1.839822122461207e-03	-1.825165e-01
1.849587747461207e-03	-1.805085e-01
1.859353372461207e-03	-1.782991e-01
1.869118997461208e-03	-1.758805e-01
1.878884622461208e-03	-1.732424e-01
1.888650247461207e-03	-1.703697e-01
1.898415872461207e-03	-1.672414e-01
1.908181497461207e-03	-1.638251e-01
1.917947122461207e-03	-1.600779e-01
1.927712747461207e-03	-1.559300e-01
1.928933450586207e-03	-1.553776e-01
1.931374856836207e-03	-1.542501e-01
1.936257669336207e-03	-1.518771e-01
1.937478372461207e-03	-1.512591e-01
1.939919778711208e-03	-1.499934e-01
1.944802591211207e-03	-1.473124e-01
1.954024316427595e-03	-1.416013e-01
1.963789941427595e-03	-1.341640e-01
1.973555566427595e-03	-1.239041e-01
1.983321191427595e-03	-1.070791e-01
1.993086816427595e-03	-7.219216e-02
2.002852441427595e-03	-9.459090e-03
2.012618066427595e-03	6.988286e-02
2.022383691427595e-03	1.206717e-01
2.023604394552595e-03	1.227389e-01
2.026045800802595e-03	1.263283e-01
2.030928613302594e-03	1.317487e-01
2.040694238302595e-03	1.398669e-01
2.050459863302594e-03	1.460431e-01
2.060225488302595e-03	1.511614e-01
2.069991113302594e-03	1.555560e-01
2.079756738302595e-03	1.594423e-01
2.089522363302595e-03	1.629200e-01
2.099287988302595e-03	1.660604e-01
2.109053613302595e-03	1.689113e-01
2.118819238302595e-03	1.715063e-01
2.128584863302595e-03	1.738605e-01
2.138350488302595e-03	1.759955e-01
2.148116113302595e-03	1.779167e-01
2.157881738302595e-03	1.796355e-01
2.167647363302595e-03	1.811542e-01
2.177412988302595e-03	1.824787e-01
2.187178613302595e-03	1.836099e-01
2.196944238302595e-03	1.845507e-01
2.206709863302595e-03	1.853017e-01
2.216475488302595e-03	1.858636e-01
2.226241113302595e-03	1.862373e-01
2.236006738302595e-03	1.864221e-01
2.245772363302595e-03	1.864192e-01
2.255537988302595e-03	1.862273e-01
2.265303613302595e-03	1.858476e-01
2.275069238302595e-03	1.852782e-01
2.284834863302595e-03	1.845206e-01
2.294600488302594e-03	1.835719e-01
2.304366113302595e-03	1.824335e-01
2.314131738302594e-03	1.811016e-01
2.323897363302595e-03	1.795766e-01
2.333662988302595e-03	1.778532e-01
2.343428613302595e-03	1.759299e-01
2.353194238302595e-03	1.737985e-01
2.362959863302595e-03	1.714538e-01
2.372725488302595e-03	1.688821e-01
2.382491113302595e-03	1.660705e-01
2.392256738302595e-03	1.629946e-01
2.402022363302595e-03	1.596251e-01
2.411787988302595e-03	1.559131e-01
2.421553613302595e-03	1.517901e-01
2.431319238302595e-03	1.471355e-01
2.441084863302595e-03	1.417811e-01
2.450850488302595e-03	1.353376e-01
2.452071191427595e-03	1.344254e-01
2.454512597677595e-03	1.325268e-01
2.459395410177595e-03	1.282762e-01
2.469161035177595e-03	1.169757e-01
2.478926660177595e-03	9.718216e-02
2.488692285177595e-03	5.554528e-02
2.489912988302595e-03	4.793025e-02
2.492354394552595e-03	3.182539e-02
2.497237207052594e-03	-4.464640e-03
2.497389794943220e-03	-5.674677e-03
2.497694970724470e-03	-8.100150e-03
2.498305322286970e-03	-1.298278e-02
2.499526025411970e-03	-2.286126e-02
2.501967431661970e-03	-4.294486e-02
2.506850244161970e-03	-8.263108e-02
2.508070947286970e-03	-9.177261e-02
2.510512353536970e-03	-1.076996e-01
2.515395166036970e-03	-1.246145e-01
2.520687711403021e-03	-1.314885e-01
2.525256095369738e-03	-1.364490e-01
2.531161786091317e-03	-1.414386e-01
2.540927411091317e-03	-1.480697e-01
2.550693036091317e-03	-1.534364e-01
2.560458661091317e-03	-1.580887e-01
2.561679364216317e-03	-1.586131e-01
2.564120770466317e-03	-1.596558e-01
2.569003582966317e-03	-1.616522e-01
2.570224286091317e-03	-1.621322e-01
2.572665692341317e-03	-1.630762e-01
2.577548504841317e-03	-1.648879e-01
2.587314129841317e-03	-1.682506e-01
2.597079754841317e-03	-1.713063e-01
2.606845379841317e-03	-1.740964e-01
2.616611004841317e-03	-1.766421e-01
2.626376629841317e-03	-1.789641e-01
2.636142254841317e-03	-1.810741e-01
2.645907879841317e-03	-1.829816e-01
2.655673504841317e-03	-1.846920e-01
2.665439129841317e-03	-1.862104e-01
2.675204754841317e-03	-1.875390e-01
2.684970379841317e-03	-1.886804e-01
2.694736004841317e-03	-1.896353e-01
2.704501629841317e-03	-1.904051e-01
2.714267254841317e-03	-1.909896e-01
2.724032879841317e-03	-1.913896e-01
2.733798504841317e-03	-1.916047e-01
2.743564129841317e-03	-1.916352e-01
2.753329754841317e-03	-1.914807e-01
2.763095379841317e-03	-1.911414e-01
2.772861004841317e-03	-1.906168e-01
2.782626629841317e-03	-1.899069e-01
2.792392254841317e-03	-1.890109e-01
2.802157879841317e-03	-1.879286e-01
2.811923504841317e-03	-1.866589e-01
2.821689129841317e-03	-1.852005e-01
2.831454754841317e-03	-1.835513e-01
2.841220379841317e-03	-1.817087e-01
2.850986004841317e-03	-1.796684e-01
2.860751629841317e-03	-1.774247e-01
2.870517254841317e-03	-1.749696e-01
2.880282879841317e-03	-1.722918e-01
2.890048504841317e-03	-1.693749e-01
2.899814129841317e-03	-1.661963e-01
2.909579754841317e-03	-1.627209e-01
2.919345379841317e-03	-1.589018e-01
2.929111004841317e-03	-1.546608e-01
2.930331707966317e-03	-1.540937e-01
2.932773114216317e-03	-1.529358e-01
2.937655926716317e-03	-1.504984e-01
2.938876629841317e-03	-1.498622e-01
2.941318036091317e-03	-1.485591e-01
2.946200848591317e-03	-1.457904e-01
2.955966473591317e-03	-1.394608e-01
2.965732098591317e-03	-1.314124e-01
2.975497723591317e-03	-1.199911e-01
2.985263348591317e-03	-9.990045e-02
2.995028973591317e-03	-5.764959e-02
3.004794598591317e-03	1.162014e-02
3.006015301716317e-03	2.176745e-02
3.008456707966317e-03	4.217050e-02
3.013339520466317e-03	8.193852e-02
3.014560223591317e-03	9.090710e-02
3.017001629841317e-03	1.063363e-01
3.021884442341317e-03	1.221362e-01
3.030238994243781e-03	1.318723e-01
3.040004619243781e-03	1.402578e-01
3.049770244243781e-03	1.462739e-01
3.059535869243781e-03	1.515140e-01
3.069301494243781e-03	1.558243e-01
3.079067119243781e-03	1.597882e-01
3.088832744243781e-03	1.632150e-01
3.098598369243781e-03	1.664103e-01
3.108363994243781e-03	1.692262e-01
3.118129619243781e-03	1.718645e-01
3.127895244243781e-03	1.741956e-01
3.137660869243781e-03	1.763675e-01
3.147426494243781e-03	1.782727e-01
3.157192119243781e-03	1.800232e-01
3.166957744243781e-03	1.815320e-01
3.176723369243781e-03	1.828843e-01
3.186488994243781e-03	1.840105e-01
3.196254619243781e-03	1.849762e-01
3.206020244243781e-03	1.857261e-01
3.215785869243781e-03	1.863106e-01
3.225551494243781e-03	1.866864e-01
3.235317119243781e-03	1.868920e-01
3.245082744243781e-03	1.868942e-01
3.254848369243781e-03	1.867215e-01
3.264613994243781e-03	1.863494e-01
3.274379619243781e-03	1.857983e-01
3.284145244243781e-03	1.850504e-01
3.293910869243781e-03	1.841193e-01
3.303676494243781e-03	1.829929e-01
3.313442119243781e-03	1.816783e-01
3.323207744243781e-03	1.801676e-01
3.332973369243781e-03	1.784619e-01
3.342738994243781e-03	1.765556e-01
3.352504619243781e-03	1.744433e-01
3.362270244243781e-03	1.721192e-01
3.372035869243781e-03	1.695696e-01
3.381801494243781e-03	1.667842e-01
3.391567119243781e-03	1.637365e-01
3.401332744243781e-03	1.604029e-01
3.411098369243781e-03	1.567321e-01
3.420863994243781e-03	1.526650e-01
3.430629619243781e-03	1.480831e-01
3.440395244243781e-03	1.428354e-01
3.450160869243781e-03	1.365611e-01
3.459926494243781e-03	1.286243e-01
3.469692119243781e-03	1.173907e-01
3.479457744243781e-03	9.769378e-02
3.489223369243781e-03	5.633345e-02
3.498988994243781e-03	-1.217753e-02
3.508754619243781e-03	-9.043442e-02
3.509975322368781e-03	-9.906165e-02
3.512416728618781e-03	-1.133021e-01
3.517299541118781e-03	-1.266748e-01
3.522510357509788e-03	-1.325098e-01
3.527816881207831e-03	-1.380285e-01
3.533461437257472e-03	-1.423794e-01
3.543227062257472e-03	-1.488849e-01
3.552992687257472e-03	-1.539835e-01
3.562758312257472e-03	-1.585708e-01
3.563979015382472e-03	-1.590660e-01
3.566420421632472e-03	-1.600792e-01
3.571303234132472e-03	-1.620366e-01
3.572523937257472e-03	-1.625066e-01
3.574965343507472e-03	-1.634315e-01
3.579848156007472e-03	-1.652089e-01
3.589613781007472e-03	-1.685098e-01
3.599379406007472e-03	-1.715112e-01
3.609145031007472e-03	-1.742515e-01
3.618910656007472e-03	-1.767507e-01
3.628676281007472e-03	-1.790282e-01
3.638441906007472e-03	-1.810950e-01
3.648207531007472e-03	-1.829602e-01
3.657973156007472e-03	-1.846289e-01
3.667738781007472e-03	-1.861057e-01
3.677504406007472e-03	-1.873928e-01
3.687270031007472e-03	-1.884927e-01
3.697035656007472e-03	-1.894060e-01
3.706801281007472e-03	-1.901338e-01
3.716566906007472e-03	-1.906763e-01
3.726332531007472e-03	-1.910339e-01
3.736098156007472e-03	-1.912064e-01
3.745863781007472e-03	-1.911940e-01
3.755629406007472e-03	-1.909964e-01
3.765395031007472e-03	-1.906137e-01
3.775160656007472e-03	-1.900454e-01
3.784926281007472e-03	-1.892913e-01
3.794691906007472e-03	-1.883509e-01
3.804457531007472e-03	-1.872237e-01
3.814223156007472e-03	-1.859083e-01
3.823988781007472e-03	-1.844035e-01
3.833754406007472e-03	-1.827069e-01
3.843520031007472e-03	-1.808155e-01
3.853285656007472e-03	-1.787246e-01
3.863051281007472e-03	-1.764279e-01
3.872816906007472e-03	-1.739165e-01
3.882582531007472e-03	-1.711778e-01
3.892348156007472e-03	-1.681939e-01
3.902113781007472e-03	-1.649381e-01
3.911879406007472e-03	-1.613748e-01
3.921645031007472e-03	-1.574478e-01
3.922865734132472e-03	-1.569269e-01
3.925307140382472e-03	-1.558657e-01
3.930189952882472e-03	-1.536421e-01
3.931410656007472e-03	-1.530633e-01
3.933852062257472e-03	-1.518811e-01
3.938734874757471e-03	-1.493899e-01
3.939955577882472e-03	-1.487388e-01
3.942396984132472e-03	-1.474043e-01
3.947279796632472e-03	-1.445600e-01
3.957045421632472e-03	-1.380161e-01
3.966811046632472e-03	-1.295680e-01
3.976576671632472e-03	-1.172406e-01
3.986342296632472e-03	-9.454961e-02
3.996107921632472e-03	-4.753892e-02
4.005873546632472e-03	2.521181e-02
4.007094249757472e-03	3.548098e-02
4.009535656007472e-03	5.600385e-02
4.014418468507472e-03	9.389179e-02
4.015639171632472e-03	1.015103e-01
4.018080577882472e-03	1.136924e-01
4.022963390382472e-03	1.248996e-01
4.030911333824244e-03	1.332394e-01
4.039566029923532e-03	1.406145e-01
4.049331654923532e-03	1.465628e-01
4.059097279923532e-03	1.518376e-01
4.068862904923532e-03	1.561116e-01
4.078628529923532e-03	1.601027e-01
4.088394154923532e-03	1.635000e-01
4.098159779923533e-03	1.667236e-01
4.107925404923532e-03	1.695243e-01
4.117691029923532e-03	1.721821e-01
4.127456654923532e-03	1.745018e-01
4.137222279923533e-03	1.766921e-01
4.146987904923532e-03	1.785889e-01
4.156753529923532e-03	1.803570e-01
4.166519154923532e-03	1.818597e-01
4.176284779923533e-03	1.832289e-01
4.186050404923532e-03	1.843509e-01
4.195816029923532e-03	1.853330e-01
4.205581654923532e-03	1.860803e-01
4.215347279923532e-03	1.866807e-01
4.225112904923532e-03	1.870555e-01
4.234878529923532e-03	1.872767e-01
4.244644154923532e-03	1.872790e-01
4.254409779923532e-03	1.871217e-01
4.264175404923532e-03	1.867509e-01
4.273941029923532e-03	1.862150e-01
4.283706654923532e-03	1.854695e-01
4.293472279923532e-03	1.845537e-01
4.303237904923532e-03	1.834309e-01
4.313003529923532e-03	1.821318e-01
4.322769154923532e-03	1.806261e-01
4.332534779923532e-03	1.789366e-01
4.342300404923533e-03	1.770369e-01
4.352066029923532e-03	1.749420e-01
4.361831654923532e-03	1.726270e-01
4.371597279923532e-03	1.700971e-01
4.381362904923533e-03	1.673245e-01
4.391128529923532e-03	1.643009e-01
4.400894154923532e-03	1.609870e-01
4.410659779923532e-03	1.573492e-01
4.420425404923533e-03	1.533156e-01
4.430191029923532e-03	1.487880e-01
4.439956654923532e-03	1.436082e-01
4.449722279923532e-03	1.374522e-01
4.459487904923532e-03	1.297157e-01
4.460708608048532e-03	1.285849e-01
4.463150014298532e-03	1.261882e-01
4.468032826798532e-03	1.205665e-01
4.476062582234586e-03	1.074977e-01
4.485828207234587e-03	7.648756e-02
4.495593832234587e-03	1.814371e-02
4.496814535359587e-03	8.647284e-03
4.499255941609587e-03	-1.071562e-02
4.499332235554899e-03	-1.133309e-02
4.499484823445524e-03	-1.256898e-02
4.499789999226774e-03	-1.504656e-02
4.500400350789274e-03	-2.002641e-02
4.501621053914274e-03	-3.006989e-02
4.504062460164274e-03	-5.036449e-02
4.508945272664274e-03	-8.938463e-02
4.510165975789274e-03	-9.787825e-02
4.512607382039274e-03	-1.120816e-01
4.517490194539274e-03	-1.259260e-01
4.522962193211123e-03	-1.322849e-01
4.528182435853670e-03	-1.376943e-01
4.533886350257904e-03	-1.421103e-01
4.543651975257905e-03	-1.486160e-01
4.553417600257905e-03	-1.537258e-01
4.563183225257905e-03	-1.583072e-01
4.564403928382904e-03	-1.588052e-01
4.566845334632905e-03	-1.598196e-01
4.571728147132905e-03	-1.617773e-01
4.572948850257904e-03	-1.622468e-01
4.575390256507905e-03	-1.631715e-01
4.580273069007905e-03	-1.649482e-01
4.590038694007904e-03	-1.682470e-01
4.599804319007904e-03	-1.712458e-01
4.609569944007905e-03	-1.739827e-01
4.619335569007905e-03	-1.764781e-01
4.629101194007904e-03	-1.787514e-01
4.638866819007904e-03	-1.808137e-01
4.648632444007905e-03	-1.826738e-01
4.658398069007905e-03	-1.843372e-01
4.668163694007904e-03	-1.858084e-01
4.677929319007904e-03	-1.870896e-01
4.687694944007905e-03	-1.881833e-01
4.697460569007905e-03	-1.890901e-01
4.707226194007904e-03	-1.898113e-01
4.716991819007904e-03	-1.903469e-01
4.726757444007905e-03	-1.906974e-01
4.736523069007905e-03	-1.908626e-01
4.746288694007905e-03	-1.908426e-01
4.756054319007904e-03	-1.906373e-01
4.765819944007905e-03	-1.902466e-01
4.785351194007905e-03	-1.889077e-01
4.804882444007905e-03	-1.868224e-01
4.824413694007905e-03	-1.839833e-01
4.843944944007904e-03	-1.803743e-01
4.863476194007905e-03	-1.759628e-01
4.873241819007904e-03	-1.734377e-01
4.883007444007904e-03	-1.706835e-01
4.892773069007905e-03	-1.676820e-01
4.902538694007905e-03	-1.644054e-01
4.912304319007904e-03	-1.608169e-01
4.922069944007904e-03	-1.568580e-01
4.923290647132905e-03	-1.563324e-01
4.925732053382904e-03	-1.552614e-01
4.930614865882904e-03	-1.530141e-01
4.931835569007905e-03	-1.524292e-01
4.934276975257904e-03	-1.512341e-01
4.939159787757904e-03	-1.487135e-01
4.948925412757905e-03	-1.430525e-01
4.958691037757905e-03	-1.362168e-01
4.968456662757905e-03	-1.271704e-01
4.978222287757904e-03	-1.134285e-01
4.987987912757905e-03	-8.671784e-02
4.997753537757905e-03	-3.356202e-02
5.007519162757905e-03	4.277629e-02
5.008739865882904e-03	5.309014e-02
5.011181272132905e-03	7.339943e-02
5.016064084632905e-03	1.065344e-01
5.017226250986814e-03	1.116586e-01
5.019550583694634e-03	1.194485e-01
5.024199249110271e-03	1.270535e-01
5.032359813197658e-03	1.352939e-01
5.040851863009799e-03	1.419382e-01
5.050617488009799e-03	1.477944e-01
5.060383113009799e-03	1.528314e-01
5.070148738009799e-03	1.570787e-01
5.079914363009799e-03	1.609377e-01
5.089679988009799e-03	1.643226e-01
5.099445613009799e-03	1.674587e-01
5.109211238009799e-03	1.702478e-01
5.118976863009799e-03	1.728396e-01
5.128742488009799e-03	1.751488e-01
5.138508113009799e-03	1.772847e-01
5.148273738009799e-03	1.791702e-01
5.158039363009799e-03	1.808919e-01
5.167804988009799e-03	1.823813e-01
5.177570613009799e-03	1.837096e-01
5.187336238009799e-03	1.848164e-01
5.197101863009799e-03	1.857616e-01
5.206867488009799e-03	1.864919e-01
5.216633113009799e-03	1.870584e-01
5.226398738009799e-03	1.874145e-01
5.236164363009799e-03	1.876042e-01
5.245929988009799e-03	1.875866e-01
5.255695613009799e-03	1.873998e-01
5.265461238009799e-03	1.870079e-01
5.275226863009799e-03	1.864441e-01
5.284992488009799e-03	1.856766e-01
5.294758113009799e-03	1.847344e-01
5.304523738009799e-03	1.835887e-01
5.314289363009799e-03	1.822643e-01
5.324054988009799e-03	1.807349e-01
5.333820613009799e-03	1.790208e-01
5.343586238009799e-03	1.770966e-01
5.353351863009799e-03	1.749773e-01
5.363117488009799e-03	1.726362e-01
5.372883113009799e-03	1.700811e-01
5.382648738009799e-03	1.672799e-01
5.392414363009799e-03	1.642283e-01
5.402179988009799e-03	1.608806e-01
5.411945613009799e-03	1.572078e-01
5.421711238009799e-03	1.531290e-01
5.431476863009799e-03	1.485476e-01
5.441242488009799e-03	1.432921e-01
5.451008113009799e-03	1.370239e-01
5.460773738009799e-03	1.290912e-01
5.470539363009799e-03	1.178877e-01
5.480304988009799e-03	9.827103e-02
5.490070613009799e-03	5.708107e-02
5.491291316134799e-03	4.952428e-02
5.493732722384799e-03	3.352218e-02
5.494343073947299e-03	2.920963e-02
5.495563777072299e-03	2.041642e-02
5.498005183322299e-03	1.959679e-03
5.498615534884799e-03	-2.837750e-03
5.498768122775424e-03	-4.040049e-03
5.499073298556674e-03	-6.450442e-03
5.499149592501987e-03	-7.055866e-03
5.499302180392612e-03	-8.268363e-03
5.499607356173861e-03	-1.069941e-02
5.500217707736362e-03	-1.559238e-02
5.501438410861361e-03	-2.548874e-02
5.503762481876392e-03	-4.461384e-02
5.508410623906453e-03	-8.231952e-02
5.514050430188982e-03	-1.155455e-01
5.514949725682805e-03	-1.184374e-01
5.516748316670452e-03	-1.230886e-01
5.520345498645746e-03	-1.287103e-01
5.524994899017944e-03	-1.340273e-01
5.530439284896570e-03	-1.390419e-01
5.538537663400330e-03	-1.448844e-01
5.548303288400330e-03	-1.507805e-01
5.558068913400330e-03	-1.556096e-01
5.567834538400330e-03	-1.598804e-01
5.569055241525330e-03	-1.603693e-01
5.571496647775330e-03	-1.613355e-01
5.576379460275330e-03	-1.631989e-01
5.586145085275330e-03	-1.666377e-01
5.595910710275330e-03	-1.697627e-01
5.605676335275330e-03	-1.726047e-01
5.615441960275330e-03	-1.752012e-01
5.625207585275330e-03	-1.775633e-01
5.634973210275330e-03	-1.797154e-01
5.644738835275330e-03	-1.816555e-01
5.654504460275330e-03	-1.834029e-01
5.664270085275330e-03	-1.849492e-01
5.674035710275330e-03	-1.863112e-01
5.683801335275330e-03	-1.874779e-01
5.693566960275330e-03	-1.884638e-01
5.703332585275330e-03	-1.892570e-01
5.713098210275330e-03	-1.898706e-01
5.722863835275330e-03	-1.902928e-01
5.732629460275330e-03	-1.905354e-01
5.742395085275330e-03	-1.905870e-01
5.752160710275330e-03	-1.904587e-01
5.761926335275330e-03	-1.901394e-01
5.771691960275330e-03	-1.896396e-01
5.781457585275330e-03	-1.889487e-01
5.791223210275330e-03	-1.880762e-01
5.800988835275330e-03	-1.870118e-01
5.810754460275330e-03	-1.857639e-01
5.820520085275330e-03	-1.843221e-01
5.830285710275330e-03	-1.826932e-01
5.840051335275330e-03	-1.808657e-01
5.849816960275330e-03	-1.788438e-01
5.859582585275330e-03	-1.766135e-01
5.869348210275330e-03	-1.741746e-01
5.879113835275330e-03	-1.715081e-01
5.888879460275330e-03	-1.686039e-01
5.898645085275330e-03	-1.654345e-01
5.908410710275330e-03	-1.619693e-01
5.918176335275330e-03	-1.581546e-01
5.927941960275330e-03	-1.539153e-01
5.929162663400330e-03	-1.533476e-01
5.931604069650330e-03	-1.521895e-01
5.936486882150330e-03	-1.497511e-01
5.937707585275330e-03	-1.491146e-01
5.940148991525330e-03	-1.478107e-01
5.945031804025330e-03	-1.450377e-01
5.954797429025330e-03	-1.386921e-01
5.964563054025330e-03	-1.306042e-01
5.974328679025330e-03	-1.190847e-01
5.984094304025330e-03	-9.870036e-02
5.993859929025330e-03	-5.587382e-02
6.003625554025330e-03	1.384681e-02
6.004846257150330e-03	2.401278e-02
6.007287663400330e-03	4.444138e-02
6.012170475900330e-03	8.405891e-02
6.013391179025330e-03	9.289315e-02
6.015832585275330e-03	1.079503e-01
6.020715397775330e-03	1.230955e-01
6.029197829636318e-03	1.327766e-01
6.038931853566534e-03	1.410891e-01
6.048697478566535e-03	1.470502e-01
6.058463103566535e-03	1.522898e-01
6.068228728566535e-03	1.565794e-01
6.077994353566534e-03	1.605515e-01
6.087759978566535e-03	1.639648e-01
6.097525603566535e-03	1.671769e-01
6.107291228566535e-03	1.699935e-01
6.117056853566534e-03	1.726448e-01
6.126822478566535e-03	1.749802e-01
6.136588103566535e-03	1.771665e-01
6.146353728566535e-03	1.790797e-01
6.156119353566534e-03	1.808461e-01
6.165884978566534e-03	1.823654e-01
6.175650603566535e-03	1.837349e-01
6.185416228566535e-03	1.848737e-01
6.195181853566534e-03	1.858576e-01
6.204947478566534e-03	1.866218e-01
6.214713103566535e-03	1.872256e-01
6.224478728566535e-03	1.876174e-01
6.234244353566534e-03	1.878432e-01
6.244009978566534e-03	1.878627e-01
6.253775603566535e-03	1.877113e-01
6.263541228566535e-03	1.873580e-01
6.273306853566534e-03	1.868290e-01
6.283072478566534e-03	1.861015e-01
6.292838103566535e-03	1.851938e-01
6.302603728566535e-03	1.840894e-01
6.312369353566535e-03	1.828000e-01
6.322134978566534e-03	1.813136e-01
6.331900603566535e-03	1.796355e-01
6.341666228566535e-03	1.777568e-01
6.351431853566535e-03	1.756758e-01
6.361197478566534e-03	1.733844e-01
6.370963103566535e-03	1.708724e-01
6.380728728566535e-03	1.681281e-01
6.390494353566535e-03	1.651292e-01
6.400259978566534e-03	1.618524e-01
6.410025603566535e-03	1.582524e-01
6.419791228566535e-03	1.542746e-01
6.429556853566535e-03	1.498142e-01
6.439322478566534e-03	1.447372e-01
6.449088103566534e-03	1.387345e-01
6.458853728566535e-03	1.312764e-01
6.460074431691535e-03	1.301935e-01
6.462515837941535e-03	1.279116e-01
6.467398650441535e-03	1.225988e-01
6.477164275441535e-03	1.069936e-01
6.486220180105562e-03	7.852717e-02
6.495985805105562e-03	2.094841e-02
6.497206508230563e-03	1.152814e-02
6.499647914480562e-03	-7.703264e-03
6.499724208425875e-03	-8.317377e-03
6.499876796316500e-03	-9.546775e-03
6.500181972097750e-03	-1.201189e-02
6.500792323660250e-03	-1.696857e-02
6.502013026785250e-03	-2.697363e-02
6.504454433035250e-03	-4.722596e-02
6.509337245535250e-03	-8.655862e-02
6.510557948660250e-03	-9.530671e-02
6.512999354910250e-03	-1.101657e-01
6.517882167410250e-03	-1.250383e-01
6.523230066378289e-03	-1.313972e-01
6.528159622726021e-03	-1.366452e-01
6.533861963292293e-03	-1.412431e-01
6.543627588292293e-03	-1.478319e-01
6.553393213292293e-03	-1.530255e-01
6.563158838292294e-03	-1.576221e-01
6.564379541417293e-03	-1.581347e-01
6.566820947667293e-03	-1.591614e-01
6.567431299229793e-03	-1.594155e-01
6.568652002354793e-03	-1.599169e-01
6.568957178136044e-03	-1.600405e-01
6.569567529698543e-03	-1.602859e-01
6.570788232823544e-03	-1.607714e-01
6.573229639073543e-03	-1.617248e-01
6.578112451573543e-03	-1.635548e-01
6.587878076573544e-03	-1.669447e-01
6.597643701573543e-03	-1.700209e-01
6.607409326573543e-03	-1.728254e-01
6.617174951573543e-03	-1.753810e-01
6.626940576573544e-03	-1.777108e-01
6.636706201573543e-03	-1.798254e-01
6.646471826573543e-03	-1.817354e-01
6.656237451573543e-03	-1.834468e-01
6.666003076573543e-03	-1.849642e-01
6.675768701573544e-03	-1.862911e-01
6.685534326573543e-03	-1.874288e-01
6.695299951573543e-03	-1.883797e-01
6.705065576573543e-03	-1.891438e-01
6.714831201573544e-03	-1.897225e-01
6.724596826573543e-03	-1.901152e-01
6.734362451573543e-03	-1.903227e-01
6.744128076573543e-03	-1.903444e-01
6.753893701573544e-03	-1.901808e-01
6.763659326573543e-03	-1.898313e-01
6.773424951573543e-03	-1.892960e-01
6.783190576573543e-03	-1.885743e-01
6.792956201573544e-03	-1.876659e-01
6.802721826573543e-03	-1.865700e-01
6.812487451573543e-03	-1.852858e-01
6.822253076573543e-03	-1.838115e-01
6.832018701573544e-03	-1.821451e-01
6.841784326573543e-03	-1.802834e-01
6.851549951573543e-03	-1.782219e-01
6.861315576573543e-03	-1.759546e-01
6.871081201573544e-03	-1.734718e-01
6.880846826573543e-03	-1.707630e-01
6.890612451573543e-03	-1.678083e-01
6.900378076573543e-03	-1.645855e-01
6.910143701573543e-03	-1.610545e-01
6.919909326573544e-03	-1.571638e-01
6.921130029698543e-03	-1.566478e-01
6.923571435948544e-03	-1.555968e-01
6.928454248448544e-03	-1.533944e-01
6.929674951573543e-03	-1.528212e-01
6.932116357823544e-03	-1.516510e-01
6.936999170323544e-03	-1.491864e-01
6.946764795323543e-03	-1.436721e-01
6.956379226742365e-03	-1.371774e-01
6.966144851742366e-03	-1.286108e-01
6.975910476742365e-03	-1.160092e-01
6.985676101742365e-03	-9.254406e-02
6.995441726742365e-03	-4.423676e-02
7.005207351742366e-03	2.935372e-02
7.006428054867365e-03	3.964425e-02
7.008869461117365e-03	6.016590e-02
7.013752273617366e-03	9.728459e-02
7.014972976742365e-03	1.044542e-01
7.017414382992365e-03	1.157167e-01
7.022297195492366e-03	1.259622e-01
7.030172046920336e-03	1.341025e-01
7.038727204377530e-03	1.412985e-01
7.048492829377530e-03	1.472340e-01
7.058258454377531e-03	1.524807e-01
7.068024079377531e-03	1.567556e-01
7.077789704377530e-03	1.607365e-01
7.087555329377530e-03	1.641393e-01
7.097320954377530e-03	1.673607e-01
7.107086579377531e-03	1.701691e-01
7.116852204377530e-03	1.728299e-01
7.126617829377530e-03	1.751585e-01
7.136383454377530e-03	1.773543e-01
7.146149079377531e-03	1.792618e-01
7.155914704377530e-03	1.810378e-01
7.165680329377530e-03	1.825522e-01
7.175445954377530e-03	1.839313e-01
7.185211579377531e-03	1.850660e-01
7.194977204377530e-03	1.860595e-01
7.204742829377530e-03	1.868203e-01
7.214508454377530e-03	1.874336e-01
7.224274079377531e-03	1.878224e-01
7.234039704377531e-03	1.880578e-01
7.243805329377530e-03	1.880750e-01
7.253570954377530e-03	1.879330e-01
7.263336579377531e-03	1.875778e-01
7.273102204377531e-03	1.870584e-01
7.282867829377530e-03	1.863295e-01
7.292633454377530e-03	1.854314e-01
7.302399079377531e-03	1.843263e-01
7.312164704377531e-03	1.830465e-01
7.321930329377530e-03	1.815601e-01
7.331695954377530e-03	1.798919e-01
7.341461579377530e-03	1.780140e-01
7.351227204377531e-03	1.759436e-01
7.360992829377530e-03	1.736541e-01
7.370758454377530e-03	1.711538e-01
7.380524079377530e-03	1.684133e-01
7.390289704377531e-03	1.654281e-01
7.400055329377530e-03	1.621583e-01
7.409820954377530e-03	1.585760e-01
7.419586579377530e-03	1.546117e-01
7.429352204377531e-03	1.501786e-01
7.439117829377530e-03	1.451305e-01
7.448883454377530e-03	1.391829e-01
7.458649079377530e-03	1.318098e-01
7.459869782502531e-03	1.307441e-01
7.462311188752530e-03	1.284986e-01
7.467194001252530e-03	1.232852e-01
7.476953764957786e-03	1.081290e-01
7.486348034737533e-03	7.919946e-02
7.496113659737532e-03	2.207229e-02
7.497334362862533e-03	1.268276e-02
7.497639538643783e-03	1.032129e-02
7.498249890206283e-03	5.571226e-03
7.499470593331283e-03	-4.078181e-03
7.499775769112533e-03	-6.524226e-03
7.500386120675033e-03	-1.143737e-02
7.500538708565658e-03	-1.267312e-02
7.500843884346907e-03	-1.514842e-02
7.501454235909408e-03	-2.012313e-02
7.502674939034407e-03	-3.015771e-02
7.505116345284408e-03	-5.043478e-02
7.509908103094086e-03	-8.872247e-02
7.511106042546505e-03	-9.708899e-02
7.513501921451345e-03	-1.111663e-01
7.518293679261024e-03	-1.251353e-01
7.523809256146693e-03	-1.316979e-01
7.529015539941302e-03	-1.370968e-01
7.534731066204585e-03	-1.415465e-01
7.544496691204584e-03	-1.480628e-01
7.554262316204584e-03	-1.531858e-01
7.564027941204585e-03	-1.577640e-01
7.565248644329585e-03	-1.582643e-01
7.567690050579584e-03	-1.592798e-01
7.572572863079584e-03	-1.612393e-01
7.573793566204585e-03	-1.617073e-01
7.576234972454584e-03	-1.626314e-01
7.581117784954584e-03	-1.644069e-01
7.590883409954585e-03	-1.677016e-01
7.600649034954584e-03	-1.706950e-01
7.610414659954584e-03	-1.734252e-01
7.620180284954584e-03	-1.759133e-01
7.629945909954585e-03	-1.781779e-01
7.639711534954585e-03	-1.802311e-01
7.649477159954584e-03	-1.820812e-01
7.659242784954584e-03	-1.837342e-01
7.669008409954585e-03	-1.851940e-01
7.678774034954585e-03	-1.864636e-01
7.688539659954584e-03	-1.875448e-01
7.698305284954584e-03	-1.884390e-01
7.708070909954585e-03	-1.891468e-01
7.717836534954585e-03	-1.896687e-01
7.727602159954584e-03	-1.900049e-01
7.737367784954584e-03	-1.901557e-01
7.747133409954585e-03	-1.901207e-01
7.756899034954585e-03	-1.899000e-01
7.766664659954584e-03	-1.894934e-01
7.776430284954584e-03	-1.889008e-01
7.786195909954584e-03	-1.881215e-01
7.795961534954585e-03	-1.871553e-01
7.805727159954584e-03	-1.860010e-01
7.815492784954584e-03	-1.846580e-01
7.825258409954584e-03	-1.831240e-01
7.835024034954584e-03	-1.813970e-01
7.844789659954584e-03	-1.794731e-01
7.854555284954585e-03	-1.773476e-01
7.864320909954585e-03	-1.750133e-01
7.874086534954585e-03	-1.724605e-01
7.883852159954585e-03	-1.696752e-01
7.893617784954584e-03	-1.666379e-01
7.903383409954584e-03	-1.633202e-01
7.913149034954584e-03	-1.596790e-01
7.922914659954584e-03	-1.556539e-01
7.924135363079584e-03	-1.551186e-01
7.926576769329584e-03	-1.540259e-01
7.931459581829585e-03	-1.517303e-01
7.932680284954585e-03	-1.511334e-01
7.935121691204585e-03	-1.499117e-01
7.940004503704584e-03	-1.473302e-01
7.949406574660580e-03	-1.417363e-01
7.959172199660580e-03	-1.346834e-01
7.968937824660580e-03	-1.251971e-01
7.978703449660580e-03	-1.103472e-01
7.988469074660580e-03	-8.055818e-02
7.998234699660579e-03	-2.343914e-02
8.008000324660579e-03	5.460802e-02
8.009221027785580e-03	6.484722e-02
8.011662434035579e-03	8.461057e-02
8.016545246535580e-03	1.133197e-01
8.017607041528289e-03	1.167246e-01
8.019730631513709e-03	1.220268e-01
8.023977811484546e-03	1.281608e-01
8.032472171426221e-03	1.366504e-01
8.041529624066332e-03	1.433603e-01
8.051295249066332e-03	1.491089e-01
8.061060874066333e-03	1.539717e-01
8.070826499066333e-03	1.581923e-01
8.080592124066333e-03	1.619456e-01
8.090357749066333e-03	1.653134e-01
8.100123374066332e-03	1.683848e-01
8.109888999066332e-03	1.711599e-01
8.119654624066332e-03	1.737064e-01
8.129420249066332e-03	1.760052e-01
8.139185874066333e-03	1.781048e-01
8.148951499066333e-03	1.799811e-01
8.158717124066333e-03	1.816722e-01
8.168482749066333e-03	1.831529e-01
8.178248374066333e-03	1.844547e-01
8.188013999066332e-03	1.855527e-01
8.197779624066332e-03	1.864743e-01
8.207545249066332e-03	1.871956e-01
8.217310874066332e-03	1.877409e-01
8.227076499066333e-03	1.880877e-01
8.236842124066333e-03	1.882581e-01
8.246607749066333e-03	1.882309e-01
8.256373374066333e-03	1.880264e-01
8.266138999066332e-03	1.876249e-01
8.275904624066332e-03	1.870450e-01
8.285670249066332e-03	1.862680e-01
8.295435874066332e-03	1.853109e-01
8.305201499066333e-03	1.841559e-01
8.314967124066333e-03	1.828181e-01
8.324732749066333e-03	1.812797e-01
8.334498374066333e-03	1.795536e-01
8.344263999066332e-03	1.776210e-01
8.354029624066332e-03	1.754912e-01
8.363795249066332e-03	1.731426e-01
8.373560874066332e-03	1.705785e-01
8.383326499066333e-03	1.677711e-01
8.393092124066333e-03	1.647124e-01
8.402857749066333e-03	1.613602e-01
8.412623374066333e-03	1.576829e-01
8.422388999066333e-03	1.536024e-01
8.432154624066332e-03	1.490267e-01
8.441920249066332e-03	1.437713e-01
8.451685874066332e-03	1.375101e-01
8.461451499066332e-03	1.296055e-01
8.471217124066333e-03	1.184577e-01
8.480982749066333e-03	9.902522e-02
8.490748374066333e-03	5.819433e-02
8.500513999066333e-03	-9.905318e-03
8.510279624066332e-03	-8.837469e-02
8.511500327191333e-03	-9.713865e-02
8.513941733441333e-03	-1.117205e-01
8.518824545941333e-03	-1.256171e-01
8.525072335899561e-03	-1.326042e-01
8.530991580974758e-03	-1.385077e-01
8.536679852473071e-03	-1.426890e-01
8.546445477473071e-03	-1.489542e-01
8.556211102473071e-03	-1.539218e-01
8.565976727473071e-03	-1.584029e-01
8.567197430598071e-03	-1.588874e-01
8.569638836848071e-03	-1.598791e-01
8.574521649348070e-03	-1.617963e-01
8.575742352473071e-03	-1.622566e-01
8.578183758723070e-03	-1.631630e-01
8.583066571223071e-03	-1.649051e-01
8.592832196223071e-03	-1.681413e-01
8.602597821223070e-03	-1.710832e-01
8.612363446223070e-03	-1.737669e-01
8.622129071223070e-03	-1.762116e-01
8.631894696223070e-03	-1.784356e-01
8.641660321223071e-03	-1.804493e-01
8.651425946223071e-03	-1.822613e-01
8.661191571223071e-03	-1.838766e-01
8.670957196223071e-03	-1.852995e-01
8.680722821223071e-03	-1.865322e-01
8.690488446223070e-03	-1.875770e-01
8.700254071223070e-03	-1.884345e-01
8.710019696223070e-03	-1.891059e-01
8.719785321223071e-03	-1.895911e-01
8.729550946223071e-03	-1.898908e-01
8.739316571223071e-03	-1.900047e-01
8.749082196223071e-03	-1.899329e-01
8.758847821223071e-03	-1.896752e-01
8.768613446223070e-03	-1.892316e-01
8.778379071223070e-03	-1.886016e-01
8.788144696223070e-03	-1.877850e-01
8.797910321223070e-03	-1.867810e-01
8.807675946223071e-03	-1.855890e-01
8.817441571223071e-03	-1.842074e-01
8.827207196223071e-03	-1.826346e-01
8.836972821223071e-03	-1.808677e-01
8.846738446223070e-03	-1.789031e-01
8.856504071223070e-03	-1.767353e-01
8.866269696223070e-03	-1.743568e-01
8.876035321223070e-03	-1.717569e-01
8.885800946223071e-03	-1.689207e-01
8.895566571223071e-03	-1.658270e-01
8.905332196223071e-03	-1.624437e-01
8.915097821223071e-03	-1.587275e-01
8.924863446223071e-03	-1.546077e-01
8.926084149348071e-03	-1.540576e-01
8.928525555598071e-03	-1.529350e-01
8.933408368098071e-03	-1.505759e-01
8.934629071223070e-03	-1.499611e-01
8.937070477473070e-03	-1.487028e-01
8.941953289973071e-03	-1.460366e-01
8.951718914973070e-03	-1.399835e-01
8.961484539973070e-03	-1.324729e-01
8.971250164973070e-03	-1.220244e-01
8.981015789973070e-03	-1.046714e-01
8.990781414973071e-03	-6.851131e-02
9.000547039973071e-03	-4.530744e-03
9.001767743098070e-03	5.351529e-03
9.004209149348071e-03	2.535249e-02
9.009091961848070e-03	6.587001e-02
9.018857586848070e-03	1.198551e-01
9.020014238852665e-03	1.223370e-01
9.022327542861855e-03	1.263608e-01
9.026954150880236e-03	1.317884e-01
9.036207366916994e-03	1.398796e-01
9.045972991916994e-03	1.463270e-01
9.055738616916994e-03	1.516137e-01
9.065504241916994e-03	1.561385e-01
9.075269866916993e-03	1.601253e-01
9.085035491916993e-03	1.636950e-01
9.094801116916993e-03	1.669144e-01
9.104566741916995e-03	1.698437e-01
9.114332366916994e-03	1.725110e-01
9.124097991916994e-03	1.749393e-01
9.133863616916994e-03	1.771450e-01
9.143629241916994e-03	1.791399e-01
9.153394866916994e-03	1.809302e-01
9.163160491916993e-03	1.825238e-01
9.172926116916993e-03	1.839217e-01
9.182691741916995e-03	1.851299e-01
9.192457366916994e-03	1.861465e-01
9.202222991916994e-03	1.869766e-01
9.211988616916994e-03	1.876168e-01
9.221754241916994e-03	1.880718e-01
9.231519866916994e-03	1.883374e-01
9.241285491916993e-03	1.884183e-01
9.251051116916993e-03	1.883096e-01
9.260816741916995e-03	1.880162e-01
9.270582366916994e-03	1.875327e-01
9.280347991916994e-03	1.868640e-01
9.290113616916994e-03	1.860045e-01
9.299879241916994e-03	1.849586e-01
9.309644866916994e-03	1.837201e-01
9.319410491916993e-03	1.822927e-01
9.329176116916993e-03	1.806690e-01
9.338941741916993e-03	1.788512e-01
9.348707366916995e-03	1.768297e-01
9.358472991916994e-03	1.746035e-01
9.368238616916994e-03	1.721590e-01
9.378004241916994e-03	1.694891e-01
9.387769866916994e-03	1.665719e-01
9.397535491916994e-03	1.633878e-01
9.407301116916993e-03	1.598973e-01
9.417066741916993e-03	1.560524e-01
9.426832366916995e-03	1.517690e-01
9.436597991916994e-03	1.469222e-01
9.446363616916994e-03	1.412709e-01
9.456129241916994e-03	1.344083e-01
9.457349945041995e-03	1.334278e-01
9.459791351291994e-03	1.313739e-01
9.464674163791993e-03	1.267051e-01
9.474439788791995e-03	1.137895e-01
9.484205413791994e-03	8.942595e-02
9.493971038791994e-03	3.970058e-02
9.495191741916993e-03	3.103197e-02
9.497633148166994e-03	1.307953e-02
9.498243499729494e-03	8.379403e-03
9.499464202854494e-03	-1.128907e-03
9.499769378635744e-03	-3.544770e-03
9.500379730198244e-03	-8.398247e-03
9.500532318088869e-03	-9.620477e-03
9.500837493870118e-03	-1.207055e-02
9.501447845432619e-03	-1.699593e-02
9.502668548557618e-03	-2.694711e-02
9.505109954807620e-03	-4.711730e-02
9.507911789272884e-03	-7.026304e-02
9.513515458203415e-03	-1.083666e-01
9.514736161328415e-03	-1.137127e-01
9.517177567578415e-03	-1.217117e-01
9.522060380078416e-03	-1.293566e-01
9.526482305371698e-03	-1.339529e-01
9.532581421728692e-03	-1.394813e-01
9.539422152571189e-03	-1.443911e-01
9.549187777571189e-03	-1.502594e-01
9.558953402571190e-03	-1.550727e-01
9.568719027571190e-03	-1.593547e-01
9.569939730696189e-03	-1.598393e-01
9.570244906477439e-03	-1.599610e-01
9.570855258039940e-03	-1.602040e-01
9.572075961164939e-03	-1.606855e-01
9.574517367414940e-03	-1.616312e-01
9.579400179914939e-03	-1.634452e-01
9.589165804914939e-03	-1.668080e-01
9.598931429914939e-03	-1.698584e-01
9.608697054914940e-03	-1.726400e-01
9.618462679914940e-03	-1.751724e-01
9.628228304914940e-03	-1.774809e-01
9.637993929914939e-03	-1.795737e-01
9.647759554914939e-03	-1.814624e-01
9.657525179914939e-03	-1.831517e-01
9.667290804914939e-03	-1.846479e-01
9.677056429914939e-03	-1.859522e-01
9.686822054914940e-03	-1.870684e-01
9.696587679914940e-03	-1.879963e-01
9.706353304914940e-03	-1.887385e-01
9.716118929914939e-03	-1.892936e-01
9.725884554914939e-03	-1.896637e-01
9.735650179914939e-03	-1.898472e-01
9.745415804914939e-03	-1.898457e-01
9.755181429914939e-03	-1.896576e-01
9.764947054914940e-03	-1.892843e-01
9.774712679914940e-03	-1.887239e-01
9.784478304914940e-03	-1.879777e-01
9.794243929914940e-03	-1.870436e-01
9.804009554914939e-03	-1.859224e-01
9.813775179914939e-03	-1.846114e-01
9.823540804914939e-03	-1.831106e-01
9.833306429914939e-03	-1.814159e-01
9.843072054914939e-03	-1.795257e-01
9.852837679914940e-03	-1.774337e-01
9.862603304914940e-03	-1.751345e-01
9.872368929914940e-03	-1.726174e-01
9.882134554914939e-03	-1.698707e-01
9.891900179914939e-03	-1.668732e-01
9.901665804914939e-03	-1.636021e-01
9.911431429914939e-03	-1.600128e-01
9.921197054914939e-03	-1.560504e-01
9.922417758039939e-03	-1.555240e-01
9.924859164289939e-03	-1.544505e-01
9.929741976789939e-03	-1.521964e-01
9.930962679914940e-03	-1.516105e-01
9.933404086164940e-03	-1.504121e-01
9.938286898664939e-03	-1.478834e-01
9.947419860589054e-03	-1.425955e-01
9.957185485589054e-03	-1.358059e-01
9.966951110589053e-03	-1.268477e-01
9.976716735589053e-03	-1.133038e-01
9.986482360589053e-03	-8.714294e-02
9.996247985589053e-03	-3.475930e-02
1.000000000000000e-02	-6.802278e-03
Step Information: Rgain=44.1001K  (Step: 10/11)
0.000000000000000e+00	4.500007e-14
5.000000058430487e-08	1.240609e-09
1.000000011686097e-07	1.274171e-07
2.000000023372195e-07	4.457783e-06
4.000000046744390e-07	5.460165e-05
8.000000093488779e-07	3.232788e-04
1.600000018697756e-06	1.418918e-03
3.200000037395512e-06	5.607279e-03
6.400000074791024e-06	2.011479e-02
1.280000014958205e-05	6.351323e-02
2.059695877270599e-05	1.113764e-01
2.158841938201141e-05	1.148655e-01
2.357134060062223e-05	1.201436e-01
2.753718303784387e-05	1.257378e-01
3.546886791228717e-05	1.334727e-01
4.357579773613847e-05	1.395285e-01
5.334142273613848e-05	1.453024e-01
6.310704773613848e-05	1.501814e-01
7.287267273613847e-05	1.543758e-01
8.263829773613848e-05	1.581102e-01
9.240392273613848e-05	1.614363e-01
1.021695477361385e-04	1.644771e-01
1.119351727361385e-04	1.672050e-01
1.217007977361385e-04	1.697150e-01
1.314664227361385e-04	1.719644e-01
1.412320477361385e-04	1.740245e-01
1.509976727361385e-04	1.758508e-01
1.607632977361385e-04	1.775010e-01
1.705289227361385e-04	1.789320e-01
1.802945477361385e-04	1.801925e-01
1.900601727361385e-04	1.812418e-01
1.998257977361385e-04	1.821223e-01
2.095914227361385e-04	1.827963e-01
2.193570477361385e-04	1.833014e-01
2.291226727361385e-04	1.836026e-01
2.388882977361385e-04	1.837339e-01
2.486539227361385e-04	1.836631e-01
2.584195477361385e-04	1.834209e-01
2.681851727361385e-04	1.829776e-01
2.779507977361385e-04	1.823613e-01
2.877164227361385e-04	1.815441e-01
2.974820477361385e-04	1.805516e-01
3.072476727361385e-04	1.793575e-01
3.170132977361385e-04	1.779845e-01
3.267789227361385e-04	1.764069e-01
3.365445477361385e-04	1.746444e-01
3.463101727361385e-04	1.726705e-01
3.560757977361385e-04	1.705002e-01
3.658414227361385e-04	1.681045e-01
3.756070477361385e-04	1.654908e-01
3.853726727361385e-04	1.626232e-01
3.951382977361385e-04	1.594955e-01
4.049039227361385e-04	1.560546e-01
4.146695477361385e-04	1.522652e-01
4.244351727361385e-04	1.480295e-01
4.342007977361385e-04	1.432254e-01
4.439664227361385e-04	1.376333e-01
4.537320477361385e-04	1.307847e-01
4.634976727361385e-04	1.216954e-01
4.732632977361385e-04	1.076258e-01
4.830289227361385e-04	7.897727e-02
4.927945477361385e-04	2.108812e-02
4.940152508611385e-04	1.122659e-02
4.943204266423884e-04	8.742258e-03
4.949307782048885e-04	3.737258e-03
4.950833660955135e-04	2.472634e-03
4.951215130681697e-04	2.156134e-03
4.951978070134823e-04	1.521255e-03
4.953503949041072e-04	2.493197e-04
4.956555706853573e-04	-2.300995e-03
4.962659222478573e-04	-7.456236e-03
4.972654891005147e-04	-1.601904e-02
4.992646228058299e-04	-3.352438e-02
5.032628902164601e-04	-6.916106e-02
5.096298455844674e-04	-1.137122e-01
5.105614726415663e-04	-1.175266e-01
5.124247267557640e-04	-1.233390e-01
5.161512349841595e-04	-1.292437e-01
5.202168454074765e-04	-1.337167e-01
5.253953366293432e-04	-1.385416e-01
5.317576404040272e-04	-1.432595e-01
5.415232654040272e-04	-1.493859e-01
5.512888904040272e-04	-1.543253e-01
5.610545154040272e-04	-1.587301e-01
5.622752185290272e-04	-1.592225e-01
5.647166247790272e-04	-1.602128e-01
5.695994372790272e-04	-1.621150e-01
5.708201404040273e-04	-1.625753e-01
5.732615466540272e-04	-1.634787e-01
5.781443591540272e-04	-1.652160e-01
5.879099841540272e-04	-1.684516e-01
5.976756091540272e-04	-1.714017e-01
6.074412341540272e-04	-1.741026e-01
6.172068591540272e-04	-1.765713e-01
6.269724841540273e-04	-1.788265e-01
6.367381091540273e-04	-1.808772e-01
6.465037341540272e-04	-1.827326e-01
6.562693591540272e-04	-1.843963e-01
6.660349841540272e-04	-1.858733e-01
6.758006091540272e-04	-1.871646e-01
6.855662341540272e-04	-1.882732e-01
6.953318591540272e-04	-1.891988e-01
7.050974841540272e-04	-1.899431e-01
7.148631091540272e-04	-1.905052e-01
7.246287341540272e-04	-1.908864e-01
7.343943591540272e-04	-1.910856e-01
7.441599841540272e-04	-1.911036e-01
7.539256091540273e-04	-1.909394e-01
7.636912341540273e-04	-1.905938e-01
7.734568591540272e-04	-1.900659e-01
7.832224841540272e-04	-1.893560e-01
7.929881091540272e-04	-1.884633e-01
8.027537341540272e-04	-1.873878e-01
8.125193591540272e-04	-1.861282e-01
8.222849841540272e-04	-1.846840e-01
8.320506091540272e-04	-1.830529e-01
8.418162341540272e-04	-1.812329e-01
8.515818591540272e-04	-1.792201e-01
8.613474841540272e-04	-1.770096e-01
8.711131091540273e-04	-1.745939e-01
8.808787341540273e-04	-1.719630e-01
8.906443591540273e-04	-1.691021e-01
9.004099841540272e-04	-1.659907e-01
9.101756091540272e-04	-1.625974e-01
9.199412341540272e-04	-1.588802e-01
9.297068591540272e-04	-1.547699e-01
9.309275622790272e-04	-1.542220e-01
9.333689685290272e-04	-1.531039e-01
9.382517810290272e-04	-1.507565e-01
9.394724841540272e-04	-1.501452e-01
9.419138904040273e-04	-1.488945e-01
9.467967029040273e-04	-1.462464e-01
9.565623279040273e-04	-1.402470e-01
9.663279529040272e-04	-1.328188e-01
9.760935779040272e-04	-1.224923e-01
9.858592029040273e-04	-1.052209e-01
9.956248279040273e-04	-6.802093e-02
1.005390452904027e-03	-8.342650e-05
1.015156077904027e-03	8.402073e-02
1.016376781029027e-03	9.361670e-02
1.018818187279027e-03	1.091739e-01
1.023700999779027e-03	1.228289e-01
1.031993517820321e-03	1.312219e-01
1.040150636170988e-03	1.382002e-01
1.049916261170988e-03	1.440277e-01
1.059681886170988e-03	1.492995e-01
1.069447511170988e-03	1.535116e-01
1.079213136170988e-03	1.574725e-01
1.088978761170988e-03	1.608006e-01
1.098744386170988e-03	1.640090e-01
1.108510011170988e-03	1.667490e-01
1.118275636170988e-03	1.693967e-01
1.128041261170988e-03	1.716658e-01
1.137806886170988e-03	1.738456e-01
1.147572511170988e-03	1.756998e-01
1.157338136170988e-03	1.774580e-01
1.167103761170988e-03	1.789243e-01
1.176869386170988e-03	1.802848e-01
1.186635011170988e-03	1.813762e-01
1.196400636170988e-03	1.823510e-01
1.206166261170988e-03	1.830729e-01
1.215931886170988e-03	1.836678e-01
1.225697511170988e-03	1.840220e-01
1.235463136170988e-03	1.842398e-01
1.245228761170988e-03	1.842262e-01
1.254994386170988e-03	1.840678e-01
1.264760011170988e-03	1.836856e-01
1.274525636170988e-03	1.831509e-01
1.284291261170988e-03	1.823984e-01
1.294056886170988e-03	1.814864e-01
1.303822511170988e-03	1.803606e-01
1.313588136170988e-03	1.790678e-01
1.323353761170988e-03	1.775631e-01
1.333119386170988e-03	1.758822e-01
1.342885011170988e-03	1.739871e-01
1.352650636170988e-03	1.719030e-01
1.362416261170988e-03	1.695955e-01
1.372181886170988e-03	1.670779e-01
1.381947511170988e-03	1.643148e-01
1.391713136170988e-03	1.613036e-01
1.401478761170988e-03	1.579986e-01
1.411244386170988e-03	1.543699e-01
1.421010011170988e-03	1.503389e-01
1.430775636170988e-03	1.458120e-01
1.440541261170988e-03	1.406043e-01
1.450306886170988e-03	1.343835e-01
1.451527589295988e-03	1.335072e-01
1.453968995545988e-03	1.316804e-01
1.458851808045988e-03	1.276164e-01
1.468617433045988e-03	1.169342e-01
1.478383058045988e-03	9.854578e-02
1.488148683045988e-03	5.843698e-02
1.489369386170988e-03	5.085978e-02
1.491810792420988e-03	3.462014e-02
1.496693604920988e-03	-3.101781e-03
1.496846192811613e-03	-4.380780e-03
1.497151368592863e-03	-6.946475e-03
1.497761720155363e-03	-1.212313e-02
1.498982423280363e-03	-2.263973e-02
1.501423829530363e-03	-4.416539e-02
1.506306642030363e-03	-8.665571e-02
1.507527345155363e-03	-9.616103e-02
1.509968751405363e-03	-1.120088e-01
1.514851563905363e-03	-1.264735e-01
1.519859892512164e-03	-1.317793e-01
1.524471989552320e-03	-1.366674e-01
1.529740810759899e-03	-1.407473e-01
1.539506435759899e-03	-1.473657e-01
1.549272060759899e-03	-1.524963e-01
1.559037685759899e-03	-1.571218e-01
1.560258388884899e-03	-1.576169e-01
1.562699795134899e-03	-1.586343e-01
1.563310146697400e-03	-1.588897e-01
1.564530849822399e-03	-1.593914e-01
1.566972256072399e-03	-1.603665e-01
1.571855068572400e-03	-1.622350e-01
1.581620693572400e-03	-1.657041e-01
1.591386318572399e-03	-1.688473e-01
1.601151943572399e-03	-1.717236e-01
1.610917568572399e-03	-1.743460e-01
1.620683193572399e-03	-1.767507e-01
1.630448818572399e-03	-1.789356e-01
1.640214443572399e-03	-1.809263e-01
1.649980068572399e-03	-1.827140e-01
1.659745693572399e-03	-1.843191e-01
1.669511318572399e-03	-1.857294e-01
1.679276943572399e-03	-1.869623e-01
1.689042568572399e-03	-1.880043e-01
1.698808193572399e-03	-1.888709e-01
1.708573818572399e-03	-1.895483e-01
1.718339443572399e-03	-1.900506e-01
1.728105068572399e-03	-1.903644e-01
1.737870693572399e-03	-1.905028e-01
1.747636318572399e-03	-1.904529e-01
1.757401943572399e-03	-1.902271e-01
1.767167568572399e-03	-1.898131e-01
1.776933193572400e-03	-1.892225e-01
1.786698818572400e-03	-1.884435e-01
1.796464443572400e-03	-1.874869e-01
1.806230068572400e-03	-1.863413e-01
1.815995693572400e-03	-1.850162e-01
1.825761318572400e-03	-1.835001e-01
1.835526943572399e-03	-1.818008e-01
1.845292568572399e-03	-1.799059e-01
1.855058193572399e-03	-1.778202e-01
1.864823818572399e-03	-1.755290e-01
1.874589443572399e-03	-1.730321e-01
1.884355068572399e-03	-1.703096e-01
1.894120693572399e-03	-1.673521e-01
1.903886318572399e-03	-1.641279e-01
1.913651943572399e-03	-1.606082e-01
1.923417568572399e-03	-1.567366e-01
1.924638271697399e-03	-1.562220e-01
1.927079677947400e-03	-1.551759e-01
1.931962490447399e-03	-1.529878e-01
1.933183193572399e-03	-1.524187e-01
1.935624599822399e-03	-1.512573e-01
1.940507412322399e-03	-1.488138e-01
1.950273037322399e-03	-1.433555e-01
1.960038662322400e-03	-1.368280e-01
1.969804287322399e-03	-1.283409e-01
1.979569912322400e-03	-1.158129e-01
1.989335537322399e-03	-9.201784e-02
1.999101162322400e-03	-4.124464e-02
2.008866787322399e-03	3.787065e-02
2.010087490447400e-03	4.900685e-02
2.012528896697399e-03	7.103545e-02
2.017411709197399e-03	1.065649e-01
2.018521431604623e-03	1.115735e-01
2.020740876419071e-03	1.189799e-01
2.025179766047967e-03	1.257830e-01
2.032590102442362e-03	1.330576e-01
2.040445458178074e-03	1.392297e-01
2.050211083178074e-03	1.451044e-01
2.059976708178074e-03	1.501453e-01
2.069742333178074e-03	1.543935e-01
2.079507958178074e-03	1.582294e-01
2.089273583178074e-03	1.615963e-01
2.099039208178074e-03	1.647203e-01
2.108804833178074e-03	1.674883e-01
2.118570458178074e-03	1.700732e-01
2.128336083178074e-03	1.723649e-01
2.138101708178074e-03	1.744961e-01
2.147867333178074e-03	1.763679e-01
2.157632958178074e-03	1.780875e-01
2.167398583178074e-03	1.795673e-01
2.177164208178074e-03	1.808966e-01
2.186929833178074e-03	1.819978e-01
2.196695458178074e-03	1.829471e-01
2.206461083178074e-03	1.836759e-01
2.216226708178074e-03	1.842500e-01
2.225992333178074e-03	1.846086e-01
2.235757958178074e-03	1.848093e-01
2.245523583178074e-03	1.847981e-01
2.255289208178074e-03	1.846258e-01
2.265054833178074e-03	1.842445e-01
2.274820458178074e-03	1.836988e-01
2.284586083178074e-03	1.829459e-01
2.294351708178074e-03	1.820253e-01
2.304117333178074e-03	1.808984e-01
2.313882958178074e-03	1.795995e-01
2.323648583178074e-03	1.780931e-01
2.333414208178074e-03	1.764085e-01
2.343179833178074e-03	1.745118e-01
2.352945458178074e-03	1.724264e-01
2.362711083178074e-03	1.701180e-01
2.372476708178074e-03	1.676020e-01
2.382242333178074e-03	1.648397e-01
2.392007958178074e-03	1.618338e-01
2.401773583178074e-03	1.585330e-01
2.411539208178074e-03	1.549155e-01
2.421304833178074e-03	1.508959e-01
2.431070458178074e-03	1.463920e-01
2.440836083178074e-03	1.412142e-01
2.450601708178074e-03	1.350495e-01
2.451822411303074e-03	1.341805e-01
2.454263817553074e-03	1.323768e-01
2.459146630053074e-03	1.283675e-01
2.468912255053074e-03	1.178950e-01
2.478677880053074e-03	1.000925e-01
2.488443505053074e-03	6.140769e-02
2.489664208178074e-03	5.406459e-02
2.492105614428074e-03	3.825196e-02
2.492715965990574e-03	3.389762e-02
2.493936669115574e-03	2.496321e-02
2.496378075365574e-03	5.901119e-03
2.496988426928074e-03	8.780409e-04
2.497141014818699e-03	-3.820422e-04
2.497446190599949e-03	-2.910935e-03
2.497522484545261e-03	-3.547053e-03
2.497675072435887e-03	-4.821183e-03
2.497980248217136e-03	-7.379915e-03
2.498590599779637e-03	-1.254401e-02
2.499811302904636e-03	-2.303836e-02
2.502252709154636e-03	-4.452601e-02
2.507135521654636e-03	-8.689161e-02
2.508356224779637e-03	-9.633102e-02
2.510797631029636e-03	-1.120166e-01
2.515680443529636e-03	-1.262541e-01
2.520628746600062e-03	-1.314595e-01
2.525214105309726e-03	-1.363270e-01
2.530466267775655e-03	-1.404033e-01
2.540231892775655e-03	-1.470214e-01
2.549997517775655e-03	-1.521534e-01
2.559763142775655e-03	-1.567741e-01
2.560983845900655e-03	-1.572696e-01
2.563425252150655e-03	-1.582866e-01
2.568308064650655e-03	-1.602621e-01
2.578073689650655e-03	-1.638696e-01
2.587839314650655e-03	-1.671555e-01
2.597604939650655e-03	-1.701269e-01
2.607370564650655e-03	-1.728614e-01
2.617136189650655e-03	-1.753418e-01
2.626901814650655e-03	-1.776232e-01
2.636667439650655e-03	-1.796801e-01
2.646433064650655e-03	-1.815558e-01
2.656198689650655e-03	-1.832224e-01
2.665964314650655e-03	-1.847159e-01
2.675729939650655e-03	-1.860080e-01
2.685495564650655e-03	-1.871303e-01
2.695261189650655e-03	-1.880552e-01
2.705026814650655e-03	-1.888110e-01
2.714792439650655e-03	-1.893713e-01
2.724558064650655e-03	-1.897621e-01
2.734323689650655e-03	-1.899585e-01
2.744089314650655e-03	-1.899844e-01
2.753854939650655e-03	-1.898168e-01
2.763620564650655e-03	-1.894775e-01
2.773386189650655e-03	-1.889451e-01
2.783151814650655e-03	-1.882399e-01
2.792917439650655e-03	-1.873417e-01
2.802683064650655e-03	-1.862690e-01
2.812448689650655e-03	-1.850028e-01
2.822214314650655e-03	-1.835592e-01
2.831979939650655e-03	-1.819197e-01
2.841745564650655e-03	-1.800976e-01
2.851511189650655e-03	-1.780738e-01
2.861276814650655e-03	-1.758575e-01
2.871042439650655e-03	-1.734271e-01
2.880808064650655e-03	-1.707848e-01
2.890573689650655e-03	-1.679028e-01
2.900339314650655e-03	-1.647710e-01
2.910104939650655e-03	-1.613466e-01
2.919870564650655e-03	-1.575925e-01
2.929636189650655e-03	-1.534252e-01
2.930856892775655e-03	-1.528675e-01
2.933298299025655e-03	-1.517312e-01
2.938181111525655e-03	-1.493441e-01
2.947946736525655e-03	-1.440323e-01
2.956976531211272e-03	-1.382476e-01
2.966742156211271e-03	-1.304217e-01
2.976507781211272e-03	-1.192016e-01
2.986273406211271e-03	-9.935143e-02
2.996039031211271e-03	-5.621152e-02
3.005804656211271e-03	1.723140e-02
3.007025359336272e-03	2.818023e-02
3.009466765586272e-03	5.021257e-02
3.014349578086271e-03	9.171894e-02
3.015570281211271e-03	1.001687e-01
3.018011687461272e-03	1.132514e-01
3.022894499961272e-03	1.243176e-01
3.030131868722898e-03	1.316244e-01
3.038266327042447e-03	1.385621e-01
3.048031952042447e-03	1.445097e-01
3.057797577042447e-03	1.497767e-01
3.067563202042447e-03	1.540525e-01
3.077328827042447e-03	1.580181e-01
3.087094452042447e-03	1.613935e-01
3.096860077042447e-03	1.646099e-01
3.106625702042447e-03	1.673904e-01
3.116391327042447e-03	1.700508e-01
3.126156952042447e-03	1.723571e-01
3.135922577042447e-03	1.745538e-01
3.145688202042447e-03	1.764434e-01
3.155453827042447e-03	1.782225e-01
3.165219452042447e-03	1.797235e-01
3.174985077042447e-03	1.811082e-01
3.184750702042447e-03	1.822339e-01
3.194516327042447e-03	1.832359e-01
3.204281952042447e-03	1.839922e-01
3.214047577042447e-03	1.846169e-01
3.223813202042447e-03	1.850057e-01
3.233578827042447e-03	1.852556e-01
3.243344452042447e-03	1.852771e-01
3.253110077042447e-03	1.851529e-01
3.262875702042447e-03	1.848064e-01
3.272641327042447e-03	1.843081e-01
3.282406952042447e-03	1.835921e-01
3.292172577042447e-03	1.827186e-01
3.301938202042447e-03	1.816308e-01
3.311703827042447e-03	1.803791e-01
3.321469452042447e-03	1.789145e-01
3.331235077042447e-03	1.772783e-01
3.341000702042447e-03	1.754270e-01
3.350766327042447e-03	1.733929e-01
3.360531952042447e-03	1.711352e-01
3.370297577042447e-03	1.686762e-01
3.380063202042447e-03	1.659739e-01
3.389828827042447e-03	1.630367e-01
3.399594452042447e-03	1.598134e-01
3.409360077042447e-03	1.562887e-01
3.419125702042447e-03	1.523836e-01
3.428891327042447e-03	1.480292e-01
3.438656952042447e-03	1.430601e-01
3.448422577042447e-03	1.372197e-01
3.458188202042447e-03	1.299893e-01
3.467953827042447e-03	1.201832e-01
3.477719452042447e-03	1.041402e-01
3.487485077042447e-03	7.004827e-02
3.497250702042447e-03	5.465616e-03
3.497403289933072e-03	4.183432e-03
3.497708465714322e-03	1.616030e-03
3.498318817276822e-03	-3.557915e-03
3.499539520401822e-03	-1.407805e-02
3.499574802849254e-03	-1.438518e-02
3.499645367744118e-03	-1.499963e-02
3.499786497533845e-03	-1.623065e-02
3.500068757113299e-03	-1.870075e-02
3.500633276272207e-03	-2.366764e-02
3.501762314590024e-03	-3.369652e-02
3.504020391225659e-03	-5.399409e-02
3.508536544496927e-03	-9.262468e-02
3.509665582814744e-03	-1.007676e-01
3.511923659450378e-03	-1.140246e-01
3.516439812721646e-03	-1.260588e-01
3.521653843839896e-03	-1.316558e-01
3.526697478788962e-03	-1.368086e-01
3.531963934083442e-03	-1.407963e-01
3.541729559083443e-03	-1.472625e-01
3.551495184083442e-03	-1.523249e-01
3.561260809083443e-03	-1.568788e-01
3.562481512208442e-03	-1.573700e-01
3.564922918458442e-03	-1.583763e-01
3.569805730958443e-03	-1.603283e-01
3.579571355958443e-03	-1.638978e-01
3.589336980958443e-03	-1.671496e-01
3.599102605958443e-03	-1.700912e-01
3.608868230958442e-03	-1.727969e-01
3.618633855958443e-03	-1.752507e-01
3.628399480958442e-03	-1.775055e-01
3.638165105958443e-03	-1.795370e-01
3.647930730958442e-03	-1.813870e-01
3.657696355958443e-03	-1.830284e-01
3.667461980958442e-03	-1.844962e-01
3.677227605958443e-03	-1.857628e-01
3.686993230958442e-03	-1.868591e-01
3.696758855958443e-03	-1.877581e-01
3.706524480958442e-03	-1.884874e-01
3.716290105958443e-03	-1.890214e-01
3.726055730958442e-03	-1.893852e-01
3.735821355958443e-03	-1.895547e-01
3.745586980958442e-03	-1.895532e-01
3.755352605958443e-03	-1.893581e-01
3.765118230958442e-03	-1.889909e-01
3.774883855958443e-03	-1.884305e-01
3.784649480958443e-03	-1.876968e-01
3.794415105958443e-03	-1.867699e-01
3.804180730958443e-03	-1.856680e-01
3.813946355958443e-03	-1.843721e-01
3.823711980958443e-03	-1.828983e-01
3.833477605958443e-03	-1.812277e-01
3.843243230958443e-03	-1.793736e-01
3.853008855958442e-03	-1.773165e-01
3.862774480958443e-03	-1.750651e-01
3.872540105958442e-03	-1.725972e-01
3.882305730958443e-03	-1.699143e-01
3.892071355958442e-03	-1.669873e-01
3.901836980958443e-03	-1.638044e-01
3.911602605958442e-03	-1.603201e-01
3.921368230958442e-03	-1.564926e-01
3.922588934083443e-03	-1.559847e-01
3.925030340333442e-03	-1.549516e-01
3.925640691895943e-03	-1.546874e-01
3.926861395020942e-03	-1.541549e-01
3.929302801270943e-03	-1.530655e-01
3.934185613770943e-03	-1.507856e-01
3.935406316895942e-03	-1.501922e-01
3.937847723145943e-03	-1.489793e-01
3.942730535645943e-03	-1.464179e-01
3.952496160645943e-03	-1.406452e-01
3.962261785645942e-03	-1.335848e-01
3.972027410645943e-03	-1.240282e-01
3.981793035645943e-03	-1.088276e-01
3.991558660645943e-03	-7.711886e-02
4.001324285645942e-03	-1.521167e-02
4.011089910645943e-03	6.900834e-02
4.012310613770943e-03	7.972446e-02
4.014752020020942e-03	9.906436e-02
4.019634832520942e-03	1.201659e-01
4.026664751093577e-03	1.291694e-01
4.035039692462316e-03	1.367192e-01
4.043806705621095e-03	1.426676e-01
4.053572330621095e-03	1.481431e-01
4.063337955621095e-03	1.527532e-01
4.073103580621094e-03	1.568258e-01
4.082869205621095e-03	1.604267e-01
4.092634830621095e-03	1.636941e-01
4.102400455621095e-03	1.666533e-01
4.112166080621094e-03	1.693486e-01
4.121931705621095e-03	1.718053e-01
4.131697330621095e-03	1.740356e-01
4.141462955621095e-03	1.760593e-01
4.151228580621094e-03	1.778740e-01
4.160994205621095e-03	1.794989e-01
4.170759830621095e-03	1.809229e-01
4.180525455621095e-03	1.821658e-01
4.190291080621095e-03	1.832110e-01
4.200056705621095e-03	1.840797e-01
4.209822330621095e-03	1.847517e-01
4.219587955621095e-03	1.852494e-01
4.229353580621095e-03	1.855503e-01
4.239119205621094e-03	1.856780e-01
4.248884830621095e-03	1.856082e-01
4.258650455621095e-03	1.853657e-01
4.268416080621095e-03	1.849250e-01
4.278181705621094e-03	1.843114e-01
4.287947330621095e-03	1.834986e-01
4.297712955621095e-03	1.825123e-01
4.307478580621095e-03	1.813248e-01
4.317244205621094e-03	1.799617e-01
4.327009830621095e-03	1.783941e-01
4.336775455621095e-03	1.766462e-01
4.346541080621095e-03	1.746870e-01
4.356306705621094e-03	1.725378e-01
4.366072330621095e-03	1.701640e-01
4.375837955621095e-03	1.675814e-01
4.385603580621095e-03	1.647476e-01
4.395369205621094e-03	1.616674e-01
4.405134830621095e-03	1.582821e-01
4.414900455621095e-03	1.545713e-01
4.424666080621095e-03	1.504369e-01
4.434431705621095e-03	1.457909e-01
4.444197330621095e-03	1.404145e-01
4.453962955621095e-03	1.339445e-01
4.455183658746095e-03	1.330236e-01
4.457625064996095e-03	1.311108e-01
4.462507877496095e-03	1.268087e-01
4.472273502496095e-03	1.152407e-01
4.482039127496095e-03	9.427793e-02
4.491804752496094e-03	4.866417e-02
4.493025455621095e-03	4.025630e-02
4.495466861871095e-03	2.251969e-02
4.500349674371094e-03	-1.724303e-02
4.500502262261720e-03	-1.856543e-02
4.500807438042970e-03	-2.121600e-02
4.501417789605470e-03	-2.655066e-02
4.502638492730470e-03	-3.733509e-02
4.505079898980469e-03	-5.915779e-02
4.509962711480469e-03	-9.911769e-02
4.511183414605470e-03	-1.067505e-01
4.513624820855469e-03	-1.181837e-01
4.518507633355469e-03	-1.277327e-01
4.522959182721505e-03	-1.323348e-01
4.528488710051709e-03	-1.376271e-01
4.533988951806379e-03	-1.416884e-01
4.543754576806378e-03	-1.478980e-01
4.553520201806378e-03	-1.528562e-01
4.563285826806378e-03	-1.572903e-01
4.564506529931379e-03	-1.577783e-01
4.566947936181378e-03	-1.587698e-01
4.567558287743878e-03	-1.590157e-01
4.568778990868878e-03	-1.595009e-01
4.571220397118879e-03	-1.604468e-01
4.576103209618878e-03	-1.622604e-01
4.585868834618878e-03	-1.656313e-01
4.595634459618878e-03	-1.686874e-01
4.605400084618878e-03	-1.714828e-01
4.615165709618878e-03	-1.740292e-01
4.624931334618878e-03	-1.763598e-01
4.634696959618878e-03	-1.784728e-01
4.644462584618878e-03	-1.803916e-01
4.654228209618879e-03	-1.821084e-01
4.663993834618878e-03	-1.836416e-01
4.673759459618878e-03	-1.849805e-01
4.683525084618878e-03	-1.861405e-01
4.693290709618879e-03	-1.871099e-01
4.703056334618878e-03	-1.879022e-01
4.712821959618878e-03	-1.885054e-01
4.722587584618878e-03	-1.889319e-01
4.732353209618879e-03	-1.891700e-01
4.742118834618878e-03	-1.892311e-01
4.751884459618878e-03	-1.891039e-01
4.761650084618878e-03	-1.887993e-01
4.771415709618878e-03	-1.883063e-01
4.781181334618878e-03	-1.876352e-01
4.790946959618878e-03	-1.867754e-01
4.800712584618878e-03	-1.857362e-01
4.810478209618878e-03	-1.845074e-01
4.820243834618878e-03	-1.830968e-01
4.830009459618878e-03	-1.814938e-01
4.839775084618878e-03	-1.797044e-01
4.849540709618878e-03	-1.777165e-01
4.859306334618878e-03	-1.755329e-01
4.869071959618878e-03	-1.731385e-01
4.878837584618878e-03	-1.705299e-01
4.888603209618878e-03	-1.676856e-01
4.898368834618879e-03	-1.645906e-01
4.908134459618878e-03	-1.612083e-01
4.917900084618878e-03	-1.574989e-01
4.927665709618878e-03	-1.533858e-01
4.937431334618879e-03	-1.487480e-01
4.938652037743878e-03	-1.481264e-01
4.941093443993878e-03	-1.468496e-01
4.945976256493879e-03	-1.441380e-01
4.955741881493878e-03	-1.379523e-01
4.965507506493878e-03	-1.301884e-01
4.975273131493878e-03	-1.190867e-01
4.985038756493879e-03	-9.956726e-02
4.994804381493878e-03	-5.714409e-02
5.004570006493878e-03	1.568795e-02
5.005790709618878e-03	2.660893e-02
5.008232115868878e-03	4.860803e-02
5.013114928368878e-03	9.046248e-02
5.014335631493878e-03	9.916270e-02
5.016777037743878e-03	1.128068e-01
5.021659850243878e-03	1.244813e-01
5.029116374204402e-03	1.320351e-01
5.037269582767723e-03	1.390174e-01
5.047035207767722e-03	1.449539e-01
5.056800832767723e-03	1.502368e-01
5.066566457767723e-03	1.545124e-01
5.076332082767723e-03	1.584869e-01
5.086097707767722e-03	1.618694e-01
5.095863332767723e-03	1.650998e-01
5.105628957767723e-03	1.678865e-01
5.115394582767723e-03	1.705609e-01
5.125160207767722e-03	1.728758e-01
5.134925832767723e-03	1.750869e-01
5.144691457767723e-03	1.769873e-01
5.154457082767723e-03	1.787812e-01
5.164222707767722e-03	1.802947e-01
5.173988332767723e-03	1.816949e-01
5.183753957767723e-03	1.828347e-01
5.193519582767723e-03	1.838528e-01
5.203285207767722e-03	1.846245e-01
5.213050832767722e-03	1.852660e-01
5.222816457767723e-03	1.856714e-01
5.232582082767723e-03	1.859386e-01
5.242347707767723e-03	1.859778e-01
5.252113332767722e-03	1.858717e-01
5.261878957767723e-03	1.855439e-01
5.271644582767723e-03	1.850643e-01
5.281410207767723e-03	1.843682e-01
5.291175832767722e-03	1.835142e-01
5.300941457767723e-03	1.824475e-01
5.310707082767723e-03	1.812167e-01
5.320472707767723e-03	1.797747e-01
5.330238332767722e-03	1.781611e-01
5.340003957767723e-03	1.763348e-01
5.349769582767723e-03	1.743260e-01
5.359535207767723e-03	1.720970e-01
5.369300832767722e-03	1.696679e-01
5.379066457767723e-03	1.670005e-01
5.388832082767723e-03	1.641013e-01
5.398597707767723e-03	1.609242e-01
5.408363332767722e-03	1.574535e-01
5.418128957767723e-03	1.536178e-01
5.427894582767723e-03	1.493529e-01
5.437660207767723e-03	1.445103e-01
5.447425832767722e-03	1.388618e-01
5.457191457767722e-03	1.319578e-01
5.466957082767723e-03	1.228172e-01
5.476722707767723e-03	1.085329e-01
5.486488332767723e-03	7.941382e-02
5.496253957767722e-03	2.079993e-02
5.497474660892723e-03	1.086398e-02
5.498390188236473e-03	3.323704e-03
5.498542776127098e-03	2.050957e-03
5.498847951908348e-03	-5.026959e-04
5.499458303470848e-03	-5.656728e-03
5.500679006595848e-03	-1.613739e-02
5.500714032666418e-03	-1.644143e-02
5.500784084807558e-03	-1.704975e-02
5.500924189089837e-03	-1.826808e-02
5.501204397654396e-03	-2.071214e-02
5.501764814783515e-03	-2.562764e-02
5.502885649041753e-03	-3.555344e-02
5.505127317558227e-03	-5.563603e-02
5.509610654591177e-03	-9.360731e-02
5.510731488849415e-03	-1.015003e-01
5.512973157365890e-03	-1.142658e-01
5.517456494398840e-03	-1.258050e-01
5.522773300155521e-03	-1.314893e-01
5.528297602719255e-03	-1.370098e-01
5.533499096546927e-03	-1.408523e-01
5.543264721546926e-03	-1.472205e-01
5.553030346546926e-03	-1.522703e-01
5.562795971546926e-03	-1.567430e-01
5.564016674671927e-03	-1.572224e-01
5.566458080921926e-03	-1.582171e-01
5.571340893421926e-03	-1.601536e-01
5.581106518421926e-03	-1.636907e-01
5.590872143421926e-03	-1.669155e-01
5.600637768421926e-03	-1.698300e-01
5.610403393421926e-03	-1.725115e-01
5.620169018421926e-03	-1.749402e-01
5.629934643421926e-03	-1.771715e-01
5.639700268421926e-03	-1.791782e-01
5.649465893421926e-03	-1.810045e-01
5.659231518421926e-03	-1.826208e-01
5.668997143421927e-03	-1.840643e-01
5.678762768421926e-03	-1.853054e-01
5.688528393421926e-03	-1.863766e-01
5.698294018421926e-03	-1.872493e-01
5.708059643421927e-03	-1.879526e-01
5.717825268421926e-03	-1.884596e-01
5.727590893421926e-03	-1.887967e-01
5.737356518421926e-03	-1.889385e-01
5.747122143421927e-03	-1.889095e-01
5.756887768421926e-03	-1.886859e-01
5.766653393421926e-03	-1.882904e-01
5.776419018421926e-03	-1.877008e-01
5.786184643421926e-03	-1.869380e-01
5.795950268421926e-03	-1.859810e-01
5.805715893421926e-03	-1.848489e-01
5.815481518421926e-03	-1.835217e-01
5.825247143421926e-03	-1.820161e-01
5.835012768421926e-03	-1.803124e-01
5.844778393421926e-03	-1.784241e-01
5.854544018421926e-03	-1.763308e-01
5.864309643421926e-03	-1.740412e-01
5.874075268421926e-03	-1.715319e-01
5.883840893421926e-03	-1.688039e-01
5.893606518421926e-03	-1.658261e-01
5.903372143421926e-03	-1.625849e-01
5.913137768421927e-03	-1.590309e-01
5.922903393421926e-03	-1.551153e-01
5.932669018421926e-03	-1.507345e-01
5.933889721546926e-03	-1.501469e-01
5.936331127796926e-03	-1.489470e-01
5.941213940296926e-03	-1.464150e-01
5.950662158150222e-03	-1.409207e-01
5.960427783150222e-03	-1.340337e-01
5.970193408150221e-03	-1.248290e-01
5.979959033150222e-03	-1.105293e-01
5.989724658150222e-03	-8.140063e-02
5.999490283150222e-03	-2.273530e-02
6.009255908150221e-03	6.052645e-02
6.010476611275222e-03	7.151634e-02
6.012918017525222e-03	9.217026e-02
6.017800830025222e-03	1.177371e-01
6.018711530143735e-03	1.197431e-01
6.020532930380761e-03	1.230675e-01
6.024175730854813e-03	1.277734e-01
6.031461331802918e-03	1.348823e-01
6.041226956802918e-03	1.419188e-01
6.050992581802917e-03	1.476064e-01
6.060758206802917e-03	1.523339e-01
6.070523831802918e-03	1.565085e-01
6.080289456802918e-03	1.601842e-01
6.090055081802917e-03	1.635295e-01
6.099820706802917e-03	1.665358e-01
6.109586331802918e-03	1.692963e-01
6.119351956802918e-03	1.717961e-01
6.129117581802917e-03	1.740829e-01
6.138883206802917e-03	1.761470e-01
6.148648831802918e-03	1.780154e-01
6.158414456802918e-03	1.796800e-01
6.168180081802917e-03	1.811565e-01
6.177945706802917e-03	1.824394e-01
6.187711331802918e-03	1.835369e-01
6.197476956802918e-03	1.844463e-01
6.207242581802917e-03	1.851707e-01
6.217008206802917e-03	1.857100e-01
6.226773831802918e-03	1.860635e-01
6.236539456802918e-03	1.862337e-01
6.246305081802917e-03	1.862170e-01
6.256070706802917e-03	1.860180e-01
6.265836331802918e-03	1.856309e-01
6.275601956802918e-03	1.850619e-01
6.285367581802918e-03	1.843035e-01
6.295133206802917e-03	1.833629e-01
6.304898831802917e-03	1.822309e-01
6.314664456802918e-03	1.809154e-01
6.324430081802918e-03	1.794050e-01
6.334195706802917e-03	1.777074e-01
6.343961331802917e-03	1.758087e-01
6.353726956802918e-03	1.737145e-01
6.363492581802918e-03	1.714070e-01
6.373258206802917e-03	1.688875e-01
6.383023831802917e-03	1.661309e-01
6.392789456802918e-03	1.631292e-01
6.402555081802918e-03	1.598426e-01
6.412320706802917e-03	1.562418e-01
6.422086331802917e-03	1.522532e-01
6.431851956802918e-03	1.477858e-01
6.441617581802918e-03	1.426838e-01
6.451383206802917e-03	1.366366e-01
6.461148831802917e-03	1.290644e-01
6.470914456802918e-03	1.185399e-01
6.480680081802918e-03	1.005276e-01
6.490445706802917e-03	6.141720e-02
6.500211331802917e-03	-8.324484e-03
6.509976956802918e-03	-9.170982e-02
6.511197659927918e-03	-1.007732e-01
6.513639066177917e-03	-1.149078e-01
6.518521878677917e-03	-1.266878e-01
6.523132241262079e-03	-1.313630e-01
6.528137926131064e-03	-1.364246e-01
6.533343771509518e-03	-1.403616e-01
6.543109396509518e-03	-1.467943e-01
6.552875021509518e-03	-1.518892e-01
6.562640646509518e-03	-1.563807e-01
6.563861349634518e-03	-1.568647e-01
6.566302755884519e-03	-1.578663e-01
6.571185568384518e-03	-1.598117e-01
6.580951193384518e-03	-1.633663e-01
6.582171896509518e-03	-1.637908e-01
6.584613302759518e-03	-1.646182e-01
6.589496115259518e-03	-1.662095e-01
6.599261740259518e-03	-1.691807e-01
6.609027365259518e-03	-1.718897e-01
6.618792990259519e-03	-1.743659e-01
6.628558615259518e-03	-1.766196e-01
6.638324240259518e-03	-1.786675e-01
6.648089865259518e-03	-1.805141e-01
6.657855490259519e-03	-1.821683e-01
6.667621115259518e-03	-1.836313e-01
6.677386740259518e-03	-1.849083e-01
6.687152365259518e-03	-1.859987e-01
6.696917990259518e-03	-1.869061e-01
6.706683615259518e-03	-1.876287e-01
6.716449240259518e-03	-1.881693e-01
6.726214865259518e-03	-1.885259e-01
6.735980490259518e-03	-1.887006e-01
6.745746115259518e-03	-1.886913e-01
6.755511740259518e-03	-1.884999e-01
6.765277365259518e-03	-1.881244e-01
6.775042990259518e-03	-1.875663e-01
6.784808615259518e-03	-1.868237e-01
6.794574240259518e-03	-1.858977e-01
6.804339865259518e-03	-1.847861e-01
6.814105490259518e-03	-1.834894e-01
6.823871115259519e-03	-1.820048e-01
6.833636740259518e-03	-1.803313e-01
6.843402365259518e-03	-1.784649e-01
6.853167990259518e-03	-1.764021e-01
6.862933615259519e-03	-1.741359e-01
6.872699240259518e-03	-1.716584e-01
6.882464865259518e-03	-1.689565e-01
6.892230490259518e-03	-1.660138e-01
6.901996115259519e-03	-1.628035e-01
6.911761740259518e-03	-1.592917e-01
6.921527365259518e-03	-1.554226e-01
6.922748068384518e-03	-1.549091e-01
6.925189474634518e-03	-1.538619e-01
6.930072287134518e-03	-1.516686e-01
6.931292990259518e-03	-1.510994e-01
6.933734396509518e-03	-1.499363e-01
6.938617209009518e-03	-1.474873e-01
6.948382834009518e-03	-1.420140e-01
6.958148459009518e-03	-1.354307e-01
6.967914084009518e-03	-1.268247e-01
6.977679709009518e-03	-1.140074e-01
6.987445334009518e-03	-8.929799e-02
6.997210959009518e-03	-3.703789e-02
7.006976584009519e-03	4.302137e-02
7.008197287134518e-03	5.416849e-02
7.010638693384518e-03	7.608959e-02
7.015521505884519e-03	1.099843e-01
7.016551046285434e-03	1.141481e-01
7.018610127087266e-03	1.203974e-01
7.022728288690929e-03	1.266133e-01
7.030964611898255e-03	1.347442e-01
7.038542445572099e-03	1.405442e-01
7.048308070572099e-03	1.464165e-01
7.058073695572099e-03	1.514052e-01
7.067839320572099e-03	1.556544e-01
7.077604945572099e-03	1.594825e-01
7.087370570572099e-03	1.628707e-01
7.097136195572099e-03	1.659878e-01
7.106901820572099e-03	1.687856e-01
7.116667445572099e-03	1.713707e-01
7.126433070572099e-03	1.736929e-01
7.136198695572099e-03	1.758321e-01
7.145964320572099e-03	1.777351e-01
7.155729945572098e-03	1.794681e-01
7.165495570572099e-03	1.809806e-01
7.175261195572099e-03	1.823277e-01
7.185026820572099e-03	1.834631e-01
7.194792445572099e-03	1.844339e-01
7.204558070572099e-03	1.851981e-01
7.214323695572099e-03	1.857969e-01
7.224089320572099e-03	1.861921e-01
7.233854945572099e-03	1.864204e-01
7.243620570572099e-03	1.864471e-01
7.253386195572099e-03	1.863052e-01
7.263151820572099e-03	1.859630e-01
7.272917445572099e-03	1.854503e-01
7.282683070572099e-03	1.847382e-01
7.292448695572099e-03	1.838536e-01
7.302214320572099e-03	1.827696e-01
7.311979945572099e-03	1.815100e-01
7.321745570572099e-03	1.800497e-01
7.331511195572099e-03	1.784091e-01
7.341276820572099e-03	1.765633e-01
7.351042445572099e-03	1.745288e-01
7.360808070572099e-03	1.722791e-01
7.370573695572099e-03	1.698247e-01
7.380339320572099e-03	1.671347e-01
7.390104945572099e-03	1.642094e-01
7.399870570572098e-03	1.610064e-01
7.409636195572099e-03	1.575059e-01
7.419401820572099e-03	1.536372e-01
7.429167445572099e-03	1.493273e-01
7.438933070572099e-03	1.444367e-01
7.448698695572099e-03	1.387155e-01
7.458464320572099e-03	1.316937e-01
7.459685023697099e-03	1.306878e-01
7.462126429947099e-03	1.285689e-01
7.467009242447099e-03	1.236976e-01
7.476774867447099e-03	1.098413e-01
7.486238408767835e-03	8.331399e-02
7.496004033767835e-03	2.733061e-02
7.497224736892835e-03	1.766322e-02
7.499666143142835e-03	-2.275192e-03
7.499742437088147e-03	-2.918110e-03
7.499895024978773e-03	-4.205829e-03
7.500200200760023e-03	-6.792358e-03
7.500276494705335e-03	-7.441715e-03
7.500429082595960e-03	-8.742564e-03
7.500467229568616e-03	-9.068807e-03
7.500543523513929e-03	-9.721764e-03
7.500696111404553e-03	-1.102916e-02
7.501001287185804e-03	-1.365304e-02
7.501611638748303e-03	-1.893988e-02
7.502832341873304e-03	-2.964549e-02
7.505273748123304e-03	-5.141725e-02
7.510156560623303e-03	-9.287734e-02
7.511377263748304e-03	-1.014643e-01
7.513818669998304e-03	-1.148903e-01
7.518701482498303e-03	-1.263838e-01
7.524418008754427e-03	-1.323092e-01
7.529599473810035e-03	-1.373178e-01
7.535309190706421e-03	-1.414418e-01
7.545074815706421e-03	-1.476365e-01
7.554840440706420e-03	-1.525700e-01
7.564606065706421e-03	-1.569739e-01
7.565826768831421e-03	-1.574435e-01
7.568268175081420e-03	-1.584230e-01
7.573150987581420e-03	-1.603296e-01
7.574371690706421e-03	-1.607814e-01
7.576813096956420e-03	-1.616778e-01
7.581695909456420e-03	-1.634046e-01
7.591461534456421e-03	-1.666116e-01
7.601227159456421e-03	-1.695322e-01
7.610992784456420e-03	-1.721974e-01
7.620758409456420e-03	-1.746294e-01
7.630524034456421e-03	-1.768439e-01
7.640289659456421e-03	-1.788529e-01
7.650055284456420e-03	-1.806621e-01
7.659820909456420e-03	-1.822795e-01
7.669586534456421e-03	-1.837059e-01
7.679352159456421e-03	-1.849471e-01
7.689117784456420e-03	-1.860009e-01
7.698883409456420e-03	-1.868725e-01
7.708649034456421e-03	-1.875586e-01
7.718414659456421e-03	-1.880634e-01
7.728180284456421e-03	-1.883832e-01
7.737945909456420e-03	-1.885219e-01
7.747711534456421e-03	-1.884756e-01
7.757477159456421e-03	-1.882479e-01
7.767242784456421e-03	-1.878352e-01
7.777008409456420e-03	-1.872405e-01
7.786774034456420e-03	-1.864603e-01
7.796539659456421e-03	-1.854973e-01
7.806305284456421e-03	-1.843476e-01
7.816070909456421e-03	-1.830131e-01
7.825836534456421e-03	-1.814895e-01
7.835602159456421e-03	-1.797770e-01
7.845367784456421e-03	-1.778698e-01
7.855133409456420e-03	-1.757656e-01
7.864899034456420e-03	-1.734555e-01
7.874664659456420e-03	-1.709317e-01
7.884430284456420e-03	-1.681803e-01
7.894195909456421e-03	-1.651824e-01
7.903961534456421e-03	-1.619118e-01
7.913727159456421e-03	-1.583269e-01
7.923492784456421e-03	-1.543677e-01
7.924713487581421e-03	-1.538403e-01
7.927154893831421e-03	-1.527654e-01
7.932037706331420e-03	-1.505133e-01
7.933258409456420e-03	-1.499277e-01
7.935699815706420e-03	-1.487312e-01
7.940582628206421e-03	-1.462052e-01
7.950348253206421e-03	-1.405239e-01
7.960113878206420e-03	-1.336052e-01
7.969879503206420e-03	-1.243305e-01
7.979645128206420e-03	-1.098487e-01
7.989410753206420e-03	-8.018648e-02
7.999176378206421e-03	-2.082654e-02
8.008942003206421e-03	6.268659e-02
8.010162706331420e-03	7.363309e-02
8.012604112581421e-03	9.404948e-02
8.017486925081420e-03	1.186521e-01
8.024712328562066e-03	1.294104e-01
8.033238740183451e-03	1.368226e-01
8.042161287705159e-03	1.432061e-01
8.051926912705159e-03	1.485398e-01
8.061692537705159e-03	1.533166e-01
8.071458162705158e-03	1.573113e-01
8.081223787705158e-03	1.610237e-01
8.090989412705158e-03	1.642351e-01
8.100755037705158e-03	1.672795e-01
8.110520662705159e-03	1.699404e-01
8.120286287705159e-03	1.724694e-01
8.130051912705159e-03	1.746773e-01
8.139817537705159e-03	1.767646e-01
8.149583162705159e-03	1.785665e-01
8.159348787705158e-03	1.802489e-01
8.169114412705158e-03	1.816678e-01
8.178880037705158e-03	1.829637e-01
8.188645662705158e-03	1.840104e-01
8.198411287705159e-03	1.849286e-01
8.208176912705159e-03	1.856075e-01
8.217942537705159e-03	1.861521e-01
8.227708162705159e-03	1.864645e-01
8.237473787705158e-03	1.866370e-01
8.247239412705158e-03	1.865829e-01
8.257005037705158e-03	1.863836e-01
8.266770662705158e-03	1.859622e-01
8.276536287705159e-03	1.853908e-01
8.286301912705159e-03	1.846008e-01
8.296067537705159e-03	1.836560e-01
8.305833162705159e-03	1.824949e-01
8.315598787705158e-03	1.811735e-01
8.325364412705158e-03	1.796362e-01
8.335130037705158e-03	1.779314e-01
8.344895662705158e-03	1.760074e-01
8.354661287705159e-03	1.739047e-01
8.364426912705159e-03	1.715731e-01
8.374192537705159e-03	1.690436e-01
8.383958162705159e-03	1.662634e-01
8.393723787705159e-03	1.632495e-01
8.403489412705158e-03	1.599381e-01
8.413255037705158e-03	1.563211e-01
8.423020662705158e-03	1.523031e-01
8.432786287705158e-03	1.478163e-01
8.442551912705159e-03	1.426660e-01
8.452317537705159e-03	1.365641e-01
8.462083162705159e-03	1.288879e-01
8.471848787705159e-03	1.181627e-01
8.481614412705158e-03	9.954671e-02
8.491380037705158e-03	5.906112e-02
8.492600740830159e-03	5.142036e-02
8.495042147080158e-03	3.505946e-02
8.499924959580159e-03	-2.842078e-03
8.500077547470784e-03	-4.124783e-03
8.500382723252034e-03	-6.697827e-03
8.500993074814533e-03	-1.189021e-02
8.501145662705158e-03	-1.319924e-02
8.501450838486408e-03	-1.582340e-02
8.502061190048909e-03	-2.110888e-02
8.503281893173908e-03	-3.181161e-02
8.505723299423909e-03	-5.355932e-02
8.510606111923908e-03	-9.456534e-02
8.511826815048909e-03	-1.028727e-01
8.514268221298908e-03	-1.156915e-01
8.519151033798909e-03	-1.265531e-01
8.524088996941815e-03	-1.316601e-01
8.529583427237546e-03	-1.370035e-01
8.534976511520820e-03	-1.409618e-01
8.544742136520820e-03	-1.472157e-01
8.554507761520820e-03	-1.522097e-01
8.564273386520820e-03	-1.566298e-01
8.565494089645820e-03	-1.571075e-01
8.567935495895820e-03	-1.580952e-01
8.572818308395820e-03	-1.600121e-01
8.582583933395820e-03	-1.635188e-01
8.592349558395820e-03	-1.667139e-01
8.602115183395820e-03	-1.696032e-01
8.611880808395820e-03	-1.722588e-01
8.621646433395819e-03	-1.746639e-01
8.631412058395819e-03	-1.768705e-01
8.641177683395821e-03	-1.788540e-01
8.650943308395821e-03	-1.806558e-01
8.660708933395820e-03	-1.822486e-01
8.670474558395820e-03	-1.836673e-01
8.680240183395820e-03	-1.848843e-01
8.690005808395820e-03	-1.859302e-01
8.699771433395819e-03	-1.867780e-01
8.709537058395819e-03	-1.874555e-01
8.719302683395821e-03	-1.879369e-01
8.729068308395821e-03	-1.882475e-01
8.738833933395820e-03	-1.883630e-01
8.748599558395820e-03	-1.883069e-01
8.758365183395820e-03	-1.880563e-01
8.768130808395820e-03	-1.876331e-01
8.777896433395820e-03	-1.870157e-01
8.787662058395819e-03	-1.862243e-01
8.797427683395821e-03	-1.852387e-01
8.807193308395821e-03	-1.840771e-01
8.816958933395820e-03	-1.827200e-01
8.826724558395820e-03	-1.811835e-01
8.836490183395820e-03	-1.794481e-01
8.846255808395820e-03	-1.775266e-01
8.856021433395820e-03	-1.753985e-01
8.865787058395819e-03	-1.730719e-01
8.875552683395819e-03	-1.705227e-01
8.885318308395821e-03	-1.677506e-01
8.895083933395821e-03	-1.647233e-01
8.904849558395820e-03	-1.614247e-01
8.914615183395820e-03	-1.578019e-01
8.924380808395820e-03	-1.537971e-01
8.925601511520821e-03	-1.532635e-01
8.928042917770820e-03	-1.521757e-01
8.932925730270821e-03	-1.498937e-01
8.942691355270821e-03	-1.448477e-01
8.952456980270820e-03	-1.389340e-01
8.962222605270820e-03	-1.316117e-01
8.971988230270820e-03	-1.214906e-01
8.981753855270820e-03	-1.047694e-01
8.991519480270820e-03	-6.893484e-02
9.001285105270819e-03	-2.410738e-03
9.002505808395820e-03	8.148968e-03
9.004947214645819e-03	2.960214e-02
9.009830027145820e-03	7.308787e-02
9.011050730270821e-03	8.349200e-02
9.013492136520820e-03	1.019912e-01
9.018374949020819e-03	1.215025e-01
9.025733216174775e-03	1.304290e-01
9.035498841174775e-03	1.389632e-01
9.044296486569044e-03	1.445693e-01
9.054062111569046e-03	1.499110e-01
9.063827736569045e-03	1.543742e-01
9.073593361569045e-03	1.583751e-01
9.083358986569045e-03	1.618825e-01
9.093124611569045e-03	1.651220e-01
9.102890236569045e-03	1.680134e-01
9.112655861569044e-03	1.706964e-01
9.122421486569044e-03	1.731027e-01
9.132187111569044e-03	1.753249e-01
9.141952736569045e-03	1.773089e-01
9.151718361569045e-03	1.791174e-01
9.161483986569045e-03	1.807098e-01
9.171249611569045e-03	1.821283e-01
9.181015236569045e-03	1.833438e-01
9.190780861569044e-03	1.843839e-01
9.200546486569044e-03	1.852291e-01
9.210312111569044e-03	1.858961e-01
9.220077736569045e-03	1.863734e-01
9.229843361569045e-03	1.866692e-01
9.239608986569045e-03	1.867791e-01
9.249374611569045e-03	1.867045e-01
9.259140236569045e-03	1.864464e-01
9.268905861569044e-03	1.860011e-01
9.278671486569044e-03	1.853742e-01
9.288437111569044e-03	1.845573e-01
9.298202736569046e-03	1.835597e-01
9.307968361569045e-03	1.823689e-01
9.317733986569045e-03	1.809969e-01
9.327499611569045e-03	1.794271e-01
9.337265236569045e-03	1.776728e-01
9.347030861569045e-03	1.757132e-01
9.356796486569044e-03	1.735607e-01
9.366562111569044e-03	1.711892e-01
9.376327736569044e-03	1.686074e-01
9.386093361569045e-03	1.657803e-01
9.395858986569045e-03	1.627071e-01
9.405624611569045e-03	1.593361e-01
9.415390236569045e-03	1.556431e-01
9.425155861569045e-03	1.515381e-01
9.434921486569044e-03	1.469332e-01
9.444687111569044e-03	1.416117e-01
9.454452736569044e-03	1.352632e-01
9.464218361569045e-03	1.271511e-01
9.473983986569045e-03	1.154127e-01
9.483749611569045e-03	9.389903e-02
9.493515236569045e-03	4.725502e-02
9.494735939694045e-03	3.869486e-02
9.497177345944045e-03	2.069715e-02
9.497787697506544e-03	1.588713e-02
9.499008400631545e-03	6.100702e-03
9.501449806881545e-03	-1.432874e-02
9.501526100826857e-03	-1.498461e-02
9.501678688717482e-03	-1.629789e-02
9.501983864498732e-03	-1.893340e-02
9.502594216061233e-03	-2.424044e-02
9.503814919186232e-03	-3.497774e-02
9.506256325436233e-03	-5.674675e-02
9.511139137936232e-03	-9.707259e-02
9.512359841061233e-03	-1.049498e-01
9.514801247311232e-03	-1.168746e-01
9.519684059811233e-03	-1.268709e-01
9.524345622675543e-03	-1.316836e-01
9.529835797562104e-03	-1.369654e-01
9.535299658306386e-03	-1.409882e-01
9.545065283306385e-03	-1.472077e-01
9.554830908306385e-03	-1.521970e-01
9.564596533306385e-03	-1.565979e-01
9.565817236431386e-03	-1.570783e-01
9.568258642681385e-03	-1.580655e-01
9.573141455181386e-03	-1.599772e-01
9.582907080181386e-03	-1.634779e-01
9.592672705181386e-03	-1.666659e-01
9.602438330181385e-03	-1.695501e-01
9.612203955181385e-03	-1.721995e-01
9.621969580181385e-03	-1.745998e-01
9.631735205181385e-03	-1.768007e-01
9.641500830181384e-03	-1.787794e-01
9.651266455181384e-03	-1.805756e-01
9.661032080181386e-03	-1.821634e-01
9.670797705181386e-03	-1.835765e-01
9.680563330181385e-03	-1.847883e-01
9.690328955181385e-03	-1.858285e-01
9.700094580181385e-03	-1.866710e-01
9.709860205181385e-03	-1.873427e-01
9.719625830181385e-03	-1.878186e-01
9.729391455181384e-03	-1.881233e-01
9.739157080181386e-03	-1.882331e-01
9.748922705181386e-03	-1.881710e-01
9.758688330181385e-03	-1.879145e-01
9.768453955181385e-03	-1.874852e-01
9.778219580181385e-03	-1.868618e-01
9.787985205181385e-03	-1.860641e-01
9.797750830181385e-03	-1.850722e-01
9.807516455181384e-03	-1.839042e-01
9.817282080181386e-03	-1.825406e-01
9.827047705181386e-03	-1.809972e-01
9.836813330181386e-03	-1.792549e-01
9.846578955181385e-03	-1.773261e-01
9.856344580181385e-03	-1.751904e-01
9.866110205181385e-03	-1.728556e-01
9.875875830181385e-03	-1.702975e-01
9.885641455181384e-03	-1.675158e-01
9.895407080181384e-03	-1.644774e-01
9.905172705181386e-03	-1.611660e-01
9.914938330181386e-03	-1.575279e-01
9.924703955181385e-03	-1.535030e-01
9.925924658306384e-03	-1.529665e-01
9.928366064556386e-03	-1.518726e-01
9.933248877056385e-03	-1.495774e-01
9.943014502056384e-03	-1.444969e-01
9.952780127056386e-03	-1.385310e-01
9.962545752056386e-03	-1.311191e-01
9.972311377056385e-03	-1.208011e-01
9.982077002056385e-03	-1.035330e-01
9.991842627056385e-03	-6.631093e-02
1.000000000000000e-02	-1.110335e-02
Step Information: Rgain=49K  (Step: 11/11)
0.000000000000000e+00	4.500008e-14
5.000000058430487e-08	1.225870e-09
1.000000011686097e-07	1.261779e-07
2.000000023372195e-07	4.415191e-06
4.000000046744390e-07	5.410412e-05
8.000000093488779e-07	3.207774e-04
1.600000018697756e-06	1.412628e-03
3.200000037395512e-06	5.618412e-03
6.400000074791024e-06	2.038308e-02
1.280000014958205e-05	6.535359e-02
2.077112553999313e-05	1.134853e-01
2.171063573467296e-05	1.163574e-01
2.358965612403264e-05	1.206780e-01
2.734769690275200e-05	1.254483e-01
3.486377846019071e-05	1.325487e-01
4.294071415879524e-05	1.384103e-01
5.270633915879525e-05	1.440896e-01
6.247196415879525e-05	1.488731e-01
7.223758915879524e-05	1.530120e-01
8.200321415879525e-05	1.566946e-01
9.176883915879525e-05	1.599793e-01
1.015344641587952e-04	1.629790e-01
1.113000891587953e-04	1.656821e-01
1.210657141587952e-04	1.681636e-01
1.308313391587952e-04	1.703956e-01
1.405969641587952e-04	1.724361e-01
1.503625891587953e-04	1.742511e-01
1.601282141587952e-04	1.758891e-01
1.698938391587952e-04	1.773140e-01
1.796594641587953e-04	1.785686e-01
1.894250891587952e-04	1.796167e-01
1.991907141587952e-04	1.804972e-01
2.089563391587953e-04	1.811747e-01
2.187219641587952e-04	1.816850e-01
2.284875891587952e-04	1.819943e-01
2.382532141587953e-04	1.821361e-01
2.480188391587953e-04	1.820779e-01
2.577844641587953e-04	1.818513e-01
2.675500891587952e-04	1.814253e-01
2.773157141587952e-04	1.808296e-01
2.870813391587952e-04	1.800346e-01
2.968469641587953e-04	1.790680e-01
3.066125891587953e-04	1.779012e-01
3.163782141587953e-04	1.765597e-01
3.261438391587953e-04	1.750154e-01
3.359094641587952e-04	1.732908e-01
3.456750891587952e-04	1.713571e-01
3.554407141587953e-04	1.692326e-01
3.652063391587953e-04	1.668860e-01
3.749719641587953e-04	1.643287e-01
3.847375891587953e-04	1.615228e-01
3.945032141587952e-04	1.584674e-01
4.042688391587952e-04	1.551088e-01
4.140344641587952e-04	1.514193e-01
4.238000891587953e-04	1.473051e-01
4.335657141587953e-04	1.426677e-01
4.433313391587953e-04	1.372721e-01
4.530969641587952e-04	1.307675e-01
4.628625891587952e-04	1.222853e-01
4.726282141587952e-04	1.095408e-01
4.823938391587953e-04	8.435892e-02
4.921594641587952e-04	2.965266e-02
4.933801672837953e-04	1.982896e-02
4.936853430650452e-04	1.734601e-02
4.942956946275452e-04	1.232732e-02
4.944482825181703e-04	1.105314e-02
4.947534582994202e-04	8.492453e-03
4.953638098619202e-04	3.299896e-03
4.965845129869203e-04	-7.350783e-03
4.966200117409766e-04	-7.665706e-03
4.966910092490893e-04	-8.295975e-03
4.968330042653147e-04	-9.559514e-03
4.971169942977655e-04	-1.209893e-02
4.976849743626670e-04	-1.722381e-02
4.988209344924701e-04	-2.764029e-02
5.010928547520765e-04	-4.898088e-02
5.056366952712890e-04	-9.065644e-02
5.067726554010921e-04	-9.967070e-02
5.090445756606983e-04	-1.141068e-01
5.135884161799109e-04	-1.264811e-01
5.184637091917709e-04	-1.314525e-01
5.231349139078644e-04	-1.362056e-01
5.281104164329430e-04	-1.399590e-01
5.378760414329430e-04	-1.464438e-01
5.476416664329430e-04	-1.515078e-01
5.574072914329430e-04	-1.560640e-01
5.586279945579430e-04	-1.565544e-01
5.610694008079429e-04	-1.575615e-01
5.659522133079429e-04	-1.595162e-01
5.671729164329430e-04	-1.599823e-01
5.696143226829429e-04	-1.608989e-01
5.702246742454429e-04	-1.611262e-01
5.714453773704429e-04	-1.615746e-01
5.738867836204430e-04	-1.624533e-01
5.787695961204430e-04	-1.641478e-01
5.885352211204430e-04	-1.673053e-01
5.983008461204430e-04	-1.701899e-01
6.080664711204430e-04	-1.728317e-01
6.178320961204430e-04	-1.752494e-01
6.275977211204429e-04	-1.774575e-01
6.373633461204429e-04	-1.794669e-01
6.471289711204429e-04	-1.812836e-01
6.568945961204429e-04	-1.829133e-01
6.666602211204429e-04	-1.843582e-01
6.764258461204429e-04	-1.856215e-01
6.861914711204430e-04	-1.867037e-01
6.959570961204430e-04	-1.876064e-01
7.057227211204430e-04	-1.883293e-01
7.154883461204430e-04	-1.888734e-01
7.252539711204430e-04	-1.892379e-01
7.350195961204430e-04	-1.894236e-01
7.447852211204429e-04	-1.894297e-01
7.545508461204429e-04	-1.892566e-01
7.643164711204429e-04	-1.889036e-01
7.838477211204429e-04	-1.876587e-01
8.033789711204429e-04	-1.856928e-01
8.229102211204430e-04	-1.830011e-01
8.424414711204430e-04	-1.795727e-01
8.619727211204430e-04	-1.753837e-01
8.717383461204429e-04	-1.729901e-01
8.815039711204429e-04	-1.703847e-01
8.912695961204429e-04	-1.675539e-01
9.010352211204429e-04	-1.644771e-01
9.108008461204429e-04	-1.611245e-01
9.205664711204429e-04	-1.574547e-01
9.217871742454429e-04	-1.569704e-01
9.242285804954430e-04	-1.559852e-01
9.291113929954430e-04	-1.539300e-01
9.303320961204430e-04	-1.533970e-01
9.327735023704429e-04	-1.523107e-01
9.376563148704429e-04	-1.500347e-01
9.388770179954430e-04	-1.494430e-01
9.413184242454429e-04	-1.482336e-01
9.462012367454429e-04	-1.456786e-01
9.559668617454429e-04	-1.399211e-01
9.657324867454430e-04	-1.328715e-01
9.754981117454430e-04	-1.232871e-01
9.852637367454430e-04	-1.078307e-01
9.950293617454430e-04	-7.451717e-02
1.004794986745443e-03	-8.423869e-03
1.014560611745443e-03	8.027945e-02
1.015781314870443e-03	9.086185e-02
1.018222721120443e-03	1.080563e-01
1.023105533620443e-03	1.224294e-01
1.030609608112849e-03	1.295358e-01
1.038582066670167e-03	1.365291e-01
1.047772353419767e-03	1.419444e-01
1.057537978419767e-03	1.473217e-01
1.067303603419767e-03	1.514840e-01
1.077069228419767e-03	1.555154e-01
1.086834853419767e-03	1.588248e-01
1.096600478419766e-03	1.620706e-01
1.106366103419766e-03	1.648041e-01
1.116131728419766e-03	1.674773e-01
1.125897353419766e-03	1.697460e-01
1.135662978419766e-03	1.719517e-01
1.145428603419766e-03	1.738122e-01
1.155194228419766e-03	1.755984e-01
1.164959853419766e-03	1.770777e-01
1.174725478419766e-03	1.784690e-01
1.184491103419766e-03	1.795797e-01
1.194256728419766e-03	1.805886e-01
1.204022353419766e-03	1.813360e-01
1.213787978419766e-03	1.819687e-01
1.223553603419766e-03	1.823542e-01
1.233319228419766e-03	1.826136e-01
1.243084853419766e-03	1.826370e-01
1.252850478419766e-03	1.825242e-01
1.262616103419766e-03	1.821847e-01
1.272381728419767e-03	1.816999e-01
1.282147353419767e-03	1.809958e-01
1.291912978419767e-03	1.801381e-01
1.301678603419767e-03	1.790668e-01
1.311444228419767e-03	1.778337e-01
1.321209853419767e-03	1.763901e-01
1.330975478419767e-03	1.747753e-01
1.340741103419767e-03	1.729496e-01
1.350506728419766e-03	1.709400e-01
1.360272353419766e-03	1.687127e-01
1.370037978419766e-03	1.662820e-01
1.379803603419766e-03	1.636151e-01
1.389569228419766e-03	1.607106e-01
1.399334853419766e-03	1.575287e-01
1.409100478419766e-03	1.540427e-01
1.418866103419766e-03	1.501866e-01
1.428631728419766e-03	1.458798e-01
1.438397353419766e-03	1.409606e-01
1.448162978419766e-03	1.352088e-01
1.449383681544766e-03	1.343944e-01
1.451825087794766e-03	1.327139e-01
1.456707900294766e-03	1.290484e-01
1.466473525294766e-03	1.197309e-01
1.476239150294766e-03	1.048959e-01
1.486004775294767e-03	7.318440e-02
1.495770400294767e-03	9.184929e-03
1.495922988185391e-03	7.872679e-03
1.496228163966642e-03	5.236190e-03
1.496838515529141e-03	-9.973072e-05
1.496991103419766e-03	-1.449137e-03
1.497029250392423e-03	-1.787078e-03
1.497105544337735e-03	-2.463699e-03
1.497258132228360e-03	-3.819727e-03
1.497563308009610e-03	-6.544861e-03
1.498173659572110e-03	-1.205006e-02
1.499394362697110e-03	-2.325367e-02
1.501835768947110e-03	-4.625668e-02
1.506718581447110e-03	-9.111471e-02
1.507939284572110e-03	-1.006489e-01
1.510380690822110e-03	-1.154187e-01
1.515263503322110e-03	-1.271702e-01
1.520471735593149e-03	-1.321631e-01
1.525630322904541e-03	-1.371855e-01
1.530728606225664e-03	-1.408058e-01
1.540494231225664e-03	-1.470603e-01
1.550259856225664e-03	-1.520016e-01
1.560025481225664e-03	-1.564326e-01
1.561246184350664e-03	-1.568976e-01
1.563687590600664e-03	-1.578781e-01
1.568570403100664e-03	-1.597948e-01
1.578336028100664e-03	-1.632978e-01
1.579556731225664e-03	-1.637181e-01
1.581998137475664e-03	-1.645360e-01
1.586880949975664e-03	-1.661101e-01
1.596646574975664e-03	-1.690549e-01
1.606412199975664e-03	-1.717460e-01
1.616177824975664e-03	-1.742119e-01
1.625943449975664e-03	-1.764617e-01
1.635709074975664e-03	-1.785115e-01
1.645474699975664e-03	-1.803650e-01
1.655240324975664e-03	-1.820311e-01
1.665005949975664e-03	-1.835102e-01
1.674771574975664e-03	-1.848078e-01
1.684537199975664e-03	-1.859225e-01
1.694302824975664e-03	-1.868581e-01
1.704068449975664e-03	-1.876126e-01
1.713834074975664e-03	-1.881887e-01
1.723599699975664e-03	-1.885841e-01
1.733365324975664e-03	-1.888011e-01
1.743130949975664e-03	-1.888374e-01
1.752896574975664e-03	-1.886950e-01
1.762662199975664e-03	-1.883719e-01
1.772427824975664e-03	-1.878695e-01
1.782193449975664e-03	-1.871862e-01
1.791959074975664e-03	-1.863231e-01
1.801724699975664e-03	-1.852783e-01
1.811490324975664e-03	-1.840526e-01
1.821255949975664e-03	-1.826435e-01
1.831021574975664e-03	-1.810509e-01
1.840787199975664e-03	-1.792710e-01
1.850552824975664e-03	-1.773019e-01
1.860318449975664e-03	-1.751374e-01
1.870084074975664e-03	-1.727719e-01
1.879849699975664e-03	-1.701946e-01
1.889615324975664e-03	-1.673930e-01
1.899380949975664e-03	-1.643465e-01
1.909146574975664e-03	-1.610267e-01
1.918912199975664e-03	-1.573932e-01
1.920132903100664e-03	-1.569138e-01
1.922574309350664e-03	-1.559386e-01
1.927457121850664e-03	-1.539046e-01
1.928677824975664e-03	-1.533773e-01
1.931119231225664e-03	-1.523027e-01
1.936002043725664e-03	-1.500528e-01
1.937222746850664e-03	-1.494680e-01
1.939664153100664e-03	-1.482734e-01
1.944546965600664e-03	-1.457516e-01
1.954312590600664e-03	-1.400811e-01
1.964078215600664e-03	-1.331708e-01
1.973843840600664e-03	-1.238715e-01
1.983609465600664e-03	-1.091721e-01
1.993375090600664e-03	-7.809030e-02
2.003140715600664e-03	-1.476642e-02
2.012906340600664e-03	7.381122e-02
2.014127043725664e-03	8.494644e-02
2.016568449975664e-03	1.040141e-01
2.021451262475665e-03	1.215970e-01
2.028279942649843e-03	1.285221e-01
2.036151846281947e-03	1.357030e-01
2.044498560151331e-03	1.409073e-01
2.054264185151331e-03	1.464671e-01
2.064029810151331e-03	1.508345e-01
2.073795435151331e-03	1.549498e-01
2.083561060151331e-03	1.583928e-01
2.093326685151331e-03	1.616935e-01
2.103092310151331e-03	1.645268e-01
2.112857935151331e-03	1.672474e-01
2.122623560151331e-03	1.696063e-01
2.132389185151331e-03	1.718523e-01
2.142154810151330e-03	1.737952e-01
2.151920435151331e-03	1.756217e-01
2.161686060151330e-03	1.771791e-01
2.171451685151331e-03	1.786120e-01
2.181217310151330e-03	1.797983e-01
2.190982935151331e-03	1.808507e-01
2.200748560151330e-03	1.816721e-01
2.210514185151331e-03	1.823503e-01
2.220279810151330e-03	1.828089e-01
2.230045435151331e-03	1.831158e-01
2.239811060151331e-03	1.832118e-01
2.249576685151331e-03	1.831484e-01
2.259342310151331e-03	1.828810e-01
2.269107935151331e-03	1.824475e-01
2.278873560151331e-03	1.818155e-01
2.288639185151331e-03	1.810112e-01
2.298404810151331e-03	1.800124e-01
2.308170435151331e-03	1.788350e-01
2.317936060151331e-03	1.774651e-01
2.327701685151331e-03	1.759094e-01
2.337467310151331e-03	1.741601e-01
2.347232935151331e-03	1.722147e-01
2.356998560151331e-03	1.700691e-01
2.366764185151331e-03	1.677112e-01
2.376529810151331e-03	1.651365e-01
2.386295435151330e-03	1.623205e-01
2.396061060151331e-03	1.592516e-01
2.405826685151330e-03	1.558850e-01
2.415592310151331e-03	1.521867e-01
2.425357935151330e-03	1.480686e-01
2.435123560151331e-03	1.434216e-01
2.444889185151330e-03	1.380518e-01
2.454654810151331e-03	1.315527e-01
2.464420435151330e-03	1.231048e-01
2.474186060151331e-03	1.104697e-01
2.483951685151331e-03	8.563394e-02
2.493717310151331e-03	3.148983e-02
2.494938013276330e-03	2.172191e-02
2.497379419526330e-03	1.391313e-03
2.497455713471643e-03	7.295181e-04
2.497608301362268e-03	-5.969728e-04
2.497913477143518e-03	-3.266329e-03
2.497989771088831e-03	-3.938114e-03
2.498142358979456e-03	-5.283908e-03
2.498447534760706e-03	-7.988658e-03
2.499057886323206e-03	-1.345456e-02
2.500278589448206e-03	-2.458844e-02
2.502719995698206e-03	-4.747063e-02
2.507602808198206e-03	-9.193431e-02
2.508823511323205e-03	-1.012775e-01
2.511264917573206e-03	-1.156336e-01
2.516147730073206e-03	-1.269771e-01
2.521375827871854e-03	-1.319953e-01
2.526480950227785e-03	-1.369342e-01
2.531660348399934e-03	-1.406123e-01
2.541425973399934e-03	-1.468346e-01
2.551191598399934e-03	-1.517604e-01
2.560957223399934e-03	-1.561736e-01
2.562177926524934e-03	-1.566383e-01
2.564619332774934e-03	-1.576163e-01
2.569502145274934e-03	-1.595264e-01
2.570722848399934e-03	-1.599805e-01
2.573164254649934e-03	-1.608756e-01
2.573774606212434e-03	-1.610974e-01
2.574995309337434e-03	-1.615355e-01
2.577436715587434e-03	-1.623939e-01
2.582319528087434e-03	-1.640499e-01
2.592085153087434e-03	-1.671361e-01
2.601850778087434e-03	-1.699549e-01
2.611616403087434e-03	-1.725331e-01
2.621382028087434e-03	-1.748909e-01
2.631147653087434e-03	-1.770398e-01
2.640913278087434e-03	-1.789901e-01
2.650678903087434e-03	-1.807482e-01
2.660444528087434e-03	-1.823186e-01
2.670210153087434e-03	-1.837042e-01
2.679975778087434e-03	-1.849074e-01
2.689741403087434e-03	-1.859292e-01
2.699507028087434e-03	-1.867706e-01
2.709272653087434e-03	-1.874319e-01
2.719038278087434e-03	-1.879133e-01
2.728803903087434e-03	-1.882149e-01
2.738569528087434e-03	-1.883367e-01
2.748335153087434e-03	-1.882784e-01
2.758100778087434e-03	-1.880402e-01
2.767866403087434e-03	-1.876216e-01
2.777632028087434e-03	-1.870228e-01
2.787397653087434e-03	-1.862431e-01
2.797163278087434e-03	-1.852825e-01
2.806928903087434e-03	-1.841402e-01
2.816694528087434e-03	-1.828154e-01
2.826460153087434e-03	-1.813066e-01
2.836225778087434e-03	-1.796120e-01
2.845991403087434e-03	-1.777285e-01
2.855757028087434e-03	-1.756521e-01
2.865522653087434e-03	-1.733765e-01
2.875288278087434e-03	-1.708937e-01
2.885053903087434e-03	-1.681914e-01
2.894819528087434e-03	-1.652530e-01
2.904585153087434e-03	-1.620528e-01
2.914350778087434e-03	-1.585572e-01
2.924116403087434e-03	-1.547107e-01
2.925337106212434e-03	-1.541999e-01
2.927778512462434e-03	-1.531594e-01
2.932661324962434e-03	-1.509834e-01
2.933882028087434e-03	-1.504188e-01
2.936323434337434e-03	-1.492661e-01
2.941206246837434e-03	-1.468403e-01
2.950971871837434e-03	-1.414240e-01
2.960737496837434e-03	-1.349204e-01
2.970503121837434e-03	-1.264326e-01
2.980268746837434e-03	-1.137856e-01
2.990034371837434e-03	-8.906637e-02
2.999799996837434e-03	-3.503130e-02
3.009565621837434e-03	4.970572e-02
3.010786324962434e-03	6.156183e-02
3.013227731212434e-03	8.444406e-02
3.018110543712434e-03	1.148115e-01
3.018974130293637e-03	1.172177e-01
3.020701303456043e-03	1.209762e-01
3.024155649780855e-03	1.255017e-01
3.031064342430480e-03	1.323072e-01
3.038997616649820e-03	1.382852e-01
3.048763241649819e-03	1.441514e-01
3.058528866649820e-03	1.490553e-01
3.068294491649819e-03	1.532962e-01
3.078060116649820e-03	1.570591e-01
3.087825741649819e-03	1.604207e-01
3.097591366649819e-03	1.634893e-01
3.107356991649819e-03	1.662625e-01
3.117122616649819e-03	1.688100e-01
3.126888241649819e-03	1.711106e-01
3.136653866649819e-03	1.732176e-01
3.146419491649820e-03	1.751019e-01
3.156185116649819e-03	1.768081e-01
3.165950741649820e-03	1.783040e-01
3.175716366649819e-03	1.796290e-01
3.185481991649820e-03	1.807501e-01
3.195247616649819e-03	1.817031e-01
3.205013241649820e-03	1.824556e-01
3.214778866649819e-03	1.830408e-01
3.224544491649820e-03	1.834270e-01
3.234310116649819e-03	1.836456e-01
3.244075741649820e-03	1.836662e-01
3.253841366649819e-03	1.835184e-01
3.263606991649820e-03	1.831731e-01
3.273372616649819e-03	1.826583e-01
3.283138241649820e-03	1.819462e-01
3.292903866649819e-03	1.810631e-01
3.302669491649820e-03	1.799820e-01
3.312435116649819e-03	1.787276e-01
3.322200741649820e-03	1.772733e-01
3.331966366649819e-03	1.756412e-01
3.341731991649820e-03	1.738044e-01
3.351497616649819e-03	1.717814e-01
3.361263241649819e-03	1.695434e-01
3.371028866649819e-03	1.671034e-01
3.380794491649819e-03	1.644272e-01
3.390560116649820e-03	1.615179e-01
3.400325741649819e-03	1.583298e-01
3.410091366649820e-03	1.548450e-01
3.419856991649819e-03	1.509887e-01
3.429622616649820e-03	1.466930e-01
3.439388241649819e-03	1.417982e-01
3.449153866649820e-03	1.360541e-01
3.450374569774819e-03	1.352529e-01
3.452815976024819e-03	1.335977e-01
3.457698788524820e-03	1.299593e-01
3.458919491649819e-03	1.289687e-01
3.461360897899819e-03	1.268880e-01
3.466243710399820e-03	1.221340e-01
3.474907604630718e-03	1.105745e-01
3.484673229630717e-03	8.550131e-02
3.494438854630718e-03	3.100348e-02
3.495659557755717e-03	2.120334e-02
3.498100964005717e-03	7.975168e-04
3.498711315568217e-03	-4.584591e-03
3.498863903458843e-03	-5.935600e-03
3.499169079240092e-03	-8.646765e-03
3.499779430802593e-03	-1.412352e-02
3.501000133927592e-03	-2.527667e-02
3.503441540177592e-03	-4.818375e-02
3.508324352677593e-03	-9.249490e-02
3.509545055802592e-03	-1.017134e-01
3.511986462052592e-03	-1.157834e-01
3.516869274552593e-03	-1.268269e-01
3.522287181165907e-03	-1.320303e-01
3.527193999444285e-03	-1.367484e-01
3.532577648849390e-03	-1.405633e-01
3.542343273849390e-03	-1.467397e-01
3.552108898849390e-03	-1.516356e-01
3.561874523849390e-03	-1.560277e-01
3.571640148849390e-03	-1.597775e-01
3.572860851974390e-03	-1.602602e-01
3.575302258224390e-03	-1.611525e-01
3.580185070724390e-03	-1.628453e-01
3.589950695724390e-03	-1.660138e-01
3.599716320724390e-03	-1.688943e-01
3.609481945724390e-03	-1.715365e-01
3.619247570724390e-03	-1.739437e-01
3.629013195724390e-03	-1.761462e-01
3.638778820724390e-03	-1.781418e-01
3.648544445724390e-03	-1.799477e-01
3.658310070724390e-03	-1.815608e-01
3.668075695724390e-03	-1.829911e-01
3.677841320724390e-03	-1.842358e-01
3.687606945724390e-03	-1.853002e-01
3.697372570724390e-03	-1.861823e-01
3.707138195724390e-03	-1.868850e-01
3.716903820724390e-03	-1.874067e-01
3.726669445724390e-03	-1.877490e-01
3.736435070724390e-03	-1.879108e-01
3.746200695724390e-03	-1.878926e-01
3.755966320724390e-03	-1.876941e-01
3.765731945724390e-03	-1.873150e-01
3.775497570724390e-03	-1.867556e-01
3.785263195724390e-03	-1.860150e-01
3.795028820724390e-03	-1.850936e-01
3.804794445724390e-03	-1.839899e-01
3.814560070724390e-03	-1.827042e-01
3.824325695724390e-03	-1.812339e-01
3.834091320724390e-03	-1.795784e-01
3.843856945724390e-03	-1.777337e-01
3.853622570724390e-03	-1.756971e-01
3.863388195724390e-03	-1.734616e-01
3.873153820724390e-03	-1.710202e-01
3.882919445724390e-03	-1.683614e-01
3.892685070724390e-03	-1.654687e-01
3.902450695724390e-03	-1.623203e-01
3.912216320724390e-03	-1.588809e-01
3.921981945724390e-03	-1.551014e-01
3.923202648849390e-03	-1.546006e-01
3.925644055099390e-03	-1.535790e-01
3.930526867599390e-03	-1.514455e-01
3.931747570724390e-03	-1.508923e-01
3.934188976974390e-03	-1.497633e-01
3.939071789474390e-03	-1.473909e-01
3.948837414474390e-03	-1.421147e-01
3.958603039474390e-03	-1.358280e-01
3.968368664474390e-03	-1.277508e-01
3.978134289474390e-03	-1.160709e-01
3.987899914474390e-03	-9.437808e-02
3.997665539474390e-03	-4.582967e-02
4.007431164474390e-03	3.506983e-02
4.008651867599390e-03	4.688891e-02
4.011093273849390e-03	7.037459e-02
4.015976086349390e-03	1.078095e-01
4.017017559959823e-03	1.125523e-01
4.019100507180688e-03	1.194368e-01
4.023266401622420e-03	1.255172e-01
4.030144850324506e-03	1.321443e-01
4.037463866982103e-03	1.379115e-01
4.047229491982103e-03	1.438189e-01
4.056995116982103e-03	1.488707e-01
4.066760741982103e-03	1.531103e-01
4.076526366982103e-03	1.569692e-01
4.086291991982103e-03	1.603419e-01
4.096057616982103e-03	1.634709e-01
4.105823241982103e-03	1.662527e-01
4.115588866982103e-03	1.688503e-01
4.125354491982103e-03	1.711610e-01
4.135120116982103e-03	1.733119e-01
4.144885741982103e-03	1.752085e-01
4.154651366982103e-03	1.769549e-01
4.164416991982103e-03	1.784654e-01
4.174182616982103e-03	1.798282e-01
4.183948241982103e-03	1.809660e-01
4.193713866982103e-03	1.819553e-01
4.203479491982103e-03	1.827266e-01
4.213245116982103e-03	1.833468e-01
4.223010741982103e-03	1.837536e-01
4.232776366982103e-03	1.840065e-01
4.242541991982103e-03	1.840493e-01
4.252307616982103e-03	1.839352e-01
4.262073241982103e-03	1.836135e-01
4.271838866982103e-03	1.831321e-01
4.281604491982103e-03	1.824449e-01
4.291370116982103e-03	1.815951e-01
4.301135741982103e-03	1.805405e-01
4.310901366982103e-03	1.793196e-01
4.320666991982103e-03	1.778935e-01
4.330432616982103e-03	1.762958e-01
4.340198241982103e-03	1.744895e-01
4.349963866982103e-03	1.725028e-01
4.359729491982103e-03	1.702990e-01
4.369495116982103e-03	1.678990e-01
4.379260741982103e-03	1.652632e-01
4.389026366982103e-03	1.624017e-01
4.398791991982103e-03	1.592651e-01
4.408557616982103e-03	1.558438e-01
4.418323241982103e-03	1.520628e-01
4.428088866982103e-03	1.478662e-01
4.437854491982103e-03	1.431050e-01
4.447620116982103e-03	1.375653e-01
4.457385741982103e-03	1.308142e-01
4.458606445107103e-03	1.298512e-01
4.461047851357103e-03	1.278260e-01
4.465930663857103e-03	1.232073e-01
4.475696288857103e-03	1.102806e-01
4.485461913857103e-03	8.463681e-02
4.495227538857103e-03	2.910119e-02
4.496448241982103e-03	1.918153e-02
4.498889648232103e-03	-1.432974e-03
4.498965942177416e-03	-2.102639e-03
4.499118530068041e-03	-3.444380e-03
4.499156677040697e-03	-3.780725e-03
4.499232970986009e-03	-4.454024e-03
4.499385558876634e-03	-5.804535e-03
4.499423705849290e-03	-6.143461e-03
4.499499999794603e-03	-6.821995e-03
4.499652587685228e-03	-8.181491e-03
4.499957763466478e-03	-1.091331e-02
4.500568115028978e-03	-1.643100e-02
4.501788818153978e-03	-2.765437e-02
4.504230224403978e-03	-5.065609e-02
4.509113036903978e-03	-9.452973e-02
4.510333740028978e-03	-1.033878e-01
4.512775146278978e-03	-1.166574e-01
4.517657958778978e-03	-1.269054e-01
4.522269057389491e-03	-1.313334e-01
4.527475889226104e-03	-1.363311e-01
4.532555178608681e-03	-1.399956e-01
4.542320803608681e-03	-1.462207e-01
4.552086428608681e-03	-1.511781e-01
4.561852053608681e-03	-1.555784e-01
4.571617678608681e-03	-1.593630e-01
4.572838381733681e-03	-1.598435e-01
4.573143557514931e-03	-1.599588e-01
4.573753909077431e-03	-1.601841e-01
4.574974612202431e-03	-1.606243e-01
4.577416018452431e-03	-1.614920e-01
4.582298830952431e-03	-1.631610e-01
4.592064455952431e-03	-1.662720e-01
4.601830080952431e-03	-1.691085e-01
4.611595705952431e-03	-1.717040e-01
4.621361330952431e-03	-1.740722e-01
4.631126955952431e-03	-1.762331e-01
4.640892580952431e-03	-1.781920e-01
4.650658205952431e-03	-1.799583e-01
4.660423830952431e-03	-1.815349e-01
4.670189455952431e-03	-1.829269e-01
4.679955080952431e-03	-1.841346e-01
4.689720705952431e-03	-1.851613e-01
4.699486330952431e-03	-1.860059e-01
4.709251955952431e-03	-1.866709e-01
4.719017580952431e-03	-1.871546e-01
4.728783205952431e-03	-1.874590e-01
4.738548830952431e-03	-1.875821e-01
4.748314455952431e-03	-1.875258e-01
4.758080080952431e-03	-1.872880e-01
4.767845705952431e-03	-1.868705e-01
4.777611330952431e-03	-1.862713e-01
4.787376955952431e-03	-1.854918e-01
4.797142580952431e-03	-1.845300e-01
4.806908205952431e-03	-1.833867e-01
4.816673830952431e-03	-1.820596e-01
4.826439455952431e-03	-1.805486e-01
4.836205080952431e-03	-1.788501e-01
4.845970705952431e-03	-1.769627e-01
4.855736330952431e-03	-1.748804e-01
4.865501955952431e-03	-1.725986e-01
4.875267580952431e-03	-1.701069e-01
4.885033205952431e-03	-1.673945e-01
4.894798830952431e-03	-1.644415e-01
4.904564455952431e-03	-1.612254e-01
4.914330080952431e-03	-1.577073e-01
4.924095705952431e-03	-1.538294e-01
4.925316409077431e-03	-1.533131e-01
4.927757815327431e-03	-1.522627e-01
4.932640627827431e-03	-1.500651e-01
4.933861330952431e-03	-1.494947e-01
4.936302737202431e-03	-1.483298e-01
4.941185549702431e-03	-1.458741e-01
4.950951174702431e-03	-1.403760e-01
4.960716799702431e-03	-1.337359e-01
4.970482424702431e-03	-1.249729e-01
4.980248049702431e-03	-1.116373e-01
4.990013674702431e-03	-8.474189e-02
4.999779299702431e-03	-2.724786e-02
5.009544924702431e-03	5.940215e-02
5.010765627827431e-03	7.114878e-02
5.013207034077431e-03	9.309169e-02
5.018089846577431e-03	1.185651e-01
5.024718968210725e-03	1.278217e-01
5.032364692833104e-03	1.345481e-01
5.040696324219453e-03	1.405291e-01
5.050461949219454e-03	1.459912e-01
5.060227574219454e-03	1.507650e-01
5.069993199219454e-03	1.548000e-01
5.079758824219453e-03	1.585070e-01
5.089524449219454e-03	1.617501e-01
5.099290074219454e-03	1.647846e-01
5.109055699219454e-03	1.674692e-01
5.118821324219453e-03	1.699891e-01
5.128586949219454e-03	1.722176e-01
5.138352574219454e-03	1.743013e-01
5.148118199219454e-03	1.761236e-01
5.157883824219453e-03	1.778081e-01
5.167649449219454e-03	1.792484e-01
5.177415074219454e-03	1.805522e-01
5.187180699219454e-03	1.816221e-01
5.196946324219453e-03	1.825537e-01
5.206711949219454e-03	1.832583e-01
5.216477574219454e-03	1.838215e-01
5.226243199219454e-03	1.841624e-01
5.236008824219453e-03	1.843587e-01
5.245774449219454e-03	1.843360e-01
5.255540074219454e-03	1.841654e-01
5.265305699219454e-03	1.837787e-01
5.275071324219453e-03	1.832409e-01
5.284836949219453e-03	1.824890e-01
5.294602574219454e-03	1.815828e-01
5.304368199219454e-03	1.804635e-01
5.314133824219454e-03	1.791859e-01
5.323899449219453e-03	1.776948e-01
5.333665074219454e-03	1.760394e-01
5.343430699219454e-03	1.741667e-01
5.353196324219454e-03	1.721202e-01
5.362961949219453e-03	1.698469e-01
5.372727574219454e-03	1.673824e-01
5.382493199219454e-03	1.646706e-01
5.392258824219454e-03	1.617347e-01
5.402024449219453e-03	1.585081e-01
5.411790074219454e-03	1.549916e-01
5.421555699219454e-03	1.510891e-01
5.431321324219454e-03	1.467434e-01
5.441086949219453e-03	1.417835e-01
5.450852574219454e-03	1.359543e-01
5.460618199219454e-03	1.287060e-01
5.470383824219454e-03	1.188142e-01
5.480149449219453e-03	1.023020e-01
5.489915074219454e-03	6.593868e-02
5.491135777344454e-03	5.885207e-02
5.493577183594453e-03	4.336514e-02
5.498459996094453e-03	5.722866e-03
5.498611462271845e-03	4.424533e-03
5.498914394626630e-03	1.816988e-03
5.499520259336198e-03	-3.461704e-03
5.499671725513590e-03	-4.796665e-03
5.499974657868375e-03	-7.476277e-03
5.500050390957071e-03	-8.150482e-03
5.500201857134463e-03	-9.500976e-03
5.500504789489247e-03	-1.221377e-02
5.501110654198816e-03	-1.769150e-02
5.502322383617952e-03	-2.883249e-02
5.504745842456226e-03	-5.165053e-02
5.509592760132774e-03	-9.499474e-02
5.510804489551911e-03	-1.036793e-01
5.513227948390185e-03	-1.166639e-01
5.518074866066732e-03	-1.267241e-01
5.522698527579368e-03	-1.311892e-01
5.527885865265062e-03	-1.361553e-01
5.532992803257051e-03	-1.398433e-01
5.542758428257051e-03	-1.460587e-01
5.552524053257050e-03	-1.510129e-01
5.562289678257051e-03	-1.554065e-01
5.572055303257051e-03	-1.591886e-01
5.573276006382051e-03	-1.596681e-01
5.573581182163301e-03	-1.597833e-01
5.574191533725801e-03	-1.600087e-01
5.575412236850800e-03	-1.604482e-01
5.577853643100801e-03	-1.613142e-01
5.582736455600801e-03	-1.629816e-01
5.592502080600800e-03	-1.660873e-01
5.602267705600801e-03	-1.689197e-01
5.612033330600801e-03	-1.715095e-01
5.621798955600801e-03	-1.738732e-01
5.631564580600800e-03	-1.760280e-01
5.641330205600801e-03	-1.779815e-01
5.651095830600801e-03	-1.797416e-01
5.660861455600801e-03	-1.813126e-01
5.670627080600800e-03	-1.826979e-01
5.680392705600801e-03	-1.838998e-01
5.690158330600801e-03	-1.849191e-01
5.699923955600801e-03	-1.857576e-01
5.709689580600801e-03	-1.864148e-01
5.719455205600801e-03	-1.868920e-01
5.729220830600801e-03	-1.871883e-01
5.738986455600801e-03	-1.873045e-01
5.748752080600801e-03	-1.872398e-01
5.758517705600800e-03	-1.869949e-01
5.768283330600801e-03	-1.865687e-01
5.778048955600801e-03	-1.859619e-01
5.787814580600801e-03	-1.851735e-01
5.797580205600800e-03	-1.842036e-01
5.807345830600801e-03	-1.830509e-01
5.817111455600801e-03	-1.817152e-01
5.826877080600801e-03	-1.801943e-01
5.836642705600800e-03	-1.784865e-01
5.846408330600801e-03	-1.765883e-01
5.856173955600801e-03	-1.744952e-01
5.865939580600801e-03	-1.722013e-01
5.875705205600800e-03	-1.696967e-01
5.885470830600801e-03	-1.669699e-01
5.895236455600801e-03	-1.640011e-01
5.905002080600801e-03	-1.607665e-01
5.914767705600800e-03	-1.572247e-01
5.924533330600801e-03	-1.533163e-01
5.925754033725801e-03	-1.527953e-01
5.928195439975800e-03	-1.517356e-01
5.933078252475801e-03	-1.495183e-01
5.942814367870402e-03	-1.446501e-01
5.952579992870402e-03	-1.389681e-01
5.962345617870402e-03	-1.320129e-01
5.972111242870402e-03	-1.226071e-01
5.981876867870402e-03	-1.076190e-01
5.991642492870402e-03	-7.564174e-02
6.001408117870402e-03	-1.118915e-02
6.011173742870402e-03	7.752934e-02
6.012394445995402e-03	8.846450e-02
6.014835852245402e-03	1.067930e-01
6.019718664745402e-03	1.229852e-01
6.026883242082908e-03	1.300044e-01
6.035998657842283e-03	1.379845e-01
6.044454254007943e-03	1.429613e-01
6.054219879007944e-03	1.483841e-01
6.063985504007944e-03	1.526013e-01
6.073751129007944e-03	1.566674e-01
6.083516754007944e-03	1.600329e-01
6.093282379007943e-03	1.633024e-01
6.103048004007944e-03	1.660820e-01
6.112813629007944e-03	1.687905e-01
6.122579254007944e-03	1.711076e-01
6.132344879007943e-03	1.733512e-01
6.142110504007944e-03	1.752626e-01
6.151876129007944e-03	1.770897e-01
6.161641754007944e-03	1.786227e-01
6.171407379007943e-03	1.800580e-01
6.181173004007944e-03	1.812250e-01
6.190938629007944e-03	1.822810e-01
6.200704254007944e-03	1.830871e-01
6.210469879007943e-03	1.837697e-01
6.220235504007944e-03	1.842163e-01
6.230001129007944e-03	1.845283e-01
6.239766754007944e-03	1.846150e-01
6.249532379007943e-03	1.845575e-01
6.259298004007944e-03	1.842835e-01
6.269063629007944e-03	1.838566e-01
6.278829254007944e-03	1.832205e-01
6.288594879007943e-03	1.824239e-01
6.298360504007944e-03	1.814235e-01
6.308126129007944e-03	1.802552e-01
6.317891754007944e-03	1.788868e-01
6.327657379007944e-03	1.773423e-01
6.337423004007943e-03	1.755978e-01
6.347188629007944e-03	1.736668e-01
6.356954254007944e-03	1.715309e-01
6.366719879007944e-03	1.691921e-01
6.376485504007943e-03	1.666340e-01
6.386251129007944e-03	1.638452e-01
6.396016754007944e-03	1.608042e-01
6.405782379007944e-03	1.574794e-01
6.415548004007943e-03	1.538302e-01
6.425313629007944e-03	1.497844e-01
6.435079254007944e-03	1.452418e-01
6.444844879007944e-03	1.400176e-01
6.454610504007943e-03	1.337612e-01
6.455831207132944e-03	1.328769e-01
6.458272613382944e-03	1.310457e-01
6.463155425882943e-03	1.269358e-01
6.472921050882944e-03	1.160504e-01
6.482686675882944e-03	9.675855e-02
6.492452300882944e-03	5.329614e-02
6.493673004007943e-03	4.502304e-02
6.496114410257944e-03	2.733845e-02
6.496724761820444e-03	2.251384e-02
6.497945464945444e-03	1.264066e-02
6.500386871195443e-03	-8.285196e-03
6.500463165140756e-03	-8.963438e-03
6.500615753031382e-03	-1.032222e-02
6.500920928812631e-03	-1.305302e-02
6.501531280375132e-03	-1.856745e-02
6.502751983500131e-03	-2.978439e-02
6.505193389750131e-03	-5.275450e-02
6.510076202250132e-03	-9.606233e-02
6.511296905375131e-03	-1.045819e-01
6.513738311625131e-03	-1.171624e-01
6.518621124125131e-03	-1.268054e-01
6.523059115054660e-03	-1.310931e-01
6.528273501504352e-03	-1.360459e-01
6.533404958313466e-03	-1.397587e-01
6.543170583313465e-03	-1.459531e-01
6.552936208313465e-03	-1.509039e-01
6.562701833313466e-03	-1.552848e-01
6.572467458313466e-03	-1.590659e-01
6.573688161438465e-03	-1.595430e-01
6.573993337219716e-03	-1.596578e-01
6.574603688782215e-03	-1.598828e-01
6.575824391907215e-03	-1.603218e-01
6.578265798157215e-03	-1.611857e-01
6.583148610657215e-03	-1.628511e-01
6.592914235657215e-03	-1.659505e-01
6.602679860657216e-03	-1.687783e-01
6.612445485657216e-03	-1.713609e-01
6.622211110657215e-03	-1.737207e-01
6.631976735657215e-03	-1.758688e-01
6.641742360657216e-03	-1.778176e-01
6.651507985657216e-03	-1.795714e-01
6.661273610657215e-03	-1.811368e-01
6.671039235657215e-03	-1.825154e-01
6.680804860657216e-03	-1.837113e-01
6.690570485657216e-03	-1.847237e-01
6.700336110657215e-03	-1.855562e-01
6.710101735657215e-03	-1.862060e-01
6.719867360657215e-03	-1.866769e-01
6.729632985657216e-03	-1.869655e-01
6.739398610657216e-03	-1.870751e-01
6.749164235657215e-03	-1.870026e-01
6.758929860657215e-03	-1.867507e-01
6.768695485657216e-03	-1.863164e-01
6.778461110657216e-03	-1.857024e-01
6.788226735657215e-03	-1.849056e-01
6.797992360657215e-03	-1.839281e-01
6.807757985657216e-03	-1.827668e-01
6.817523610657216e-03	-1.814231e-01
6.827289235657215e-03	-1.798929e-01
6.837054860657215e-03	-1.781763e-01
6.846820485657216e-03	-1.762682e-01
6.856586110657216e-03	-1.741655e-01
6.866351735657215e-03	-1.718603e-01
6.876117360657215e-03	-1.693444e-01
6.885882985657216e-03	-1.666040e-01
6.895648610657216e-03	-1.636207e-01
6.905414235657215e-03	-1.603684e-01
6.915179860657215e-03	-1.568058e-01
6.924945485657216e-03	-1.528695e-01
6.926166188782216e-03	-1.523446e-01
6.928607595032215e-03	-1.512766e-01
6.933490407532216e-03	-1.490414e-01
6.941864833701114e-03	-1.448571e-01
6.951630458701114e-03	-1.392398e-01
6.961396083701115e-03	-1.323957e-01
6.971161708701114e-03	-1.232139e-01
6.980927333701114e-03	-1.088145e-01
6.990692958701114e-03	-7.860427e-02
7.000458583701115e-03	-1.642883e-02
7.010224208701114e-03	7.193916e-02
7.011444911826114e-03	8.325112e-02
7.013886318076114e-03	1.030077e-01
7.018769130576114e-03	1.220262e-01
7.025605548585296e-03	1.292660e-01
7.033434581861616e-03	1.364205e-01
7.041759693862182e-03	1.417252e-01
7.051525318862182e-03	1.472991e-01
7.061290943862182e-03	1.517387e-01
7.071056568862182e-03	1.558659e-01
7.080822193862182e-03	1.593649e-01
7.090587818862182e-03	1.626811e-01
7.100353443862182e-03	1.655676e-01
7.110119068862182e-03	1.683052e-01
7.119884693862182e-03	1.707114e-01
7.129650318862182e-03	1.729824e-01
7.139415943862182e-03	1.749728e-01
7.149181568862181e-03	1.768281e-01
7.158947193862182e-03	1.784338e-01
7.168712818862182e-03	1.798992e-01
7.178478443862182e-03	1.811349e-01
7.188244068862181e-03	1.822231e-01
7.198009693862182e-03	1.830951e-01
7.207775318862182e-03	1.838121e-01
7.217540943862182e-03	1.843226e-01
7.227306568862182e-03	1.846711e-01
7.237072193862182e-03	1.848203e-01
7.246837818862182e-03	1.848010e-01
7.256603443862182e-03	1.845882e-01
7.266369068862182e-03	1.842014e-01
7.276134693862182e-03	1.836255e-01
7.285900318862182e-03	1.828707e-01
7.295665943862182e-03	1.819300e-01
7.305431568862182e-03	1.808053e-01
7.315197193862182e-03	1.794964e-01
7.324962818862182e-03	1.779977e-01
7.334728443862182e-03	1.763138e-01
7.344494068862182e-03	1.744318e-01
7.354259693862182e-03	1.723589e-01
7.364025318862182e-03	1.700745e-01
7.373790943862182e-03	1.675852e-01
7.383556568862182e-03	1.648601e-01
7.393322193862181e-03	1.618999e-01
7.403087818862182e-03	1.586571e-01
7.412853443862182e-03	1.551142e-01
7.422619068862182e-03	1.511900e-01
7.432384693862181e-03	1.468096e-01
7.442150318862182e-03	1.418144e-01
7.451915943862182e-03	1.359237e-01
7.461681568862182e-03	1.285888e-01
7.471447193862182e-03	1.184949e-01
7.481212818862182e-03	1.014557e-01
7.490978443862182e-03	6.362451e-02
7.492199146987182e-03	5.627470e-02
7.494640553237182e-03	4.030746e-02
7.499523365737182e-03	1.938258e-03
7.499675953627807e-03	6.129561e-04
7.499981129409057e-03	-2.047618e-03
7.500591480971557e-03	-7.428974e-03
7.500744068862182e-03	-8.789501e-03
7.501049244643431e-03	-1.152307e-02
7.501125538588745e-03	-1.220877e-02
7.501278126479370e-03	-1.358113e-02
7.501583302260619e-03	-1.634039e-02
7.502193653823120e-03	-2.191231e-02
7.503073947081966e-03	-3.005153e-02
7.504834533599659e-03	-4.661806e-02
7.507560584958066e-03	-7.245060e-02
7.513012687674881e-03	-1.121562e-01
7.513894031902174e-03	-1.157909e-01
7.515656720356759e-03	-1.212835e-01
7.519182097265928e-03	-1.267370e-01
7.522988801699145e-03	-1.308297e-01
7.527857467362969e-03	-1.353408e-01
7.533847231273947e-03	-1.397894e-01
7.543612856273947e-03	-1.459200e-01
7.553378481273947e-03	-1.508787e-01
7.563144106273947e-03	-1.552164e-01
7.572909731273947e-03	-1.590157e-01
7.574130434398947e-03	-1.594810e-01
7.574435610180197e-03	-1.595943e-01
7.575045961742697e-03	-1.598179e-01
7.576266664867697e-03	-1.602561e-01
7.578708071117697e-03	-1.611174e-01
7.583590883617697e-03	-1.627792e-01
7.593356508617697e-03	-1.658704e-01
7.603122133617697e-03	-1.686914e-01
7.612887758617697e-03	-1.712666e-01
7.622653383617697e-03	-1.736200e-01
7.632419008617697e-03	-1.757608e-01
7.642184633617697e-03	-1.777031e-01
7.651950258617697e-03	-1.794496e-01
7.661715883617697e-03	-1.810084e-01
7.671481508617697e-03	-1.823796e-01
7.681247133617697e-03	-1.835687e-01
7.691012758617697e-03	-1.845735e-01
7.700778383617697e-03	-1.853988e-01
7.710544008617697e-03	-1.860409e-01
7.720309633617697e-03	-1.865044e-01
7.730075258617697e-03	-1.867850e-01
7.739840883617697e-03	-1.868871e-01
7.749606508617697e-03	-1.868063e-01
7.759372133617697e-03	-1.865466e-01
7.769137758617697e-03	-1.861040e-01
7.778903383617697e-03	-1.854819e-01
7.788669008617698e-03	-1.846765e-01
7.798434633617697e-03	-1.836907e-01
7.808200258617697e-03	-1.825204e-01
7.817965883617698e-03	-1.811680e-01
7.827731508617698e-03	-1.796284e-01
7.837497133617697e-03	-1.779027e-01
7.847262758617697e-03	-1.759844e-01
7.857028383617697e-03	-1.738714e-01
7.866794008617697e-03	-1.715550e-01
7.876559633617696e-03	-1.690271e-01
7.886325258617696e-03	-1.662733e-01
7.896090883617698e-03	-1.632751e-01
7.905856508617698e-03	-1.600052e-01
7.915622133617697e-03	-1.564216e-01
7.916842836742696e-03	-1.559481e-01
7.919284242992698e-03	-1.549855e-01
7.924167055492697e-03	-1.529759e-01
7.925387758617697e-03	-1.524557e-01
7.927829164867697e-03	-1.513953e-01
7.932711977367697e-03	-1.491757e-01
7.942477602367697e-03	-1.442847e-01
7.952243227367697e-03	-1.385867e-01
7.962008852367697e-03	-1.316023e-01
7.971774477367697e-03	-1.221302e-01
7.981540102367696e-03	-1.069597e-01
7.991305727367696e-03	-7.443942e-02
8.001071352367698e-03	-9.315019e-03
8.010836977367698e-03	7.943444e-02
8.012057680492696e-03	9.023452e-02
8.014499086742698e-03	1.081028e-01
8.019381899242697e-03	1.235118e-01
8.026729663186327e-03	1.305983e-01
8.035384520462407e-03	1.381805e-01
8.044219187343814e-03	1.433787e-01
8.053984812343814e-03	1.487854e-01
8.063750437343814e-03	1.529815e-01
8.073516062343813e-03	1.570435e-01
8.083281687343813e-03	1.603974e-01
8.093047312343815e-03	1.636673e-01
8.102812937343815e-03	1.664396e-01
8.112578562343814e-03	1.691505e-01
8.122344187343814e-03	1.714630e-01
8.132109812343814e-03	1.737101e-01
8.141875437343814e-03	1.756186e-01
8.151641062343814e-03	1.774500e-01
8.161406687343813e-03	1.789813e-01
8.171172312343815e-03	1.804214e-01
8.180937937343815e-03	1.815877e-01
8.190703562343814e-03	1.826488e-01
8.200469187343814e-03	1.834551e-01
8.210234812343814e-03	1.841432e-01
8.220000437343814e-03	1.845906e-01
8.229766062343814e-03	1.849083e-01
8.239531687343813e-03	1.849966e-01
8.249297312343815e-03	1.849450e-01
8.259062937343815e-03	1.846731e-01
8.268828562343815e-03	1.842525e-01
8.278594187343814e-03	1.836191e-01
8.288359812343814e-03	1.828290e-01
8.298125437343814e-03	1.818320e-01
8.307891062343814e-03	1.806707e-01
8.317656687343813e-03	1.793063e-01
8.327422312343813e-03	1.777695e-01
8.337187937343815e-03	1.760301e-01
8.346953562343815e-03	1.741077e-01
8.356719187343814e-03	1.719783e-01
8.366484812343814e-03	1.696497e-01
8.376250437343814e-03	1.671003e-01
8.386016062343814e-03	1.643243e-01
8.395781687343814e-03	1.612958e-01
8.405547312343813e-03	1.579888e-01
8.415312937343815e-03	1.543593e-01
8.425078562343815e-03	1.503419e-01
8.434844187343814e-03	1.458354e-01
8.444609812343814e-03	1.406666e-01
8.454375437343814e-03	1.344977e-01
8.455596140468815e-03	1.336288e-01
8.458037546718814e-03	1.318304e-01
8.462920359218815e-03	1.278084e-01
8.472685984218815e-03	1.172554e-01
8.482451609218815e-03	9.895908e-02
8.492217234218814e-03	5.784626e-02
8.501982859218814e-03	-1.655667e-02
8.511748484218814e-03	-1.011302e-01
8.512969187343815e-03	-1.090560e-01
8.515410593593814e-03	-1.200300e-01
8.520293406093815e-03	-1.278292e-01
8.523726708224894e-03	-1.312246e-01
8.529082461890301e-03	-1.360990e-01
8.534157076384734e-03	-1.397190e-01
8.543922701384734e-03	-1.458751e-01
8.553688326384734e-03	-1.508047e-01
8.563453951384734e-03	-1.551669e-01
8.573219576384733e-03	-1.589323e-01
8.574440279509734e-03	-1.594082e-01
8.576881685759733e-03	-1.602967e-01
8.577492037322235e-03	-1.605098e-01
8.578712740447234e-03	-1.609376e-01
8.581154146697235e-03	-1.617803e-01
8.586036959197234e-03	-1.634028e-01
8.595802584197234e-03	-1.664284e-01
8.605568209197233e-03	-1.691889e-01
8.615333834197235e-03	-1.717098e-01
8.625099459197235e-03	-1.740102e-01
8.634865084197235e-03	-1.761038e-01
8.644630709197234e-03	-1.779965e-01
8.654396334197234e-03	-1.796981e-01
8.664161959197234e-03	-1.812096e-01
8.673927584197234e-03	-1.825371e-01
8.683693209197233e-03	-1.836796e-01
8.693458834197233e-03	-1.846413e-01
8.703224459197235e-03	-1.854201e-01
8.712990084197235e-03	-1.860191e-01
8.722755709197234e-03	-1.864361e-01
8.732521334197234e-03	-1.866735e-01
8.742286959197234e-03	-1.867289e-01
8.752052584197234e-03	-1.866046e-01
8.761818209197234e-03	-1.862982e-01
8.771583834197233e-03	-1.858116e-01
8.781349459197235e-03	-1.851427e-01
8.791115084197235e-03	-1.842928e-01
8.800880709197234e-03	-1.832598e-01
8.810646334197234e-03	-1.820444e-01
8.820411959197234e-03	-1.806440e-01
8.830177584197234e-03	-1.790582e-01
8.839943209197234e-03	-1.772831e-01
8.849708834197233e-03	-1.753163e-01
8.859474459197235e-03	-1.731513e-01
8.869240084197235e-03	-1.707820e-01
8.879005709197235e-03	-1.681967e-01
8.888771334197234e-03	-1.653812e-01
8.898536959197234e-03	-1.623154e-01
8.908302584197234e-03	-1.589667e-01
8.918068209197234e-03	-1.552910e-01
8.919288912322234e-03	-1.548046e-01
8.921730318572234e-03	-1.538134e-01
8.926613131072235e-03	-1.517435e-01
8.927833834197233e-03	-1.512077e-01
8.930275240447235e-03	-1.501144e-01
8.935158052947234e-03	-1.478210e-01
8.944923677947234e-03	-1.427459e-01
8.954689302947233e-03	-1.367598e-01
8.964454927947235e-03	-1.292890e-01
8.974220552947235e-03	-1.187668e-01
8.983986177947234e-03	-1.006279e-01
8.993751802947234e-03	-6.009822e-02
9.003517427947234e-03	1.381079e-02
9.004738131072235e-03	2.530435e-02
9.007179537322234e-03	4.856513e-02
9.012062349822235e-03	9.276205e-02
9.013283052947234e-03	1.016568e-01
9.015724459197233e-03	1.149577e-01
9.020607271697234e-03	1.251648e-01
9.027275972915784e-03	1.315010e-01
9.034958778097530e-03	1.380303e-01
9.044724403097530e-03	1.439196e-01
9.054490028097530e-03	1.491771e-01
9.064255653097529e-03	1.533968e-01
9.074021278097529e-03	1.573805e-01
9.083786903097529e-03	1.607456e-01
9.093552528097529e-03	1.639670e-01
9.103318153097529e-03	1.667468e-01
9.113083778097530e-03	1.694226e-01
9.122849403097530e-03	1.717381e-01
9.132615028097530e-03	1.739589e-01
9.142380653097529e-03	1.758668e-01
9.152146278097529e-03	1.776777e-01
9.161911903097529e-03	1.792052e-01
9.171677528097529e-03	1.806292e-01
9.181443153097529e-03	1.817892e-01
9.191208778097528e-03	1.828374e-01
9.200974403097530e-03	1.836352e-01
9.210740028097530e-03	1.843127e-01
9.220505653097530e-03	1.847500e-01
9.230271278097529e-03	1.850591e-01
9.240036903097529e-03	1.851358e-01
9.249802528097529e-03	1.850771e-01
9.259568153097529e-03	1.847925e-01
9.269333778097529e-03	1.843661e-01
9.279099403097530e-03	1.837191e-01
9.288865028097530e-03	1.829243e-01
9.298630653097530e-03	1.819130e-01
9.308396278097529e-03	1.807479e-01
9.318161903097529e-03	1.793686e-01
9.327927528097529e-03	1.778285e-01
9.337693153097529e-03	1.760737e-01
9.347458778097529e-03	1.741485e-01
9.357224403097530e-03	1.720031e-01
9.366990028097530e-03	1.696717e-01
9.376755653097530e-03	1.671056e-01
9.386521278097529e-03	1.643263e-01
9.396286903097529e-03	1.612797e-01
9.406052528097529e-03	1.579677e-01
9.415818153097529e-03	1.543173e-01
9.425583778097529e-03	1.502906e-01
9.435349403097528e-03	1.457565e-01
9.445115028097530e-03	1.405663e-01
9.454880653097530e-03	1.343479e-01
9.456101356222529e-03	1.334755e-01
9.458542762472530e-03	1.316600e-01
9.463425574972529e-03	1.275972e-01
9.473191199972529e-03	1.168899e-01
9.482956824972529e-03	9.814078e-02
9.492722449972530e-03	5.593820e-02
9.493943153097529e-03	4.786476e-02
9.496384559347528e-03	3.054321e-02
9.496994910910030e-03	2.579548e-02
9.498215614035029e-03	1.606665e-02
9.500657020285030e-03	-4.624102e-03
9.500733314230342e-03	-5.295827e-03
9.500885902120967e-03	-6.641677e-03
9.500924049093622e-03	-6.979046e-03
9.501000343038935e-03	-7.654386e-03
9.501152930929560e-03	-9.009073e-03
9.501191077902217e-03	-9.348984e-03
9.501267371847529e-03	-1.002941e-02
9.501419959738154e-03	-1.139271e-02
9.501725135519404e-03	-1.413203e-02
9.502335487081905e-03	-1.966330e-02
9.503556190206904e-03	-3.090818e-02
9.505997596456905e-03	-5.390983e-02
9.510880408956904e-03	-9.690069e-02
9.515538910198965e-03	-1.204404e-01
9.521550739727673e-03	-1.288365e-01
9.525999186496386e-03	-1.331544e-01
9.531648799099022e-03	-1.378481e-01
9.537856293585141e-03	-1.419864e-01
9.547621918585141e-03	-1.476792e-01
9.557387543585141e-03	-1.523145e-01
9.567153168585141e-03	-1.565024e-01
9.568373871710141e-03	-1.569612e-01
9.570815277960141e-03	-1.579022e-01
9.575698090460140e-03	-1.597200e-01
9.585463715460141e-03	-1.630655e-01
9.595229340460141e-03	-1.661179e-01
9.604994965460141e-03	-1.688881e-01
9.614760590460141e-03	-1.714322e-01
9.624526215460141e-03	-1.737404e-01
9.634291840460140e-03	-1.758534e-01
9.644057465460140e-03	-1.777534e-01
9.653823090460140e-03	-1.794730e-01
9.663588715460142e-03	-1.809910e-01
9.673354340460141e-03	-1.823356e-01
9.683119965460141e-03	-1.834843e-01
9.692885590460141e-03	-1.844623e-01
9.702651215460141e-03	-1.852474e-01
9.712416840460140e-03	-1.858623e-01
9.722182465460140e-03	-1.862855e-01
9.731948090460140e-03	-1.865384e-01
9.741713715460140e-03	-1.866004e-01
9.751479340460141e-03	-1.864910e-01
9.761244965460141e-03	-1.861912e-01
9.771010590460141e-03	-1.857193e-01
9.780776215460141e-03	-1.850569e-01
9.790541840460141e-03	-1.842215e-01
9.800307465460140e-03	-1.831953e-01
9.810073090460140e-03	-1.819940e-01
9.819838715460140e-03	-1.806004e-01
9.829604340460141e-03	-1.790286e-01
9.839369965460141e-03	-1.772606e-01
9.849135590460141e-03	-1.753076e-01
9.858901215460141e-03	-1.731502e-01
9.868666840460141e-03	-1.707949e-01
9.878432465460140e-03	-1.682180e-01
9.888198090460140e-03	-1.654180e-01
9.897963715460140e-03	-1.623617e-01
9.907729340460142e-03	-1.590309e-01
9.917494965460141e-03	-1.553701e-01
9.918715668585140e-03	-1.548871e-01
9.921157074835141e-03	-1.539008e-01
9.926039887335140e-03	-1.518413e-01
9.927260590460141e-03	-1.513083e-01
9.929701996710141e-03	-1.502207e-01
9.934584809210141e-03	-1.479404e-01
9.944350434210141e-03	-1.428916e-01
9.954116059210141e-03	-1.369588e-01
9.963881684210141e-03	-1.295744e-01
9.973647309210141e-03	-1.192344e-01
9.983412934210140e-03	-1.016352e-01
9.993178559210140e-03	-6.244372e-02
1.000000000000000e-02	-1.448018e-02
