time	V(n012)
Step Information: Rgain=1  (Step: 1/11)
0.000000000000000e+00	4.500007e-14
5.000000058430487e-08	9.419182e-10
1.000000011686097e-07	8.836456e-08
2.000000023372195e-07	2.906709e-06
4.000000046744390e-07	3.258448e-05
8.000000093488779e-07	1.577768e-04
1.600000018697756e-06	4.779215e-04
3.200000037395512e-06	1.176564e-03
6.400000074791024e-06	2.630392e-03
1.280000014958205e-05	5.785658e-03
2.256562514958205e-05	1.118065e-02
3.233125014958205e-05	1.721995e-02
4.209687514958205e-05	2.382558e-02
5.186250014958205e-05	3.092909e-02
6.162812514958205e-05	3.845614e-02
7.139375014958204e-05	4.634054e-02
8.115937514958205e-05	5.451159e-02
9.092500014958205e-05	6.290563e-02
1.006906251495820e-04	7.145574e-02
1.104562501495821e-04	8.010112e-02
1.202218751495820e-04	8.877885e-02
1.299875001495820e-04	9.743142e-02
1.397531251495821e-04	1.060003e-01
1.495187501495821e-04	1.144315e-01
1.592843751495820e-04	1.226714e-01
1.690500001495821e-04	1.306703e-01
1.788156251495821e-04	1.383791e-01
1.885812501495820e-04	1.457531e-01
1.983468751495820e-04	1.527486e-01
2.081125001495821e-04	1.593260e-01
2.178781251495820e-04	1.654470e-01
2.276437501495820e-04	1.710770e-01
2.374093751495821e-04	1.761835e-01
2.471750001495820e-04	1.807369e-01
2.569406251495820e-04	1.847104e-01
2.667062501495821e-04	1.880796e-01
2.764718751495821e-04	1.908237e-01
2.862375001495821e-04	1.929235e-01
2.960031251495820e-04	1.943641e-01
3.057687501495820e-04	1.951319e-01
3.155343751495820e-04	1.952181e-01
3.253000001495821e-04	1.946149e-01
3.350656251495821e-04	1.933195e-01
3.448312501495821e-04	1.913301e-01
3.545968751495821e-04	1.886501e-01
3.643625001495820e-04	1.852835e-01
3.741281251495820e-04	1.812400e-01
3.838937501495821e-04	1.765293e-01
3.936593751495821e-04	1.711669e-01
4.034250001495821e-04	1.651680e-01
4.131906251495821e-04	1.585539e-01
4.229562501495820e-04	1.513446e-01
4.327218751495820e-04	1.435668e-01
4.424875001495820e-04	1.352452e-01
4.437082032745821e-04	1.341650e-01
4.461496095245821e-04	1.319876e-01
4.467599610870821e-04	1.314373e-01
4.479806642120820e-04	1.303328e-01
4.504220704620820e-04	1.281000e-01
4.553048829620820e-04	1.235436e-01
4.650705079620821e-04	1.140825e-01
4.748361329620821e-04	1.041825e-01
4.846017579620821e-04	9.388000e-02
4.943673829620821e-04	8.321143e-02
5.041330079620821e-04	7.221630e-02
5.138986329620821e-04	6.093401e-02
5.236642579620821e-04	4.940651e-02
5.334298829620820e-04	3.767551e-02
5.431955079620820e-04	2.578482e-02
5.529611329620820e-04	1.377779e-02
5.627267579620820e-04	1.699444e-03
5.639474610870820e-04	1.856696e-04
5.663888673370821e-04	-2.841386e-03
5.712716798370821e-04	-8.895444e-03
5.810373048370821e-04	-2.098707e-02
5.908029298370821e-04	-3.302079e-02
6.005685548370821e-04	-4.495207e-02
6.103341798370821e-04	-5.673599e-02
6.200998048370821e-04	-6.832876e-02
6.298654298370820e-04	-7.968678e-02
6.396310548370820e-04	-9.076779e-02
6.493966798370820e-04	-1.015303e-01
6.591623048370820e-04	-1.119343e-01
6.689279298370820e-04	-1.219412e-01
6.786935548370821e-04	-1.315140e-01
6.884591798370821e-04	-1.406175e-01
6.982248048370821e-04	-1.492184e-01
7.079904298370821e-04	-1.572851e-01
7.092111329620821e-04	-1.582515e-01
7.116525392120821e-04	-1.601644e-01
7.165353517120820e-04	-1.638775e-01
7.177560548370821e-04	-1.647810e-01
7.201974610870820e-04	-1.665661e-01
7.250802735870820e-04	-1.700211e-01
7.348458985870821e-04	-1.764714e-01
7.446115235870821e-04	-1.822882e-01
7.543771485870821e-04	-1.874519e-01
7.641427735870821e-04	-1.919423e-01
7.739083985870821e-04	-1.957438e-01
7.836740235870821e-04	-1.988412e-01
7.934396485870821e-04	-2.012236e-01
8.032052735870821e-04	-2.028809e-01
8.129708985870820e-04	-2.038072e-01
8.227365235870820e-04	-2.039977e-01
8.325021485870820e-04	-2.034518e-01
8.422677735870820e-04	-2.021705e-01
8.520333985870820e-04	-2.001585e-01
8.617990235870821e-04	-1.974226e-01
8.715646485870821e-04	-1.939730e-01
8.813302735870821e-04	-1.898223e-01
8.910958985870821e-04	-1.849860e-01
9.008615235870821e-04	-1.794822e-01
9.106271485870821e-04	-1.733315e-01
9.203927735870821e-04	-1.665570e-01
9.301583985870821e-04	-1.591843e-01
9.313791017120821e-04	-1.582180e-01
9.338205079620820e-04	-1.562669e-01
9.344308595245820e-04	-1.557725e-01
9.356515626495821e-04	-1.547793e-01
9.380929688995821e-04	-1.527661e-01
9.387033204620820e-04	-1.522564e-01
9.399240235870820e-04	-1.512327e-01
9.423654298370821e-04	-1.491597e-01
9.429757813995821e-04	-1.486353e-01
9.441964845245820e-04	-1.475824e-01
9.466378907745821e-04	-1.454516e-01
9.515207032745821e-04	-1.410935e-01
9.600382928532351e-04	-1.331936e-01
9.698039178532351e-04	-1.236955e-01
9.795695428532350e-04	-1.137605e-01
9.893351678532350e-04	-1.034263e-01
9.991007928532351e-04	-9.273171e-02
1.008866417853235e-03	-8.171716e-02
1.018632042853235e-03	-7.042417e-02
1.038163292853235e-03	-4.717423e-02
1.047928917853235e-03	-3.530505e-02
1.057694542853235e-03	-2.333261e-02
1.067460167853235e-03	-1.130217e-02
1.077225792853235e-03	7.408269e-04
1.086991417853235e-03	1.275087e-02
1.096757042853235e-03	2.468248e-02
1.106522667853235e-03	3.649058e-02
1.116288292853235e-03	4.813047e-02
1.126053917853235e-03	5.955818e-02
1.135819542853235e-03	7.073054e-02
1.145585167853235e-03	8.160542e-02
1.155350792853235e-03	9.214190e-02
1.165116417853235e-03	1.023004e-01
1.174882042853235e-03	1.120430e-01
1.184647667853235e-03	1.213334e-01
1.194413292853235e-03	1.301371e-01
1.204178917853235e-03	1.384211e-01
1.213944542853235e-03	1.461554e-01
1.223710167853235e-03	1.533111e-01
1.233475792853235e-03	1.598626e-01
1.243241417853235e-03	1.657853e-01
1.253007042853235e-03	1.710579e-01
1.262772667853235e-03	1.756604e-01
1.272538292853235e-03	1.795761e-01
1.282303917853235e-03	1.827898e-01
1.292069542853235e-03	1.852899e-01
1.301835167853235e-03	1.870661e-01
1.311600792853235e-03	1.881119e-01
1.321366417853235e-03	1.884225e-01
1.331132042853235e-03	1.879967e-01
1.340897667853235e-03	1.868353e-01
1.350663292853235e-03	1.849427e-01
1.360428917853235e-03	1.823253e-01
1.370194542853235e-03	1.789932e-01
1.379960167853235e-03	1.749582e-01
1.389725792853235e-03	1.702360e-01
1.399491417853235e-03	1.648438e-01
1.409257042853235e-03	1.588023e-01
1.419022667853235e-03	1.521340e-01
1.428788292853235e-03	1.448644e-01
1.438553917853235e-03	1.370206e-01
1.439774620978235e-03	1.359974e-01
1.442216027228235e-03	1.339335e-01
1.447098839728235e-03	1.297056e-01
1.456864464728235e-03	1.208664e-01
1.466630089728235e-03	1.115448e-01
1.476395714728235e-03	1.017742e-01
1.486161339728235e-03	9.159326e-02
1.495926964728235e-03	8.103879e-02
1.505692589728235e-03	7.015231e-02
1.515458214728235e-03	5.897341e-02
1.525223839728235e-03	4.754588e-02
1.534989464728235e-03	3.591145e-02
1.544755089728235e-03	2.411564e-02
1.554520714728235e-03	1.220161e-02
1.564286339728235e-03	2.160080e-04
1.565507042853235e-03	-1.286369e-03
1.567948449103235e-03	-4.290367e-03
1.572831261603235e-03	-1.029826e-02
1.582596886603235e-03	-2.229725e-02
1.592362511603235e-03	-3.423754e-02
1.602128136603235e-03	-4.607424e-02
1.611893761603235e-03	-5.776203e-02
1.621659386603235e-03	-6.925689e-02
1.631425011603235e-03	-8.051496e-02
1.641190636603235e-03	-9.149385e-02
1.650956261603235e-03	-1.021519e-01
1.660721886603235e-03	-1.124491e-01
1.670487511603235e-03	-1.223467e-01
1.680253136603235e-03	-1.318079e-01
1.690018761603235e-03	-1.407973e-01
1.699784386603235e-03	-1.492819e-01
1.709550011603235e-03	-1.572301e-01
1.710770714728235e-03	-1.581815e-01
1.713212120978235e-03	-1.600643e-01
1.713822472540735e-03	-1.605277e-01
1.715043175665735e-03	-1.614504e-01
1.717484581915735e-03	-1.632688e-01
1.722367394415735e-03	-1.667942e-01
1.732133019415735e-03	-1.733907e-01
1.741898644415735e-03	-1.793624e-01
1.751664269415735e-03	-1.846881e-01
1.761429894415735e-03	-1.893474e-01
1.771195519415735e-03	-1.933237e-01
1.780961144415735e-03	-1.966011e-01
1.790726769415735e-03	-1.991678e-01
1.800492394415735e-03	-2.010129e-01
1.810258019415735e-03	-2.021299e-01
1.820023644415735e-03	-2.025128e-01
1.829789269415735e-03	-2.021606e-01
1.839554894415735e-03	-2.010730e-01
1.849320519415735e-03	-1.992544e-01
1.859086144415735e-03	-1.967102e-01
1.868851769415735e-03	-1.934504e-01
1.878617394415735e-03	-1.894860e-01
1.888383019415735e-03	-1.848326e-01
1.898148644415735e-03	-1.795067e-01
1.907914269415735e-03	-1.735288e-01
1.917679894415735e-03	-1.669208e-01
1.927445519415735e-03	-1.597080e-01
1.928666222540735e-03	-1.587611e-01
1.931107628790735e-03	-1.568487e-01
1.935990441290735e-03	-1.529163e-01
1.937211144415735e-03	-1.519073e-01
1.939652550665735e-03	-1.498716e-01
1.940262902228235e-03	-1.493563e-01
1.941483605353235e-03	-1.483214e-01
1.943925011603235e-03	-1.462267e-01
1.948807824103235e-03	-1.419390e-01
1.958573449103235e-03	-1.329853e-01
1.968339074103235e-03	-1.235541e-01
1.978104699103235e-03	-1.136810e-01
1.987870324103235e-03	-1.034032e-01
1.997635949103235e-03	-9.275945e-02
2.007401574103235e-03	-8.178985e-02
2.017167199103235e-03	-7.053583e-02
2.026932824103235e-03	-5.903976e-02
2.036698449103235e-03	-4.734508e-02
2.046464074103235e-03	-3.549585e-02
2.056229699103235e-03	-2.353687e-02
2.065995324103235e-03	-1.151325e-02
2.075760949103235e-03	5.295309e-04
2.085526574103235e-03	1.254602e-02
2.095292199103235e-03	2.449068e-02
2.105057824103235e-03	3.631841e-02
2.114823449103235e-03	4.798442e-02
2.124589074103235e-03	5.944464e-02
2.134354699103235e-03	7.065576e-02
2.144120324103235e-03	8.157548e-02
2.153885949103235e-03	9.216274e-02
2.163651574103235e-03	1.023777e-01
2.173417199103235e-03	1.121823e-01
2.183182824103235e-03	1.215399e-01
2.192948449103235e-03	1.304157e-01
2.202714074103235e-03	1.387765e-01
2.212479699103235e-03	1.465921e-01
2.222245324103235e-03	1.538331e-01
2.232010949103235e-03	1.604738e-01
2.241776574103235e-03	1.664891e-01
2.251542199103235e-03	1.718576e-01
2.261307824103235e-03	1.765587e-01
2.271073449103235e-03	1.805755e-01
2.280839074103235e-03	1.838925e-01
2.290604699103235e-03	1.864975e-01
2.300370324103235e-03	1.883800e-01
2.310135949103235e-03	1.895330e-01
2.319901574103235e-03	1.899513e-01
2.329667199103235e-03	1.896334e-01
2.339432824103235e-03	1.885794e-01
2.349198449103235e-03	1.867936e-01
2.358964074103235e-03	1.842817e-01
2.368729699103235e-03	1.810534e-01
2.378495324103235e-03	1.771203e-01
2.388260949103235e-03	1.724975e-01
2.398026574103235e-03	1.672017e-01
2.407792199103235e-03	1.612536e-01
2.417557824103235e-03	1.546749e-01
2.427323449103235e-03	1.474910e-01
2.437089074103235e-03	1.397287e-01
2.446854699103235e-03	1.314177e-01
2.448075402228235e-03	1.303380e-01
2.450516808478235e-03	1.281615e-01
2.455399620978235e-03	1.237146e-01
2.463735944229067e-03	1.158434e-01
2.473501569229067e-03	1.061994e-01
2.483267194229067e-03	9.613308e-02
2.493032819229067e-03	8.568250e-02
2.502798444229067e-03	7.488708e-02
2.512564069229067e-03	6.378774e-02
2.522329694229067e-03	5.242627e-02
2.532095319229067e-03	4.084585e-02
2.541860944229067e-03	2.909002e-02
2.551626569229067e-03	1.720355e-02
2.561392194229067e-03	5.231152e-03
2.562612897354067e-03	3.729727e-03
2.565054303604067e-03	7.266563e-04
2.565664655166567e-03	-2.444199e-05
2.566885358291567e-03	-1.526631e-03
2.569326764541567e-03	-4.531378e-03
2.574209577041567e-03	-1.054070e-02
2.580940432733105e-03	-1.881481e-02
2.590706057733105e-03	-3.077127e-02
2.600471682733104e-03	-4.263173e-02
2.610237307733105e-03	-5.435104e-02
2.620002932733104e-03	-6.588486e-02
2.629768557733105e-03	-7.718935e-02
2.639534182733104e-03	-8.822183e-02
2.649299807733105e-03	-9.894050e-02
2.659065432733105e-03	-1.093051e-01
2.668831057733105e-03	-1.192766e-01
2.678596682733105e-03	-1.288178e-01
2.688362307733105e-03	-1.378932e-01
2.698127932733105e-03	-1.464692e-01
2.707893557733105e-03	-1.545141e-01
2.709114260858105e-03	-1.554780e-01
2.711555667108104e-03	-1.573863e-01
2.712166018670605e-03	-1.578566e-01
2.713386721795605e-03	-1.587925e-01
2.713691897576855e-03	-1.590248e-01
2.714302249139355e-03	-1.594881e-01
2.714454837029980e-03	-1.596036e-01
2.714760012811230e-03	-1.598339e-01
2.715370364373729e-03	-1.602929e-01
2.716591067498730e-03	-1.612046e-01
2.719032473748730e-03	-1.630004e-01
2.723915286248730e-03	-1.664805e-01
2.733680911248730e-03	-1.729827e-01
2.743446536248730e-03	-1.788570e-01
2.753212161248730e-03	-1.840814e-01
2.762977786248730e-03	-1.886369e-01
2.772743411248730e-03	-1.925062e-01
2.782509036248730e-03	-1.956748e-01
2.792274661248730e-03	-1.981304e-01
2.802040286248730e-03	-1.998634e-01
2.811805911248730e-03	-2.008668e-01
2.821571536248730e-03	-2.011361e-01
2.831337161248730e-03	-2.006696e-01
2.841102786248730e-03	-1.994685e-01
2.850868411248730e-03	-1.975367e-01
2.860634036248730e-03	-1.948811e-01
2.870399661248730e-03	-1.915110e-01
2.880165286248730e-03	-1.874391e-01
2.889930911248730e-03	-1.826802e-01
2.899696536248730e-03	-1.772521e-01
2.909462161248729e-03	-1.711752e-01
2.919227786248730e-03	-1.644723e-01
2.928993411248729e-03	-1.571684e-01
2.930214114373730e-03	-1.562105e-01
2.932655520623730e-03	-1.542760e-01
2.937538333123730e-03	-1.502994e-01
2.938759036248730e-03	-1.492800e-01
2.941200442498730e-03	-1.472234e-01
2.946083254998730e-03	-1.430099e-01
2.952163796099797e-03	-1.375818e-01
2.961929421099797e-03	-1.284627e-01
2.971695046099797e-03	-1.188781e-01
2.981460671099797e-03	-1.088643e-01
2.991226296099797e-03	-9.845886e-02
3.000991921099797e-03	-8.770123e-02
3.010757546099797e-03	-7.663177e-02
3.020523171099797e-03	-6.529246e-02
3.030288796099797e-03	-5.372582e-02
3.040054421099797e-03	-4.197577e-02
3.049820046099797e-03	-3.008640e-02
3.059585671099797e-03	-1.810289e-02
3.069351296099797e-03	-6.070244e-03
3.079116921099797e-03	5.965800e-03
3.088882546099797e-03	1.795998e-02
3.098648171099797e-03	2.986664e-02
3.108413796099797e-03	4.164100e-02
3.118179421099797e-03	5.323826e-02
3.127945046099797e-03	6.461482e-02
3.137710671099797e-03	7.572747e-02
3.147476296099797e-03	8.653455e-02
3.157241921099797e-03	9.699516e-02
3.167007546099797e-03	1.070703e-01
3.176773171099797e-03	1.167221e-01
3.186538796099797e-03	1.259148e-01
3.196304421099797e-03	1.346141e-01
3.206070046099797e-03	1.427875e-01
3.215835671099797e-03	1.504060e-01
3.225601296099797e-03	1.574402e-01
3.235366921099797e-03	1.638659e-01
3.245132546099797e-03	1.696580e-01
3.254898171099797e-03	1.747966e-01
3.264663796099797e-03	1.792613e-01
3.274429421099797e-03	1.830367e-01
3.284195046099797e-03	1.861074e-01
3.293960671099797e-03	1.884628e-01
3.303726296099797e-03	1.900925e-01
3.313491921099797e-03	1.909912e-01
3.323257546099797e-03	1.911539e-01
3.333023171099797e-03	1.905807e-01
3.342788796099797e-03	1.892720e-01
3.352554421099797e-03	1.872337e-01
3.362320046099797e-03	1.844719e-01
3.372085671099797e-03	1.809978e-01
3.381851296099797e-03	1.768233e-01
3.391616921099797e-03	1.719650e-01
3.401382546099797e-03	1.664402e-01
3.411148171099797e-03	1.602706e-01
3.420913796099797e-03	1.534784e-01
3.430679421099797e-03	1.460904e-01
3.440445046099797e-03	1.381335e-01
3.450210671099797e-03	1.296387e-01
3.459976296099797e-03	1.206359e-01
3.469741921099797e-03	1.111622e-01
3.479507546099797e-03	1.012508e-01
3.489273171099797e-03	9.094131e-02
3.499038796099797e-03	8.027070e-02
3.508804421099797e-03	6.928121e-02
3.518570046099797e-03	5.801252e-02
3.528335671099797e-03	4.650895e-02
3.538101296099797e-03	3.481237e-02
3.547866921099797e-03	2.296857e-02
3.557632546099797e-03	1.102087e-02
3.558853249224797e-03	9.521354e-03
3.561294655474797e-03	6.521267e-03
3.566177467974797e-03	5.152695e-04
3.567398171099797e-03	-9.880933e-04
3.569839577349797e-03	-3.994044e-03
3.574722389849797e-03	-1.000412e-02
3.584488014849797e-03	-2.200097e-02
3.594253639849797e-03	-3.393035e-02
3.604019264849797e-03	-4.574751e-02
3.613784889849797e-03	-5.740721e-02
3.623550514849797e-03	-6.886557e-02
3.633316139849797e-03	-8.007890e-02
3.643081764849797e-03	-9.100502e-02
3.652847389849797e-03	-1.016025e-01
3.662613014849797e-03	-1.118317e-01
3.672378639849797e-03	-1.216540e-01
3.682144264849797e-03	-1.310330e-01
3.691909889849797e-03	-1.399337e-01
3.701675514849797e-03	-1.483233e-01
3.711441139849797e-03	-1.561707e-01
3.712661842974797e-03	-1.571091e-01
3.715103249224797e-03	-1.589660e-01
3.715713600787297e-03	-1.594232e-01
3.715866188677922e-03	-1.595372e-01
3.716171364459172e-03	-1.597650e-01
3.716781716021672e-03	-1.602191e-01
3.718002419146672e-03	-1.611206e-01
3.720443825396672e-03	-1.628958e-01
3.725326637896672e-03	-1.663340e-01
3.735092262896672e-03	-1.727497e-01
3.744857887896672e-03	-1.785342e-01
3.754623512896672e-03	-1.836657e-01
3.764389137896672e-03	-1.881257e-01
3.774154762896672e-03	-1.918971e-01
3.783920387896672e-03	-1.949659e-01
3.793686012896672e-03	-1.973200e-01
3.803451637896672e-03	-1.989503e-01
3.813217262896672e-03	-1.998499e-01
3.822982887896672e-03	-2.000151e-01
3.832748512896672e-03	-1.994444e-01
3.842514137896672e-03	-1.981396e-01
3.852279762896672e-03	-1.961047e-01
3.862045387896672e-03	-1.933473e-01
3.871811012896672e-03	-1.898770e-01
3.881576637896672e-03	-1.857069e-01
3.891342262896672e-03	-1.808521e-01
3.901107887896672e-03	-1.753311e-01
3.910873512896672e-03	-1.691643e-01
3.920639137896672e-03	-1.623750e-01
3.930404762896672e-03	-1.549883e-01
3.931625466021672e-03	-1.540202e-01
3.934066872271672e-03	-1.520652e-01
3.938949684771672e-03	-1.480494e-01
3.939893203238591e-03	-1.472555e-01
3.941780240172427e-03	-1.456573e-01
3.945554314040099e-03	-1.424007e-01
3.953102461775445e-03	-1.356562e-01
3.962868086775445e-03	-1.264928e-01
3.972633711775445e-03	-1.168675e-01
3.982399336775445e-03	-1.068164e-01
3.992164961775445e-03	-9.637751e-02
4.001930586775445e-03	-8.559015e-02
4.011696211775445e-03	-7.449511e-02
4.021461836775445e-03	-6.313412e-02
4.031227461775445e-03	-5.155015e-02
4.040993086775445e-03	-3.978686e-02
4.050758711775445e-03	-2.788872e-02
4.060524336775445e-03	-1.590064e-02
4.070289961775445e-03	-3.867956e-03
4.080055586775445e-03	8.163887e-03
4.089821211775445e-03	2.014931e-02
4.099586836775445e-03	3.204298e-02
4.109352461775445e-03	4.379990e-02
4.119118086775445e-03	5.537555e-02
4.128883711775445e-03	6.672618e-02
4.138649336775445e-03	7.780889e-02
4.148414961775445e-03	8.858193e-02
4.158180586775445e-03	9.900475e-02
4.167946211775445e-03	1.090383e-01
4.177711836775445e-03	1.186450e-01
4.187477461775444e-03	1.277892e-01
4.197243086775445e-03	1.364368e-01
4.207008711775445e-03	1.445555e-01
4.216774336775445e-03	1.521164e-01
4.226539961775445e-03	1.590907e-01
4.236305586775445e-03	1.654541e-01
4.246071211775445e-03	1.711819e-01
4.255836836775445e-03	1.762542e-01
4.265602461775445e-03	1.806510e-01
4.275368086775445e-03	1.843571e-01
4.285133711775445e-03	1.873573e-01
4.294899336775445e-03	1.896413e-01
4.304664961775445e-03	1.911989e-01
4.314430586775445e-03	1.920250e-01
4.324196211775445e-03	1.921150e-01
4.333961836775445e-03	1.914691e-01
4.343727461775445e-03	1.900881e-01
4.353493086775445e-03	1.879781e-01
4.363258711775445e-03	1.851454e-01
4.373024336775445e-03	1.816016e-01
4.382789961775445e-03	1.773587e-01
4.392555586775445e-03	1.724337e-01
4.402321211775445e-03	1.668440e-01
4.412086836775445e-03	1.606116e-01
4.421852461775445e-03	1.537592e-01
4.431618086775445e-03	1.463133e-01
4.441383711775445e-03	1.383014e-01
4.451149336775445e-03	1.297546e-01
4.460914961775445e-03	1.207029e-01
4.470680586775445e-03	1.111838e-01
4.480446211775445e-03	1.012304e-01
4.490211836775445e-03	9.088265e-02
4.499977461775445e-03	8.017754e-02
4.509743086775445e-03	6.915753e-02
4.519508711775445e-03	5.786231e-02
4.529274336775445e-03	4.633640e-02
4.539039961775445e-03	3.462164e-02
4.548805586775445e-03	2.276400e-02
4.558571211775445e-03	1.080672e-02
4.568336836775445e-03	-1.203342e-03
4.578102461775445e-03	-1.322231e-02
4.587868086775445e-03	-2.520295e-02
4.597633711775445e-03	-3.710154e-02
4.607399336775445e-03	-4.887128e-02
4.617164961775445e-03	-6.046915e-02
4.626930586775445e-03	-7.184966e-02
4.636696211775445e-03	-8.297119e-02
4.646461836775445e-03	-9.379034e-02
4.656227461775445e-03	-1.042676e-01
4.665993086775445e-03	-1.143625e-01
4.675758711775445e-03	-1.240383e-01
4.685524336775445e-03	-1.332578e-01
4.695289961775445e-03	-1.419881e-01
4.705055586775445e-03	-1.501957e-01
4.714821211775445e-03	-1.578513e-01
4.716041914900445e-03	-1.587647e-01
4.716347090681695e-03	-1.589923e-01
4.716957442244195e-03	-1.594461e-01
4.718178145369195e-03	-1.603465e-01
4.720619551619195e-03	-1.621198e-01
4.725502364119195e-03	-1.655536e-01
4.735267989119195e-03	-1.719608e-01
4.745033614119195e-03	-1.777359e-01
4.754799239119195e-03	-1.828580e-01
4.764564864119195e-03	-1.873077e-01
4.774330489119195e-03	-1.910689e-01
4.784096114119195e-03	-1.941268e-01
4.793861739119195e-03	-1.964701e-01
4.803627364119195e-03	-1.980890e-01
4.813392989119195e-03	-1.989775e-01
4.823158614119195e-03	-1.991311e-01
4.832924239119195e-03	-1.985491e-01
4.842689864119195e-03	-1.972326e-01
4.852455489119195e-03	-1.951866e-01
4.862221114119195e-03	-1.924178e-01
4.871986739119195e-03	-1.889367e-01
4.881752364119195e-03	-1.847555e-01
4.891517989119195e-03	-1.798905e-01
4.901283614119195e-03	-1.743592e-01
4.911049239119195e-03	-1.681829e-01
4.920814864119195e-03	-1.613842e-01
4.930580489119195e-03	-1.539886e-01
4.931801192244195e-03	-1.530191e-01
4.934242598494195e-03	-1.510619e-01
4.939125410994195e-03	-1.470421e-01
4.940346114119195e-03	-1.460123e-01
4.942787520369195e-03	-1.439350e-01
4.947670332869195e-03	-1.396807e-01
4.957435957869195e-03	-1.307915e-01
4.967201582869195e-03	-1.214203e-01
4.976967207869195e-03	-1.116035e-01
4.986732832869195e-03	-1.013772e-01
4.996498457869195e-03	-9.078071e-02
5.006264082869195e-03	-7.985343e-02
5.016029707869195e-03	-6.863706e-02
5.025795332869195e-03	-5.717354e-02
5.045326582869195e-03	-3.367959e-02
5.055092207869195e-03	-2.173785e-02
5.064857832869195e-03	-9.726183e-03
5.074623457869195e-03	2.309854e-03
5.084389082869195e-03	1.432487e-02
5.094154707869195e-03	2.627324e-02
5.103920332869195e-03	3.810987e-02
5.113685957869195e-03	4.978986e-02
5.123451582869195e-03	6.126907e-02
5.133217207869195e-03	7.250407e-02
5.142982832869195e-03	8.345246e-02
5.152748457869195e-03	9.407299e-02
5.162514082869195e-03	1.043257e-01
5.172279707869195e-03	1.141723e-01
5.182045332869195e-03	1.235760e-01
5.191810957869195e-03	1.325019e-01
5.201576582869195e-03	1.409163e-01
5.211342207869195e-03	1.487894e-01
5.221107832869195e-03	1.560908e-01
5.230873457869195e-03	1.627955e-01
5.240639082869195e-03	1.688771e-01
5.250404707869195e-03	1.743150e-01
5.260170332869195e-03	1.790875e-01
5.269935957869195e-03	1.831782e-01
5.279701582869195e-03	1.865705e-01
5.289467207869195e-03	1.892528e-01
5.299232832869195e-03	1.912133e-01
5.308998457869195e-03	1.924457e-01
5.318764082869195e-03	1.929435e-01
5.328529707869195e-03	1.927056e-01
5.338295332869195e-03	1.917313e-01
5.348060957869195e-03	1.900249e-01
5.357826582869195e-03	1.875912e-01
5.367592207869195e-03	1.844403e-01
5.377357832869195e-03	1.805827e-01
5.387123457869195e-03	1.760338e-01
5.396889082869195e-03	1.708096e-01
5.406654707869195e-03	1.649307e-01
5.416420332869195e-03	1.584183e-01
5.426185957869195e-03	1.512980e-01
5.435951582869195e-03	1.435955e-01
5.445717207869195e-03	1.353410e-01
5.446937910994195e-03	1.342681e-01
5.449379317244195e-03	1.321057e-01
5.449989668806695e-03	1.315590e-01
5.451210371931695e-03	1.304618e-01
5.453651778181695e-03	1.282430e-01
5.458534590681695e-03	1.237144e-01
5.466170877330376e-03	1.163947e-01
5.475936502330376e-03	1.066362e-01
5.485702127330376e-03	9.646451e-02
5.495467752330375e-03	8.591840e-02
5.505233377330376e-03	7.503735e-02
5.514999002330376e-03	6.386282e-02
5.524764627330376e-03	5.243667e-02
5.534530252330376e-03	4.080244e-02
5.544295877330376e-03	2.900377e-02
5.554061502330376e-03	1.708562e-02
5.563827127330376e-03	5.092767e-03
5.565047830455376e-03	3.589635e-03
5.567489236705376e-03	5.835519e-04
5.568099588267875e-03	-1.680735e-04
5.569320291392876e-03	-1.671381e-03
5.569625467174126e-03	-2.047315e-03
5.570235818736626e-03	-2.799057e-03
5.571456521861626e-03	-4.302289e-03
5.573897928111626e-03	-7.308464e-03
5.577893537023531e-03	-1.222551e-02
5.585884754847341e-03	-2.203702e-02
5.595650379847341e-03	-3.395682e-02
5.605416004847341e-03	-4.575778e-02
5.615181629847341e-03	-5.739517e-02
5.624947254847341e-03	-6.882486e-02
5.634712879847341e-03	-8.000359e-02
5.644478504847342e-03	-9.088910e-02
5.654244129847341e-03	-1.014403e-01
5.664009754847341e-03	-1.116177e-01
5.673775379847341e-03	-1.213829e-01
5.683541004847342e-03	-1.306997e-01
5.693306629847341e-03	-1.395335e-01
5.703072254847341e-03	-1.478515e-01
5.712837879847341e-03	-1.556232e-01
5.714058582972342e-03	-1.565518e-01
5.716499989222341e-03	-1.583890e-01
5.717110340784841e-03	-1.588413e-01
5.717262928675466e-03	-1.589541e-01
5.717568104456716e-03	-1.591796e-01
5.718178456019216e-03	-1.596286e-01
5.719399159144216e-03	-1.605199e-01
5.721840565394216e-03	-1.622750e-01
5.726723377894216e-03	-1.656719e-01
5.736489002894216e-03	-1.720030e-01
5.746254627894216e-03	-1.776990e-01
5.756020252894217e-03	-1.827396e-01
5.765785877894216e-03	-1.871056e-01
5.775551502894216e-03	-1.907811e-01
5.785317127894216e-03	-1.937515e-01
5.795082752894217e-03	-1.960062e-01
5.804848377894216e-03	-1.975354e-01
5.814614002894216e-03	-1.983335e-01
5.824379627894216e-03	-1.983963e-01
5.834145252894217e-03	-1.977237e-01
5.843910877894216e-03	-1.963169e-01
5.853676502894216e-03	-1.941814e-01
5.863442127894216e-03	-1.913240e-01
5.873207752894217e-03	-1.877560e-01
5.882973377894216e-03	-1.834897e-01
5.892739002894216e-03	-1.785416e-01
5.902504627894216e-03	-1.729297e-01
5.912270252894216e-03	-1.666755e-01
5.922035877894216e-03	-1.598021e-01
5.923256581019216e-03	-1.588966e-01
5.925697987269217e-03	-1.570663e-01
5.930580799769217e-03	-1.532954e-01
5.931801502894216e-03	-1.523262e-01
5.934242909144217e-03	-1.503692e-01
5.934853260706716e-03	-1.498734e-01
5.936073963831716e-03	-1.488772e-01
5.938515370081716e-03	-1.468592e-01
5.943398182581716e-03	-1.427217e-01
5.952092849441717e-03	-1.350300e-01
5.961858474441717e-03	-1.259197e-01
5.971624099441718e-03	-1.163437e-01
5.981389724441718e-03	-1.063381e-01
5.991155349441717e-03	-9.594078e-02
6.000920974441717e-03	-8.519086e-02
6.010686599441717e-03	-7.412896e-02
6.020452224441718e-03	-6.279677e-02
6.030217849441718e-03	-5.123712e-02
6.039983474441717e-03	-3.949361e-02
6.049749099441717e-03	-2.761063e-02
6.059514724441718e-03	-1.563306e-02
6.069280349441718e-03	-3.606213e-03
6.079045974441717e-03	8.424487e-03
6.088811599441717e-03	2.041343e-02
6.098577224441718e-03	3.231528e-02
6.108342849441718e-03	4.408496e-02
6.118108474441717e-03	5.567792e-02
6.127874099441717e-03	6.705029e-02
6.137639724441718e-03	7.815909e-02
6.147405349441718e-03	8.896242e-02
6.157170974441717e-03	9.941962e-02
6.166936599441717e-03	1.094914e-01
6.176702224441718e-03	1.191402e-01
6.186467849441718e-03	1.283301e-01
6.196233474441717e-03	1.370268e-01
6.205999099441717e-03	1.451978e-01
6.215764724441718e-03	1.528141e-01
6.225530349441718e-03	1.598465e-01
6.235295974441717e-03	1.662706e-01
6.245061599441717e-03	1.720615e-01
6.254827224441717e-03	1.771991e-01
6.264592849441718e-03	1.816632e-01
6.274358474441718e-03	1.854382e-01
6.284124099441717e-03	1.885087e-01
6.293889724441717e-03	1.908642e-01
6.303655349441718e-03	1.924942e-01
6.313420974441718e-03	1.933933e-01
6.323186599441717e-03	1.935566e-01
6.332952224441717e-03	1.929840e-01
6.342717849441718e-03	1.916761e-01
6.352483474441718e-03	1.896384e-01
6.362249099441717e-03	1.868772e-01
6.372014724441717e-03	1.834037e-01
6.381780349441718e-03	1.792297e-01
6.391545974441718e-03	1.743717e-01
6.401311599441717e-03	1.688470e-01
6.411077224441717e-03	1.626773e-01
6.420842849441718e-03	1.558850e-01
6.430608474441718e-03	1.484965e-01
6.440374099441717e-03	1.405389e-01
6.450139724441717e-03	1.320432e-01
6.451360427566718e-03	1.309412e-01
6.453801833816717e-03	1.287206e-01
6.458684646316717e-03	1.241873e-01
6.467909588926855e-03	1.153023e-01
6.477675213926856e-03	1.054659e-01
6.487440838926856e-03	9.522355e-02
6.497206463926855e-03	8.461332e-02
6.506972088926855e-03	7.367576e-02
6.516737713926855e-03	6.245182e-02
6.526503338926856e-03	5.098420e-02
6.536268963926855e-03	3.931598e-02
6.546034588926855e-03	2.749149e-02
6.555800213926855e-03	1.555528e-02
6.565565838926856e-03	3.552653e-03
6.566786542051855e-03	2.048861e-03
6.569227948301856e-03	-9.581749e-04
6.574110760801856e-03	-6.971209e-03
6.574263348692481e-03	-7.159094e-03
6.574568524473730e-03	-7.534869e-03
6.575178876036231e-03	-8.286312e-03
6.576399579161230e-03	-9.788817e-03
6.578840985411231e-03	-1.279235e-02
6.583723797911231e-03	-1.879074e-02
6.593489422911230e-03	-3.073210e-02
6.603255047911230e-03	-4.256471e-02
6.613020672911230e-03	-5.424351e-02
6.622786297911231e-03	-6.572441e-02
6.632551922911230e-03	-7.696380e-02
6.642317547911230e-03	-8.791929e-02
6.652083172911230e-03	-9.854946e-02
6.661848797911231e-03	-1.088144e-01
6.671614422911231e-03	-1.186756e-01
6.681380047911230e-03	-1.280962e-01
6.691145672911230e-03	-1.370413e-01
6.700911297911231e-03	-1.454777e-01
6.710676922911231e-03	-1.533744e-01
6.711897626036230e-03	-1.543192e-01
6.714339032286231e-03	-1.561889e-01
6.714949383848730e-03	-1.566494e-01
6.716170086973731e-03	-1.575658e-01
6.718611493223730e-03	-1.593706e-01
6.719221844786231e-03	-1.598147e-01
6.720442547911230e-03	-1.606985e-01
6.722883954161231e-03	-1.624380e-01
6.727766766661231e-03	-1.658032e-01
6.737532391661230e-03	-1.720690e-01
6.747298016661230e-03	-1.776974e-01
6.757063641661230e-03	-1.826682e-01
6.766829266661231e-03	-1.869624e-01
6.776594891661230e-03	-1.905646e-01
6.786360516661230e-03	-1.934602e-01
6.796126141661230e-03	-1.956390e-01
6.805891766661231e-03	-1.970914e-01
6.815657391661230e-03	-1.978124e-01
6.825423016661230e-03	-1.977977e-01
6.835188641661230e-03	-1.970477e-01
6.844954266661231e-03	-1.955637e-01
6.854719891661231e-03	-1.933518e-01
6.864485516661230e-03	-1.904190e-01
6.874251141661230e-03	-1.867768e-01
6.884016766661231e-03	-1.824378e-01
6.893782391661231e-03	-1.774191e-01
6.903548016661230e-03	-1.717384e-01
6.913313641661230e-03	-1.654181e-01
6.923079266661231e-03	-1.584810e-01
6.924299969786231e-03	-1.575678e-01
6.926741376036230e-03	-1.557222e-01
6.931624188536231e-03	-1.519206e-01
6.932844891661231e-03	-1.509439e-01
6.935286297911230e-03	-1.489721e-01
6.935896649473730e-03	-1.484726e-01
6.937117352598730e-03	-1.474693e-01
6.939558758848731e-03	-1.454369e-01
6.944441571348730e-03	-1.412714e-01
6.954207196348730e-03	-1.325512e-01
6.963972821348730e-03	-1.233382e-01
6.973738446348731e-03	-1.136672e-01
6.983504071348730e-03	-1.035746e-01
6.993269696348730e-03	-9.309871e-02
7.003035321348730e-03	-8.227886e-02
7.012800946348731e-03	-7.115600e-02
7.022566571348731e-03	-5.977204e-02
7.032332196348730e-03	-4.816999e-02
7.042097821348730e-03	-3.639365e-02
7.051863446348731e-03	-2.448752e-02
7.061629071348731e-03	-1.249659e-02
7.071394696348730e-03	-4.662211e-04
7.081160321348730e-03	1.155813e-02
7.090925946348731e-03	2.353086e-02
7.100691571348731e-03	3.540670e-02
7.110457196348730e-03	4.714065e-02
7.120222821348730e-03	5.868831e-02
7.129988446348731e-03	7.000597e-02
7.139754071348731e-03	8.105088e-02
7.149519696348730e-03	9.178139e-02
7.159285321348730e-03	1.021571e-01
7.169050946348730e-03	1.121392e-01
7.178816571348731e-03	1.216903e-01
7.188582196348730e-03	1.307748e-01
7.198347821348730e-03	1.393589e-01
7.208113446348730e-03	1.474112e-01
7.217879071348731e-03	1.549017e-01
7.227644696348730e-03	1.618036e-01
7.237410321348730e-03	1.680909e-01
7.247175946348730e-03	1.737412e-01
7.256941571348731e-03	1.787329e-01
7.266707196348731e-03	1.830483e-01
7.276472821348730e-03	1.866704e-01
7.286238446348730e-03	1.895862e-01
7.296004071348731e-03	1.917839e-01
7.305769696348731e-03	1.932554e-01
7.315535321348730e-03	1.939941e-01
7.325300946348730e-03	1.939974e-01
7.335066571348731e-03	1.932640e-01
7.344832196348731e-03	1.917969e-01
7.354597821348730e-03	1.896006e-01
7.364363446348730e-03	1.866836e-01
7.374129071348731e-03	1.830560e-01
7.383894696348731e-03	1.787317e-01
7.393660321348730e-03	1.737266e-01
7.403425946348730e-03	1.680596e-01
7.413191571348730e-03	1.617519e-01
7.422957196348731e-03	1.548275e-01
7.432722821348730e-03	1.473121e-01
7.442488446348730e-03	1.392346e-01
7.443709149473730e-03	1.381830e-01
7.446150555723730e-03	1.360628e-01
7.451033368223730e-03	1.317251e-01
7.452254071348730e-03	1.306173e-01
7.454695477598730e-03	1.283851e-01
7.459578290098730e-03	1.238295e-01
7.467295085853265e-03	1.163905e-01
7.477060710853265e-03	1.065804e-01
7.486826335853265e-03	9.636155e-02
7.496591960853265e-03	8.577272e-02
7.506357585853265e-03	7.485361e-02
7.516123210853265e-03	6.364581e-02
7.525888835853265e-03	5.219128e-02
7.535654460853265e-03	4.053372e-02
7.545420085853265e-03	2.871674e-02
7.555185710853265e-03	1.678550e-02
7.564951335853265e-03	4.784676e-03
7.566172038978265e-03	3.280977e-03
7.568613445228265e-03	2.738702e-04
7.569223796790765e-03	-4.779504e-04
7.570444499915765e-03	-1.981571e-03
7.570749675697015e-03	-2.357522e-03
7.571360027259515e-03	-3.109664e-03
7.571512615150140e-03	-3.297518e-03
7.571817790931390e-03	-3.673256e-03
7.572428142493890e-03	-4.424950e-03
7.573648845618890e-03	-5.928298e-03
7.575580889171730e-03	-8.307130e-03
7.579444976277412e-03	-1.306123e-02
7.585056770646914e-03	-1.995235e-02
7.594822395646914e-03	-3.188241e-02
7.604588020646914e-03	-4.369759e-02
7.614353645646914e-03	-5.535292e-02
7.624119270646914e-03	-6.680438e-02
7.633884895646914e-03	-7.800849e-02
7.643650520646914e-03	-8.892302e-02
7.663181770646914e-03	-1.097199e-01
7.672947395646914e-03	-1.195241e-01
7.682713020646914e-03	-1.288830e-01
7.692478645646914e-03	-1.377617e-01
7.702244270646914e-03	-1.461274e-01
7.712009895646914e-03	-1.539492e-01
7.713230598771914e-03	-1.548843e-01
7.715672005021914e-03	-1.567346e-01
7.716282356584414e-03	-1.571902e-01
7.717503059709414e-03	-1.580967e-01
7.717808235490664e-03	-1.583216e-01
7.718418587053164e-03	-1.587702e-01
7.718571174943789e-03	-1.588819e-01
7.718876350725039e-03	-1.591049e-01
7.719486702287539e-03	-1.595491e-01
7.720707405412539e-03	-1.604308e-01
7.723148811662539e-03	-1.621665e-01
7.728031624162539e-03	-1.655241e-01
7.737797249162539e-03	-1.717739e-01
7.747562874162539e-03	-1.773859e-01
7.757328499162539e-03	-1.823395e-01
7.767094124162539e-03	-1.866163e-01
7.776859749162539e-03	-1.902003e-01
7.786625374162539e-03	-1.930777e-01
7.796390999162539e-03	-1.952377e-01
7.806156624162539e-03	-1.966714e-01
7.815922249162539e-03	-1.973732e-01
7.825687874162539e-03	-1.973395e-01
7.835453499162539e-03	-1.965702e-01
7.845219124162538e-03	-1.950674e-01
7.854984749162540e-03	-1.928366e-01
7.864750374162540e-03	-1.898853e-01
7.874515999162539e-03	-1.862247e-01
7.884281624162539e-03	-1.818680e-01
7.894047249162539e-03	-1.768318e-01
7.903812874162539e-03	-1.711345e-01
7.913578499162539e-03	-1.647978e-01
7.923344124162538e-03	-1.578454e-01
7.924564827287539e-03	-1.569302e-01
7.927006233537539e-03	-1.550808e-01
7.927616585100040e-03	-1.546115e-01
7.928837288225039e-03	-1.536683e-01
7.931278694475040e-03	-1.517546e-01
7.931889046037539e-03	-1.512696e-01
7.933109749162538e-03	-1.502950e-01
7.935551155412539e-03	-1.483192e-01
7.940433967912539e-03	-1.442648e-01
7.945583226234926e-03	-1.398434e-01
7.955348851234926e-03	-1.310645e-01
7.965114476234927e-03	-1.217968e-01
7.974880101234927e-03	-1.120753e-01
7.984645726234927e-03	-1.019367e-01
7.994411351234926e-03	-9.141930e-02
8.004176976234926e-03	-8.056269e-02
8.013942601234926e-03	-6.940789e-02
8.023708226234926e-03	-5.799701e-02
8.033473851234926e-03	-4.637311e-02
8.043239476234927e-03	-3.458013e-02
8.053005101234927e-03	-2.266257e-02
8.062770726234927e-03	-1.066556e-02
8.072536351234927e-03	1.365618e-03
8.082301976234926e-03	1.338538e-02
8.092067601234926e-03	2.534825e-02
8.101833226234926e-03	3.720888e-02
8.111598851234926e-03	4.892244e-02
8.121364476234925e-03	6.044448e-02
8.131130101234927e-03	7.173151e-02
8.140895726234927e-03	8.274078e-02
8.150661351234927e-03	9.343090e-02
8.160426976234926e-03	1.037615e-01
8.170192601234926e-03	1.136941e-01
8.179958226234926e-03	1.231914e-01
8.189723851234926e-03	1.322182e-01
8.199489476234926e-03	1.407404e-01
8.209255101234927e-03	1.487278e-01
8.219020726234927e-03	1.561495e-01
8.228786351234927e-03	1.629800e-01
8.238551976234926e-03	1.691928e-01
8.248317601234926e-03	1.747664e-01
8.258083226234926e-03	1.796788e-01
8.267848851234926e-03	1.839131e-01
8.277614476234926e-03	1.874522e-01
8.287380101234927e-03	1.902840e-01
8.297145726234927e-03	1.923961e-01
8.306911351234927e-03	1.937815e-01
8.316676976234927e-03	1.944334e-01
8.326442601234926e-03	1.943499e-01
8.336208226234926e-03	1.935296e-01
8.345973851234926e-03	1.919764e-01
8.355739476234926e-03	1.896944e-01
8.365505101234925e-03	1.866931e-01
8.375270726234927e-03	1.829824e-01
8.385036351234927e-03	1.785770e-01
8.394801976234927e-03	1.734925e-01
8.404567601234926e-03	1.677489e-01
8.414333226234926e-03	1.613669e-01
8.424098851234926e-03	1.543713e-01
8.433864476234926e-03	1.467878e-01
8.443630101234926e-03	1.386458e-01
8.444850804359926e-03	1.375864e-01
8.447292210609926e-03	1.354507e-01
8.452175023109926e-03	1.310828e-01
8.461940648109926e-03	1.219763e-01
8.471706273109926e-03	1.124053e-01
8.481471898109926e-03	1.024044e-01
8.491237523109926e-03	9.201276e-02
8.501003148109927e-03	8.126830e-02
8.510768773109927e-03	7.021285e-02
8.520534398109927e-03	5.888693e-02
8.530300023109927e-03	4.733454e-02
8.540065648109926e-03	3.559813e-02
8.549831273109926e-03	2.372326e-02
8.559596898109926e-03	1.175365e-02
8.569362523109926e-03	-2.641949e-04
8.570583226234926e-03	-1.768687e-03
8.570888402016176e-03	-2.144815e-03
8.571498753578675e-03	-2.896899e-03
8.572719456703676e-03	-4.400471e-03
8.575160862953676e-03	-7.407004e-03
8.579981859462966e-03	-1.333867e-02
8.587761616171497e-03	-2.288376e-02
8.597527241171497e-03	-3.478765e-02
8.607292866171496e-03	-4.656411e-02
8.617058491171496e-03	-5.816849e-02
8.626824116171498e-03	-6.955682e-02
8.636589741171498e-03	-8.068605e-02
8.646355366171497e-03	-9.151410e-02
8.656120991171497e-03	-1.020002e-01
8.665886616171497e-03	-1.121050e-01
8.675652241171497e-03	-1.217906e-01
8.685417866171496e-03	-1.310209e-01
8.695183491171496e-03	-1.397618e-01
8.704949116171498e-03	-1.479810e-01
8.714714741171498e-03	-1.556480e-01
8.715935444296496e-03	-1.565631e-01
8.718376850546498e-03	-1.583731e-01
8.718987202108997e-03	-1.588185e-01
8.719139789999622e-03	-1.589296e-01
8.719444965780872e-03	-1.591515e-01
8.720055317343371e-03	-1.595937e-01
8.721276020468372e-03	-1.604714e-01
8.723717426718371e-03	-1.621985e-01
8.728600239218372e-03	-1.655390e-01
8.738365864218372e-03	-1.717531e-01
8.748131489218372e-03	-1.773285e-01
8.757897114218371e-03	-1.822440e-01
8.767662739218371e-03	-1.864820e-01
8.777428364218373e-03	-1.900260e-01
8.787193989218373e-03	-1.928629e-01
8.796959614218372e-03	-1.949815e-01
8.806725239218372e-03	-1.963737e-01
8.816490864218372e-03	-1.970334e-01
8.826256489218372e-03	-1.969578e-01
8.836022114218372e-03	-1.961463e-01
8.845787739218371e-03	-1.946018e-01
8.855553364218373e-03	-1.923294e-01
8.865318989218373e-03	-1.893374e-01
8.875084614218372e-03	-1.856364e-01
8.884850239218372e-03	-1.812406e-01
8.894615864218372e-03	-1.761659e-01
8.904381489218372e-03	-1.704316e-01
8.914147114218372e-03	-1.640590e-01
8.923912739218371e-03	-1.570724e-01
8.925133442343372e-03	-1.561529e-01
8.927574848593372e-03	-1.542951e-01
8.928185200155873e-03	-1.538237e-01
8.929405903280872e-03	-1.528763e-01
8.931847309530873e-03	-1.509544e-01
8.932457661093372e-03	-1.504673e-01
8.933678364218371e-03	-1.494887e-01
8.936119770468372e-03	-1.475050e-01
8.941002582968371e-03	-1.434352e-01
8.946625421843104e-03	-1.385825e-01
8.956391046843103e-03	-1.297506e-01
8.966156671843103e-03	-1.204334e-01
8.975922296843103e-03	-1.106665e-01
8.985687921843103e-03	-1.004863e-01
8.995453546843103e-03	-8.993154e-02
9.005219171843102e-03	-7.904183e-02
9.014984796843104e-03	-6.785847e-02
9.024750421843104e-03	-5.642350e-02
9.034516046843103e-03	-4.478025e-02
9.044281671843103e-03	-3.297255e-02
9.054047296843103e-03	-2.104516e-02
9.063812921843103e-03	-9.043067e-03
9.073578546843103e-03	2.988267e-03
9.083344171843102e-03	1.500337e-02
9.093109796843102e-03	2.695668e-02
9.102875421843104e-03	3.880299e-02
9.112641046843103e-03	5.049738e-02
9.122406671843103e-03	6.199562e-02
9.132172296843103e-03	7.325417e-02
9.141937921843103e-03	8.423053e-02
9.151703546843103e-03	9.488332e-02
9.161469171843102e-03	1.051725e-01
9.181000421843104e-03	1.245073e-01
9.190766046843104e-03	1.334810e-01
9.200531671843103e-03	1.419466e-01
9.210297296843103e-03	1.498742e-01
9.220062921843103e-03	1.572331e-01
9.229828546843103e-03	1.639981e-01
9.239594171843103e-03	1.701428e-01
9.249359796843102e-03	1.756460e-01
9.259125421843104e-03	1.804860e-01
9.268891046843104e-03	1.846462e-01
9.278656671843103e-03	1.881096e-01
9.288422296843103e-03	1.908644e-01
9.298187921843103e-03	1.928985e-01
9.307953546843103e-03	1.942053e-01
9.317719171843103e-03	1.947780e-01
9.327484796843102e-03	1.946153e-01
9.337250421843104e-03	1.937159e-01
9.347016046843104e-03	1.920840e-01
9.356781671843103e-03	1.897242e-01
9.366547296843103e-03	1.866460e-01
9.376312921843103e-03	1.828598e-01
9.386078546843103e-03	1.783806e-01
9.395844171843103e-03	1.732241e-01
9.405609796843102e-03	1.674107e-01
9.415375421843102e-03	1.609613e-01
9.425141046843104e-03	1.539012e-01
9.434906671843104e-03	1.462559e-01
9.444672296843103e-03	1.380554e-01
9.445892999968102e-03	1.369889e-01
9.448334406218103e-03	1.348393e-01
9.453217218718103e-03	1.304440e-01
9.462982843718102e-03	1.212854e-01
9.472748468718104e-03	1.116663e-01
9.482514093718104e-03	1.016211e-01
9.492279718718103e-03	9.118941e-02
9.502045343718103e-03	8.040897e-02
9.511810968718103e-03	6.932216e-02
9.521576593718103e-03	5.796919e-02
9.531342218718103e-03	4.639457e-02
9.541107843718102e-03	3.464042e-02
9.550873468718104e-03	2.275278e-02
9.560639093718104e-03	1.077503e-02
9.561859796843103e-03	9.272846e-03
9.564301203093104e-03	6.267828e-03
9.569184015593103e-03	2.546319e-04
9.570404718718103e-03	-1.249818e-03
9.570709894499353e-03	-1.625896e-03
9.571320246061853e-03	-2.377931e-03
9.571472833952478e-03	-2.565935e-03
9.571778009733727e-03	-2.942153e-03
9.572388361296228e-03	-3.693839e-03
9.572521456422249e-03	-3.857734e-03
9.572787646674290e-03	-4.185619e-03
9.573320027178374e-03	-4.841358e-03
9.574384788186540e-03	-6.152669e-03
9.576514310202872e-03	-8.774539e-03
9.580773354235537e-03	-1.401328e-02
9.589291442300866e-03	-2.445720e-02
9.599057067300866e-03	-3.634461e-02
9.608822692300865e-03	-4.809755e-02
9.618588317300867e-03	-5.967151e-02
9.628353942300867e-03	-7.102265e-02
9.647885192300866e-03	-9.288579e-02
9.657650817300866e-03	-1.033153e-01
9.677182067300866e-03	-1.229748e-01
9.696713317300865e-03	-1.407934e-01
9.706478942300867e-03	-1.489287e-01
9.716244567300867e-03	-1.565073e-01
9.717465270425866e-03	-1.574110e-01
9.719906676675867e-03	-1.591977e-01
9.720517028238366e-03	-1.596369e-01
9.721737731363367e-03	-1.605111e-01
9.724179137613366e-03	-1.622314e-01
9.729061950113365e-03	-1.655577e-01
9.738827575113367e-03	-1.717430e-01
9.748593200113367e-03	-1.772881e-01
9.758358825113366e-03	-1.821728e-01
9.768124450113366e-03	-1.863787e-01
9.777890075113366e-03	-1.898904e-01
9.787655700113366e-03	-1.926940e-01
9.797421325113366e-03	-1.947793e-01
9.807186950113365e-03	-1.961373e-01
9.816952575113367e-03	-1.967630e-01
9.826718200113367e-03	-1.966529e-01
9.836483825113367e-03	-1.958075e-01
9.846249450113366e-03	-1.942288e-01
9.856015075113366e-03	-1.919228e-01
9.865780700113366e-03	-1.888974e-01
9.875546325113366e-03	-1.851640e-01
9.885311950113366e-03	-1.807360e-01
9.895077575113365e-03	-1.756304e-01
9.904843200113367e-03	-1.698658e-01
9.914608825113367e-03	-1.634643e-01
9.924374450113366e-03	-1.564496e-01
9.925595153238365e-03	-1.555269e-01
9.928036559488367e-03	-1.536622e-01
9.932919371988366e-03	-1.498229e-01
9.934140075113366e-03	-1.488372e-01
9.936581481363366e-03	-1.468475e-01
9.941464293863366e-03	-1.427650e-01
9.947866583752039e-03	-1.372102e-01
9.957632208752039e-03	-1.283154e-01
9.967397833752039e-03	-1.189399e-01
9.977163458752041e-03	-1.091189e-01
9.986929083752040e-03	-9.888966e-02
9.996694708752040e-03	-8.829076e-02
1.000000000000000e-02	-8.462594e-02
Step Information: Rgain=4.9009K  (Step: 2/11)
0.000000000000000e+00	4.500007e-14
5.000000058430487e-08	6.579183e-10
1.000000011686097e-07	6.523837e-08
2.000000023372195e-07	2.235723e-06
4.000000046744390e-07	2.660207e-05
8.000000093488779e-07	1.467786e-04
1.600000018697756e-06	5.543398e-04
3.200000037395512e-06	1.718754e-03
6.400000074791024e-06	4.500709e-03
1.280000014958205e-05	1.064323e-02
2.256562514958205e-05	2.114202e-02
3.233125014958205e-05	3.289939e-02
4.209687514958205e-05	4.571781e-02
5.186250014958205e-05	5.938694e-02
6.162812514958205e-05	7.360267e-02
7.139375014958204e-05	8.798100e-02
8.115937514958205e-05	1.021031e-01
9.092500014958205e-05	1.156698e-01
1.006906251495820e-04	1.285580e-01
1.104562501495821e-04	1.407541e-01
1.202218751495820e-04	1.523428e-01
1.299875001495820e-04	1.633465e-01
1.397531251495821e-04	1.737878e-01
1.495187501495821e-04	1.836786e-01
1.592843751495820e-04	1.930394e-01
1.690500001495821e-04	2.018783e-01
1.788156251495821e-04	2.102009e-01
1.885812501495820e-04	2.180164e-01
1.983468751495820e-04	2.253288e-01
2.081125001495821e-04	2.321436e-01
2.178781251495820e-04	2.384648e-01
2.276437501495820e-04	2.442954e-01
2.374093751495821e-04	2.496391e-01
2.471750001495820e-04	2.544963e-01
2.569406251495820e-04	2.588698e-01
2.667062501495821e-04	2.627575e-01
2.764718751495821e-04	2.661602e-01
2.862375001495821e-04	2.690720e-01
2.960031251495820e-04	2.714905e-01
3.057687501495820e-04	2.734045e-01
3.155343751495820e-04	2.748051e-01
3.253000001495821e-04	2.756725e-01
3.350656251495821e-04	2.759862e-01
3.448312501495821e-04	2.757100e-01
3.545968751495821e-04	2.748013e-01
3.643625001495820e-04	2.731918e-01
3.741281251495820e-04	2.707937e-01
3.838937501495821e-04	2.674749e-01
3.936593751495821e-04	2.630626e-01
4.034250001495821e-04	2.573276e-01
4.131906251495821e-04	2.500299e-01
4.229562501495820e-04	2.409893e-01
4.327218751495820e-04	2.301944e-01
4.424875001495820e-04	2.177788e-01
4.522531251495821e-04	2.039355e-01
4.620187501495821e-04	1.888203e-01
4.717843751495821e-04	1.725638e-01
4.815500001495820e-04	1.552680e-01
4.913156251495820e-04	1.370339e-01
4.925363282745820e-04	1.346855e-01
4.949777345245821e-04	1.299642e-01
4.955880860870821e-04	1.287747e-01
4.968087892120820e-04	1.263894e-01
4.971139649933321e-04	1.257907e-01
4.977243165558321e-04	1.245916e-01
4.989450196808320e-04	1.221802e-01
5.013864259308321e-04	1.173268e-01
5.062692384308321e-04	1.074834e-01
5.116004933844592e-04	9.653816e-02
5.213661183844592e-04	7.601646e-02
5.311317433844592e-04	5.498941e-02
5.408973683844591e-04	3.363360e-02
5.506629933844592e-04	1.221126e-02
5.518836965094592e-04	9.543397e-03
5.543251027594592e-04	4.224402e-03
5.549354543219592e-04	2.900472e-03
5.561561574469591e-04	2.540289e-04
5.564613332282092e-04	-4.038996e-04
5.570716847907092e-04	-1.720088e-03
5.572242726813342e-04	-2.049045e-03
5.575294484625842e-04	-2.706742e-03
5.581398000250842e-04	-4.020415e-03
5.593605031500842e-04	-6.639806e-03
5.617067113866640e-04	-1.164251e-02
5.652176379322585e-04	-1.904213e-02
5.722394910234475e-04	-3.347542e-02
5.820051160234475e-04	-5.263935e-02
5.917707410234475e-04	-7.072558e-02
6.015363660234475e-04	-8.780676e-02
6.113019910234475e-04	-1.039203e-01
6.210676160234474e-04	-1.191358e-01
6.308332410234474e-04	-1.335138e-01
6.405988660234474e-04	-1.470847e-01
6.503644910234474e-04	-1.598844e-01
6.515851941484474e-04	-1.614256e-01
6.518903699296975e-04	-1.618101e-01
6.525007214921975e-04	-1.625775e-01
6.537214246171974e-04	-1.641021e-01
6.561628308671975e-04	-1.671067e-01
6.567731824296975e-04	-1.678542e-01
6.579938855546974e-04	-1.693378e-01
6.604352918046975e-04	-1.722688e-01
6.653181043046975e-04	-1.779984e-01
6.750837293046975e-04	-1.889290e-01
6.848493543046974e-04	-1.991751e-01
6.946149793046974e-04	-2.087545e-01
7.043806043046974e-04	-2.176861e-01
7.141462293046974e-04	-2.259845e-01
7.239118543046974e-04	-2.336667e-01
7.336774793046975e-04	-2.407439e-01
7.434431043046975e-04	-2.472304e-01
7.532087293046975e-04	-2.531348e-01
7.629743543046975e-04	-2.584684e-01
7.727399793046975e-04	-2.632367e-01
7.825056043046975e-04	-2.674477e-01
7.922712293046975e-04	-2.711032e-01
8.020368543046975e-04	-2.742066e-01
8.118024793046974e-04	-2.767548e-01
8.215681043046974e-04	-2.787442e-01
8.313337293046974e-04	-2.801635e-01
8.410993543046974e-04	-2.809983e-01
8.508649793046975e-04	-2.812224e-01
8.606306043046975e-04	-2.808012e-01
8.703962293046975e-04	-2.796803e-01
8.801618543046975e-04	-2.777844e-01
8.899274793046975e-04	-2.750015e-01
8.996931043046975e-04	-2.711760e-01
9.094587293046975e-04	-2.660939e-01
9.192243543046975e-04	-2.595010e-01
9.289899793046975e-04	-2.511649e-01
9.387556043046974e-04	-2.409961e-01
9.485212293046974e-04	-2.290949e-01
9.582868543046974e-04	-2.156712e-01
9.680524793046974e-04	-2.009168e-01
9.778181043046976e-04	-1.849817e-01
9.875837293046976e-04	-1.679877e-01
9.888044324296975e-04	-1.657863e-01
9.912458386796975e-04	-1.613543e-01
9.918561902421974e-04	-1.602356e-01
9.930768933671976e-04	-1.579908e-01
9.955182996171975e-04	-1.534569e-01
9.961286511796974e-04	-1.523106e-01
9.973493543046974e-04	-1.500112e-01
9.997907605546975e-04	-1.453724e-01
1.001336479839102e-03	-1.424078e-01
1.003397438884974e-03	-1.384256e-01
1.007519356976718e-03	-1.303569e-01
1.012798311512886e-03	-1.198304e-01
1.022563936512886e-03	-9.984294e-02
1.032329561512886e-03	-7.927929e-02
1.042095186512886e-03	-5.827755e-02
1.051860811512886e-03	-3.702208e-02
1.061626436512886e-03	-1.578210e-02
1.071392061512886e-03	5.077145e-03
1.081157686512886e-03	2.517464e-02
1.090923311512886e-03	4.426390e-02
1.100688936512886e-03	6.228539e-02
1.110454561512886e-03	7.929703e-02
1.120220186512886e-03	9.533305e-02
1.129985811512886e-03	1.104594e-01
1.139751436512886e-03	1.247369e-01
1.149517061512886e-03	1.381911e-01
1.159282686512886e-03	1.508650e-01
1.169048311512886e-03	1.627790e-01
1.178813936512886e-03	1.739631e-01
1.188579561512886e-03	1.844354e-01
1.198345186512886e-03	1.942185e-01
1.208110811512886e-03	2.033278e-01
1.217876436512886e-03	2.117828e-01
1.227642061512886e-03	2.195958e-01
1.237407686512886e-03	2.267829e-01
1.247173311512886e-03	2.333537e-01
1.256938936512886e-03	2.393207e-01
1.266704561512886e-03	2.446904e-01
1.276470186512886e-03	2.494715e-01
1.286235811512886e-03	2.536665e-01
1.296001436512886e-03	2.572789e-01
1.305767061512886e-03	2.603057e-01
1.315532686512886e-03	2.627430e-01
1.325298311512886e-03	2.645786e-01
1.335063936512886e-03	2.657962e-01
1.344829561512886e-03	2.663678e-01
1.354595186512886e-03	2.662542e-01
1.364360811512886e-03	2.653963e-01
1.374126436512886e-03	2.637103e-01
1.383892061512886e-03	2.610748e-01
1.393657686512886e-03	2.573223e-01
1.403423311512886e-03	2.522328e-01
1.413188936512886e-03	2.455632e-01
1.422954561512886e-03	2.371253e-01
1.432720186512886e-03	2.268878e-01
1.442485811512886e-03	2.149805e-01
1.452251436512886e-03	2.015969e-01
1.462017061512886e-03	1.869045e-01
1.471782686512886e-03	1.710350e-01
1.481548311512886e-03	1.540995e-01
1.491313936512886e-03	1.361966e-01
1.492534639637886e-03	1.338883e-01
1.494976045887886e-03	1.292458e-01
1.499858858387886e-03	1.198034e-01
1.501079561512886e-03	1.174035e-01
1.503520967762886e-03	1.125825e-01
1.508403780262886e-03	1.028042e-01
1.518169405262886e-03	8.274490e-02
1.527935030262886e-03	6.211118e-02
1.537700655262886e-03	4.105651e-02
1.547466280262886e-03	1.980170e-02
1.557231905262886e-03	-1.326215e-03
1.566997530262886e-03	-2.191515e-02
1.576763155262886e-03	-4.160672e-02
1.586528780262886e-03	-6.024000e-02
1.596294405262886e-03	-7.782010e-02
1.606060030262886e-03	-9.442551e-02
1.615825655262886e-03	-1.100964e-01
1.625591280262886e-03	-1.248952e-01
1.635356905262886e-03	-1.388764e-01
1.645122530262886e-03	-1.520677e-01
1.654888155262886e-03	-1.644976e-01
1.656108858387886e-03	-1.659874e-01
1.658550264637886e-03	-1.689502e-01
1.663433077137886e-03	-1.747411e-01
1.673198702137886e-03	-1.857933e-01
1.682964327137886e-03	-1.961576e-01
1.692729952137886e-03	-2.058533e-01
1.702495577137886e-03	-2.148985e-01
1.712261202137886e-03	-2.233086e-01
1.722026827137886e-03	-2.311000e-01
1.731792452137886e-03	-2.382848e-01
1.741558077137886e-03	-2.448766e-01
1.751323702137886e-03	-2.508848e-01
1.761089327137886e-03	-2.563202e-01
1.770854952137886e-03	-2.611891e-01
1.780620577137886e-03	-2.654990e-01
1.790386202137886e-03	-2.692525e-01
1.800151827137886e-03	-2.724527e-01
1.809917452137886e-03	-2.750971e-01
1.819683077137886e-03	-2.771824e-01
1.829448702137886e-03	-2.786978e-01
1.839214327137886e-03	-2.796295e-01
1.848979952137886e-03	-2.799526e-01
1.858745577137886e-03	-2.796333e-01
1.868511202137886e-03	-2.786196e-01
1.878276827137886e-03	-2.768388e-01
1.888042452137886e-03	-2.741832e-01
1.897808077137886e-03	-2.705026e-01
1.907573702137886e-03	-2.655893e-01
1.917339327137886e-03	-2.591929e-01
1.927104952137886e-03	-2.510749e-01
1.936870577137886e-03	-2.411275e-01
1.946636202137886e-03	-2.294321e-01
1.956401827137886e-03	-2.161930e-01
1.966167452137887e-03	-2.016039e-01
1.975933077137886e-03	-1.858177e-01
1.985698702137887e-03	-1.689581e-01
1.986919405262886e-03	-1.667724e-01
1.989360811512886e-03	-1.623715e-01
1.994243624012886e-03	-1.533940e-01
1.995464327137886e-03	-1.511028e-01
1.997905733387886e-03	-1.464918e-01
1.998516084950386e-03	-1.453294e-01
1.999736788075386e-03	-1.429979e-01
2.002178194325386e-03	-1.382972e-01
2.007061006825386e-03	-1.287484e-01
2.014071415026672e-03	-1.147166e-01
2.023837040026673e-03	-9.460571e-02
2.033602665026672e-03	-7.394117e-02
2.043368290026673e-03	-5.286853e-02
2.053133915026672e-03	-3.158788e-02
2.062899540026673e-03	-1.039196e-02
2.072665165026672e-03	1.033713e-02
2.082430790026673e-03	3.023343e-02
2.092196415026672e-03	4.909297e-02
2.101962040026673e-03	6.688868e-02
2.111727665026672e-03	8.368759e-02
2.121493290026673e-03	9.952674e-02
2.131258915026673e-03	1.144697e-01
2.141024540026672e-03	1.285736e-01
2.150790165026673e-03	1.418619e-01
2.160555790026672e-03	1.543802e-01
2.170321415026673e-03	1.661424e-01
2.180087040026672e-03	1.771853e-01
2.189852665026673e-03	1.875171e-01
2.199618290026672e-03	1.971699e-01
2.209383915026673e-03	2.061508e-01
2.219149540026672e-03	2.144851e-01
2.228915165026673e-03	2.221794e-01
2.238680790026672e-03	2.292547e-01
2.248446415026673e-03	2.357152e-01
2.258212040026672e-03	2.415784e-01
2.267977665026673e-03	2.468454e-01
2.277743290026672e-03	2.515296e-01
2.287508915026673e-03	2.556285e-01
2.297274540026672e-03	2.591501e-01
2.307040165026673e-03	2.620864e-01
2.316805790026672e-03	2.644377e-01
2.326571415026673e-03	2.661872e-01
2.336337040026672e-03	2.673223e-01
2.346102665026673e-03	2.678101e-01
2.355868290026672e-03	2.676150e-01
2.365633915026673e-03	2.666725e-01
2.375399540026673e-03	2.649014e-01
2.385165165026672e-03	2.621740e-01
2.394930790026673e-03	2.583237e-01
2.404696415026672e-03	2.531237e-01
2.414462040026673e-03	2.463335e-01
2.424227665026672e-03	2.377651e-01
2.433993290026673e-03	2.273993e-01
2.443758915026672e-03	2.153697e-01
2.453524540026673e-03	2.018749e-01
2.463290165026672e-03	1.870788e-01
2.473055790026673e-03	1.711157e-01
2.482821415026672e-03	1.540932e-01
2.492587040026673e-03	1.361132e-01
2.493807743151672e-03	1.337956e-01
2.496249149401672e-03	1.291354e-01
2.496859500964173e-03	1.279608e-01
2.498080204089172e-03	1.256053e-01
2.500521610339172e-03	1.208497e-01
2.505404422839173e-03	1.112029e-01
2.510940872290206e-03	1.000421e-01
2.520706497290206e-03	7.985201e-02
2.530472122290206e-03	5.911381e-02
2.540237747290206e-03	3.799585e-02
2.550003372290206e-03	1.672980e-02
2.551224075415206e-03	1.407475e-02
2.553665481665206e-03	8.776031e-03
2.558548294165206e-03	-1.739663e-03
2.559768997290206e-03	-4.348435e-03
2.562210403540206e-03	-9.541014e-03
2.567093216040206e-03	-1.977536e-02
2.576858841040206e-03	-3.953641e-02
2.586624466040206e-03	-5.824497e-02
2.596390091040206e-03	-7.589649e-02
2.606155716040206e-03	-9.256813e-02
2.615921341040206e-03	-1.082992e-01
2.625686966040206e-03	-1.231535e-01
2.635452591040206e-03	-1.371859e-01
2.645218216040206e-03	-1.504252e-01
2.646438919165206e-03	-1.520205e-01
2.648880325415206e-03	-1.551873e-01
2.653763137915206e-03	-1.613794e-01
2.654983841040206e-03	-1.628929e-01
2.657425247290206e-03	-1.658839e-01
2.658035598852706e-03	-1.666270e-01
2.659256301977706e-03	-1.681029e-01
2.661697708227706e-03	-1.710194e-01
2.666580520727706e-03	-1.767196e-01
2.676346145727706e-03	-1.875928e-01
2.686111770727706e-03	-1.977821e-01
2.695877395727706e-03	-2.073053e-01
2.705643020727706e-03	-2.161815e-01
2.715408645727706e-03	-2.244249e-01
2.725174270727706e-03	-2.320514e-01
2.734939895727706e-03	-2.390732e-01
2.744705520727706e-03	-2.455032e-01
2.754471145727706e-03	-2.513506e-01
2.764236770727706e-03	-2.566254e-01
2.774002395727706e-03	-2.613337e-01
2.783768020727706e-03	-2.654822e-01
2.793533645727706e-03	-2.690728e-01
2.803299270727706e-03	-2.721075e-01
2.813064895727706e-03	-2.745829e-01
2.822830520727706e-03	-2.764937e-01
2.832596145727706e-03	-2.778274e-01
2.842361770727706e-03	-2.785669e-01
2.852127395727706e-03	-2.786835e-01
2.861893020727706e-03	-2.781379e-01
2.871658645727706e-03	-2.768698e-01
2.881424270727706e-03	-2.747951e-01
2.891189895727706e-03	-2.717901e-01
2.900955520727706e-03	-2.676837e-01
2.910721145727706e-03	-2.622481e-01
2.920486770727706e-03	-2.552285e-01
2.930252395727706e-03	-2.464243e-01
2.940018020727706e-03	-2.358042e-01
2.949783645727706e-03	-2.235105e-01
2.959549270727706e-03	-2.097532e-01
2.969314895727706e-03	-1.947095e-01
2.979080520727706e-03	-1.785180e-01
2.988846145727706e-03	-1.612925e-01
2.990066848852706e-03	-1.590639e-01
2.992508255102706e-03	-1.545774e-01
2.993118606665206e-03	-1.534441e-01
2.994339309790206e-03	-1.511677e-01
2.996780716040206e-03	-1.465727e-01
2.997280158701065e-03	-1.456245e-01
2.998279044022781e-03	-1.437241e-01
3.000276814666215e-03	-1.398989e-01
3.004272355953081e-03	-1.321472e-01
3.010844887422864e-03	-1.191192e-01
3.017613129129083e-03	-1.053704e-01
3.027378754129083e-03	-8.501668e-02
3.037144379129083e-03	-6.416260e-02
3.046910004129083e-03	-4.297457e-02
3.056675629129083e-03	-2.168853e-02
3.066441254129083e-03	-6.438491e-04
3.076206879129083e-03	1.976404e-02
3.085972504129083e-03	3.922411e-02
3.095738129129083e-03	5.761907e-02
3.105503754129082e-03	7.496849e-02
3.115269379129083e-03	9.133659e-02
3.125035004129082e-03	1.067924e-01
3.134800629129083e-03	1.213735e-01
3.144566254129082e-03	1.351225e-01
3.154331879129083e-03	1.480799e-01
3.164097504129082e-03	1.602761e-01
3.173863129129083e-03	1.717307e-01
3.183628754129083e-03	1.824746e-01
3.193394379129083e-03	1.925196e-01
3.203160004129083e-03	2.018925e-01
3.212925629129083e-03	2.106033e-01
3.222691254129083e-03	2.186748e-01
3.232456879129083e-03	2.261139e-01
3.242222504129083e-03	2.329404e-01
3.251988129129083e-03	2.391584e-01
3.261753754129083e-03	2.447842e-01
3.271519379129083e-03	2.498188e-01
3.281285004129083e-03	2.542744e-01
3.291050629129083e-03	2.581480e-01
3.300816254129083e-03	2.614464e-01
3.310581879129083e-03	2.641606e-01
3.320347504129083e-03	2.662893e-01
3.330113129129083e-03	2.678136e-01
3.339878754129083e-03	2.687188e-01
3.349644379129083e-03	2.689680e-01
3.359410004129083e-03	2.685211e-01
3.369175629129082e-03	2.673063e-01
3.378941254129083e-03	2.652328e-01
3.388706879129082e-03	2.621592e-01
3.398472504129083e-03	2.579030e-01
3.408238129129082e-03	2.522245e-01
3.418003754129083e-03	2.448891e-01
3.427769379129083e-03	2.357467e-01
3.437535004129083e-03	2.248333e-01
3.447300629129083e-03	2.123121e-01
3.457066254129083e-03	1.983804e-01
3.466831879129083e-03	1.831912e-01
3.476597504129083e-03	1.668722e-01
3.486363129129083e-03	1.495262e-01
3.496128754129083e-03	1.312553e-01
3.497349457254083e-03	1.289045e-01
3.499790863504082e-03	1.241773e-01
3.504673676004083e-03	1.145661e-01
3.511189275092764e-03	1.014681e-01
3.518005634437609e-03	8.743754e-02
3.527771259437608e-03	6.686273e-02
3.537536884437609e-03	4.583915e-02
3.547302509437608e-03	2.458971e-02
3.557068134437609e-03	3.406052e-03
3.558288837562608e-03	7.827277e-04
3.558594013343859e-03	1.272006e-04
3.559204364906358e-03	-1.182450e-03
3.559356952796984e-03	-1.509292e-03
3.559662128578233e-03	-2.162592e-03
3.560272480140733e-03	-3.467351e-03
3.560425068031359e-03	-3.793418e-03
3.560730243812608e-03	-4.444862e-03
3.561340595375109e-03	-5.744743e-03
3.562561298500108e-03	-8.336753e-03
3.565002704750108e-03	-1.348607e-02
3.568787705890036e-03	-2.136746e-02
3.576357708169892e-03	-3.669581e-02
3.586123333169892e-03	-5.553066e-02
3.595888958169892e-03	-7.330231e-02
3.605654583169892e-03	-9.008664e-02
3.615420208169892e-03	-1.059211e-01
3.625185833169892e-03	-1.208717e-01
3.634951458169892e-03	-1.349948e-01
3.644717083169892e-03	-1.483198e-01
3.654482708169892e-03	-1.608803e-01
3.655703411294892e-03	-1.623913e-01
3.658144817544892e-03	-1.653796e-01
3.658755169107392e-03	-1.661217e-01
3.659975872232392e-03	-1.675959e-01
3.662417278482392e-03	-1.705091e-01
3.667300090982392e-03	-1.762023e-01
3.677065715982392e-03	-1.870611e-01
3.686831340982392e-03	-1.972350e-01
3.696596965982392e-03	-2.067420e-01
3.706362590982392e-03	-2.156010e-01
3.716128215982392e-03	-2.238262e-01
3.725893840982392e-03	-2.314336e-01
3.735659465982392e-03	-2.384352e-01
3.745425090982392e-03	-2.448439e-01
3.755190715982392e-03	-2.506689e-01
3.764956340982392e-03	-2.559200e-01
3.774721965982392e-03	-2.606033e-01
3.784487590982392e-03	-2.647251e-01
3.794253215982392e-03	-2.682874e-01
3.804018840982392e-03	-2.712916e-01
3.813784465982392e-03	-2.737341e-01
3.823550090982392e-03	-2.756089e-01
3.833315715982392e-03	-2.769029e-01
3.843081340982392e-03	-2.775978e-01
3.852846965982392e-03	-2.776637e-01
3.862612590982392e-03	-2.770590e-01
3.872378215982392e-03	-2.757207e-01
3.882143840982392e-03	-2.735603e-01
3.891909465982392e-03	-2.704484e-01
3.901675090982392e-03	-2.662069e-01
3.911440715982392e-03	-2.606024e-01
3.921206340982392e-03	-2.533819e-01
3.930971965982392e-03	-2.443628e-01
3.940737590982392e-03	-2.335399e-01
3.950503215982392e-03	-2.210708e-01
3.960268840982393e-03	-2.071633e-01
3.970034465982392e-03	-1.919883e-01
3.979800090982392e-03	-1.756796e-01
3.989565715982392e-03	-1.583480e-01
3.990786419107393e-03	-1.561068e-01
3.993227825357392e-03	-1.515921e-01
3.993838176919892e-03	-1.504502e-01
3.995058880044892e-03	-1.481607e-01
3.995364055826142e-03	-1.475860e-01
3.995974407388642e-03	-1.464340e-01
3.997195110513642e-03	-1.441210e-01
3.999636516763642e-03	-1.394573e-01
4.002619337317831e-03	-1.336901e-01
4.008584978426211e-03	-1.219395e-01
4.014916973957275e-03	-1.091717e-01
4.024682598957275e-03	-8.895606e-02
4.034448223957275e-03	-6.820659e-02
4.044213848957275e-03	-4.707889e-02
4.053979473957275e-03	-2.579006e-02
4.063745098957275e-03	-4.658345e-03
4.073510723957275e-03	1.592220e-02
4.083276348957275e-03	3.560681e-02
4.093041973957275e-03	5.423607e-02
4.102807598957274e-03	7.180923e-02
4.112573223957275e-03	8.838715e-02
4.122338848957275e-03	1.040337e-01
4.132104473957275e-03	1.188083e-01
4.141870098957274e-03	1.327438e-01
4.151635723957275e-03	1.458733e-01
4.161401348957275e-03	1.582406e-01
4.171166973957275e-03	1.698604e-01
4.180932598957274e-03	1.807671e-01
4.190698223957275e-03	1.909699e-01
4.200463848957275e-03	2.004994e-01
4.210229473957275e-03	2.093633e-01
4.219995098957274e-03	2.175859e-01
4.229760723957275e-03	2.251740e-01
4.239526348957275e-03	2.321481e-01
4.249291973957275e-03	2.385124e-01
4.259057598957275e-03	2.442840e-01
4.268823223957275e-03	2.494640e-01
4.278588848957275e-03	2.540657e-01
4.288354473957275e-03	2.580863e-01
4.298120098957275e-03	2.615339e-01
4.307885723957275e-03	2.644004e-01
4.317651348957275e-03	2.666861e-01
4.327416973957275e-03	2.683743e-01
4.337182598957275e-03	2.694527e-01
4.346948223957274e-03	2.698885e-01
4.356713848957275e-03	2.696467e-01
4.366479473957275e-03	2.686632e-01
4.376245098957275e-03	2.668581e-01
4.386010723957274e-03	2.641045e-01
4.395776348957275e-03	2.602372e-01
4.405541973957275e-03	2.550293e-01
4.415307598957275e-03	2.482381e-01
4.425073223957274e-03	2.396693e-01
4.434838848957275e-03	2.292973e-01
4.444604473957275e-03	2.172532e-01
4.454370098957275e-03	2.037388e-01
4.464135723957274e-03	1.889208e-01
4.473901348957275e-03	1.729361e-01
4.483666973957275e-03	1.558932e-01
4.493432598957275e-03	1.378952e-01
4.494653302082274e-03	1.355755e-01
4.497094708332275e-03	1.309108e-01
4.497705059894775e-03	1.297353e-01
4.498925763019775e-03	1.273780e-01
4.499230938801025e-03	1.267862e-01
4.499841290363525e-03	1.256010e-01
4.501061993488525e-03	1.232173e-01
4.503503399738525e-03	1.184186e-01
4.508386212238525e-03	1.086829e-01
4.513702143261731e-03	9.788385e-02
4.523467768261732e-03	7.756685e-02
4.533233393261732e-03	5.673481e-02
4.542999018261731e-03	3.556063e-02
4.552764643261731e-03	1.429665e-02
4.553985346386732e-03	1.164620e-02
4.556426752636731e-03	6.360369e-03
4.561309565136731e-03	-4.114662e-03
4.562530268261731e-03	-6.710113e-03
4.564971674511731e-03	-1.187367e-02
4.569854487011731e-03	-2.203854e-02
4.579620112011731e-03	-4.163271e-02
4.589385737011732e-03	-6.016427e-02
4.599151362011731e-03	-7.766718e-02
4.608916987011731e-03	-9.416775e-02
4.618682612011731e-03	-1.097399e-01
4.628448237011732e-03	-1.244543e-01
4.638213862011731e-03	-1.383433e-01
4.647979487011731e-03	-1.514487e-01
4.649200190136731e-03	-1.530261e-01
4.651641596386731e-03	-1.561586e-01
4.656524408886731e-03	-1.622832e-01
4.657745112011731e-03	-1.637761e-01
4.658050287792982e-03	-1.641472e-01
4.658660639355481e-03	-1.648903e-01
4.659881342480482e-03	-1.663695e-01
4.662322748730481e-03	-1.692925e-01
4.667205561230481e-03	-1.750049e-01
4.676971186230482e-03	-1.859003e-01
4.686736811230482e-03	-1.961088e-01
4.696502436230481e-03	-2.056486e-01
4.706268061230481e-03	-2.145377e-01
4.716033686230481e-03	-2.227917e-01
4.725799311230482e-03	-2.304263e-01
4.735564936230481e-03	-2.374529e-01
4.745330561230481e-03	-2.438854e-01
4.755096186230481e-03	-2.497322e-01
4.764861811230482e-03	-2.550039e-01
4.774627436230481e-03	-2.597059e-01
4.784393061230481e-03	-2.638451e-01
4.794158686230481e-03	-2.674229e-01
4.803924311230482e-03	-2.704414e-01
4.813689936230481e-03	-2.728960e-01
4.823455561230481e-03	-2.747815e-01
4.833221186230481e-03	-2.760837e-01
4.842986811230482e-03	-2.767850e-01
4.852752436230482e-03	-2.768541e-01
4.862518061230481e-03	-2.762496e-01
4.872283686230481e-03	-2.749071e-01
4.882049311230482e-03	-2.727373e-01
4.891814936230482e-03	-2.696088e-01
4.901580561230481e-03	-2.653421e-01
4.911346186230481e-03	-2.597021e-01
4.921111811230482e-03	-2.524378e-01
4.930877436230482e-03	-2.433720e-01
4.940643061230481e-03	-2.325076e-01
4.950408686230481e-03	-2.200050e-01
4.960174311230481e-03	-2.060707e-01
4.969939936230482e-03	-1.908733e-01
4.979705561230481e-03	-1.745449e-01
4.989471186230481e-03	-1.571956e-01
4.990691889355481e-03	-1.549521e-01
4.990997065136732e-03	-1.543902e-01
4.991607416699231e-03	-1.532640e-01
4.992828119824232e-03	-1.509982e-01
4.995269526074231e-03	-1.464227e-01
4.995793439562386e-03	-1.454323e-01
4.996841266538694e-03	-1.434465e-01
4.998936920491310e-03	-1.394478e-01
5.002780378595291e-03	-1.320165e-01
5.009014289524636e-03	-1.197091e-01
5.015452905065674e-03	-1.066905e-01
5.025218530065674e-03	-8.642408e-02
5.034984155065674e-03	-6.563462e-02
5.044749780065674e-03	-4.448273e-02
5.054515405065674e-03	-2.319449e-02
5.064281030065674e-03	-2.099671e-03
5.074046655065674e-03	1.840416e-02
5.083812280065674e-03	3.798582e-02
5.093577905065674e-03	5.650624e-02
5.103343530065674e-03	7.397551e-02
5.113109155065674e-03	9.045687e-02
5.122874780065674e-03	1.060212e-01
5.132640405065674e-03	1.207068e-01
5.142406030065674e-03	1.345573e-01
5.152171655065674e-03	1.476146e-01
5.161937280065674e-03	1.599094e-01
5.171702905065674e-03	1.714612e-01
5.181468530065674e-03	1.823018e-01
5.191234155065674e-03	1.924429e-01
5.200999780065674e-03	2.019117e-01
5.210765405065674e-03	2.107181e-01
5.220531030065674e-03	2.188855e-01
5.230296655065674e-03	2.264207e-01
5.240062280065674e-03	2.333440e-01
5.249827905065674e-03	2.396595e-01
5.259593530065674e-03	2.453842e-01
5.269359155065674e-03	2.505192e-01
5.279124780065674e-03	2.550775e-01
5.288890405065674e-03	2.590563e-01
5.298656030065674e-03	2.624637e-01
5.308421655065674e-03	2.652914e-01
5.318187280065674e-03	2.675398e-01
5.327952905065674e-03	2.691916e-01
5.337718530065674e-03	2.702349e-01
5.347484155065674e-03	2.706364e-01
5.357249780065674e-03	2.703612e-01
5.367015405065674e-03	2.693446e-01
5.376781030065674e-03	2.675066e-01
5.386546655065674e-03	2.647193e-01
5.396312280065674e-03	2.608171e-01
5.406077905065674e-03	2.555717e-01
5.415843530065674e-03	2.487402e-01
5.425609155065674e-03	2.401283e-01
5.435374780065674e-03	2.297128e-01
5.445140405065674e-03	2.176265e-01
5.454906030065674e-03	2.040727e-01
5.464671655065674e-03	1.892179e-01
5.474437280065674e-03	1.731995e-01
5.484202905065674e-03	1.561256e-01
5.493968530065674e-03	1.381001e-01
5.495189233190674e-03	1.357770e-01
5.497630639440674e-03	1.311060e-01
5.498240991003174e-03	1.299289e-01
5.499461694128174e-03	1.275686e-01
5.499766869909424e-03	1.269761e-01
5.500377221471924e-03	1.257894e-01
5.501597924596924e-03	1.234028e-01
5.504039330846924e-03	1.185982e-01
5.508922143346924e-03	1.088518e-01
5.514201760060599e-03	9.811647e-02
5.523967385060599e-03	7.778516e-02
5.533733010060599e-03	5.694256e-02
5.543498635060599e-03	3.576237e-02
5.553264260060599e-03	1.449723e-02
5.563029885060599e-03	-6.491296e-03
5.572795510060599e-03	-2.679642e-02
5.582561135060599e-03	-4.612284e-02
5.592326760060599e-03	-6.438038e-02
5.602092385060599e-03	-8.162086e-02
5.611858010060599e-03	-9.787832e-02
5.621623635060599e-03	-1.132225e-01
5.631389260060599e-03	-1.277201e-01
5.641154885060599e-03	-1.413980e-01
5.650920510060599e-03	-1.543026e-01
5.660686135060599e-03	-1.664390e-01
5.661906838185599e-03	-1.678949e-01
5.664348244435599e-03	-1.707877e-01
5.669231056935599e-03	-1.764387e-01
5.678996681935599e-03	-1.872149e-01
5.688762306935599e-03	-1.973058e-01
5.698527931935599e-03	-2.067310e-01
5.708293556935599e-03	-2.155071e-01
5.718059181935599e-03	-2.236500e-01
5.727824806935599e-03	-2.311745e-01
5.737590431935599e-03	-2.380931e-01
5.747356056935599e-03	-2.444178e-01
5.757121681935599e-03	-2.501582e-01
5.766887306935599e-03	-2.553232e-01
5.776652931935599e-03	-2.599191e-01
5.786418556935599e-03	-2.639513e-01
5.796184181935599e-03	-2.674215e-01
5.805949806935599e-03	-2.703303e-01
5.815715431935599e-03	-2.726730e-01
5.825481056935599e-03	-2.744426e-01
5.835246681935599e-03	-2.756241e-01
5.845012306935599e-03	-2.761967e-01
5.854777931935599e-03	-2.761275e-01
5.864543556935599e-03	-2.753697e-01
5.874309181935599e-03	-2.738539e-01
5.884074806935599e-03	-2.714816e-01
5.893840431935599e-03	-2.681105e-01
5.903606056935599e-03	-2.635473e-01
5.913371681935599e-03	-2.575478e-01
5.923137306935599e-03	-2.498694e-01
5.932902931935599e-03	-2.403725e-01
5.942668556935599e-03	-2.291068e-01
5.952434181935599e-03	-2.162542e-01
5.962199806935599e-03	-2.020146e-01
5.971965431935599e-03	-1.865462e-01
5.981731056935599e-03	-1.699742e-01
5.982951760060599e-03	-1.678222e-01
5.985393166310599e-03	-1.634880e-01
5.990275978810599e-03	-1.546407e-01
5.991496681935599e-03	-1.523834e-01
5.991801857716849e-03	-1.518169e-01
5.992412209279349e-03	-1.506833e-01
5.993632912404349e-03	-1.484052e-01
5.996074318654349e-03	-1.438060e-01
5.996684670216849e-03	-1.426468e-01
5.997905373341849e-03	-1.403216e-01
6.000346779591849e-03	-1.356325e-01
6.005229592091849e-03	-1.261052e-01
6.010922389492729e-03	-1.147598e-01
6.020688014492730e-03	-9.476359e-02
6.030453639492729e-03	-7.418682e-02
6.040219264492729e-03	-5.317120e-02
6.049984889492729e-03	-3.190931e-02
6.059750514492730e-03	-1.068591e-02
6.069516139492729e-03	1.011850e-02
6.079281764492729e-03	3.012240e-02
6.089047389492729e-03	4.909981e-02
6.098813014492730e-03	6.701038e-02
6.108578639492730e-03	8.390465e-02
6.118344264492729e-03	9.985843e-02
6.128109889492729e-03	1.149110e-01
6.137875514492730e-03	1.291145e-01
6.147641139492730e-03	1.425084e-01
6.157406764492729e-03	1.551279e-01
6.167172389492729e-03	1.669966e-01
6.176938014492730e-03	1.781434e-01
6.186703639492730e-03	1.885837e-01
6.196469264492729e-03	1.983438e-01
6.206234889492729e-03	2.074364e-01
6.216000514492730e-03	2.158822e-01
6.225766139492730e-03	2.236923e-01
6.235531764492729e-03	2.308844e-01
6.245297389492729e-03	2.374661e-01
6.255063014492729e-03	2.434525e-01
6.264828639492730e-03	2.488481e-01
6.274594264492729e-03	2.536643e-01
6.284359889492729e-03	2.579018e-01
6.294125514492729e-03	2.615678e-01
6.303891139492730e-03	2.646575e-01
6.313656764492729e-03	2.671718e-01
6.323422389492729e-03	2.690977e-01
6.333188014492729e-03	2.704254e-01
6.342953639492730e-03	2.711281e-01
6.352719264492730e-03	2.711767e-01
6.362484889492729e-03	2.705179e-01
6.372250514492729e-03	2.690845e-01
6.382016139492730e-03	2.667699e-01
6.391781764492730e-03	2.634324e-01
6.401547389492729e-03	2.588702e-01
6.411313014492729e-03	2.528443e-01
6.421078639492730e-03	2.451179e-01
6.430844264492730e-03	2.355761e-01
6.440609889492729e-03	2.242799e-01
6.450375514492729e-03	2.114160e-01
6.460141139492730e-03	1.971715e-01
6.469906764492730e-03	1.817020e-01
6.479672389492729e-03	1.651245e-01
6.489438014492729e-03	1.475477e-01
6.490658717617730e-03	1.452771e-01
6.493100123867729e-03	1.407090e-01
6.497982936367729e-03	1.314134e-01
6.499203639492729e-03	1.290513e-01
6.501645045742729e-03	1.243005e-01
6.506527858242729e-03	1.146476e-01
6.513222768537837e-03	1.011305e-01
6.520403408866798e-03	8.628472e-02
6.530169033866798e-03	6.562653e-02
6.539934658866799e-03	4.454932e-02
6.549700283866798e-03	2.328219e-02
6.559465908866798e-03	2.130959e-03
6.560686611991798e-03	-4.846851e-04
6.560991787773049e-03	-1.138186e-03
6.561602139335548e-03	-2.443672e-03
6.562822842460549e-03	-5.045098e-03
6.563128018241798e-03	-5.693591e-03
6.563738369804299e-03	-6.990575e-03
6.563890957694924e-03	-7.313396e-03
6.564196133476173e-03	-7.958706e-03
6.564806485038674e-03	-9.248532e-03
6.566027188163673e-03	-1.181998e-02
6.567852032509857e-03	-1.564017e-02
6.571501721202224e-03	-2.318779e-02
6.576843852525581e-03	-3.399037e-02
6.586609477525581e-03	-5.290995e-02
6.596375102525582e-03	-7.076328e-02
6.606140727525581e-03	-8.762409e-02
6.615906352525581e-03	-1.035270e-01
6.625671977525581e-03	-1.185402e-01
6.635437602525582e-03	-1.327202e-01
6.645203227525581e-03	-1.460977e-01
6.654968852525581e-03	-1.587064e-01
6.656189555650581e-03	-1.602239e-01
6.656494731431832e-03	-1.606025e-01
6.657105082994331e-03	-1.613581e-01
6.658325786119332e-03	-1.628584e-01
6.660767192369331e-03	-1.658165e-01
6.661377543931831e-03	-1.665521e-01
6.662598247056831e-03	-1.680122e-01
6.665039653306832e-03	-1.708964e-01
6.669922465806831e-03	-1.765326e-01
6.679688090806831e-03	-1.872773e-01
6.689453715806831e-03	-1.973381e-01
6.699219340806831e-03	-2.067324e-01
6.708984965806832e-03	-2.154786e-01
6.718750590806831e-03	-2.235908e-01
6.728516215806831e-03	-2.310852e-01
6.738281840806831e-03	-2.379729e-01
6.748047465806832e-03	-2.442672e-01
6.757813090806831e-03	-2.499762e-01
6.767578715806831e-03	-2.551101e-01
6.777344340806831e-03	-2.596736e-01
6.787109965806832e-03	-2.636733e-01
6.796875590806831e-03	-2.671096e-01
6.806641215806831e-03	-2.699837e-01
6.816406840806831e-03	-2.722898e-01
6.826172465806832e-03	-2.740209e-01
6.835938090806831e-03	-2.751609e-01
6.845703715806831e-03	-2.756888e-01
6.855469340806831e-03	-2.755694e-01
6.865234965806832e-03	-2.747551e-01
6.875000590806831e-03	-2.731731e-01
6.884766215806831e-03	-2.707217e-01
6.894531840806831e-03	-2.672534e-01
6.904297465806831e-03	-2.625696e-01
6.914063090806831e-03	-2.564232e-01
6.923828715806831e-03	-2.485776e-01
6.933594340806831e-03	-2.389103e-01
6.943359965806831e-03	-2.274895e-01
6.953125590806832e-03	-2.145031e-01
6.962891215806831e-03	-2.001473e-01
6.972656840806831e-03	-1.845756e-01
6.982422465806831e-03	-1.679108e-01
6.983643168931832e-03	-1.657479e-01
6.986084575181831e-03	-1.613920e-01
6.990967387681831e-03	-1.525009e-01
6.992188090806832e-03	-1.502305e-01
6.994629497056831e-03	-1.456602e-01
6.995239848619331e-03	-1.445077e-01
6.996460551744331e-03	-1.421958e-01
6.998901957994332e-03	-1.375334e-01
7.003784770494331e-03	-1.280570e-01
7.010938722444047e-03	-1.138300e-01
7.020704347444047e-03	-9.381975e-02
7.030469972444046e-03	-7.323153e-02
7.040235597444046e-03	-5.220752e-02
7.050001222444046e-03	-3.094323e-02
7.059766847444047e-03	-9.726887e-03
7.069532472444046e-03	1.105783e-02
7.079298097444046e-03	3.103155e-02
7.089063722444046e-03	4.997457e-02
7.098829347444047e-03	6.785160e-02
7.108594972444046e-03	8.471468e-02
7.118360597444046e-03	1.006304e-01
7.128126222444046e-03	1.156619e-01
7.137891847444047e-03	1.298441e-01
7.147657472444047e-03	1.432127e-01
7.157423097444046e-03	1.558125e-01
7.167188722444046e-03	1.676594e-01
7.176954347444047e-03	1.787886e-01
7.186719972444047e-03	1.892100e-01
7.196485597444046e-03	1.989545e-01
7.206251222444046e-03	2.080306e-01
7.216016847444047e-03	2.164627e-01
7.225782472444047e-03	2.242585e-01
7.235548097444046e-03	2.314387e-01
7.245313722444046e-03	2.380082e-01
7.255079347444047e-03	2.439845e-01
7.264844972444047e-03	2.493698e-01
7.274610597444046e-03	2.541776e-01
7.284376222444046e-03	2.584068e-01
7.294141847444046e-03	2.620662e-01
7.303907472444047e-03	2.651497e-01
7.313673097444046e-03	2.676594e-01
7.323438722444046e-03	2.695813e-01
7.333204347444046e-03	2.709070e-01
7.342969972444047e-03	2.716088e-01
7.352735597444046e-03	2.716588e-01
7.362501222444046e-03	2.710033e-01
7.372266847444046e-03	2.695767e-01
7.382032472444047e-03	2.672725e-01
7.391798097444047e-03	2.639510e-01
7.401563722444046e-03	2.594108e-01
7.411329347444046e-03	2.534141e-01
7.421094972444047e-03	2.457212e-01
7.430860597444047e-03	2.362131e-01
7.440626222444046e-03	2.249460e-01
7.450391847444046e-03	2.121058e-01
7.460157472444047e-03	1.978809e-01
7.469923097444047e-03	1.824283e-01
7.479688722444046e-03	1.658658e-01
7.489454347444046e-03	1.483025e-01
7.490675050569047e-03	1.460335e-01
7.493116456819046e-03	1.414685e-01
7.497999269319046e-03	1.321789e-01
7.499219972444047e-03	1.298181e-01
7.501661378694046e-03	1.250713e-01
7.506544191194046e-03	1.154230e-01
7.513159177030713e-03	1.020769e-01
7.520068939611586e-03	8.780652e-02
7.529834564611587e-03	6.717493e-02
7.539600189611586e-03	4.611401e-02
7.549365814611586e-03	2.484990e-02
7.559131439611586e-03	3.678950e-03
7.560352142736587e-03	1.059187e-03
7.562793548986586e-03	-4.159781e-03
7.563403900549086e-03	-5.456342e-03
7.563556488439711e-03	-5.780657e-03
7.563861664220961e-03	-6.428861e-03
7.564472015783461e-03	-7.721816e-03
7.565692718908461e-03	-1.029893e-02
7.568134125158462e-03	-1.541577e-02
7.571639881531602e-03	-2.266762e-02
7.578651394277883e-03	-3.678868e-02
7.588417019277884e-03	-5.553976e-02
7.598182644277884e-03	-7.323034e-02
7.607948269277884e-03	-8.993657e-02
7.617713894277883e-03	-1.056963e-01
7.627479519277884e-03	-1.205738e-01
7.637245144277884e-03	-1.346242e-01
7.647010769277884e-03	-1.478764e-01
7.656776394277883e-03	-1.603637e-01
7.657997097402884e-03	-1.618652e-01
7.660438503652884e-03	-1.648346e-01
7.661048855215384e-03	-1.655725e-01
7.662269558340384e-03	-1.670375e-01
7.664710964590384e-03	-1.699322e-01
7.669593777090384e-03	-1.755884e-01
7.679359402090384e-03	-1.863723e-01
7.689125027090384e-03	-1.964704e-01
7.698890652090383e-03	-2.059001e-01
7.708656277090384e-03	-2.146808e-01
7.718421902090384e-03	-2.228260e-01
7.728187527090384e-03	-2.303519e-01
7.737953152090383e-03	-2.372701e-01
7.747718777090384e-03	-2.435934e-01
7.757484402090384e-03	-2.493305e-01
7.767250027090384e-03	-2.544912e-01
7.777015652090383e-03	-2.590809e-01
7.786781277090384e-03	-2.631055e-01
7.796546902090384e-03	-2.665661e-01
7.806312527090384e-03	-2.694633e-01
7.816078152090384e-03	-2.717921e-01
7.825843777090384e-03	-2.735450e-01
7.835609402090384e-03	-2.747063e-01
7.845375027090384e-03	-2.752549e-01
7.855140652090383e-03	-2.751559e-01
7.864906277090383e-03	-2.743617e-01
7.874671902090383e-03	-2.727998e-01
7.884437527090383e-03	-2.703688e-01
7.894203152090384e-03	-2.669219e-01
7.903968777090384e-03	-2.622609e-01
7.913734402090384e-03	-2.561395e-01
7.923500027090384e-03	-2.483208e-01
7.933265652090384e-03	-2.386816e-01
7.943031277090383e-03	-2.272881e-01
7.952796902090383e-03	-2.143273e-01
7.962562527090383e-03	-1.999952e-01
7.972328152090384e-03	-1.844452e-01
7.982093777090384e-03	-1.678002e-01
7.983314480215383e-03	-1.656397e-01
7.985755886465384e-03	-1.612884e-01
7.990638698965383e-03	-1.524062e-01
7.991859402090384e-03	-1.501379e-01
7.994300808340384e-03	-1.455718e-01
7.994911159902883e-03	-1.444202e-01
7.996131863027884e-03	-1.421104e-01
7.998573269277883e-03	-1.374519e-01
8.003456081777884e-03	-1.279829e-01
8.010656172221291e-03	-1.136728e-01
8.020421797221291e-03	-9.367100e-02
8.030187422221292e-03	-7.308914e-02
8.039953047221292e-03	-5.206928e-02
8.049718672221292e-03	-3.080670e-02
8.059484297221291e-03	-9.589507e-03
8.069249922221291e-03	1.119829e-02
8.079015547221291e-03	3.117627e-02
8.088781172221291e-03	5.012389e-02
8.098546797221291e-03	6.800539e-02
8.108312422221292e-03	8.487290e-02
8.118078047221292e-03	1.007931e-01
8.127843672221292e-03	1.158293e-01
8.137609297221291e-03	1.300165e-01
8.147374922221291e-03	1.433903e-01
8.157140547221291e-03	1.559955e-01
8.166906172221291e-03	1.678483e-01
8.176671797221291e-03	1.789836e-01
8.186437422221292e-03	1.894115e-01
8.196203047221292e-03	1.991628e-01
8.205968672221292e-03	2.082461e-01
8.215734297221292e-03	2.166858e-01
8.225499922221291e-03	2.244894e-01
8.235265547221291e-03	2.316779e-01
8.245031172221291e-03	2.382562e-01
8.254796797221291e-03	2.442417e-01
8.264562422221291e-03	2.496367e-01
8.274328047221292e-03	2.544548e-01
8.284093672221292e-03	2.586949e-01
8.293859297221292e-03	2.623659e-01
8.303624922221291e-03	2.654619e-01
8.313390547221291e-03	2.679852e-01
8.323156172221291e-03	2.699220e-01
8.332921797221291e-03	2.712641e-01
8.342687422221291e-03	2.719845e-01
8.352453047221292e-03	2.720557e-01
8.362218672221292e-03	2.714252e-01
8.371984297221292e-03	2.700285e-01
8.381749922221291e-03	2.677611e-01
8.391515547221291e-03	2.644855e-01
8.401281172221291e-03	2.600032e-01
8.411046797221291e-03	2.540775e-01
8.420812422221291e-03	2.464657e-01
8.430578047221292e-03	2.370400e-01
8.440343672221292e-03	2.258474e-01
8.450109297221292e-03	2.130713e-01
8.459874922221292e-03	1.989019e-01
8.469640547221291e-03	1.834983e-01
8.479406172221291e-03	1.669800e-01
8.489171797221291e-03	1.494565e-01
8.498937422221291e-03	1.310249e-01
8.508703047221291e-03	1.117774e-01
8.518468672221292e-03	9.182394e-02
8.528234297221292e-03	7.127809e-02
8.537999922221292e-03	5.028206e-02
8.547765547221291e-03	2.902997e-02
8.557531172221291e-03	7.814128e-03
8.558751875346292e-03	5.180453e-03
8.561193281596291e-03	-6.539984e-05
8.561803633158791e-03	-1.369663e-03
8.563024336283791e-03	-3.972992e-03
8.563329512065041e-03	-4.621852e-03
8.563939863627541e-03	-5.918130e-03
8.565160566752541e-03	-8.503900e-03
8.565198713725198e-03	-8.584445e-03
8.565275007670511e-03	-8.745355e-03
8.565427595561136e-03	-9.066950e-03
8.565732771342385e-03	-9.710391e-03
8.566343122904885e-03	-1.099534e-02
8.567563826029885e-03	-1.355595e-02
8.570005232279885e-03	-1.863710e-02
8.574713201241497e-03	-2.827049e-02
8.584129139164721e-03	-4.680931e-02
8.593894764164721e-03	-6.498413e-02
8.603660389164720e-03	-8.214673e-02
8.613426014164720e-03	-9.832997e-02
8.623191639164722e-03	-1.136042e-01
8.632957264164721e-03	-1.280328e-01
8.642722889164721e-03	-1.416468e-01
8.652488514164721e-03	-1.544846e-01
8.662254139164721e-03	-1.665518e-01
8.663474842289721e-03	-1.680001e-01
8.665916248539721e-03	-1.708768e-01
8.670799061039720e-03	-1.764952e-01
8.680564686039722e-03	-1.872066e-01
8.690330311039721e-03	-1.972328e-01
8.700095936039721e-03	-2.065934e-01
8.709861561039721e-03	-2.153047e-01
8.719627186039721e-03	-2.233826e-01
8.729392811039721e-03	-2.308415e-01
8.739158436039720e-03	-2.376942e-01
8.748924061039720e-03	-2.439520e-01
8.758689686039722e-03	-2.496247e-01
8.768455311039721e-03	-2.547207e-01
8.778220936039721e-03	-2.592462e-01
8.787986561039721e-03	-2.632059e-01
8.797752186039721e-03	-2.666014e-01
8.807517811039721e-03	-2.694322e-01
8.817283436039720e-03	-2.716932e-01
8.827049061039720e-03	-2.733757e-01
8.836814686039722e-03	-2.744637e-01
8.846580311039721e-03	-2.749340e-01
8.856345936039721e-03	-2.747504e-01
8.866111561039721e-03	-2.738620e-01
8.875877186039721e-03	-2.721931e-01
8.885642811039721e-03	-2.696364e-01
8.895408436039720e-03	-2.660382e-01
8.905174061039720e-03	-2.611924e-01
8.914939686039720e-03	-2.548496e-01
8.924705311039722e-03	-2.467823e-01
8.934470936039721e-03	-2.368930e-01
8.944236561039721e-03	-2.252706e-01
8.954002186039721e-03	-2.121129e-01
8.963767811039721e-03	-1.976084e-01
8.973533436039721e-03	-1.819031e-01
8.983299061039720e-03	-1.651187e-01
8.984519764164721e-03	-1.629416e-01
8.986961170414720e-03	-1.585579e-01
8.987571521977222e-03	-1.574508e-01
8.988792225102221e-03	-1.552294e-01
8.991233631352220e-03	-1.507389e-01
8.991843982914721e-03	-1.496032e-01
8.993064686039720e-03	-1.473254e-01
8.993369861820972e-03	-1.467537e-01
8.993980213383471e-03	-1.456076e-01
8.995200916508472e-03	-1.433063e-01
8.997642322758471e-03	-1.386653e-01
9.000705243213827e-03	-1.327695e-01
9.006831084124539e-03	-1.207465e-01
9.013390239443898e-03	-1.075524e-01
9.023155864443898e-03	-8.736825e-02
9.032921489443898e-03	-6.664095e-02
9.042687114443898e-03	-4.552625e-02
9.052452739443898e-03	-2.424238e-02
9.062218364443897e-03	-3.110847e-03
9.071983989443899e-03	1.746997e-02
9.081749614443899e-03	3.715241e-02
9.091515239443898e-03	5.577826e-02
9.101280864443898e-03	7.334864e-02
9.111046489443898e-03	8.993906e-02
9.120812114443898e-03	1.055879e-01
9.130577739443898e-03	1.203573e-01
9.140343364443897e-03	1.342974e-01
9.150108989443899e-03	1.474382e-01
9.159874614443899e-03	1.598197e-01
9.169640239443898e-03	1.714542e-01
9.179405864443898e-03	1.823804e-01
9.189171489443898e-03	1.926043e-01
9.198937114443898e-03	2.021584e-01
9.208702739443898e-03	2.110485e-01
9.218468364443897e-03	2.193018e-01
9.228233989443897e-03	2.269221e-01
9.237999614443899e-03	2.339327e-01
9.247765239443899e-03	2.403356e-01
9.257530864443898e-03	2.461501e-01
9.267296489443898e-03	2.513758e-01
9.277062114443898e-03	2.560279e-01
9.286827739443898e-03	2.601028e-01
9.296593364443898e-03	2.636104e-01
9.306358989443897e-03	2.665422e-01
9.316124614443899e-03	2.689010e-01
9.325890239443899e-03	2.706703e-01
9.335655864443898e-03	2.718413e-01
9.345421489443898e-03	2.723832e-01
9.355187114443898e-03	2.722663e-01
9.364952739443898e-03	2.714319e-01
9.374718364443898e-03	2.698096e-01
9.384483989443897e-03	2.672841e-01
9.394249614443899e-03	2.637058e-01
9.404015239443899e-03	2.588611e-01
9.413780864443898e-03	2.525072e-01
9.423546489443898e-03	2.444170e-01
9.433312114443898e-03	2.345079e-01
9.443077739443898e-03	2.228696e-01
9.452843364443898e-03	2.097027e-01
9.462608989443897e-03	1.951880e-01
9.472374614443897e-03	1.794727e-01
9.482140239443899e-03	1.626734e-01
9.491905864443899e-03	1.448953e-01
9.493126567568897e-03	1.426013e-01
9.495567973818899e-03	1.379871e-01
9.500450786318898e-03	1.286040e-01
9.501671489443898e-03	1.262200e-01
9.504112895693898e-03	1.214224e-01
9.508995708193899e-03	1.116982e-01
9.514420968252878e-03	1.006825e-01
9.524186593252878e-03	8.037809e-02
9.533952218252878e-03	5.955288e-02
9.543717843252877e-03	3.838443e-02
9.553483468252879e-03	1.710834e-02
9.563249093252879e-03	-3.915623e-03
9.573014718252879e-03	-2.428974e-02
9.574235421377877e-03	-2.676994e-02
9.576676827627879e-03	-3.169572e-02
9.581559640127878e-03	-4.134106e-02
9.591325265127877e-03	-5.981758e-02
9.601090890127879e-03	-7.726387e-02
9.610856515127879e-03	-9.371261e-02
9.620622140127879e-03	-1.092327e-01
9.630387765127878e-03	-1.238961e-01
9.640153390127878e-03	-1.377329e-01
9.649919015127878e-03	-1.507859e-01
9.659684640127878e-03	-1.630694e-01
9.660905343252878e-03	-1.645424e-01
9.663346749502878e-03	-1.674696e-01
9.668229562002879e-03	-1.731874e-01
9.677995187002878e-03	-1.840927e-01
9.687760812002878e-03	-1.943070e-01
9.697526437002878e-03	-2.038501e-01
9.707292062002878e-03	-2.127391e-01
9.717057687002878e-03	-2.209899e-01
9.726823312002877e-03	-2.286178e-01
9.736588937002879e-03	-2.356354e-01
9.746354562002879e-03	-2.420551e-01
9.756120187002879e-03	-2.478863e-01
9.765885812002878e-03	-2.531387e-01
9.775651437002878e-03	-2.578181e-01
9.785417062002878e-03	-2.619306e-01
9.795182687002878e-03	-2.654778e-01
9.804948312002877e-03	-2.684606e-01
9.814713937002879e-03	-2.708743e-01
9.824479562002879e-03	-2.727121e-01
9.834245187002879e-03	-2.739590e-01
9.844010812002878e-03	-2.745948e-01
9.853776437002878e-03	-2.745860e-01
9.863542062002878e-03	-2.738868e-01
9.873307687002878e-03	-2.724275e-01
9.883073312002878e-03	-2.701105e-01
9.892838937002879e-03	-2.667940e-01
9.902604562002879e-03	-2.622858e-01
9.912370187002879e-03	-2.563432e-01
9.922135812002878e-03	-2.487251e-01
9.931901437002878e-03	-2.392917e-01
9.941667062002878e-03	-2.280905e-01
9.951432687002878e-03	-2.153007e-01
9.961198312002878e-03	-2.011208e-01
9.970963937002877e-03	-1.857079e-01
9.980729562002879e-03	-1.691868e-01
9.990495187002879e-03	-1.516586e-01
9.991683288627519e-03	-1.494498e-01
9.994059491876799e-03	-1.450056e-01
9.994653542689119e-03	-1.438852e-01
9.995841644313759e-03	-1.416377e-01
9.998217847563039e-03	-1.371058e-01
1.000000000000000e-02	-1.336747e-01
Step Information: Rgain=9.8008K  (Step: 3/11)
0.000000000000000e+00	4.500007e-14
5.000000058430487e-08	5.857929e-10
1.000000011686097e-07	5.920677e-08
2.000000023372195e-07	2.049700e-06
4.000000046744390e-07	2.473481e-05
8.000000093488779e-07	1.410905e-04
1.600000018697756e-06	5.700555e-04
3.200000037395512e-06	1.952325e-03
6.400000074791024e-06	5.705026e-03
1.280000014958205e-05	1.460373e-02
2.256562514958205e-05	2.990109e-02
3.233125014958205e-05	4.673205e-02
4.209687514958205e-05	6.400688e-02
5.186250014958205e-05	8.010877e-02
6.162812514958205e-05	9.447201e-02
7.139375014958204e-05	1.077181e-01
8.115937514958205e-05	1.199882e-01
9.092500014958205e-05	1.315294e-01
1.006906251495820e-04	1.425198e-01
1.104562501495821e-04	1.529579e-01
1.202218751495820e-04	1.628940e-01
1.299875001495820e-04	1.723216e-01
1.397531251495821e-04	1.812731e-01
1.495187501495821e-04	1.897470e-01
1.592843751495820e-04	1.977655e-01
1.690500001495821e-04	2.053257e-01
1.788156251495821e-04	2.124452e-01
1.885812501495820e-04	2.191229e-01
1.983468751495820e-04	2.253718e-01
2.081125001495821e-04	2.311923e-01
2.178781251495820e-04	2.365939e-01
2.276437501495820e-04	2.415779e-01
2.374093751495821e-04	2.461513e-01
2.471750001495820e-04	2.503158e-01
2.569406251495820e-04	2.540761e-01
2.667062501495821e-04	2.574339e-01
2.764718751495821e-04	2.603917e-01
2.862375001495821e-04	2.629507e-01
2.960031251495820e-04	2.651111e-01
3.057687501495820e-04	2.668728e-01
3.155343751495820e-04	2.682328e-01
3.253000001495821e-04	2.691887e-01
3.350656251495821e-04	2.697330e-01
3.448312501495821e-04	2.698583e-01
3.545968751495821e-04	2.695495e-01
3.643625001495820e-04	2.687892e-01
3.741281251495820e-04	2.675479e-01
3.838937501495821e-04	2.657866e-01
3.936593751495821e-04	2.634432e-01
4.034250001495821e-04	2.604264e-01
4.131906251495821e-04	2.565871e-01
4.229562501495820e-04	2.516827e-01
4.327218751495820e-04	2.452937e-01
4.424875001495820e-04	2.367229e-01
4.522531251495821e-04	2.249627e-01
4.620187501495821e-04	2.096497e-01
4.717843751495821e-04	1.913609e-01
4.815500001495820e-04	1.708101e-01
4.913156251495820e-04	1.484592e-01
4.925363282745820e-04	1.455362e-01
4.949777345245821e-04	1.396420e-01
4.998605470245821e-04	1.275781e-01
5.010812501495820e-04	1.244957e-01
5.035226563995821e-04	1.182796e-01
5.084054688995821e-04	1.056215e-01
5.135857148286066e-04	9.187865e-02
5.233513398286066e-04	6.548446e-02
5.331169648286066e-04	3.952195e-02
5.428825898286066e-04	1.557669e-02
5.441032929536066e-04	1.276874e-02
5.465446992036065e-04	7.221280e-03
5.471550507661065e-04	5.858197e-03
5.483757538911066e-04	3.147812e-03
5.486809296723565e-04	2.475741e-03
5.492912812348565e-04	1.132927e-03
5.494438691254816e-04	7.999854e-04
5.497490449067315e-04	1.349420e-04
5.503593964692315e-04	-1.191864e-03
5.515800995942315e-04	-3.825841e-03
5.532250194846623e-04	-7.332365e-03
5.565148592655238e-04	-1.420825e-02
5.610067260038168e-04	-2.332541e-02
5.699904594804029e-04	-4.072629e-02
5.797560844804029e-04	-5.854248e-02
5.895217094804029e-04	-7.534165e-02
5.992873344804029e-04	-9.120248e-02
6.090529594804029e-04	-1.061798e-01
6.188185844804029e-04	-1.203199e-01
6.285842094804029e-04	-1.336678e-01
6.383498344804029e-04	-1.462533e-01
6.481154594804028e-04	-1.581110e-01
6.493361626054029e-04	-1.595375e-01
6.517775688554029e-04	-1.623682e-01
6.523879204179029e-04	-1.630674e-01
6.536086235429029e-04	-1.644573e-01
6.539137993241529e-04	-1.648009e-01
6.545241508866529e-04	-1.654890e-01
6.557448540116528e-04	-1.668609e-01
6.581862602616529e-04	-1.695703e-01
6.630690727616529e-04	-1.748656e-01
6.728346977616529e-04	-1.849626e-01
6.826003227616529e-04	-1.944236e-01
6.923659477616529e-04	-2.032670e-01
7.021315727616529e-04	-2.115154e-01
7.118971977616528e-04	-2.191840e-01
7.216628227616528e-04	-2.262928e-01
7.314284477616528e-04	-2.328538e-01
7.411940727616529e-04	-2.388849e-01
7.509596977616529e-04	-2.443955e-01
7.607253227616529e-04	-2.494011e-01
7.704909477616529e-04	-2.539090e-01
7.802565727616529e-04	-2.579325e-01
7.900221977616529e-04	-2.614764e-01
7.997878227616529e-04	-2.645516e-01
8.095534477616529e-04	-2.671605e-01
8.193190727616529e-04	-2.693111e-01
8.290846977616529e-04	-2.710022e-01
8.388503227616528e-04	-2.722377e-01
8.486159477616528e-04	-2.730115e-01
8.583815727616529e-04	-2.733208e-01
8.681471977616529e-04	-2.731506e-01
8.779128227616529e-04	-2.724862e-01
8.876784477616529e-04	-2.712952e-01
8.974440727616529e-04	-2.695371e-01
9.072096977616529e-04	-2.671402e-01
9.169753227616529e-04	-2.639999e-01
9.267409477616529e-04	-2.599360e-01
9.365065727616529e-04	-2.546512e-01
9.462721977616529e-04	-2.476213e-01
9.560378227616529e-04	-2.380116e-01
9.658034477616528e-04	-2.248503e-01
9.755690727616528e-04	-2.081985e-01
9.853346977616530e-04	-1.889207e-01
9.951003227616530e-04	-1.676167e-01
9.963210258866529e-04	-1.648185e-01
9.987624321366529e-04	-1.591717e-01
9.993727836991530e-04	-1.577410e-01
1.000593486824153e-03	-1.548666e-01
1.000898662605403e-03	-1.541426e-01
1.001509014167903e-03	-1.526898e-01
1.002729717292903e-03	-1.497651e-01
1.003034893074153e-03	-1.490296e-01
1.003645244636653e-03	-1.475546e-01
1.004865947761653e-03	-1.445863e-01
1.007307354011653e-03	-1.385870e-01
1.009589267109855e-03	-1.328994e-01
1.014153093306261e-03	-1.213088e-01
1.019101247603164e-03	-1.084404e-01
1.028866872603164e-03	-8.237272e-02
1.038632497603164e-03	-5.617930e-02
1.048398122603164e-03	-3.142559e-02
1.058163747603164e-03	-9.003615e-03
1.067929372603164e-03	1.150616e-02
1.077694997603164e-03	3.059883e-02
1.087460622603164e-03	4.850424e-02
1.097226247603164e-03	6.536876e-02
1.106991872603164e-03	8.127092e-02
1.116757497603164e-03	9.627803e-02
1.126523122603164e-03	1.104332e-01
1.136288747603164e-03	1.237810e-01
1.146054372603164e-03	1.363522e-01
1.155819997603164e-03	1.481782e-01
1.165585622603164e-03	1.592911e-01
1.175351247603164e-03	1.697148e-01
1.185116872603164e-03	1.794772e-01
1.194882497603164e-03	1.885971e-01
1.204648122603164e-03	1.970985e-01
1.214413747603164e-03	2.049968e-01
1.224179372603164e-03	2.123136e-01
1.233944997603164e-03	2.190611e-01
1.243710622603164e-03	2.252582e-01
1.253476247603164e-03	2.309145e-01
1.263241872603164e-03	2.360463e-01
1.273007497603164e-03	2.406608e-01
1.282773122603164e-03	2.447717e-01
1.292538747603164e-03	2.483835e-01
1.302304372603164e-03	2.515069e-01
1.312069997603164e-03	2.541434e-01
1.321835622603164e-03	2.562999e-01
1.331601247603164e-03	2.579735e-01
1.341366872603164e-03	2.591653e-01
1.351132497603164e-03	2.598659e-01
1.360898122603164e-03	2.600667e-01
1.370663747603164e-03	2.597453e-01
1.380429372603164e-03	2.588747e-01
1.390194997603164e-03	2.574051e-01
1.399960622603164e-03	2.552669e-01
1.409726247603164e-03	2.523414e-01
1.419491872603164e-03	2.484412e-01
1.429257497603164e-03	2.432395e-01
1.439023122603164e-03	2.361820e-01
1.448788747603164e-03	2.264037e-01
1.458554372603164e-03	2.130315e-01
1.468319997603164e-03	1.962656e-01
1.478085622603164e-03	1.769734e-01
1.487851247603164e-03	1.556702e-01
1.497616872603164e-03	1.326876e-01
1.498837575728164e-03	1.296926e-01
1.501278981978164e-03	1.236598e-01
1.506161794478164e-03	1.113204e-01
1.512526144129615e-03	9.478763e-02
1.518998545844024e-03	7.754045e-02
1.528764170844024e-03	5.136418e-02
1.538529795844024e-03	2.637254e-02
1.548295420844024e-03	3.719855e-03
1.549516123969024e-03	1.051181e-03
1.549821299750274e-03	3.856994e-04
1.550431651312774e-03	-9.436741e-04
1.550584239203399e-03	-1.273546e-03
1.550889414984649e-03	-1.932376e-03
1.551499766547149e-03	-3.246333e-03
1.552720469672149e-03	-5.854573e-03
1.554549141053826e-03	-9.711890e-03
1.558206483817181e-03	-1.726051e-02
1.563484695298623e-03	-2.779996e-02
1.573250320298623e-03	-4.632332e-02
1.583015945298623e-03	-6.374416e-02
1.592781570298623e-03	-8.018599e-02
1.602547195298623e-03	-9.570120e-02
1.612312820298623e-03	-1.103554e-01
1.622078445298623e-03	-1.241920e-01
1.631844070298623e-03	-1.372492e-01
1.641609695298623e-03	-1.495590e-01
1.651375320298623e-03	-1.611511e-01
1.652596023423623e-03	-1.625450e-01
1.652901199204873e-03	-1.628923e-01
1.653511550767373e-03	-1.635845e-01
1.654732253892373e-03	-1.649572e-01
1.655037429673623e-03	-1.653008e-01
1.655647781236123e-03	-1.659843e-01
1.656868484361123e-03	-1.673421e-01
1.659309890611123e-03	-1.700270e-01
1.664192703111123e-03	-1.752712e-01
1.673958328111123e-03	-1.852726e-01
1.683723953111123e-03	-1.946403e-01
1.693489578111123e-03	-2.033964e-01
1.703255203111123e-03	-2.115593e-01
1.713020828111123e-03	-2.191476e-01
1.722786453111123e-03	-2.261769e-01
1.732552078111123e-03	-2.326635e-01
1.742317703111123e-03	-2.386201e-01
1.752083328111123e-03	-2.440609e-01
1.761848953111123e-03	-2.489962e-01
1.771614578111123e-03	-2.534378e-01
1.781380203111123e-03	-2.573940e-01
1.791145828111123e-03	-2.608742e-01
1.800911453111123e-03	-2.638842e-01
1.810677078111123e-03	-2.664306e-01
1.820442703111123e-03	-2.685165e-01
1.830208328111123e-03	-2.701449e-01
1.839973953111123e-03	-2.713145e-01
1.849739578111123e-03	-2.720230e-01
1.859505203111123e-03	-2.722622e-01
1.869270828111123e-03	-2.720204e-01
1.879036453111123e-03	-2.712764e-01
1.888802078111123e-03	-2.699997e-01
1.898567703111123e-03	-2.681414e-01
1.908333328111123e-03	-2.656273e-01
1.918098953111123e-03	-2.623376e-01
1.927864578111123e-03	-2.580767e-01
1.937630203111123e-03	-2.525075e-01
1.947395828111123e-03	-2.450510e-01
1.957161453111123e-03	-2.348125e-01
1.966927078111123e-03	-2.209271e-01
1.976692703111123e-03	-2.036781e-01
1.986458328111123e-03	-1.839792e-01
1.996223953111123e-03	-1.623351e-01
1.997444656236123e-03	-1.594982e-01
1.999886062486123e-03	-1.537723e-01
2.000496414048623e-03	-1.523188e-01
2.001717117173623e-03	-1.493985e-01
2.004158523423623e-03	-1.434862e-01
2.007553457733482e-03	-1.351160e-01
2.010986608203981e-03	-1.264823e-01
2.015970476169838e-03	-1.136672e-01
2.022377075293232e-03	-9.677204e-02
2.032142700293232e-03	-7.050108e-02
2.041908325293232e-03	-4.471717e-02
2.051673950293232e-03	-2.093899e-02
2.061439575293232e-03	5.843106e-04
2.071205200293232e-03	2.045741e-02
2.080970825293231e-03	3.902147e-02
2.090736450293232e-03	5.647597e-02
2.100502075293231e-03	7.292432e-02
2.110267700293232e-03	8.844879e-02
2.120033325293231e-03	1.030928e-01
2.129798950293232e-03	1.169068e-01
2.139564575293232e-03	1.299281e-01
2.149330200293232e-03	1.421860e-01
2.159095825293232e-03	1.537178e-01
2.168861450293232e-03	1.645432e-01
2.178627075293232e-03	1.746982e-01
2.188392700293232e-03	1.841954e-01
2.198158325293232e-03	1.930670e-01
2.207923950293232e-03	2.013230e-01
2.217689575293232e-03	2.089911e-01
2.227455200293232e-03	2.160794e-01
2.237220825293232e-03	2.226122e-01
2.246986450293232e-03	2.285954e-01
2.256752075293232e-03	2.340505e-01
2.266517700293232e-03	2.389811e-01
2.276283325293232e-03	2.434058e-01
2.286048950293232e-03	2.473262e-01
2.295814575293232e-03	2.507577e-01
2.305580200293232e-03	2.536993e-01
2.315345825293232e-03	2.561627e-01
2.325111450293231e-03	2.581436e-01
2.334877075293232e-03	2.596486e-01
2.344642700293231e-03	2.606680e-01
2.354408325293232e-03	2.612005e-01
2.364173950293231e-03	2.612265e-01
2.373939575293232e-03	2.607303e-01
2.383705200293232e-03	2.596723e-01
2.393470825293232e-03	2.580059e-01
2.403236450293232e-03	2.556442e-01
2.413002075293232e-03	2.524613e-01
2.422767700293232e-03	2.482350e-01
2.432533325293232e-03	2.425974e-01
2.442298950293232e-03	2.349090e-01
2.452064575293232e-03	2.241797e-01
2.461830200293232e-03	2.098676e-01
2.471595825293232e-03	1.923859e-01
2.481361450293232e-03	1.724846e-01
2.491127075293232e-03	1.507130e-01
2.492347778418232e-03	1.478569e-01
2.494789184668232e-03	1.420966e-01
2.499671997168232e-03	1.302911e-01
2.500892700293232e-03	1.272714e-01
2.501197876074482e-03	1.265152e-01
2.501808227636982e-03	1.249997e-01
2.503028930761982e-03	1.219476e-01
2.505470337011982e-03	1.157826e-01
2.510353149511982e-03	1.032191e-01
2.515066351226089e-03	9.082064e-02
2.524492754654304e-03	6.555537e-02
2.534258379654303e-03	3.972401e-02
2.544024004654304e-03	1.581825e-02
2.545244707779303e-03	1.301551e-02
2.547686114029303e-03	7.478671e-03
2.548296465591804e-03	6.118710e-03
2.549517168716803e-03	3.414637e-03
2.549822344498054e-03	2.744439e-03
2.550432696060553e-03	1.407839e-03
2.551653399185554e-03	-1.242731e-03
2.551958574966803e-03	-1.900248e-03
2.552568926529303e-03	-3.214842e-03
2.552721514419929e-03	-3.540539e-03
2.553026690201178e-03	-4.191209e-03
2.553637041763679e-03	-5.489972e-03
2.554857744888678e-03	-8.069279e-03
2.556350263606621e-03	-1.118810e-02
2.559335301042505e-03	-1.731742e-02
2.563210407351099e-03	-2.507497e-02
2.570960619968286e-03	-3.997974e-02
2.580726244968286e-03	-5.773512e-02
2.590491869968286e-03	-7.447203e-02
2.600257494968286e-03	-9.027378e-02
2.610023119968286e-03	-1.051933e-01
2.619788744968285e-03	-1.192788e-01
2.629554369968286e-03	-1.325739e-01
2.639319994968285e-03	-1.451095e-01
2.649085619968286e-03	-1.569187e-01
2.650306323093285e-03	-1.583396e-01
2.652747729343286e-03	-1.611589e-01
2.653358080905786e-03	-1.618555e-01
2.654578784030785e-03	-1.632421e-01
2.657020190280786e-03	-1.659713e-01
2.657630541843286e-03	-1.666502e-01
2.658851244968286e-03	-1.679976e-01
2.661292651218286e-03	-1.706591e-01
2.666175463718286e-03	-1.758593e-01
2.675941088718286e-03	-1.857717e-01
2.685706713718286e-03	-1.950535e-01
2.695472338718286e-03	-2.037237e-01
2.705237963718286e-03	-2.118033e-01
2.715003588718286e-03	-2.193082e-01
2.724769213718286e-03	-2.262563e-01
2.734534838718286e-03	-2.326611e-01
2.744300463718286e-03	-2.385381e-01
2.754066088718286e-03	-2.438983e-01
2.763831713718286e-03	-2.487548e-01
2.773597338718286e-03	-2.531165e-01
2.783362963718286e-03	-2.569940e-01
2.793128588718286e-03	-2.603940e-01
2.802894213718285e-03	-2.633246e-01
2.812659838718286e-03	-2.657897e-01
2.822425463718285e-03	-2.677942e-01
2.832191088718286e-03	-2.693383e-01
2.841956713718286e-03	-2.704224e-01
2.851722338718286e-03	-2.710410e-01
2.861487963718286e-03	-2.711868e-01
2.871253588718286e-03	-2.708442e-01
2.881019213718286e-03	-2.699915e-01
2.890784838718286e-03	-2.685922e-01
2.900550463718286e-03	-2.665934e-01
2.910316088718286e-03	-2.639091e-01
2.920081713718286e-03	-2.604042e-01
2.929847338718286e-03	-2.558509e-01
2.939612963718286e-03	-2.498591e-01
2.949378588718286e-03	-2.417617e-01
2.959144213718286e-03	-2.305370e-01
2.968909838718286e-03	-2.157040e-01
2.978675463718286e-03	-1.977696e-01
2.988441088718286e-03	-1.775012e-01
2.998206713718286e-03	-1.554216e-01
2.999427416843286e-03	-1.525272e-01
2.999732592624536e-03	-1.518005e-01
3.000342944187036e-03	-1.503447e-01
3.001563647312036e-03	-1.474165e-01
3.001868823093286e-03	-1.466792e-01
3.002479174655786e-03	-1.452018e-01
3.003699877780786e-03	-1.422323e-01
3.006141284030786e-03	-1.362257e-01
3.009180917812558e-03	-1.286259e-01
3.015260185376104e-03	-1.130490e-01
3.022373063231128e-03	-9.427673e-02
3.032138688231129e-03	-6.799570e-02
3.041904313231128e-03	-4.231513e-02
3.051669938231129e-03	-1.871262e-02
3.061435563231128e-03	2.667641e-03
3.071201188231129e-03	2.243500e-02
3.080966813231128e-03	4.091080e-02
3.090732438231129e-03	5.828892e-02
3.100498063231128e-03	7.466761e-02
3.110263688231129e-03	9.012507e-02
3.120029313231128e-03	1.047099e-01
3.129794938231129e-03	1.184701e-01
3.139560563231128e-03	1.314404e-01
3.149326188231128e-03	1.436503e-01
3.159091813231128e-03	1.551368e-01
3.168857438231128e-03	1.659205e-01
3.178623063231128e-03	1.760357e-01
3.188388688231128e-03	1.854967e-01
3.198154313231128e-03	1.943339e-01
3.207919938231128e-03	2.025581e-01
3.217685563231128e-03	2.101964e-01
3.227451188231128e-03	2.172571e-01
3.237216813231128e-03	2.237643e-01
3.246982438231128e-03	2.297239e-01
3.256748063231129e-03	2.351572e-01
3.266513688231128e-03	2.400678e-01
3.276279313231129e-03	2.444743e-01
3.286044938231128e-03	2.483780e-01
3.295810563231129e-03	2.517946e-01
3.305576188231128e-03	2.547229e-01
3.315341813231129e-03	2.571749e-01
3.325107438231128e-03	2.591460e-01
3.334873063231129e-03	2.606434e-01
3.344638688231128e-03	2.616569e-01
3.354404313231129e-03	2.621861e-01
3.364169938231128e-03	2.622113e-01
3.373935563231129e-03	2.617178e-01
3.383701188231128e-03	2.606666e-01
3.393466813231128e-03	2.590130e-01
3.403232438231128e-03	2.566717e-01
3.412998063231128e-03	2.535218e-01
3.422763688231128e-03	2.493477e-01
3.432529313231128e-03	2.437950e-01
3.442294938231128e-03	2.362435e-01
3.452060563231128e-03	2.257892e-01
3.461826188231128e-03	2.116657e-01
3.471591813231128e-03	1.942794e-01
3.481357438231128e-03	1.745140e-01
3.491123063231128e-03	1.528186e-01
3.500888688231129e-03	1.294910e-01
3.510654313231128e-03	1.047195e-01
3.520419938231129e-03	7.884351e-02
3.530185563231128e-03	5.263647e-02
3.539951188231129e-03	2.764260e-02
3.549716813231128e-03	4.968579e-03
3.550937516356129e-03	2.302257e-03
3.551242692137378e-03	1.636891e-03
3.551853043699879e-03	3.095314e-04
3.553073746824878e-03	-2.323718e-03
3.555515153074878e-03	-7.509931e-03
3.555591447020191e-03	-7.670260e-03
3.555744034910816e-03	-7.990656e-03
3.556049210692066e-03	-8.630180e-03
3.556659562254566e-03	-9.904683e-03
3.557880265379566e-03	-1.243553e-02
3.560321671629566e-03	-1.742699e-02
3.565204484129566e-03	-2.714753e-02
3.574970109129566e-03	-4.564524e-02
3.584735734129566e-03	-6.304181e-02
3.594501359129566e-03	-7.945853e-02
3.604266984129566e-03	-9.494887e-02
3.614032609129566e-03	-1.095767e-01
3.623798234129566e-03	-1.233862e-01
3.633563859129566e-03	-1.364146e-01
3.643329484129566e-03	-1.486947e-01
3.653095109129566e-03	-1.602555e-01
3.654315812254566e-03	-1.616457e-01
3.656757218504566e-03	-1.643969e-01
3.657367570067066e-03	-1.650755e-01
3.658588273192066e-03	-1.664292e-01
3.661029679442066e-03	-1.691059e-01
3.665912491942066e-03	-1.743336e-01
3.675678116942066e-03	-1.843008e-01
3.685443741942066e-03	-1.936328e-01
3.695209366942066e-03	-2.023519e-01
3.704974991942066e-03	-2.104763e-01
3.714740616942066e-03	-2.180248e-01
3.724506241942066e-03	-2.250129e-01
3.734271866942066e-03	-2.314568e-01
3.744037491942066e-03	-2.373693e-01
3.753803116942066e-03	-2.427645e-01
3.763568741942066e-03	-2.476527e-01
3.773334366942066e-03	-2.520455e-01
3.783099991942066e-03	-2.559512e-01
3.792865616942066e-03	-2.593789e-01
3.802631241942066e-03	-2.623343e-01
3.812396866942066e-03	-2.648238e-01
3.822162491942066e-03	-2.668499e-01
3.831928116942066e-03	-2.684153e-01
3.841693741942066e-03	-2.695179e-01
3.851459366942066e-03	-2.701544e-01
3.861224991942066e-03	-2.703153e-01
3.870990616942066e-03	-2.699868e-01
3.880756241942066e-03	-2.691450e-01
3.890521866942066e-03	-2.677550e-01
3.900287491942066e-03	-2.657610e-01
3.910053116942066e-03	-2.630779e-01
3.919818741942066e-03	-2.595667e-01
3.929584366942066e-03	-2.549974e-01
3.939349991942066e-03	-2.489718e-01
3.949115616942066e-03	-2.408148e-01
3.958881241942066e-03	-2.295019e-01
3.968646866942066e-03	-2.145821e-01
3.978412491942066e-03	-1.965877e-01
3.988178116942066e-03	-1.762795e-01
3.997943741942066e-03	-1.541648e-01
3.999164445067066e-03	-1.512639e-01
4.001605851317066e-03	-1.454089e-01
4.002216202879566e-03	-1.439279e-01
4.003436906004566e-03	-1.409544e-01
4.005878312254566e-03	-1.349405e-01
4.010761124754566e-03	-1.226553e-01
4.018377703023305e-03	-1.028747e-01
4.028038039330667e-03	-7.701512e-02
4.037803664330667e-03	-5.092363e-02
4.047569289330667e-03	-2.647013e-02
4.057334914330667e-03	-4.357487e-03
4.067100539330667e-03	1.593616e-02
4.076866164330667e-03	3.485158e-02
4.086631789330667e-03	5.260846e-02
4.096397414330667e-03	6.933963e-02
4.106163039330667e-03	8.512253e-02
4.115928664330667e-03	1.000219e-01
4.125694289330667e-03	1.140770e-01
4.135459914330667e-03	1.273314e-01
4.145225539330667e-03	1.398156e-01
4.154991164330667e-03	1.515660e-01
4.164756789330667e-03	1.626048e-01
4.174522414330667e-03	1.729670e-01
4.184288039330667e-03	1.826677e-01
4.194053664330667e-03	1.917372e-01
4.203819289330667e-03	2.001885e-01
4.213584914330667e-03	2.080471e-01
4.223350539330667e-03	2.153241e-01
4.233116164330667e-03	2.220417e-01
4.242881789330667e-03	2.282085e-01
4.252647414330667e-03	2.338441e-01
4.262413039330667e-03	2.389548e-01
4.272178664330667e-03	2.435574e-01
4.281944289330667e-03	2.476561e-01
4.291709914330667e-03	2.512647e-01
4.301475539330667e-03	2.543849e-01
4.311241164330667e-03	2.570275e-01
4.321006789330667e-03	2.591908e-01
4.330772414330667e-03	2.608810e-01
4.340538039330667e-03	2.620919e-01
4.350303664330667e-03	2.628227e-01
4.360069289330667e-03	2.630590e-01
4.369834914330667e-03	2.627880e-01
4.379600539330667e-03	2.619789e-01
4.389366164330667e-03	2.605942e-01
4.399131789330667e-03	2.585662e-01
4.408897414330667e-03	2.557972e-01
4.418663039330667e-03	2.521191e-01
4.428428664330667e-03	2.472571e-01
4.438194289330667e-03	2.407278e-01
4.447959914330667e-03	2.317499e-01
4.457725539330667e-03	2.193312e-01
4.467491164330667e-03	2.033727e-01
4.477256789330667e-03	1.846428e-01
4.487022414330667e-03	1.637842e-01
4.496788039330667e-03	1.411881e-01
4.498008742455667e-03	1.382379e-01
4.501060500268167e-03	1.307883e-01
4.502281203393167e-03	1.277710e-01
4.504722609643167e-03	1.216677e-01
4.505332961205667e-03	1.201228e-01
4.506553664330667e-03	1.170265e-01
4.508995070580667e-03	1.107767e-01
4.513877883080667e-03	9.805430e-02
4.523643508080667e-03	7.197455e-02
4.533409133080667e-03	4.592542e-02
4.543174758080667e-03	2.153173e-02
4.552940383080667e-03	-5.163174e-04
4.553092970971292e-03	-8.436742e-04
4.553398146752542e-03	-1.498181e-03
4.554008498315042e-03	-2.804209e-03
4.554161086205667e-03	-3.129736e-03
4.554466261986917e-03	-3.780072e-03
4.554542555932230e-03	-3.942378e-03
4.554695143822855e-03	-4.266786e-03
4.555000319604104e-03	-4.916679e-03
4.555076613549417e-03	-5.078385e-03
4.555229201440042e-03	-5.400900e-03
4.555534377221292e-03	-6.045084e-03
4.556144728783792e-03	-7.330546e-03
4.557347534238936e-03	-9.845016e-03
4.559753145149222e-03	-1.480413e-02
4.564564366969797e-03	-2.445843e-02
4.572812161766493e-03	-4.027980e-02
4.582577786766493e-03	-5.796574e-02
4.592343411766494e-03	-7.463729e-02
4.602109036766494e-03	-9.037691e-02
4.611874661766493e-03	-1.052357e-01
4.621640286766493e-03	-1.192619e-01
4.631405911766494e-03	-1.324982e-01
4.641171536766494e-03	-1.449754e-01
4.650937161766493e-03	-1.567264e-01
4.652157864891493e-03	-1.581400e-01
4.654599271141494e-03	-1.609447e-01
4.655209622703994e-03	-1.616376e-01
4.656430325828994e-03	-1.630165e-01
4.658871732078993e-03	-1.657308e-01
4.659482083641493e-03	-1.664065e-01
4.660702786766493e-03	-1.677468e-01
4.663144193016494e-03	-1.703937e-01
4.668027005516493e-03	-1.755651e-01
4.677792630516493e-03	-1.854195e-01
4.687558255516494e-03	-1.946434e-01
4.697323880516494e-03	-2.032555e-01
4.707089505516493e-03	-2.112766e-01
4.716855130516493e-03	-2.187225e-01
4.726620755516493e-03	-2.256114e-01
4.736386380516494e-03	-2.319563e-01
4.746152005516494e-03	-2.377730e-01
4.755917630516493e-03	-2.430721e-01
4.765683255516493e-03	-2.478669e-01
4.775448880516494e-03	-2.521657e-01
4.785214505516494e-03	-2.559796e-01
4.794980130516493e-03	-2.593144e-01
4.804745755516493e-03	-2.621785e-01
4.814511380516494e-03	-2.645752e-01
4.824277005516494e-03	-2.665091e-01
4.834042630516493e-03	-2.679797e-01
4.843808255516493e-03	-2.689869e-01
4.853573880516494e-03	-2.695238e-01
4.863339505516494e-03	-2.695819e-01
4.873105130516493e-03	-2.691433e-01
4.882870755516493e-03	-2.681836e-01
4.892636380516494e-03	-2.666611e-01
4.902402005516494e-03	-2.645158e-01
4.912167630516493e-03	-2.616492e-01
4.921933255516493e-03	-2.579049e-01
4.931698880516494e-03	-2.530162e-01
4.941464505516494e-03	-2.465249e-01
4.951230130516493e-03	-2.376681e-01
4.960995755516493e-03	-2.254301e-01
4.970761380516494e-03	-2.096178e-01
4.980527005516494e-03	-1.909705e-01
4.990292630516494e-03	-1.701695e-01
4.991513333641493e-03	-1.674289e-01
4.993954739891494e-03	-1.618946e-01
4.994565091453993e-03	-1.604914e-01
4.995785794578994e-03	-1.576720e-01
4.998227200828993e-03	-1.519536e-01
4.998837552391494e-03	-1.505014e-01
5.000058255516493e-03	-1.475854e-01
5.000363431297744e-03	-1.468524e-01
5.000973782860243e-03	-1.453815e-01
5.002194485985243e-03	-1.424243e-01
5.004635892235243e-03	-1.364426e-01
5.007241263240280e-03	-1.299613e-01
5.012452005250353e-03	-1.167141e-01
5.018431803965591e-03	-1.010909e-01
5.028197428965591e-03	-7.492694e-02
5.037963053965591e-03	-4.889277e-02
5.047728678965591e-03	-2.458767e-02
5.057494303965591e-03	-2.614017e-03
5.067259928965591e-03	1.758011e-02
5.077025553965591e-03	3.641372e-02
5.086791178965591e-03	5.410103e-02
5.096556803965591e-03	7.076874e-02
5.106322428965591e-03	8.649388e-02
5.116088053965591e-03	1.013390e-01
5.125853678965591e-03	1.153436e-01
5.135619303965591e-03	1.285506e-01
5.145384928965591e-03	1.409895e-01
5.155150553965591e-03	1.526982e-01
5.164916178965591e-03	1.636969e-01
5.174681803965591e-03	1.740218e-01
5.184447428965591e-03	1.836868e-01
5.194213053965591e-03	1.927237e-01
5.203978678965591e-03	2.011428e-01
5.213744303965591e-03	2.089724e-01
5.223509928965591e-03	2.162207e-01
5.233275553965591e-03	2.229125e-01
5.243041178965591e-03	2.290539e-01
5.252806803965591e-03	2.346665e-01
5.262572428965591e-03	2.397546e-01
5.272338053965591e-03	2.443369e-01
5.282103678965591e-03	2.484155e-01
5.291869303965591e-03	2.520063e-01
5.301634928965591e-03	2.551089e-01
5.311400553965591e-03	2.577360e-01
5.321166178965591e-03	2.598841e-01
5.330931803965591e-03	2.615612e-01
5.340697428965591e-03	2.627593e-01
5.350463053965591e-03	2.634796e-01
5.360228678965591e-03	2.637057e-01
5.369994303965591e-03	2.634272e-01
5.379759928965591e-03	2.626114e-01
5.389525553965591e-03	2.612233e-01
5.399291178965591e-03	2.591940e-01
5.409056803965591e-03	2.564289e-01
5.418822428965591e-03	2.527602e-01
5.428588053965591e-03	2.479188e-01
5.438353678965591e-03	2.414259e-01
5.448119303965591e-03	2.325098e-01
5.457884928965591e-03	2.201691e-01
5.467650553965591e-03	2.042785e-01
5.477416178965591e-03	1.855925e-01
5.487181803965591e-03	1.647667e-01
5.496947428965591e-03	1.421984e-01
5.498168132090591e-03	1.392516e-01
5.500609538340591e-03	1.333118e-01
5.501219889903091e-03	1.318099e-01
5.502440593028091e-03	1.287956e-01
5.504881999278091e-03	1.227001e-01
5.509764811778091e-03	1.102457e-01
5.515738551575180e-03	9.462250e-02
5.522078990387002e-03	7.766314e-02
5.531844615387003e-03	5.149548e-02
5.541610240387003e-03	2.664433e-02
5.551375865387002e-03	4.146242e-03
5.552596568512002e-03	1.493146e-03
5.555037974762003e-03	-3.755311e-03
5.559920787262002e-03	-1.394092e-02
5.560073375152627e-03	-1.425246e-02
5.560378550933877e-03	-1.487499e-02
5.560988902496377e-03	-1.611655e-02
5.562209605621377e-03	-1.858346e-02
5.564651011871377e-03	-2.345298e-02
5.569533824371377e-03	-3.294826e-02
5.579299449371377e-03	-5.104961e-02
5.589065074371378e-03	-6.809304e-02
5.598830699371378e-03	-8.418121e-02
5.608596324371377e-03	-9.936404e-02
5.618361949371377e-03	-1.136990e-01
5.628127574371377e-03	-1.272278e-01
5.637893199371378e-03	-1.399860e-01
5.647658824371377e-03	-1.520053e-01
5.657424449371377e-03	-1.633088e-01
5.658645152496377e-03	-1.646608e-01
5.661086558746377e-03	-1.673498e-01
5.665969371246377e-03	-1.726025e-01
5.675734996246377e-03	-1.826157e-01
5.685500621246378e-03	-1.919918e-01
5.695266246246377e-03	-2.007507e-01
5.705031871246377e-03	-2.089131e-01
5.714797496246377e-03	-2.164958e-01
5.724563121246378e-03	-2.235168e-01
5.734328746246378e-03	-2.299898e-01
5.744094371246377e-03	-2.359305e-01
5.753859996246377e-03	-2.413501e-01
5.763625621246378e-03	-2.462620e-01
5.773391246246378e-03	-2.506750e-01
5.783156871246377e-03	-2.546002e-01
5.792922496246377e-03	-2.580439e-01
5.802688121246378e-03	-2.610148e-01
5.812453746246378e-03	-2.635163e-01
5.822219371246377e-03	-2.655537e-01
5.831984996246377e-03	-2.671267e-01
5.841750621246377e-03	-2.682359e-01
5.851516246246378e-03	-2.688749e-01
5.861281871246377e-03	-2.690366e-01
5.871047496246377e-03	-2.687040e-01
5.880813121246377e-03	-2.678547e-01
5.890578746246378e-03	-2.664500e-01
5.900344371246377e-03	-2.644344e-01
5.910109996246377e-03	-2.617167e-01
5.919875621246377e-03	-2.581539e-01
5.929641246246378e-03	-2.535025e-01
5.939406871246377e-03	-2.473462e-01
5.949172496246377e-03	-2.389792e-01
5.958938121246377e-03	-2.273769e-01
5.968703746246378e-03	-2.121720e-01
5.978469371246378e-03	-1.939743e-01
5.988234996246377e-03	-1.735189e-01
5.989455699371377e-03	-1.708173e-01
5.991897105621377e-03	-1.653598e-01
5.996779918121377e-03	-1.541288e-01
5.998000621246377e-03	-1.512397e-01
5.998305797027628e-03	-1.505145e-01
5.998916148590127e-03	-1.490623e-01
6.000136851715128e-03	-1.461392e-01
6.000442027496377e-03	-1.454036e-01
6.001052379058878e-03	-1.439296e-01
6.002273082183878e-03	-1.409659e-01
6.004714488433877e-03	-1.349700e-01
6.009125065997789e-03	-1.239178e-01
6.014677521443379e-03	-1.096289e-01
6.024443146443379e-03	-8.370475e-02
6.034208771443379e-03	-5.745497e-02
6.043974396443379e-03	-3.240012e-02
6.053740021443379e-03	-9.655411e-03
6.063505646443379e-03	1.108327e-02
6.073271271443379e-03	3.035937e-02
6.083036896443379e-03	4.842101e-02
6.092802521443379e-03	6.543318e-02
6.102568146443379e-03	8.147488e-02
6.112333771443379e-03	9.661975e-02
6.122099396443379e-03	1.109095e-01
6.131865021443379e-03	1.243928e-01
6.141630646443379e-03	1.370966e-01
6.151396271443379e-03	1.490559e-01
6.161161896443379e-03	1.603025e-01
6.170927521443379e-03	1.708600e-01
6.180693146443379e-03	1.807575e-01
6.190458771443379e-03	1.900124e-01
6.200224396443379e-03	1.986505e-01
6.209990021443379e-03	2.066863e-01
6.219755646443379e-03	2.141423e-01
6.229521271443379e-03	2.210302e-01
6.239286896443379e-03	2.273698e-01
6.249052521443380e-03	2.331703e-01
6.258818146443379e-03	2.384489e-01
6.268583771443379e-03	2.432123e-01
6.278349396443379e-03	2.474755e-01
6.288115021443379e-03	2.512428e-01
6.297880646443379e-03	2.545261e-01
6.307646271443379e-03	2.573271e-01
6.317411896443379e-03	2.596546e-01
6.327177521443379e-03	2.615063e-01
6.336943146443379e-03	2.628863e-01
6.346708771443379e-03	2.637867e-01
6.356474396443379e-03	2.642040e-01
6.366240021443379e-03	2.641204e-01
6.376005646443379e-03	2.635178e-01
6.385771271443379e-03	2.623582e-01
6.395536896443379e-03	2.605929e-01
6.405302521443379e-03	2.581356e-01
6.415068146443379e-03	2.548580e-01
6.424833771443379e-03	2.505371e-01
6.434599396443379e-03	2.447997e-01
6.444365021443379e-03	2.370001e-01
6.454130646443379e-03	2.261381e-01
6.463896271443379e-03	2.116820e-01
6.473661896443379e-03	1.940655e-01
6.483427521443379e-03	1.740471e-01
6.493193146443380e-03	1.521731e-01
6.494413849568379e-03	1.493054e-01
6.496855255818379e-03	1.435223e-01
6.501738068318379e-03	1.316739e-01
6.502958771443379e-03	1.286442e-01
6.505400177693379e-03	1.225390e-01
6.510282990193379e-03	1.100706e-01
6.516353434207819e-03	9.417408e-02
6.523022827695186e-03	7.631609e-02
6.532788452695185e-03	5.017829e-02
6.542554077695185e-03	2.546068e-02
6.552319702695185e-03	3.101638e-03
6.553540405820186e-03	4.624243e-04
6.553845581601435e-03	-1.956403e-04
6.554455933163936e-03	-1.508241e-03
6.555676636288935e-03	-4.112427e-03
6.555981812070185e-03	-4.758470e-03
6.556592163632686e-03	-6.047458e-03
6.556744751523310e-03	-6.369033e-03
6.557049927304560e-03	-7.010953e-03
6.557660278867060e-03	-8.288494e-03
6.558880981992060e-03	-1.082544e-02
6.561322388242061e-03	-1.582811e-02
6.564842210092297e-03	-2.288340e-02
6.571881853792772e-03	-3.648676e-02
6.581647478792772e-03	-5.436070e-02
6.591413103792772e-03	-7.120089e-02
6.601178728792772e-03	-8.709731e-02
6.610944353792772e-03	-1.021017e-01
6.620709978792771e-03	-1.162654e-01
6.630475603792772e-03	-1.296313e-01
6.640241228792772e-03	-1.422319e-01
6.650006853792772e-03	-1.541003e-01
6.659772478792771e-03	-1.652498e-01
6.660993181917772e-03	-1.665845e-01
6.663434588167772e-03	-1.692380e-01
6.668317400667772e-03	-1.744202e-01
6.678083025667772e-03	-1.842962e-01
6.687848650667772e-03	-1.935387e-01
6.697614275667772e-03	-2.021683e-01
6.707379900667772e-03	-2.102044e-01
6.717145525667772e-03	-2.176642e-01
6.726911150667772e-03	-2.245647e-01
6.736676775667772e-03	-2.309202e-01
6.746442400667772e-03	-2.367454e-01
6.756208025667772e-03	-2.420519e-01
6.765973650667772e-03	-2.468522e-01
6.775739275667772e-03	-2.511555e-01
6.785504900667772e-03	-2.549720e-01
6.795270525667772e-03	-2.583084e-01
6.805036150667772e-03	-2.611721e-01
6.814801775667772e-03	-2.635672e-01
6.824567400667772e-03	-2.654975e-01
6.834333025667772e-03	-2.669630e-01
6.844098650667772e-03	-2.679626e-01
6.853864275667772e-03	-2.684898e-01
6.863629900667772e-03	-2.685351e-01
6.873395525667771e-03	-2.680802e-01
6.883161150667772e-03	-2.670990e-01
6.892926775667772e-03	-2.655491e-01
6.902692400667772e-03	-2.633668e-01
6.912458025667772e-03	-2.604495e-01
6.922223650667772e-03	-2.566327e-01
6.931989275667772e-03	-2.516355e-01
6.941754900667772e-03	-2.449743e-01
6.951520525667772e-03	-2.358558e-01
6.961286150667772e-03	-2.232848e-01
6.971051775667772e-03	-2.071744e-01
6.980817400667772e-03	-1.883185e-01
6.990583025667772e-03	-1.673584e-01
6.991803728792772e-03	-1.645996e-01
6.994245135042772e-03	-1.590297e-01
6.994855486605272e-03	-1.576177e-01
6.996076189730272e-03	-1.547807e-01
6.996381365511522e-03	-1.540664e-01
6.996991717074022e-03	-1.526337e-01
6.998212420199022e-03	-1.497452e-01
6.998517595980272e-03	-1.490184e-01
6.999127947542772e-03	-1.475614e-01
7.000348650667772e-03	-1.446280e-01
7.002790056917772e-03	-1.386937e-01
7.005493911887615e-03	-1.320175e-01
7.009081712444246e-03	-1.229941e-01
7.016134274120230e-03	-1.047641e-01
7.025397301507276e-03	-8.005855e-02
7.035162926507276e-03	-5.386928e-02
7.044928551507275e-03	-2.907908e-02
7.054694176507276e-03	-6.631964e-03
7.064459801507276e-03	1.389623e-02
7.074225426507276e-03	3.300298e-02
7.083991051507275e-03	5.092303e-02
7.093756676507275e-03	6.780556e-02
7.103522301507276e-03	8.373425e-02
7.113287926507276e-03	9.876671e-02
7.123053551507275e-03	1.129506e-01
7.132819176507275e-03	1.263327e-01
7.142584801507276e-03	1.389401e-01
7.152350426507276e-03	1.508104e-01
7.162116051507275e-03	1.619681e-01
7.171881676507275e-03	1.724448e-01
7.181647301507276e-03	1.822604e-01
7.191412926507276e-03	1.914407e-01
7.201178551507276e-03	2.000034e-01
7.210944176507275e-03	2.079702e-01
7.220709801507276e-03	2.153563e-01
7.230475426507276e-03	2.221800e-01
7.240241051507276e-03	2.284544e-01
7.250006676507275e-03	2.341950e-01
7.259772301507276e-03	2.394125e-01
7.269537926507276e-03	2.441197e-01
7.279303551507276e-03	2.483253e-01
7.289069176507275e-03	2.520393e-01
7.298834801507276e-03	2.552680e-01
7.308600426507276e-03	2.580183e-01
7.318366051507276e-03	2.602934e-01
7.328131676507275e-03	2.620962e-01
7.337897301507275e-03	2.634254e-01
7.347662926507276e-03	2.642778e-01
7.357428551507276e-03	2.646447e-01
7.367194176507275e-03	2.645123e-01
7.376959801507275e-03	2.638575e-01
7.386725426507276e-03	2.626455e-01
7.396491051507276e-03	2.608216e-01
7.406256676507275e-03	2.583012e-01
7.416022301507275e-03	2.549471e-01
7.425787926507276e-03	2.505322e-01
7.435553551507276e-03	2.446644e-01
7.445319176507276e-03	2.366791e-01
7.455084801507275e-03	2.255633e-01
7.464850426507276e-03	2.108462e-01
7.474616051507276e-03	1.930252e-01
7.484381676507276e-03	1.728536e-01
7.494147301507275e-03	1.508486e-01
7.495368004632276e-03	1.479662e-01
7.497809410882275e-03	1.421537e-01
7.502692223382275e-03	1.302498e-01
7.503912926507276e-03	1.272070e-01
7.504218102288526e-03	1.264448e-01
7.504828453851026e-03	1.249170e-01
7.506049156976026e-03	1.218408e-01
7.508490563226025e-03	1.156360e-01
7.512525049990201e-03	1.052086e-01
7.518573550305880e-03	8.923705e-02
7.528004643942278e-03	6.388988e-02
7.537770268942277e-03	3.822821e-02
7.547535893942278e-03	1.463801e-02
7.557301518942278e-03	-6.718606e-03
7.558522222067278e-03	-9.261616e-03
7.560963628317278e-03	-1.429320e-02
7.565846440817278e-03	-2.407859e-02
7.575612065817278e-03	-4.269173e-02
7.585377690817277e-03	-6.018637e-02
7.595143315817277e-03	-7.669277e-02
7.604908940817278e-03	-9.226295e-02
7.614674565817278e-03	-1.069646e-01
7.624440190817277e-03	-1.208412e-01
7.634205815817277e-03	-1.339317e-01
7.643971440817278e-03	-1.462683e-01
7.653737065817278e-03	-1.578815e-01
7.654957768942277e-03	-1.592781e-01
7.657399175192278e-03	-1.620482e-01
7.662281987692278e-03	-1.674381e-01
7.663502690817278e-03	-1.687604e-01
7.665944097067278e-03	-1.713758e-01
7.670826909567278e-03	-1.764807e-01
7.680592534567278e-03	-1.862078e-01
7.690358159567277e-03	-1.953046e-01
7.700123784567278e-03	-2.037939e-01
7.709889409567278e-03	-2.116921e-01
7.719655034567278e-03	-2.190188e-01
7.729420659567277e-03	-2.257881e-01
7.739186284567278e-03	-2.320166e-01
7.748951909567278e-03	-2.377160e-01
7.758717534567278e-03	-2.429005e-01
7.768483159567277e-03	-2.475795e-01
7.778248784567277e-03	-2.517646e-01
7.788014409567278e-03	-2.554630e-01
7.797780034567278e-03	-2.586837e-01
7.807545659567277e-03	-2.614314e-01
7.817311284567278e-03	-2.637119e-01
7.827076909567278e-03	-2.655262e-01
7.836842534567278e-03	-2.668760e-01
7.846608159567278e-03	-2.677569e-01
7.856373784567277e-03	-2.681635e-01
7.866139409567277e-03	-2.680824e-01
7.875905034567277e-03	-2.674951e-01
7.885670659567278e-03	-2.663700e-01
7.895436284567278e-03	-2.646611e-01
7.905201909567278e-03	-2.622943e-01
7.914967534567278e-03	-2.591544e-01
7.924733159567278e-03	-2.550491e-01
7.934498784567277e-03	-2.496531e-01
7.944264409567277e-03	-2.424021e-01
7.954030034567277e-03	-2.324222e-01
7.963795659567278e-03	-2.188265e-01
7.973561284567278e-03	-2.018403e-01
7.983326909567278e-03	-1.823548e-01
7.993092534567278e-03	-1.608920e-01
7.994313237692278e-03	-1.580755e-01
7.996754643942278e-03	-1.523892e-01
7.997364995504777e-03	-1.509450e-01
7.998585698629778e-03	-1.480439e-01
7.998890874411028e-03	-1.473147e-01
7.999501225973527e-03	-1.458513e-01
8.000721929098528e-03	-1.429069e-01
8.003163335348527e-03	-1.369527e-01
8.005519029109372e-03	-1.311211e-01
8.010230416631063e-03	-1.192215e-01
8.015365594912258e-03	-1.059174e-01
8.025131219912258e-03	-7.990301e-02
8.034896844912258e-03	-5.371059e-02
8.044662469912259e-03	-2.891778e-02
8.054428094912259e-03	-6.465434e-03
8.064193719912259e-03	1.406437e-02
8.073959344912259e-03	3.317384e-02
8.083724969912259e-03	5.109515e-02
8.093490594912258e-03	6.798057e-02
8.103256219912258e-03	8.390620e-02
8.113021844912258e-03	9.894239e-02
8.122787469912258e-03	1.131300e-01
8.132553094912259e-03	1.265168e-01
8.142318719912259e-03	1.391277e-01
8.152084344912259e-03	1.510019e-01
8.161849969912259e-03	1.621635e-01
8.171615594912258e-03	1.726448e-01
8.181381219912258e-03	1.824648e-01
8.191146844912258e-03	1.916503e-01
8.200912469912258e-03	2.002179e-01
8.210678094912259e-03	2.081904e-01
8.220443719912259e-03	2.155819e-01
8.230209344912259e-03	2.224120e-01
8.239974969912259e-03	2.286924e-01
8.249740594912259e-03	2.344398e-01
8.259506219912258e-03	2.396638e-01
8.269271844912258e-03	2.443785e-01
8.279037469912258e-03	2.485912e-01
8.288803094912259e-03	2.523134e-01
8.298568719912259e-03	2.555500e-01
8.308334344912259e-03	2.583092e-01
8.318099969912259e-03	2.605931e-01
8.327865594912259e-03	2.624059e-01
8.337631219912258e-03	2.637452e-01
8.347396844912258e-03	2.646092e-01
8.357162469912258e-03	2.649881e-01
8.366928094912258e-03	2.648698e-01
8.376693719912259e-03	2.642304e-01
8.386459344912259e-03	2.630370e-01
8.396224969912259e-03	2.612350e-01
8.405990594912259e-03	2.587427e-01
8.415756219912258e-03	2.554252e-01
8.425521844912258e-03	2.510622e-01
8.435287469912258e-03	2.452713e-01
8.445053094912258e-03	2.374044e-01
8.454818719912259e-03	2.264525e-01
8.464584344912259e-03	2.119034e-01
8.474349969912259e-03	1.942078e-01
8.484115594912259e-03	1.741283e-01
8.493881219912259e-03	1.522002e-01
8.503646844912258e-03	1.286567e-01
8.513412469912258e-03	1.037108e-01
8.523178094912258e-03	7.772408e-02
8.532943719912259e-03	5.154582e-02
8.542709344912259e-03	2.675737e-02
8.552474969912259e-03	4.308581e-03
8.553695673037258e-03	1.663252e-03
8.556137079287259e-03	-3.574575e-03
8.556747430849759e-03	-4.864636e-03
8.556900018740383e-03	-5.186753e-03
8.557205194521633e-03	-5.830139e-03
8.557281488466946e-03	-5.990662e-03
8.557434076357570e-03	-6.311486e-03
8.557739252138822e-03	-6.952308e-03
8.557815546084134e-03	-7.112434e-03
8.557968133974759e-03	-7.432317e-03
8.558273309756009e-03	-8.070030e-03
8.558883661318508e-03	-9.340658e-03
8.560104364443509e-03	-1.186379e-02
8.562545770693509e-03	-1.684028e-02
8.567150041487203e-03	-2.598849e-02
8.576358583074595e-03	-4.344936e-02
8.586124208074595e-03	-6.089157e-02
8.595889833074594e-03	-7.734611e-02
8.605655458074594e-03	-9.287027e-02
8.615421083074594e-03	-1.075260e-01
8.625186708074594e-03	-1.213602e-01
8.634952333074594e-03	-1.344083e-01
8.644717958074593e-03	-1.467051e-01
8.654483583074595e-03	-1.582788e-01
8.655704286199594e-03	-1.596705e-01
8.658145692449595e-03	-1.624301e-01
8.663028504949594e-03	-1.677994e-01
8.664249208074595e-03	-1.691179e-01
8.666690614324594e-03	-1.717240e-01
8.671573426824595e-03	-1.768102e-01
8.681339051824595e-03	-1.865009e-01
8.691104676824594e-03	-1.955619e-01
8.700870301824594e-03	-2.040163e-01
8.710635926824594e-03	-2.118801e-01
8.720401551824594e-03	-2.191731e-01
8.730167176824594e-03	-2.259091e-01
8.739932801824593e-03	-2.321049e-01
8.749698426824595e-03	-2.377718e-01
8.759464051824595e-03	-2.429242e-01
8.769229676824595e-03	-2.475713e-01
8.778995301824594e-03	-2.517247e-01
8.788760926824594e-03	-2.553915e-01
8.798526551824594e-03	-2.585807e-01
8.808292176824594e-03	-2.612967e-01
8.818057801824594e-03	-2.635452e-01
8.827823426824593e-03	-2.653271e-01
8.837589051824595e-03	-2.666438e-01
8.847354676824595e-03	-2.674905e-01
8.857120301824594e-03	-2.678617e-01
8.866885926824594e-03	-2.677429e-01
8.876651551824594e-03	-2.671153e-01
8.886417176824594e-03	-2.659455e-01
8.896182801824594e-03	-2.641859e-01
8.905948426824593e-03	-2.617589e-01
8.915714051824595e-03	-2.585439e-01
8.925479676824595e-03	-2.543387e-01
8.935245301824594e-03	-2.488004e-01
8.945010926824594e-03	-2.413356e-01
8.954776551824594e-03	-2.310471e-01
8.964542176824594e-03	-2.171069e-01
8.974307801824594e-03	-1.998434e-01
8.984073426824593e-03	-1.801583e-01
8.993839051824595e-03	-1.585321e-01
8.995059754949594e-03	-1.556966e-01
8.997501161199593e-03	-1.499684e-01
8.998111512762095e-03	-1.485136e-01
8.999332215887093e-03	-1.455932e-01
8.999637391668345e-03	-1.448588e-01
9.000247743230844e-03	-1.433867e-01
9.001468446355845e-03	-1.404267e-01
9.003909852605844e-03	-1.344379e-01
9.008162647337536e-03	-1.237970e-01
9.013423031854713e-03	-1.102919e-01
9.023188656854713e-03	-8.442178e-02
9.032954281854712e-03	-5.816098e-02
9.042719906854712e-03	-3.300499e-02
9.052485531854712e-03	-1.014020e-02
9.062251156854712e-03	1.068338e-02
9.072016781854712e-03	3.002623e-02
9.081782406854713e-03	4.814477e-02
9.091548031854713e-03	6.520927e-02
9.101313656854713e-03	8.130036e-02
9.111079281854713e-03	9.649292e-02
9.120844906854712e-03	1.108291e-01
9.130610531854712e-03	1.243570e-01
9.140376156854712e-03	1.371065e-01
9.150141781854712e-03	1.491102e-01
9.159907406854711e-03	1.604009e-01
9.169673031854713e-03	1.710019e-01
9.179438656854713e-03	1.809431e-01
9.189204281854713e-03	1.902411e-01
9.198969906854712e-03	1.989226e-01
9.208735531854712e-03	2.070015e-01
9.218501156854712e-03	2.145010e-01
9.228266781854712e-03	2.214321e-01
9.238032406854712e-03	2.278155e-01
9.247798031854713e-03	2.336596e-01
9.257563656854713e-03	2.389826e-01
9.267329281854713e-03	2.437905e-01
9.277094906854712e-03	2.480991e-01
9.286860531854712e-03	2.519119e-01
9.296626156854712e-03	2.552422e-01
9.306391781854712e-03	2.580907e-01
9.316157406854712e-03	2.604674e-01
9.325923031854713e-03	2.623695e-01
9.335688656854713e-03	2.638025e-01
9.345454281854713e-03	2.647584e-01
9.355219906854713e-03	2.652352e-01
9.364985531854712e-03	2.652155e-01
9.374751156854712e-03	2.646841e-01
9.384516781854712e-03	2.636048e-01
9.394282406854712e-03	2.619339e-01
9.404048031854713e-03	2.595915e-01
9.413813656854713e-03	2.564620e-01
9.423579281854713e-03	2.523433e-01
9.433344906854713e-03	2.469009e-01
9.443110531854712e-03	2.395491e-01
9.452876156854712e-03	2.294025e-01
9.462641781854712e-03	2.156110e-01
9.472407406854712e-03	1.984671e-01
9.482173031854712e-03	1.788617e-01
9.491938656854713e-03	1.572931e-01
9.501704281854713e-03	1.340783e-01
9.502924984979712e-03	1.310577e-01
9.505366391229713e-03	1.249742e-01
9.510249203729712e-03	1.125412e-01
9.516640309369086e-03	9.583517e-02
9.523122619570485e-03	7.848842e-02
9.532888244570485e-03	5.231262e-02
9.542653869570485e-03	2.746476e-02
9.552419494570485e-03	4.968844e-03
9.553640197695485e-03	2.315356e-03
9.556081603945485e-03	-2.933354e-03
9.556691955507984e-03	-4.225831e-03
9.557912658632985e-03	-6.797630e-03
9.558217834414235e-03	-7.436390e-03
9.558828185976734e-03	-8.710084e-03
9.560048889101735e-03	-1.123759e-02
9.562490295351734e-03	-1.622290e-02
9.566644446803651e-03	-2.450339e-02
9.574347461092684e-03	-3.924752e-02
9.584113086092683e-03	-5.692635e-02
9.593878711092683e-03	-7.358901e-02
9.603644336092683e-03	-8.931867e-02
9.613409961092683e-03	-1.041653e-01
9.623175586092684e-03	-1.181781e-01
9.632941211092684e-03	-1.313986e-01
9.642706836092684e-03	-1.438587e-01
9.652472461092684e-03	-1.555904e-01
9.653693164217684e-03	-1.570016e-01
9.656134570467684e-03	-1.598013e-01
9.656744922030183e-03	-1.604930e-01
9.657965625155184e-03	-1.618702e-01
9.658270800936434e-03	-1.622120e-01
9.658881152498933e-03	-1.628913e-01
9.660101855623934e-03	-1.642443e-01
9.662543261873933e-03	-1.669256e-01
9.667426074373934e-03	-1.721555e-01
9.677191699373934e-03	-1.821304e-01
9.686957324373933e-03	-1.914626e-01
9.696722949373933e-03	-2.001823e-01
9.706488574373933e-03	-2.082998e-01
9.716254199373933e-03	-2.158424e-01
9.726019824373933e-03	-2.228172e-01
9.735785449373934e-03	-2.292489e-01
9.745551074373934e-03	-2.351420e-01
9.755316699373934e-03	-2.405191e-01
9.765082324373934e-03	-2.453817e-01
9.774847949373933e-03	-2.497503e-01
9.784613574373933e-03	-2.536243e-01
9.794379199373933e-03	-2.570214e-01
9.804144824373933e-03	-2.599385e-01
9.813910449373934e-03	-2.623901e-01
9.823676074373934e-03	-2.643701e-01
9.833441699373934e-03	-2.658887e-01
9.843207324373934e-03	-2.669348e-01
9.852972949373933e-03	-2.675123e-01
9.862738574373933e-03	-2.676017e-01
9.872504199373933e-03	-2.671951e-01
9.882269824373933e-03	-2.662569e-01
9.892035449373934e-03	-2.647549e-01
9.901801074373934e-03	-2.626168e-01
9.911566699373934e-03	-2.597510e-01
9.921332324373934e-03	-2.559859e-01
9.931097949373933e-03	-2.510545e-01
9.940863574373933e-03	-2.444726e-01
9.950629199373933e-03	-2.354659e-01
9.960394824373933e-03	-2.230264e-01
9.970160449373933e-03	-2.070428e-01
9.979926074373934e-03	-1.882822e-01
9.989691699373934e-03	-1.674024e-01
9.990912402498933e-03	-1.646520e-01
9.993353808748934e-03	-1.590997e-01
9.993964160311434e-03	-1.576920e-01
9.995184863436434e-03	-1.548636e-01
9.995490039217684e-03	-1.541516e-01
9.996100390780183e-03	-1.527237e-01
9.997321093905184e-03	-1.498441e-01
9.997626269686434e-03	-1.491192e-01
9.998236621248933e-03	-1.476661e-01
9.999457324373934e-03	-1.447413e-01
1.000000000000000e-02	-1.434328e-01
Step Information: Rgain=14.7007K  (Step: 4/11)
0.000000000000000e+00	4.500007e-14
5.000000058430487e-08	5.496140e-10
1.000000011686097e-07	5.638035e-08
2.000000023372195e-07	1.961022e-06
4.000000046744390e-07	2.381407e-05
8.000000093488779e-07	1.379136e-04
1.600000018697756e-06	5.756170e-04
3.200000037395512e-06	2.079332e-03
6.400000074791024e-06	6.518666e-03
1.280000014958205e-05	1.782571e-02
2.256562514958205e-05	3.755189e-02
3.233125014958205e-05	5.755957e-02
4.209687514958205e-05	7.452150e-02
5.186250014958205e-05	8.851250e-02
6.162812514958205e-05	1.013893e-01
7.139375014958204e-05	1.132892e-01
8.115937514958205e-05	1.245270e-01
9.092500014958205e-05	1.352317e-01
1.006906251495820e-04	1.454141e-01
1.104562501495821e-04	1.551121e-01
1.202218751495820e-04	1.643229e-01
1.299875001495820e-04	1.730840e-01
1.397531251495821e-04	1.813850e-01
1.495187501495821e-04	1.892575e-01
1.592843751495820e-04	1.966915e-01
1.690500001495821e-04	2.037122e-01
1.788156251495821e-04	2.103113e-01
1.885812501495820e-04	2.165104e-01
1.983468751495820e-04	2.223015e-01
2.081125001495821e-04	2.277039e-01
2.178781251495820e-04	2.327096e-01
2.276437501495820e-04	2.373360e-01
2.374093751495821e-04	2.415753e-01
2.471750001495820e-04	2.454429e-01
2.569406251495820e-04	2.489312e-01
2.667062501495821e-04	2.520537e-01
2.764718751495821e-04	2.548029e-01
2.862375001495821e-04	2.571906e-01
2.960031251495820e-04	2.592088e-01
3.057687501495820e-04	2.608672e-01
3.155343751495820e-04	2.621570e-01
3.253000001495821e-04	2.630852e-01
3.350656251495821e-04	2.636413e-01
3.448312501495821e-04	2.638282e-01
3.545968751495821e-04	2.636316e-01
3.643625001495820e-04	2.630479e-01
3.741281251495820e-04	2.620549e-01
3.838937501495821e-04	2.606363e-01
3.936593751495821e-04	2.587526e-01
4.034250001495821e-04	2.563595e-01
4.131906251495821e-04	2.533735e-01
4.229562501495820e-04	2.496742e-01
4.327218751495820e-04	2.450396e-01
4.424875001495820e-04	2.390738e-01
4.522531251495821e-04	2.309745e-01
4.620187501495821e-04	2.190144e-01
4.717843751495821e-04	2.016312e-01
4.815500001495820e-04	1.792812e-01
4.913156251495820e-04	1.535658e-01
5.010812501495820e-04	1.254713e-01
5.108468751495821e-04	9.549055e-02
5.206125001495821e-04	6.547469e-02
5.303781251495821e-04	3.892736e-02
5.401437501495821e-04	1.625100e-02
5.499093751495821e-04	-4.521460e-03
5.511300782745821e-04	-7.001309e-03
5.535714845245820e-04	-1.192065e-02
5.584542970245820e-04	-2.152045e-02
5.677586216642490e-04	-3.900361e-02
5.775242466642490e-04	-5.631840e-02
5.872898716642490e-04	-7.266095e-02
5.970554966642490e-04	-8.809419e-02
6.068211216642490e-04	-1.026665e-01
6.165867466642490e-04	-1.164215e-01
6.263523716642490e-04	-1.293997e-01
6.361179966642490e-04	-1.416337e-01
6.458836216642490e-04	-1.531563e-01
6.471043247892490e-04	-1.545427e-01
6.495457310392490e-04	-1.572939e-01
6.544285435392490e-04	-1.626687e-01
6.556492466642490e-04	-1.639796e-01
6.580906529142490e-04	-1.665681e-01
6.587010044767490e-04	-1.672137e-01
6.599217076017489e-04	-1.684925e-01
6.623631138517490e-04	-1.710175e-01
6.672459263517490e-04	-1.759507e-01
6.770115513517490e-04	-1.853494e-01
6.867771763517490e-04	-1.941457e-01
6.965428013517490e-04	-2.023578e-01
7.063084263517490e-04	-2.100075e-01
7.160740513517489e-04	-2.171098e-01
7.258396763517490e-04	-2.236840e-01
7.356053013517490e-04	-2.297424e-01
7.453709263517490e-04	-2.353018e-01
7.551365513517490e-04	-2.403725e-01
7.649021763517490e-04	-2.449689e-01
7.746678013517490e-04	-2.490993e-01
7.844334263517490e-04	-2.527761e-01
7.941990513517490e-04	-2.560057e-01
8.039646763517490e-04	-2.587984e-01
8.137303013517490e-04	-2.611586e-01
8.234959263517490e-04	-2.630939e-01
8.332615513517490e-04	-2.646064e-01
8.430271763517489e-04	-2.657006e-01
8.527928013517490e-04	-2.663746e-01
8.625584263517490e-04	-2.666282e-01
8.723240513517490e-04	-2.664533e-01
8.820896763517490e-04	-2.658411e-01
8.918553013517490e-04	-2.647719e-01
9.016209263517490e-04	-2.632196e-01
9.113865513517490e-04	-2.611387e-01
9.211521763517490e-04	-2.584618e-01
9.309178013517490e-04	-2.550742e-01
9.406834263517490e-04	-2.507829e-01
9.504490513517490e-04	-2.452279e-01
9.602146763517491e-04	-2.376992e-01
9.699803013517490e-04	-2.265956e-01
9.797459263517490e-04	-2.102003e-01
9.895115513517490e-04	-1.885777e-01
9.992771763517490e-04	-1.633583e-01
1.000497879476749e-03	-1.600063e-01
1.002939285726749e-03	-1.532261e-01
1.003549637289249e-03	-1.514990e-01
1.004770340414249e-03	-1.480272e-01
1.005075516195499e-03	-1.471533e-01
1.005685867757999e-03	-1.453987e-01
1.006906570882999e-03	-1.418677e-01
1.009347977132999e-03	-1.347094e-01
1.011688079453511e-03	-1.277326e-01
1.016368284094534e-03	-1.134811e-01
1.022127188691296e-03	-9.558330e-02
1.031892813691296e-03	-6.616111e-02
1.041658438691296e-03	-4.055732e-02
1.051424063691296e-03	-1.844699e-02
1.061189688691296e-03	1.923393e-03
1.070955313691296e-03	2.091342e-02
1.080720938691296e-03	3.879587e-02
1.090486563691296e-03	5.562115e-02
1.100252188691296e-03	7.151414e-02
1.110017813691296e-03	8.649334e-02
1.119783438691296e-03	1.006384e-01
1.129549063691296e-03	1.139631e-01
1.139314688691296e-03	1.265277e-01
1.149080313691296e-03	1.383414e-01
1.158845938691296e-03	1.494555e-01
1.168611563691296e-03	1.598794e-01
1.178377188691296e-03	1.696582e-01
1.188142813691296e-03	1.787985e-01
1.197908438691296e-03	1.873380e-01
1.207674063691296e-03	1.952827e-01
1.217439688691296e-03	2.026643e-01
1.227205313691296e-03	2.094886e-01
1.236970938691296e-03	2.157825e-01
1.246736563691296e-03	2.215507e-01
1.256502188691296e-03	2.268162e-01
1.266267813691296e-03	2.315830e-01
1.276033438691296e-03	2.358703e-01
1.285799063691296e-03	2.396810e-01
1.295564688691296e-03	2.430312e-01
1.305330313691296e-03	2.459221e-01
1.315095938691296e-03	2.483665e-01
1.324861563691296e-03	2.503636e-01
1.334627188691296e-03	2.519219e-01
1.344392813691296e-03	2.530375e-01
1.354158438691296e-03	2.537133e-01
1.363924063691296e-03	2.539395e-01
1.373689688691296e-03	2.537096e-01
1.383455313691296e-03	2.530024e-01
1.393220938691296e-03	2.517935e-01
1.402986563691296e-03	2.500359e-01
1.412752188691296e-03	2.476628e-01
1.422517813691296e-03	2.445572e-01
1.432283438691296e-03	2.405253e-01
1.442049063691296e-03	2.352015e-01
1.451814688691296e-03	2.278702e-01
1.461580313691296e-03	2.169281e-01
1.471345938691296e-03	2.006956e-01
1.481111563691296e-03	1.792607e-01
1.490877188691296e-03	1.542117e-01
1.492097891816296e-03	1.508777e-01
1.494539298066296e-03	1.441353e-01
1.499422110566296e-03	1.302233e-01
1.500642813691296e-03	1.266445e-01
1.500947989472546e-03	1.257479e-01
1.501558341035046e-03	1.239503e-01
1.502779044160046e-03	1.203248e-01
1.505220450410046e-03	1.129939e-01
1.510103262910046e-03	9.803738e-02
1.514753781383349e-03	8.358588e-02
1.524054818329955e-03	5.586042e-02
1.533820443329955e-03	3.069850e-02
1.543586068329955e-03	8.812468e-03
1.544806771454955e-03	6.206852e-03
1.545111947236204e-03	5.558013e-03
1.545722298798705e-03	4.264679e-03
1.546943001923705e-03	1.700206e-03
1.547248177704954e-03	1.063859e-03
1.547858529267455e-03	-2.062132e-04
1.548011117158080e-03	-5.231103e-04
1.548316292939330e-03	-1.155700e-03
1.548926644501829e-03	-2.415166e-03
1.550147347626830e-03	-4.917563e-03
1.552588753876830e-03	-9.856923e-03
1.556418098446399e-03	-1.743848e-02
1.564076787585537e-03	-3.204207e-02
1.573842412585537e-03	-4.968312e-02
1.583608037585537e-03	-6.632409e-02
1.593373662585537e-03	-8.203863e-02
1.603139287585537e-03	-9.687690e-02
1.612904912585537e-03	-1.108864e-01
1.622670537585537e-03	-1.241089e-01
1.632436162585537e-03	-1.365782e-01
1.642201787585537e-03	-1.483279e-01
1.651967412585537e-03	-1.593859e-01
1.653188115710537e-03	-1.607155e-01
1.655629521960537e-03	-1.633522e-01
1.660512334460537e-03	-1.684806e-01
1.661733037585537e-03	-1.697402e-01
1.664174443835537e-03	-1.722293e-01
1.669057256335537e-03	-1.770882e-01
1.678822881335537e-03	-1.863466e-01
1.688588506335537e-03	-1.950067e-01
1.698354131335537e-03	-2.030903e-01
1.708119756335537e-03	-2.106146e-01
1.717885381335537e-03	-2.175983e-01
1.727651006335537e-03	-2.240562e-01
1.737416631335537e-03	-2.300043e-01
1.747182256335537e-03	-2.354551e-01
1.756947881335537e-03	-2.404223e-01
1.766713506335537e-03	-2.449164e-01
1.776479131335537e-03	-2.489489e-01
1.786244756335537e-03	-2.525284e-01
1.796010381335537e-03	-2.556645e-01
1.805776006335537e-03	-2.583637e-01
1.815541631335537e-03	-2.606333e-01
1.825307256335537e-03	-2.624775e-01
1.835072881335537e-03	-2.639007e-01
1.844838506335537e-03	-2.649041e-01
1.854604131335537e-03	-2.654879e-01
1.864369756335537e-03	-2.656480e-01
1.874135381335537e-03	-2.653782e-01
1.883901006335537e-03	-2.646651e-01
1.893666631335537e-03	-2.634892e-01
1.903432256335537e-03	-2.618181e-01
1.913197881335537e-03	-2.596032e-01
1.922963506335537e-03	-2.567648e-01
1.932729131335537e-03	-2.531732e-01
1.942494756335537e-03	-2.485995e-01
1.952260381335537e-03	-2.426148e-01
1.962026006335538e-03	-2.343542e-01
1.971791631335537e-03	-2.219665e-01
1.981557256335538e-03	-2.040123e-01
1.991322881335537e-03	-1.812567e-01
2.001088506335537e-03	-1.553284e-01
2.002309209460537e-03	-1.518922e-01
2.002614385241787e-03	-1.510292e-01
2.003224736804287e-03	-1.492998e-01
2.004445439929288e-03	-1.458147e-01
2.004750615710537e-03	-1.449363e-01
2.005360967273037e-03	-1.431762e-01
2.006581670398037e-03	-1.396327e-01
2.009023076648037e-03	-1.324492e-01
2.013905889148037e-03	-1.177317e-01
2.019347677491009e-03	-1.009011e-01
2.029113302491009e-03	-7.104488e-02
2.038878927491009e-03	-4.459188e-02
2.048644552491009e-03	-2.196422e-02
2.058410177491009e-03	-1.308203e-03
2.068175802491009e-03	1.792927e-02
2.077941427491009e-03	3.602312e-02
2.087707052491009e-03	5.304793e-02
2.097472677491009e-03	6.912390e-02
2.107238302491009e-03	8.428078e-02
2.117003927491009e-03	9.859245e-02
2.126769552491009e-03	1.120811e-01
2.136535177491009e-03	1.247997e-01
2.146300802491009e-03	1.367664e-01
2.156066427491009e-03	1.480234e-01
2.165832052491009e-03	1.585923e-01
2.175597677491009e-03	1.685053e-01
2.185363302491009e-03	1.777832e-01
2.195128927491009e-03	1.864503e-01
2.204894552491009e-03	1.945259e-01
2.214660177491009e-03	2.020300e-01
2.224425802491009e-03	2.089799e-01
2.234191427491009e-03	2.153919e-01
2.243957052491009e-03	2.212815e-01
2.253722677491009e-03	2.266618e-01
2.263488302491009e-03	2.315467e-01
2.273253927491009e-03	2.359462e-01
2.283019552491009e-03	2.398729e-01
2.292785177491009e-03	2.433338e-01
2.302550802491009e-03	2.463396e-01
2.312316427491009e-03	2.488946e-01
2.322082052491009e-03	2.510071e-01
2.331847677491009e-03	2.526778e-01
2.341613302491009e-03	2.539118e-01
2.351378927491009e-03	2.547050e-01
2.361144552491009e-03	2.550568e-01
2.370910177491009e-03	2.549551e-01
2.380675802491009e-03	2.543888e-01
2.390441427491009e-03	2.533308e-01
2.400207052491009e-03	2.517473e-01
2.409972677491009e-03	2.495761e-01
2.419738302491009e-03	2.467257e-01
2.429503927491009e-03	2.430327e-01
2.439269552491009e-03	2.382124e-01
2.449035177491009e-03	2.317055e-01
2.458800802491009e-03	2.223923e-01
2.468566427491009e-03	2.081877e-01
2.478332052491009e-03	1.883610e-01
2.488097677491009e-03	1.644346e-01
2.497863302491009e-03	1.377222e-01
2.499084005616009e-03	1.342012e-01
2.501525411866009e-03	1.270969e-01
2.502135763428509e-03	1.252970e-01
2.503356466553509e-03	1.216779e-01
2.505797872803509e-03	1.143451e-01
2.509839800543536e-03	1.019941e-01
2.514057742206969e-03	8.889623e-02
2.522493625533835e-03	6.325630e-02
2.532259250533835e-03	3.705162e-02
2.542024875533835e-03	1.458478e-02
2.543245578658835e-03	1.192379e-02
2.545686984908836e-03	6.673532e-03
2.550569797408836e-03	-3.503045e-03
2.551790500533835e-03	-5.984780e-03
2.554231906783835e-03	-1.089972e-02
2.559114719283836e-03	-2.048093e-02
2.568880344283835e-03	-3.876505e-02
2.578645969283836e-03	-5.598782e-02
2.588411594283835e-03	-7.224442e-02
2.598177219283836e-03	-8.759439e-02
2.607942844283835e-03	-1.020890e-01
2.617708469283836e-03	-1.157690e-01
2.627474094283835e-03	-1.286770e-01
2.637239719283836e-03	-1.408431e-01
2.647005344283835e-03	-1.523018e-01
2.648226047408836e-03	-1.536802e-01
2.650667453658836e-03	-1.564157e-01
2.655550266158835e-03	-1.617603e-01
2.656770969283836e-03	-1.630647e-01
2.659212375533836e-03	-1.656390e-01
2.659822727096335e-03	-1.662803e-01
2.661043430221335e-03	-1.675515e-01
2.663484836471336e-03	-1.700620e-01
2.668367648971335e-03	-1.749660e-01
2.678133273971335e-03	-1.843084e-01
2.687898898971336e-03	-1.930499e-01
2.697664523971335e-03	-2.012092e-01
2.707430148971336e-03	-2.088072e-01
2.717195773971335e-03	-2.158593e-01
2.726961398971336e-03	-2.223840e-01
2.736727023971335e-03	-2.283942e-01
2.746492648971336e-03	-2.339057e-01
2.756258273971335e-03	-2.389294e-01
2.766023898971336e-03	-2.434788e-01
2.785555148971336e-03	-2.511929e-01
2.805086398971336e-03	-2.571214e-01
2.824617648971336e-03	-2.613204e-01
2.844148898971335e-03	-2.638249e-01
2.863680148971335e-03	-2.646401e-01
2.883211398971335e-03	-2.637221e-01
2.892977023971335e-03	-2.625757e-01
2.902742648971335e-03	-2.609340e-01
2.912508273971335e-03	-2.587457e-01
2.922273898971335e-03	-2.559337e-01
2.932039523971336e-03	-2.523659e-01
2.941805148971335e-03	-2.478154e-01
2.951570773971336e-03	-2.418512e-01
2.961336398971335e-03	-2.336103e-01
2.971102023971336e-03	-2.212410e-01
2.980867648971335e-03	-2.033081e-01
2.990633273971336e-03	-1.805742e-01
3.000398898971335e-03	-1.546644e-01
3.001619602096336e-03	-1.512287e-01
3.004061008346335e-03	-1.442795e-01
3.004671359908835e-03	-1.425167e-01
3.005892063033836e-03	-1.389747e-01
3.008333469283836e-03	-1.317944e-01
3.013216281783835e-03	-1.170824e-01
3.020354071221599e-03	-9.498205e-02
3.030119696221599e-03	-6.549613e-02
3.039885321221599e-03	-3.980728e-02
3.049650946221599e-03	-1.765253e-02
3.059416571221599e-03	2.741422e-03
3.069182196221599e-03	2.175359e-02
3.078947821221599e-03	3.965631e-02
3.088713446221599e-03	5.650301e-02
3.098479071221599e-03	7.242019e-02
3.108244696221599e-03	8.742297e-02
3.118010321221599e-03	1.015909e-01
3.127775946221599e-03	1.149415e-01
3.137541571221598e-03	1.275319e-01
3.147307196221599e-03	1.393737e-01
3.157072821221598e-03	1.505177e-01
3.166838446221599e-03	1.609721e-01
3.176604071221598e-03	1.707839e-01
3.186369696221599e-03	1.799575e-01
3.196135321221598e-03	1.885326e-01
3.205900946221599e-03	1.965135e-01
3.215666571221599e-03	2.039335e-01
3.225432196221599e-03	2.107968e-01
3.235197821221599e-03	2.171319e-01
3.244963446221599e-03	2.229420e-01
3.254729071221599e-03	2.282516e-01
3.264494696221599e-03	2.330633e-01
3.274260321221599e-03	2.373977e-01
3.284025946221599e-03	2.412565e-01
3.293791571221599e-03	2.446572e-01
3.303557196221599e-03	2.476001e-01
3.313322821221599e-03	2.500991e-01
3.323088446221599e-03	2.521529e-01
3.332854071221599e-03	2.537714e-01
3.342619696221599e-03	2.549504e-01
3.352385321221599e-03	2.556943e-01
3.362150946221599e-03	2.559940e-01
3.371916571221599e-03	2.558453e-01
3.381682196221599e-03	2.552288e-01
3.391447821221599e-03	2.541246e-01
3.401213446221598e-03	2.524908e-01
3.410979071221599e-03	2.502714e-01
3.420744696221598e-03	2.473661e-01
3.430510321221599e-03	2.436145e-01
3.440275946221598e-03	2.387187e-01
3.450041571221599e-03	2.321102e-01
3.459807196221599e-03	2.226332e-01
3.469572821221599e-03	2.081916e-01
3.479338446221599e-03	1.881363e-01
3.489104071221599e-03	1.640605e-01
3.498869696221599e-03	1.372339e-01
3.500090399346599e-03	1.337004e-01
3.502531805596599e-03	1.265718e-01
3.503142157159099e-03	1.247659e-01
3.504362860284099e-03	1.211333e-01
3.506804266534099e-03	1.137812e-01
3.510960400487548e-03	1.010469e-01
3.515248769449354e-03	8.771525e-02
3.523825507372964e-03	6.178020e-02
3.533591132372964e-03	3.588813e-02
3.543356757372964e-03	1.360177e-02
3.544577460497964e-03	1.095340e-02
3.547018866747964e-03	5.730141e-03
3.547629218310464e-03	4.447000e-03
3.548849921435464e-03	1.891734e-03
3.549155097216714e-03	1.257140e-03
3.549765448779214e-03	-9.057198e-06
3.550986151904214e-03	-2.523628e-03
3.551291327685464e-03	-3.148174e-03
3.551367621630777e-03	-3.304535e-03
3.551520209521402e-03	-3.617099e-03
3.551825385302652e-03	-4.240048e-03
3.552435736865152e-03	-5.481333e-03
3.553656439990152e-03	-7.948238e-03
3.556097846240152e-03	-1.281928e-02
3.560980658740152e-03	-2.232581e-02
3.570746283740152e-03	-4.047288e-02
3.580511908740152e-03	-5.757328e-02
3.590277533740152e-03	-7.371274e-02
3.600043158740152e-03	-8.895365e-02
3.609808783740152e-03	-1.033423e-01
3.619574408740152e-03	-1.169220e-01
3.629340033740152e-03	-1.297318e-01
3.639105658740152e-03	-1.418041e-01
3.648871283740152e-03	-1.531706e-01
3.658636908740152e-03	-1.638517e-01
3.659857611865152e-03	-1.651282e-01
3.662299018115152e-03	-1.676676e-01
3.667181830615152e-03	-1.726270e-01
3.676947455615152e-03	-1.820772e-01
3.686713080615152e-03	-1.909212e-01
3.696478705615152e-03	-1.991788e-01
3.706244330615152e-03	-2.068706e-01
3.716009955615152e-03	-2.140131e-01
3.725775580615152e-03	-2.206242e-01
3.735541205615152e-03	-2.267175e-01
3.745306830615152e-03	-2.323089e-01
3.755072455615152e-03	-2.374096e-01
3.764838080615152e-03	-2.420331e-01
3.774603705615152e-03	-2.461886e-01
3.784369330615152e-03	-2.498878e-01
3.794134955615152e-03	-2.531376e-01
3.803900580615152e-03	-2.559477e-01
3.813666205615152e-03	-2.583230e-01
3.823431830615152e-03	-2.602704e-01
3.833197455615152e-03	-2.617921e-01
3.842963080615152e-03	-2.628919e-01
3.852728705615152e-03	-2.635682e-01
3.862494330615152e-03	-2.638193e-01
3.872259955615152e-03	-2.636370e-01
3.882025580615152e-03	-2.630108e-01
3.891791205615152e-03	-2.619196e-01
3.901556830615152e-03	-2.603342e-01
3.911322455615152e-03	-2.582051e-01
3.921088080615151e-03	-2.554572e-01
3.930853705615152e-03	-2.519631e-01
3.940619330615152e-03	-2.475042e-01
3.950384955615152e-03	-2.416676e-01
3.960150580615151e-03	-2.336287e-01
3.969916205615152e-03	-2.215940e-01
3.979681830615152e-03	-2.040465e-01
3.989447455615152e-03	-1.815888e-01
3.999213080615151e-03	-1.558619e-01
4.000433783740152e-03	-1.524502e-01
4.000738959521402e-03	-1.515929e-01
4.001349311083902e-03	-1.498745e-01
4.002570014208902e-03	-1.464119e-01
4.002875189990152e-03	-1.455386e-01
4.003485541552652e-03	-1.437882e-01
4.004706244677652e-03	-1.402650e-01
4.007147650927652e-03	-1.331205e-01
4.010141491731158e-03	-1.241907e-01
4.016129173338172e-03	-1.058657e-01
4.023462957589081e-03	-8.308648e-02
4.033228582589081e-03	-5.481441e-02
4.042994207589081e-03	-3.067256e-02
4.052759832589081e-03	-9.323183e-03
4.062525457589081e-03	1.052771e-02
4.072291082589081e-03	2.909930e-02
4.082056707589081e-03	4.659282e-02
4.091822332589081e-03	6.307759e-02
4.101587957589081e-03	7.864347e-02
4.111353582589081e-03	9.332585e-02
4.121119207589081e-03	1.071845e-01
4.130884832589081e-03	1.202458e-01
4.140650457589081e-03	1.325565e-01
4.150416082589081e-03	1.441323e-01
4.160181707589081e-03	1.550215e-01
4.169947332589081e-03	1.652330e-01
4.179712957589081e-03	1.748112e-01
4.189478582589081e-03	1.837606e-01
4.199244207589081e-03	1.921203e-01
4.209009832589081e-03	1.998933e-01
4.218775457589080e-03	2.071136e-01
4.228541082589081e-03	2.137831e-01
4.238306707589081e-03	2.199318e-01
4.248072332589081e-03	2.255604e-01
4.257837957589081e-03	2.306951e-01
4.267603582589081e-03	2.353358e-01
4.277369207589081e-03	2.395053e-01
4.287134832589081e-03	2.432021e-01
4.296900457589081e-03	2.464461e-01
4.306666082589081e-03	2.492343e-01
4.316431707589081e-03	2.515832e-01
4.326197332589081e-03	2.534880e-01
4.335962957589081e-03	2.549611e-01
4.345728582589081e-03	2.559944e-01
4.355494207589081e-03	2.565948e-01
4.365259832589081e-03	2.567486e-01
4.375025457589081e-03	2.564536e-01
4.384791082589081e-03	2.556850e-01
4.394556707589081e-03	2.544229e-01
4.404322332589081e-03	2.526174e-01
4.414087957589081e-03	2.502076e-01
4.423853582589081e-03	2.470762e-01
4.433619207589081e-03	2.430394e-01
4.443384832589081e-03	2.377420e-01
4.453150457589081e-03	2.305007e-01
4.462916082589080e-03	2.197609e-01
4.472681707589081e-03	2.038021e-01
4.482447332589081e-03	1.825586e-01
4.492212957589081e-03	1.576071e-01
4.501978582589081e-03	1.301636e-01
4.511744207589081e-03	1.006934e-01
4.521509832589081e-03	7.061562e-02
4.531275457589081e-03	4.339708e-02
4.541041082589081e-03	2.029001e-02
4.550806707589081e-03	-6.221968e-04
4.552027410714081e-03	-3.122883e-03
4.554468816964080e-03	-8.074641e-03
4.555079168526581e-03	-9.295139e-03
4.556299871651581e-03	-1.172651e-02
4.558741277901581e-03	-1.652974e-02
4.563624090401581e-03	-2.590892e-02
4.573389715401581e-03	-4.382449e-02
4.583155340401581e-03	-6.071328e-02
4.592920965401581e-03	-7.665887e-02
4.602686590401581e-03	-9.171042e-02
4.612452215401581e-03	-1.059205e-01
4.622217840401581e-03	-1.193302e-01
4.631983465401581e-03	-1.319761e-01
4.641749090401581e-03	-1.438909e-01
4.651514715401581e-03	-1.551052e-01
4.661280340401580e-03	-1.656317e-01
4.662501043526581e-03	-1.668907e-01
4.664942449776581e-03	-1.693942e-01
4.669825262276581e-03	-1.742827e-01
4.679590887276581e-03	-1.835946e-01
4.689356512276581e-03	-1.923041e-01
4.699122137276581e-03	-2.004310e-01
4.708887762276581e-03	-2.079952e-01
4.718653387276581e-03	-2.150133e-01
4.728419012276581e-03	-2.215026e-01
4.738184637276581e-03	-2.274769e-01
4.747950262276581e-03	-2.329512e-01
4.757715887276581e-03	-2.379371e-01
4.767481512276581e-03	-2.424474e-01
4.777247137276581e-03	-2.464917e-01
4.787012762276581e-03	-2.500806e-01
4.796778387276581e-03	-2.532217e-01
4.806544012276581e-03	-2.559235e-01
4.816309637276581e-03	-2.581913e-01
4.826075262276581e-03	-2.600311e-01
4.835840887276581e-03	-2.614452e-01
4.845606512276581e-03	-2.624362e-01
4.855372137276581e-03	-2.630021e-01
4.865137762276581e-03	-2.631398e-01
4.874903387276580e-03	-2.628403e-01
4.884669012276581e-03	-2.620902e-01
4.894434637276581e-03	-2.608662e-01
4.904200262276581e-03	-2.591337e-01
4.913965887276581e-03	-2.568364e-01
4.923731512276581e-03	-2.538860e-01
4.933497137276581e-03	-2.501323e-01
4.943262762276581e-03	-2.453099e-01
4.953028387276581e-03	-2.389078e-01
4.962794012276581e-03	-2.298938e-01
4.972559637276581e-03	-2.162300e-01
4.982325262276581e-03	-1.969180e-01
4.992090887276581e-03	-1.732837e-01
4.993311590401581e-03	-1.700810e-01
4.995752996651581e-03	-1.635997e-01
4.996363348214081e-03	-1.619512e-01
4.997584051339081e-03	-1.586353e-01
5.000025457589081e-03	-1.518883e-01
5.000635809151581e-03	-1.501692e-01
5.001856512276581e-03	-1.467137e-01
5.002161688057831e-03	-1.458436e-01
5.002772039620331e-03	-1.440973e-01
5.003992742745331e-03	-1.405824e-01
5.006434148995331e-03	-1.334540e-01
5.009064364589312e-03	-1.256345e-01
5.014324795777275e-03	-1.096166e-01
5.020819985322006e-03	-8.942845e-02
5.030585610322007e-03	-6.038555e-02
5.040351235322007e-03	-3.534915e-02
5.050116860322007e-03	-1.357311e-02
5.059882485322006e-03	6.600881e-03
5.069648110322007e-03	2.542751e-02
5.079413735322007e-03	4.315783e-02
5.089179360322007e-03	5.985470e-02
5.098944985322006e-03	7.562523e-02
5.108710610322007e-03	9.049761e-02
5.118476235322007e-03	1.045411e-01
5.128241860322007e-03	1.177765e-01
5.138007485322007e-03	1.302570e-01
5.147773110322007e-03	1.419953e-01
5.157538735322007e-03	1.530418e-01
5.167304360322007e-03	1.634041e-01
5.177069985322007e-03	1.731292e-01
5.186835610322006e-03	1.822205e-01
5.196601235322007e-03	1.907187e-01
5.206366860322007e-03	1.986258e-01
5.216132485322007e-03	2.059773e-01
5.225898110322006e-03	2.127745e-01
5.235663735322007e-03	2.190483e-01
5.245429360322007e-03	2.247993e-01
5.255194985322007e-03	2.300542e-01
5.264960610322006e-03	2.348128e-01
5.274726235322007e-03	2.390985e-01
5.284491860322007e-03	2.429099e-01
5.294257485322007e-03	2.462672e-01
5.304023110322006e-03	2.491678e-01
5.313788735322007e-03	2.516284e-01
5.323554360322007e-03	2.536448e-01
5.333319985322007e-03	2.552296e-01
5.343085610322006e-03	2.563759e-01
5.352851235322007e-03	2.570911e-01
5.362616860322007e-03	2.573630e-01
5.372382485322007e-03	2.571906e-01
5.382148110322007e-03	2.565521e-01
5.391913735322007e-03	2.554305e-01
5.401679360322007e-03	2.537823e-01
5.411444985322007e-03	2.515551e-01
5.421210610322007e-03	2.486483e-01
5.430976235322006e-03	2.449082e-01
5.440741860322007e-03	2.400428e-01
5.450507485322007e-03	2.335040e-01
5.460273110322007e-03	2.241683e-01
5.470038735322006e-03	2.099544e-01
5.479804360322007e-03	1.901042e-01
5.489569985322007e-03	1.661442e-01
5.499335610322007e-03	1.393971e-01
5.500556313447006e-03	1.358733e-01
5.502997719697007e-03	1.287620e-01
5.503608071259507e-03	1.269604e-01
5.504828774384507e-03	1.233410e-01
5.507270180634506e-03	1.160004e-01
5.511813702653741e-03	1.020928e-01
5.515947326941093e-03	8.923389e-02
5.524214575515799e-03	6.413551e-02
5.533501032004310e-03	3.915132e-02
5.543266657004310e-03	1.656400e-02
5.544487360129311e-03	1.391457e-02
5.546928766379310e-03	8.665123e-03
5.551811578879310e-03	-1.548523e-03
5.553032282004311e-03	-4.035216e-03
5.553337457785561e-03	-4.655987e-03
5.553947809348061e-03	-5.894074e-03
5.555168512473061e-03	-8.351402e-03
5.557609918723060e-03	-1.320457e-02
5.562234313801481e-03	-2.218339e-02
5.569779411376039e-03	-3.627515e-02
5.579545036376039e-03	-5.357444e-02
5.589310661376039e-03	-6.989634e-02
5.599076286376039e-03	-8.530843e-02
5.608841911376039e-03	-9.985705e-02
5.618607536376038e-03	-1.135881e-01
5.628373161376039e-03	-1.265405e-01
5.638138786376039e-03	-1.387482e-01
5.647904411376039e-03	-1.502428e-01
5.657670036376039e-03	-1.610512e-01
5.658890739501039e-03	-1.623484e-01
5.661332145751039e-03	-1.649108e-01
5.661942497313539e-03	-1.655486e-01
5.663163200438539e-03	-1.668134e-01
5.665604606688539e-03	-1.693109e-01
5.670487419188539e-03	-1.741889e-01
5.680253044188539e-03	-1.834786e-01
5.690018669188539e-03	-1.921668e-01
5.699784294188539e-03	-2.002720e-01
5.709549919188539e-03	-2.078150e-01
5.719315544188539e-03	-2.148114e-01
5.729081169188539e-03	-2.212794e-01
5.738846794188539e-03	-2.272321e-01
5.748612419188539e-03	-2.326851e-01
5.758378044188539e-03	-2.376493e-01
5.768143669188539e-03	-2.421381e-01
5.787674919188539e-03	-2.497274e-01
5.807206169188539e-03	-2.555254e-01
5.816971794188538e-03	-2.577699e-01
5.826737419188539e-03	-2.595863e-01
5.836503044188539e-03	-2.609761e-01
5.846268669188539e-03	-2.619421e-01
5.856034294188539e-03	-2.624817e-01
5.865799919188539e-03	-2.625920e-01
5.875565544188539e-03	-2.622627e-01
5.885331169188539e-03	-2.614805e-01
5.895096794188539e-03	-2.602202e-01
5.904862419188539e-03	-2.584463e-01
5.914628044188539e-03	-2.560990e-01
5.924393669188539e-03	-2.530860e-01
5.934159294188539e-03	-2.492475e-01
5.943924919188539e-03	-2.443009e-01
5.953690544188539e-03	-2.376959e-01
5.963456169188539e-03	-2.283231e-01
5.973221794188539e-03	-2.140911e-01
5.982987419188539e-03	-1.942270e-01
5.992753044188539e-03	-1.702502e-01
5.993973747313539e-03	-1.670156e-01
5.996415153563539e-03	-1.604714e-01
5.997025505126039e-03	-1.588075e-01
5.998246208251039e-03	-1.554609e-01
5.998551384032289e-03	-1.546171e-01
5.999161735594789e-03	-1.529240e-01
6.000382438719789e-03	-1.495037e-01
6.000687614501039e-03	-1.486419e-01
6.001297966063539e-03	-1.469130e-01
6.002518669188539e-03	-1.434277e-01
6.004960075438539e-03	-1.363605e-01
6.007265051359633e-03	-1.295697e-01
6.010879458215734e-03	-1.187074e-01
6.016678016236189e-03	-1.008485e-01
6.026443641236189e-03	-7.090694e-02
6.036209266236188e-03	-4.420975e-02
6.045974891236188e-03	-2.142633e-02
6.055740516236189e-03	-7.005125e-04
6.065506141236189e-03	1.860068e-02
6.075271766236188e-03	3.674723e-02
6.085037391236188e-03	5.382586e-02
6.094803016236189e-03	6.995215e-02
6.104568641236189e-03	8.516189e-02
6.114334266236188e-03	9.952497e-02
6.124099891236188e-03	1.130677e-01
6.133865516236188e-03	1.258399e-01
6.143631141236189e-03	1.378624e-01
6.153396766236188e-03	1.491758e-01
6.163162391236188e-03	1.598027e-01
6.172928016236188e-03	1.697750e-01
6.182693641236189e-03	1.791133e-01
6.192459266236188e-03	1.878426e-01
6.202224891236188e-03	1.959817e-01
6.211990516236188e-03	2.035508e-01
6.221756141236189e-03	2.105672e-01
6.231521766236188e-03	2.170472e-01
6.241287391236188e-03	2.230064e-01
6.251053016236188e-03	2.284580e-01
6.260818641236189e-03	2.334158e-01
6.270584266236189e-03	2.378902e-01
6.280349891236188e-03	2.418934e-01
6.290115516236188e-03	2.454333e-01
6.299881141236189e-03	2.485201e-01
6.309646766236189e-03	2.511591e-01
6.319412391236188e-03	2.533584e-01
6.329178016236188e-03	2.551199e-01
6.338943641236189e-03	2.564489e-01
6.348709266236189e-03	2.573429e-01
6.358474891236188e-03	2.578021e-01
6.368240516236188e-03	2.578172e-01
6.378006141236188e-03	2.573795e-01
6.387771766236189e-03	2.564669e-01
6.397537391236188e-03	2.550521e-01
6.407303016236188e-03	2.530847e-01
6.417068641236188e-03	2.504921e-01
6.426834266236189e-03	2.471464e-01
6.436599891236188e-03	2.428336e-01
6.446365516236188e-03	2.371452e-01
6.456131141236188e-03	2.292727e-01
6.465896766236189e-03	2.174497e-01
6.475662391236188e-03	2.001364e-01
6.485428016236188e-03	1.778583e-01
6.495193641236188e-03	1.522488e-01
6.496414344361189e-03	1.488526e-01
6.498855750611188e-03	1.419900e-01
6.503738563111188e-03	1.278558e-01
6.504959266236189e-03	1.242241e-01
6.507400672486188e-03	1.168930e-01
6.512283484986188e-03	1.019473e-01
6.517081117815390e-03	8.702151e-02
6.526676383473795e-03	5.836122e-02
6.536442008473795e-03	3.309524e-02
6.546207633473794e-03	1.120530e-02
6.547428336598794e-03	8.601997e-03
6.549869742848794e-03	3.453640e-03
6.550480094411295e-03	2.184465e-03
6.551700797536295e-03	-3.424026e-04
6.554142203786295e-03	-5.326862e-03
6.554752555348794e-03	-6.558001e-03
6.555973258473794e-03	-9.008581e-03
6.558414664723794e-03	-1.384635e-02
6.563297477223794e-03	-2.329087e-02
6.569943992970824e-03	-3.568325e-02
6.579709617970824e-03	-5.300146e-02
6.589475242970825e-03	-6.934004e-02
6.599240867970825e-03	-8.476761e-02
6.609006492970824e-03	-9.933020e-02
6.618772117970824e-03	-1.130741e-01
6.628537742970825e-03	-1.260383e-01
6.638303367970825e-03	-1.382566e-01
6.648068992970825e-03	-1.497609e-01
6.657834617970824e-03	-1.605783e-01
6.659055321095825e-03	-1.618773e-01
6.661496727345824e-03	-1.644429e-01
6.662107078908325e-03	-1.650804e-01
6.663327782033325e-03	-1.663459e-01
6.665769188283325e-03	-1.688456e-01
6.670652000783325e-03	-1.737271e-01
6.680417625783325e-03	-1.830238e-01
6.690183250783324e-03	-1.917178e-01
6.699948875783324e-03	-1.998284e-01
6.709714500783325e-03	-2.073759e-01
6.719480125783325e-03	-2.143764e-01
6.729245750783324e-03	-2.208475e-01
6.739011375783324e-03	-2.268030e-01
6.748777000783325e-03	-2.322579e-01
6.758542625783325e-03	-2.372237e-01
6.768308250783324e-03	-2.417132e-01
6.778073875783324e-03	-2.457360e-01
6.787839500783325e-03	-2.493027e-01
6.797605125783325e-03	-2.524207e-01
6.807370750783324e-03	-2.550986e-01
6.817136375783324e-03	-2.573415e-01
6.826902000783325e-03	-2.591552e-01
6.836667625783325e-03	-2.605420e-01
6.846433250783325e-03	-2.615040e-01
6.856198875783324e-03	-2.620390e-01
6.865964500783325e-03	-2.621435e-01
6.885495750783325e-03	-2.610165e-01
6.895261375783324e-03	-2.597459e-01
6.905027000783325e-03	-2.579586e-01
6.914792625783325e-03	-2.555940e-01
6.924558250783325e-03	-2.525572e-01
6.934323875783324e-03	-2.486845e-01
6.944089500783324e-03	-2.436846e-01
6.953855125783325e-03	-2.369892e-01
6.963620750783325e-03	-2.274521e-01
6.973386375783324e-03	-2.129659e-01
6.983152000783324e-03	-1.928647e-01
6.992917625783325e-03	-1.687451e-01
6.994138328908325e-03	-1.654969e-01
6.996579735158325e-03	-1.589257e-01
6.997190086720824e-03	-1.572552e-01
6.998410789845824e-03	-1.538950e-01
6.998715965627075e-03	-1.530472e-01
6.999326317189574e-03	-1.513448e-01
7.000547020314575e-03	-1.479112e-01
7.000852196095825e-03	-1.470463e-01
7.001462547658325e-03	-1.453106e-01
7.002683250783325e-03	-1.418132e-01
7.004746108096158e-03	-1.358318e-01
7.006916529244516e-03	-1.294372e-01
7.011257371541233e-03	-1.163714e-01
7.015755996571445e-03	-1.025056e-01
7.024753246631872e-03	-7.475933e-02
7.034518871631872e-03	-4.746808e-02
7.044284496631872e-03	-2.423061e-02
7.054050121631871e-03	-3.293625e-03
7.063815746631871e-03	1.619803e-02
7.073581371631872e-03	3.449478e-02
7.083346996631872e-03	5.172036e-02
7.093112621631871e-03	6.797559e-02
7.102878246631871e-03	8.331356e-02
7.112643871631872e-03	9.779347e-02
7.122409496631872e-03	1.114522e-01
7.132175121631871e-03	1.243322e-01
7.141940746631871e-03	1.364623e-01
7.151706371631872e-03	1.478746e-01
7.161471996631872e-03	1.586022e-01
7.171237621631871e-03	1.686667e-01
7.181003246631871e-03	1.780992e-01
7.190768871631872e-03	1.869155e-01
7.200534496631872e-03	1.951433e-01
7.210300121631871e-03	2.027950e-01
7.220065746631871e-03	2.098955e-01
7.229831371631872e-03	2.164543e-01
7.239596996631872e-03	2.224938e-01
7.249362621631871e-03	2.280210e-01
7.259128246631871e-03	2.330560e-01
7.268893871631872e-03	2.376036e-01
7.278659496631872e-03	2.416815e-01
7.288425121631872e-03	2.452926e-01
7.298190746631871e-03	2.484524e-01
7.307956371631871e-03	2.511615e-01
7.317721996631872e-03	2.534328e-01
7.327487621631872e-03	2.552644e-01
7.337253246631871e-03	2.566656e-01
7.347018871631871e-03	2.576308e-01
7.356784496631872e-03	2.581644e-01
7.366550121631872e-03	2.582546e-01
7.376315746631871e-03	2.578970e-01
7.386081371631871e-03	2.570683e-01
7.395846996631872e-03	2.557465e-01
7.405612621631872e-03	2.538827e-01
7.415378246631871e-03	2.514137e-01
7.425143871631871e-03	2.482216e-01
7.434909496631872e-03	2.441184e-01
7.444675121631872e-03	2.387435e-01
7.454440746631871e-03	2.313980e-01
7.464206371631871e-03	2.204995e-01
7.473971996631872e-03	2.043374e-01
7.483737621631872e-03	1.829219e-01
7.493503246631871e-03	1.578517e-01
7.503268871631871e-03	1.303124e-01
7.513034496631872e-03	1.007753e-01
7.522800121631872e-03	7.071264e-02
7.532565746631872e-03	4.360945e-02
7.542331371631871e-03	2.058292e-02
7.552096996631872e-03	-2.938473e-04
7.553317699756872e-03	-2.790316e-03
7.553622875538121e-03	-3.412766e-03
7.554233227100622e-03	-4.654146e-03
7.554385814991247e-03	-4.963214e-03
7.554690990772496e-03	-5.580598e-03
7.554767284717809e-03	-5.734670e-03
7.554919872608434e-03	-6.042636e-03
7.555225048389684e-03	-6.658055e-03
7.555301342334997e-03	-6.811898e-03
7.555453930225622e-03	-7.119227e-03
7.555759106006871e-03	-7.731983e-03
7.556369457569372e-03	-8.953488e-03
7.557590160694371e-03	-1.138128e-02
7.560031566944372e-03	-1.617743e-02
7.564559298926780e-03	-2.487188e-02
7.573614762891598e-03	-4.153438e-02
7.583380387891598e-03	-5.850766e-02
7.593146012891599e-03	-7.452983e-02
7.602911637891598e-03	-8.965272e-02
7.612677262891598e-03	-1.039282e-01
7.622442887891598e-03	-1.173993e-01
7.632208512891599e-03	-1.301015e-01
7.641974137891598e-03	-1.420693e-01
7.651739762891598e-03	-1.533321e-01
7.652960466016598e-03	-1.546869e-01
7.655401872266598e-03	-1.573743e-01
7.656012223829098e-03	-1.580384e-01
7.657232926954098e-03	-1.593609e-01
7.659674333204098e-03	-1.619742e-01
7.660284684766598e-03	-1.626182e-01
7.661505387891598e-03	-1.638941e-01
7.661810563672849e-03	-1.642152e-01
7.662420915235348e-03	-1.648522e-01
7.663641618360348e-03	-1.661163e-01
7.666083024610348e-03	-1.686162e-01
7.670965837110348e-03	-1.734952e-01
7.680731462110348e-03	-1.827894e-01
7.690497087110349e-03	-1.914786e-01
7.700262712110348e-03	-1.995857e-01
7.710028337110348e-03	-2.071276e-01
7.719793962110348e-03	-2.141240e-01
7.729559587110349e-03	-2.205888e-01
7.739325212110348e-03	-2.265394e-01
7.749090837110348e-03	-2.319874e-01
7.758856462110348e-03	-2.369475e-01
7.768622087110349e-03	-2.414295e-01
7.788153337110348e-03	-2.490043e-01
7.807684587110349e-03	-2.547842e-01
7.817450212110348e-03	-2.570191e-01
7.827215837110348e-03	-2.588229e-01
7.836981462110348e-03	-2.602007e-01
7.846747087110348e-03	-2.611517e-01
7.856512712110348e-03	-2.616763e-01
7.866278337110347e-03	-2.617679e-01
7.885809587110349e-03	-2.606126e-01
7.895575212110349e-03	-2.593253e-01
7.905340837110348e-03	-2.575168e-01
7.915106462110348e-03	-2.551276e-01
7.924872087110348e-03	-2.520572e-01
7.934637712110348e-03	-2.481395e-01
7.944403337110348e-03	-2.430699e-01
7.954168962110349e-03	-2.362599e-01
7.963934587110349e-03	-2.265163e-01
7.973700212110349e-03	-2.117192e-01
7.983465837110348e-03	-1.913342e-01
7.993231462110348e-03	-1.670445e-01
7.994452165235349e-03	-1.637794e-01
7.996893571485348e-03	-1.571754e-01
7.997503923047848e-03	-1.554967e-01
7.998724626172848e-03	-1.521187e-01
8.001166032422848e-03	-1.452367e-01
8.001700180241891e-03	-1.437092e-01
8.002768475879978e-03	-1.406396e-01
8.004905067156150e-03	-1.344281e-01
8.007689583470963e-03	-1.261857e-01
8.013090301372741e-03	-1.097867e-01
8.018013900028653e-03	-9.449678e-02
8.027779525028653e-03	-6.493694e-02
8.037545150028655e-03	-3.907700e-02
8.047310775028654e-03	-1.683623e-02
8.057076400028654e-03	3.603840e-03
8.066842025028654e-03	2.265385e-02
8.076607650028654e-03	4.059257e-02
8.086373275028653e-03	5.747381e-02
8.096138900028653e-03	7.342399e-02
8.105904525028653e-03	8.846249e-02
8.115670150028655e-03	1.026692e-01
8.125435775028654e-03	1.160592e-01
8.135201400028654e-03	1.286903e-01
8.144967025028654e-03	1.405732e-01
8.154732650028654e-03	1.517611e-01
8.164498275028654e-03	1.622598e-01
8.174263900028653e-03	1.721186e-01
8.184029525028653e-03	1.813397e-01
8.193795150028655e-03	1.899649e-01
8.203560775028654e-03	1.979966e-01
8.213326400028654e-03	2.054699e-01
8.223092025028654e-03	2.123872e-01
8.232857650028654e-03	2.187787e-01
8.242623275028654e-03	2.246461e-01
8.252388900028653e-03	2.300155e-01
8.262154525028653e-03	2.348879e-01
8.271920150028653e-03	2.392856e-01
8.281685775028655e-03	2.432090e-01
8.291451400028654e-03	2.466769e-01
8.301217025028654e-03	2.496888e-01
8.310982650028654e-03	2.522598e-01
8.320748275028654e-03	2.543882e-01
8.330513900028653e-03	2.560850e-01
8.340279525028653e-03	2.573462e-01
8.350045150028653e-03	2.581779e-01
8.359810775028655e-03	2.585714e-01
8.369576400028654e-03	2.585252e-01
8.379342025028654e-03	2.580221e-01
8.389107650028654e-03	2.570468e-01
8.398873275028654e-03	2.555634e-01
8.408638900028654e-03	2.535266e-01
8.418404525028653e-03	2.508537e-01
8.428170150028653e-03	2.474177e-01
8.437935775028655e-03	2.429867e-01
8.447701400028654e-03	2.371338e-01
8.457467025028654e-03	2.289930e-01
8.467232650028654e-03	2.167249e-01
8.476998275028654e-03	1.988918e-01
8.486763900028654e-03	1.762414e-01
8.496529525028653e-03	1.503865e-01
8.497750228153654e-03	1.469633e-01
8.500191634403654e-03	1.400478e-01
8.505074446903654e-03	1.258158e-01
8.513771749878662e-03	9.934123e-02
8.522356342291289e-03	7.284994e-02
8.531934150956816e-03	4.595968e-02
8.541699775956816e-03	2.264776e-02
8.551465400956816e-03	1.630542e-03
8.552686104081816e-03	-8.830226e-04
8.552991279863066e-03	-1.509757e-03
8.553601631425566e-03	-2.759410e-03
8.554822334550566e-03	-5.238678e-03
8.555127510331816e-03	-5.854273e-03
8.555737861894315e-03	-7.083375e-03
8.555890449784940e-03	-7.390061e-03
8.556195625566192e-03	-8.002342e-03
8.556805977128691e-03	-9.221841e-03
8.558026680253692e-03	-1.164595e-02
8.560468086503691e-03	-1.643498e-02
8.564250836643148e-03	-2.370587e-02
8.571816336922063e-03	-3.773558e-02
8.581581961922062e-03	-5.491408e-02
8.591347586922062e-03	-7.112359e-02
8.601113211922062e-03	-8.642801e-02
8.610878836922062e-03	-1.008741e-01
8.620644461922062e-03	-1.145056e-01
8.630410086922061e-03	-1.273622e-01
8.640175711922061e-03	-1.394763e-01
8.649941336922061e-03	-1.508802e-01
8.659706961922062e-03	-1.615985e-01
8.659859549812687e-03	-1.617587e-01
8.660164725593937e-03	-1.620794e-01
8.660775077156437e-03	-1.627235e-01
8.661995780281437e-03	-1.640031e-01
8.664437186531437e-03	-1.665325e-01
8.669319999031437e-03	-1.714707e-01
8.679085624031437e-03	-1.808783e-01
8.688851249031437e-03	-1.896777e-01
8.698616874031437e-03	-1.978901e-01
8.708382499031437e-03	-2.055345e-01
8.718148124031436e-03	-2.126289e-01
8.727913749031436e-03	-2.191897e-01
8.737679374031436e-03	-2.252322e-01
8.747444999031437e-03	-2.307704e-01
8.757210624031437e-03	-2.358172e-01
8.766976249031437e-03	-2.403845e-01
8.776741874031437e-03	-2.444831e-01
8.786507499031437e-03	-2.481228e-01
8.796273124031436e-03	-2.513122e-01
8.806038749031436e-03	-2.540590e-01
8.815804374031436e-03	-2.563695e-01
8.825569999031438e-03	-2.582489e-01
8.835335624031437e-03	-2.597002e-01
8.845101249031437e-03	-2.607254e-01
8.854866874031437e-03	-2.613229e-01
8.864632499031437e-03	-2.614893e-01
8.874398124031437e-03	-2.612153e-01
8.884163749031436e-03	-2.604873e-01
8.893929374031436e-03	-2.592812e-01
8.903694999031438e-03	-2.575618e-01
8.913460624031437e-03	-2.552710e-01
8.923226249031437e-03	-2.523179e-01
8.932991874031437e-03	-2.485470e-01
8.942757499031437e-03	-2.436834e-01
8.952523124031437e-03	-2.371937e-01
8.962288749031436e-03	-2.280024e-01
8.972054374031436e-03	-2.140418e-01
8.981819999031436e-03	-1.944425e-01
8.991585624031437e-03	-1.706399e-01
8.992806327156436e-03	-1.674224e-01
8.995247733406438e-03	-1.609116e-01
8.995858084968937e-03	-1.592558e-01
8.997078788093936e-03	-1.559255e-01
8.997383963875187e-03	-1.550858e-01
8.997994315437687e-03	-1.534015e-01
8.999215018562687e-03	-1.499989e-01
8.999520194343937e-03	-1.491404e-01
9.000130545906437e-03	-1.474191e-01
9.001351249031437e-03	-1.439495e-01
9.001656424812687e-03	-1.430755e-01
9.002266776375186e-03	-1.413235e-01
9.003487479500187e-03	-1.377957e-01
9.005928885750187e-03	-1.306424e-01
9.010811698250187e-03	-1.159771e-01
9.015689997660763e-03	-1.009366e-01
9.025446596481915e-03	-7.099389e-02
9.035212221481915e-03	-4.418462e-02
9.044977846481915e-03	-2.132659e-02
9.054743471481915e-03	-5.675079e-04
9.064509096481915e-03	1.876355e-02
9.074274721481914e-03	3.693460e-02
9.084040346481914e-03	5.403772e-02
9.093805971481916e-03	7.018670e-02
9.103571596481915e-03	8.542197e-02
9.113337221481915e-03	9.980731e-02
9.123102846481915e-03	1.133720e-01
9.132868471481915e-03	1.261672e-01
9.142634096481915e-03	1.382132e-01
9.152399721481914e-03	1.495501e-01
9.162165346481914e-03	1.602010e-01
9.171930971481916e-03	1.701975e-01
9.181696596481916e-03	1.795606e-01
9.191462221481915e-03	1.883149e-01
9.201227846481915e-03	1.964793e-01
9.210993471481915e-03	2.040743e-01
9.220759096481915e-03	2.111169e-01
9.230524721481915e-03	2.176237e-01
9.240290346481914e-03	2.236100e-01
9.250055971481914e-03	2.290893e-01
9.259821596481916e-03	2.340752e-01
9.269587221481915e-03	2.385784e-01
9.279352846481915e-03	2.426110e-01
9.289118471481915e-03	2.461809e-01
9.298884096481915e-03	2.492986e-01
9.308649721481915e-03	2.519692e-01
9.318415346481914e-03	2.542012e-01
9.328180971481914e-03	2.559966e-01
9.337946596481916e-03	2.573608e-01
9.347712221481915e-03	2.582920e-01
9.357477846481915e-03	2.587905e-01
9.367243471481915e-03	2.588481e-01
9.377009096481915e-03	2.584567e-01
9.386774721481915e-03	2.575959e-01
9.396540346481914e-03	2.562403e-01
9.406305971481914e-03	2.543433e-01
9.416071596481916e-03	2.518378e-01
9.425837221481916e-03	2.486068e-01
9.435602846481915e-03	2.444564e-01
9.445368471481915e-03	2.390211e-01
9.455134096481915e-03	2.315840e-01
9.464899721481915e-03	2.205348e-01
9.474665346481915e-03	2.041785e-01
9.484430971481914e-03	1.826078e-01
9.494196596481914e-03	1.574362e-01
9.503962221481916e-03	1.298161e-01
9.505182924606915e-03	1.261928e-01
9.507624330856916e-03	1.188784e-01
9.512507143356915e-03	1.039549e-01
9.517976295241945e-03	8.694912e-02
9.527741920241944e-03	5.787633e-02
9.537507545241944e-03	3.282890e-02
9.547273170241944e-03	1.099529e-02
9.548493873366945e-03	8.389085e-03
9.550935279616944e-03	3.247523e-03
9.555818092116945e-03	-6.737610e-03
9.557038795241944e-03	-9.175537e-03
9.559480201491943e-03	-1.400509e-02
9.564363013991944e-03	-2.342736e-02
9.574128638991944e-03	-4.142374e-02
9.583894263991944e-03	-5.838286e-02
9.593659888991943e-03	-7.439365e-02
9.603425513991943e-03	-8.950339e-02
9.613191138991945e-03	-1.037674e-01
9.622956763991945e-03	-1.172256e-01
9.632722388991944e-03	-1.299162e-01
9.642488013991944e-03	-1.418710e-01
9.652253638991944e-03	-1.531219e-01
9.653474342116945e-03	-1.544749e-01
9.655915748366944e-03	-1.571591e-01
9.656526099929444e-03	-1.578224e-01
9.657746803054444e-03	-1.591433e-01
9.660188209304444e-03	-1.617535e-01
9.660798560866945e-03	-1.623967e-01
9.662019263991944e-03	-1.636710e-01
9.662324439773193e-03	-1.639918e-01
9.662934791335695e-03	-1.646279e-01
9.664155494460694e-03	-1.658905e-01
9.666596900710695e-03	-1.683872e-01
9.671479713210694e-03	-1.732598e-01
9.681245338210694e-03	-1.825412e-01
9.691010963210693e-03	-1.912173e-01
9.700776588210695e-03	-1.993113e-01
9.710542213210695e-03	-2.068398e-01
9.720307838210695e-03	-2.138226e-01
9.730073463210694e-03	-2.202737e-01
9.739839088210694e-03	-2.262102e-01
9.749604713210694e-03	-2.316439e-01
9.759370338210694e-03	-2.365895e-01
9.769135963210693e-03	-2.410567e-01
9.788667213210695e-03	-2.486010e-01
9.808198463210694e-03	-2.543489e-01
9.817964088210694e-03	-2.565672e-01
9.827729713210694e-03	-2.583537e-01
9.837495338210694e-03	-2.597135e-01
9.847260963210694e-03	-2.606457e-01
9.857026588210693e-03	-2.611503e-01
9.866792213210695e-03	-2.612206e-01
9.886323463210694e-03	-2.600164e-01
9.896089088210694e-03	-2.586998e-01
9.905854713210694e-03	-2.568570e-01
9.915620338210694e-03	-2.544258e-01
9.925385963210694e-03	-2.513013e-01
9.935151588210693e-03	-2.473089e-01
9.944917213210695e-03	-2.421264e-01
9.954682838210695e-03	-2.351276e-01
9.964448463210695e-03	-2.250476e-01
9.974214088210694e-03	-2.097580e-01
9.983979713210694e-03	-1.889411e-01
9.993745338210694e-03	-1.643927e-01
9.994527170934357e-03	-1.622933e-01
9.996090836381684e-03	-1.580642e-01
9.996481752743515e-03	-1.569957e-01
9.997263585467179e-03	-1.548511e-01
9.998827250914505e-03	-1.505115e-01
1.000000000000000e-02	-1.472091e-01
Step Information: Rgain=19.6006K  (Step: 5/11)
0.000000000000000e+00	4.500008e-14
5.000000058430487e-08	5.402774e-10
1.000000011686097e-07	5.473688e-08
2.000000023372195e-07	1.907961e-06
4.000000046744390e-07	2.325143e-05
8.000000093488779e-07	1.358269e-04
1.600000018697756e-06	5.778329e-04
3.200000037395512e-06	2.157564e-03
6.400000074791024e-06	7.096072e-03
1.280000014958205e-05	2.044178e-02
2.256562514958205e-05	4.382510e-02
3.233125014958205e-05	6.407291e-02
4.209687514958205e-05	7.888470e-02
5.186250014958205e-05	9.182573e-02
6.162812514958205e-05	1.039292e-01
7.139375014958204e-05	1.152584e-01
8.115937514958205e-05	1.260207e-01
9.092500014958205e-05	1.362570e-01
1.006906251495820e-04	1.460108e-01
1.104562501495821e-04	1.552900e-01
1.202218751495820e-04	1.641158e-01
1.299875001495820e-04	1.724998e-01
1.397531251495821e-04	1.804534e-01
1.495187501495821e-04	1.879861e-01
1.592843751495820e-04	1.951072e-01
1.690500001495821e-04	2.018243e-01
1.788156251495821e-04	2.081446e-01
1.885812501495820e-04	2.140750e-01
1.983468751495820e-04	2.196210e-01
2.081125001495821e-04	2.247888e-01
2.178781251495820e-04	2.295827e-01
2.276437501495820e-04	2.340082e-01
2.374093751495821e-04	2.380685e-01
2.471750001495820e-04	2.417686e-01
2.569406251495820e-04	2.451108e-01
2.667062501495821e-04	2.480993e-01
2.764718751495821e-04	2.507358e-01
2.862375001495821e-04	2.530236e-01
2.960031251495820e-04	2.549634e-01
3.057687501495820e-04	2.565574e-01
3.155343751495820e-04	2.578053e-01
3.253000001495821e-04	2.587076e-01
3.350656251495821e-04	2.592620e-01
3.448312501495821e-04	2.594664e-01
3.545968751495821e-04	2.593155e-01
3.643625001495820e-04	2.588024e-01
3.741281251495820e-04	2.579155e-01
3.838937501495821e-04	2.566392e-01
3.936593751495821e-04	2.549491e-01
4.034250001495821e-04	2.528101e-01
4.131906251495821e-04	2.501675e-01
4.229562501495820e-04	2.469357e-01
4.327218751495820e-04	2.429711e-01
4.424875001495820e-04	2.380148e-01
4.522531251495821e-04	2.315517e-01
4.620187501495821e-04	2.224382e-01
4.717843751495821e-04	2.078239e-01
4.815500001495820e-04	1.855759e-01
4.913156251495820e-04	1.572639e-01
4.925363282745820e-04	1.533996e-01
4.949777345245821e-04	1.455772e-01
4.998605470245821e-04	1.293913e-01
5.010812501495820e-04	1.252182e-01
5.013864259308321e-04	1.241724e-01
5.019967774933321e-04	1.220740e-01
5.032174806183321e-04	1.178462e-01
5.056588868683320e-04	1.093160e-01
5.089501061378002e-04	9.771220e-02
5.151868681528026e-04	7.646439e-02
5.230424070947262e-04	5.359767e-02
5.328080320947262e-04	3.017441e-02
5.425736570947263e-04	8.929564e-03
5.437943602197262e-04	6.398258e-03
5.440995360009763e-04	5.766361e-03
5.447098875634763e-04	4.505228e-03
5.448624754541012e-04	4.191000e-03
5.451676512353513e-04	3.563268e-03
5.452439451806637e-04	3.406599e-03
5.453965330712888e-04	3.093434e-03
5.457017088525387e-04	2.467606e-03
5.457780027978513e-04	2.311162e-03
5.459305906884762e-04	1.998619e-03
5.462357664697263e-04	1.375426e-03
5.468461180322263e-04	1.330950e-04
5.480668211572262e-04	-2.336332e-03
5.505082274072263e-04	-7.215220e-03
5.553472217194050e-04	-1.665987e-02
5.650252103437624e-04	-3.471354e-02
5.747908353437624e-04	-5.189308e-02
5.845564603437624e-04	-6.810930e-02
5.943220853437624e-04	-8.342223e-02
6.040877103437624e-04	-9.787908e-02
6.138533353437624e-04	-1.115236e-01
6.236189603437625e-04	-1.243956e-01
6.333845853437624e-04	-1.365290e-01
6.431502103437624e-04	-1.479566e-01
6.529158353437624e-04	-1.587067e-01
6.541365384687625e-04	-1.599991e-01
6.565779447187624e-04	-1.625624e-01
6.571882962812624e-04	-1.631951e-01
6.573408841718874e-04	-1.633527e-01
6.576460599531374e-04	-1.636672e-01
6.582564115156374e-04	-1.642928e-01
6.594771146406374e-04	-1.655411e-01
6.619185208906374e-04	-1.680102e-01
6.668013333906374e-04	-1.728295e-01
6.765669583906374e-04	-1.820147e-01
6.863325833906374e-04	-1.906077e-01
6.960982083906375e-04	-1.986327e-01
7.058638333906374e-04	-2.061057e-01
7.156294583906374e-04	-2.130481e-01
7.253950833906374e-04	-2.194726e-01
7.351607083906374e-04	-2.253983e-01
7.449263333906374e-04	-2.308354e-01
7.546919583906374e-04	-2.358010e-01
7.644575833906374e-04	-2.403029e-01
7.742232083906374e-04	-2.443566e-01
7.839888333906374e-04	-2.479677e-01
7.937544583906374e-04	-2.511499e-01
8.035200833906374e-04	-2.539072e-01
8.132857083906375e-04	-2.562512e-01
8.230513333906375e-04	-2.581839e-01
8.328169583906374e-04	-2.597147e-01
8.425825833906374e-04	-2.608430e-01
8.523482083906374e-04	-2.615750e-01
8.621138333906374e-04	-2.619067e-01
8.718794583906374e-04	-2.618393e-01
8.816450833906374e-04	-2.613623e-01
8.914107083906374e-04	-2.604685e-01
9.011763333906374e-04	-2.591349e-01
9.109419583906374e-04	-2.573361e-01
9.207075833906374e-04	-2.550216e-01
9.304732083906374e-04	-2.521200e-01
9.402388333906375e-04	-2.485020e-01
9.500044583906375e-04	-2.439462e-01
9.597700833906374e-04	-2.380079e-01
9.695357083906374e-04	-2.297249e-01
9.793013333906375e-04	-2.165640e-01
9.890669583906375e-04	-1.959582e-01
9.988325833906375e-04	-1.687297e-01
1.000053286515637e-03	-1.649597e-01
1.002494692765637e-03	-1.573236e-01
1.003105044328137e-03	-1.553783e-01
1.004325747453138e-03	-1.514580e-01
1.004630923234387e-03	-1.504671e-01
1.005241274796887e-03	-1.484796e-01
1.006461977921888e-03	-1.444720e-01
1.006767153703137e-03	-1.434612e-01
1.007377505265637e-03	-1.414351e-01
1.008598208390638e-03	-1.373527e-01
1.011039614640637e-03	-1.290677e-01
1.015922427140637e-03	-1.121189e-01
1.020851613384031e-03	-9.488987e-02
1.030617238384031e-03	-6.457320e-02
1.040382863384031e-03	-4.045277e-02
1.050148488384031e-03	-1.908603e-02
1.059914113384031e-03	8.811507e-04
1.069679738384031e-03	1.949760e-02
1.079445363384031e-03	3.710101e-02
1.089210988384031e-03	5.363704e-02
1.098976613384031e-03	6.928880e-02
1.108742238384031e-03	8.401357e-02
1.118507863384031e-03	9.793887e-02
1.128273488384031e-03	1.110343e-01
1.138039113384031e-03	1.233968e-01
1.147804738384031e-03	1.350061e-01
1.157570363384031e-03	1.459359e-01
1.167335988384031e-03	1.561804e-01
1.177101613384031e-03	1.657951e-01
1.186867238384031e-03	1.747800e-01
1.196632863384031e-03	1.831780e-01
1.206398488384031e-03	1.909917e-01
1.216164113384031e-03	1.982561e-01
1.225929738384031e-03	2.049748e-01
1.235695363384031e-03	2.111762e-01
1.245460988384031e-03	2.168651e-01
1.255226613384031e-03	2.220643e-01
1.264992238384031e-03	2.267790e-01
1.274757863384031e-03	2.310274e-01
1.284523488384031e-03	2.348148e-01
1.294289113384031e-03	2.381553e-01
1.304054738384031e-03	2.410540e-01
1.313820363384031e-03	2.435209e-01
1.323585988384031e-03	2.455603e-01
1.333351613384031e-03	2.471781e-01
1.343117238384031e-03	2.483766e-01
1.352882863384031e-03	2.491568e-01
1.362648488384031e-03	2.495171e-01
1.372414113384031e-03	2.494510e-01
1.382179738384031e-03	2.489493e-01
1.391945363384031e-03	2.479927e-01
1.401710988384031e-03	2.465546e-01
1.411476613384031e-03	2.445882e-01
1.421242238384031e-03	2.420230e-01
1.431007863384031e-03	2.387361e-01
1.440773488384031e-03	2.345136e-01
1.450539113384031e-03	2.289345e-01
1.460304738384031e-03	2.210909e-01
1.470070363384031e-03	2.085943e-01
1.479835988384031e-03	1.887872e-01
1.489601613384031e-03	1.621613e-01
1.499367238384031e-03	1.312760e-01
1.500587941509031e-03	1.271805e-01
1.500893117290281e-03	1.261545e-01
1.501503468852781e-03	1.240975e-01
1.502724171977781e-03	1.199476e-01
1.505165578227781e-03	1.115442e-01
1.509176727570429e-03	9.754852e-02
1.513348446946238e-03	8.308506e-02
1.521691885697855e-03	5.741175e-02
1.531457510697855e-03	3.320346e-02
1.541223135697855e-03	1.182271e-02
1.542443838822855e-03	9.252098e-03
1.544885245072855e-03	4.184113e-03
1.545495596635355e-03	2.937417e-03
1.546716299760355e-03	4.530885e-04
1.547021475541605e-03	-1.651053e-04
1.547631827104105e-03	-1.398111e-03
1.548852530229105e-03	-3.846962e-03
1.551293936479105e-03	-8.685897e-03
1.555597718361794e-03	-1.703079e-02
1.563318574920028e-03	-3.144729e-02
1.573084199920028e-03	-4.874106e-02
1.582849824920028e-03	-6.506223e-02
1.592615449920028e-03	-8.047519e-02
1.602381074920028e-03	-9.502732e-02
1.612146699920028e-03	-1.087641e-01
1.621912324920028e-03	-1.217254e-01
1.631677949920028e-03	-1.339458e-01
1.641443574920028e-03	-1.454581e-01
1.651209199920029e-03	-1.562913e-01
1.660974824920029e-03	-1.664567e-01
1.662195528045028e-03	-1.676723e-01
1.664636934295028e-03	-1.700898e-01
1.669519746795029e-03	-1.748102e-01
1.679285371795029e-03	-1.838012e-01
1.689050996795029e-03	-1.922102e-01
1.698816621795029e-03	-2.000566e-01
1.708582246795029e-03	-2.073600e-01
1.718347871795029e-03	-2.141365e-01
1.728113496795029e-03	-2.204034e-01
1.737879121795029e-03	-2.261743e-01
1.747644746795029e-03	-2.314640e-01
1.757410371795029e-03	-2.362840e-01
1.767175996795028e-03	-2.406471e-01
1.776941621795028e-03	-2.445628e-01
1.786707246795028e-03	-2.480421e-01
1.796472871795028e-03	-2.510926e-01
1.806238496795028e-03	-2.537234e-01
1.816004121795028e-03	-2.559404e-01
1.825769746795028e-03	-2.577505e-01
1.835535371795028e-03	-2.591570e-01
1.845300996795028e-03	-2.601643e-01
1.855066621795028e-03	-2.607726e-01
1.864832246795029e-03	-2.609819e-01
1.874597871795029e-03	-2.607871e-01
1.884363496795029e-03	-2.601813e-01
1.894129121795029e-03	-2.591496e-01
1.903894746795029e-03	-2.576708e-01
1.913660371795029e-03	-2.557090e-01
1.923425996795029e-03	-2.532097e-01
1.933191621795029e-03	-2.500820e-01
1.942957246795029e-03	-2.461724e-01
1.952722871795029e-03	-2.411957e-01
1.962488496795028e-03	-2.345721e-01
1.972254121795029e-03	-2.249890e-01
1.982019746795028e-03	-2.093286e-01
1.991785371795029e-03	-1.859294e-01
2.001550996795028e-03	-1.569825e-01
2.002771699920029e-03	-1.530668e-01
2.003076875701278e-03	-1.520821e-01
2.003687227263779e-03	-1.501080e-01
2.004907930388778e-03	-1.461265e-01
2.005213106170029e-03	-1.451215e-01
2.005823457732528e-03	-1.431066e-01
2.007044160857529e-03	-1.390483e-01
2.009485567107529e-03	-1.308080e-01
2.012326722976906e-03	-1.210333e-01
2.018009034715661e-03	-1.011630e-01
2.025430725141025e-03	-7.647181e-02
2.035196350141025e-03	-4.996001e-02
2.044961975141025e-03	-2.769643e-02
2.054727600141025e-03	-7.100958e-03
2.064493225141025e-03	1.200897e-02
2.074258850141025e-03	3.010532e-02
2.084024475141025e-03	4.706000e-02
2.093790100141025e-03	6.313394e-02
2.103555725141025e-03	7.823585e-02
2.113321350141025e-03	9.253882e-02
2.123086975141025e-03	1.059796e-01
2.132852600141025e-03	1.186874e-01
2.142618225141025e-03	1.306177e-01
2.152383850141025e-03	1.418660e-01
2.162149475141025e-03	1.524086e-01
2.171915100141025e-03	1.623181e-01
2.181680725141025e-03	1.715821e-01
2.191446350141025e-03	1.802561e-01
2.201211975141025e-03	1.883332e-01
2.210977600141025e-03	1.958574e-01
2.220743225141025e-03	2.028258e-01
2.230508850141025e-03	2.092737e-01
2.240274475141025e-03	2.152008e-01
2.250040100141025e-03	2.206353e-01
2.259805725141025e-03	2.255787e-01
2.269571350141025e-03	2.300531e-01
2.279336975141025e-03	2.340616e-01
2.289102600141025e-03	2.376209e-01
2.298868225141025e-03	2.407350e-01
2.308633850141025e-03	2.434157e-01
2.318399475141025e-03	2.456672e-01
2.328165100141025e-03	2.474966e-01
2.337930725141025e-03	2.489073e-01
2.347696350141025e-03	2.499010e-01
2.357461975141025e-03	2.504786e-01
2.367227600141025e-03	2.506351e-01
2.376993225141025e-03	2.503653e-01
2.386758850141025e-03	2.496535e-01
2.396524475141025e-03	2.484814e-01
2.406290100141025e-03	2.468115e-01
2.416055725141025e-03	2.445938e-01
2.425821350141025e-03	2.417362e-01
2.435586975141025e-03	2.380925e-01
2.445352600141025e-03	2.333829e-01
2.455118225141025e-03	2.270510e-01
2.464883850141025e-03	2.178362e-01
2.474649475141025e-03	2.027072e-01
2.484415100141025e-03	1.798522e-01
2.494180725141025e-03	1.512620e-01
2.495401428266025e-03	1.473798e-01
2.497842834516025e-03	1.395279e-01
2.499673889203525e-03	1.335145e-01
2.502115295453525e-03	1.253558e-01
2.502725647016025e-03	1.232853e-01
2.503946350141025e-03	1.191162e-01
2.506387756391025e-03	1.106896e-01
2.510852221273429e-03	9.509028e-02
2.515264261366659e-03	7.993405e-02
2.524088341553121e-03	5.365839e-02
2.533853966553121e-03	3.018744e-02
2.543619591553121e-03	9.064224e-03
2.544840294678121e-03	6.529801e-03
2.547281700928121e-03	1.521496e-03
2.547892052490621e-03	2.878639e-04
2.548044640381246e-03	-2.029089e-05
2.548349816162496e-03	-6.360208e-04
2.548960167724996e-03	-1.863981e-03
2.549112755615621e-03	-2.170592e-03
2.549417931396871e-03	-2.782733e-03
2.550028282959371e-03	-4.001681e-03
2.551248986084371e-03	-6.425226e-03
2.553690392334371e-03	-1.121439e-02
2.557331636261394e-03	-1.821901e-02
2.564614124115440e-03	-3.175928e-02
2.574379749115440e-03	-4.900381e-02
2.584145374115440e-03	-6.527833e-02
2.593910999115440e-03	-8.064613e-02
2.603676624115440e-03	-9.515459e-02
2.613442249115440e-03	-1.088485e-01
2.623207874115440e-03	-1.217680e-01
2.632973499115440e-03	-1.339469e-01
2.642739124115440e-03	-1.454185e-01
2.652504749115440e-03	-1.562113e-01
2.662270374115440e-03	-1.663364e-01
2.663491077240440e-03	-1.675470e-01
2.665932483490440e-03	-1.699545e-01
2.670815295990440e-03	-1.746552e-01
2.680580920990440e-03	-1.836068e-01
2.690346545990440e-03	-1.919766e-01
2.700112170990440e-03	-1.997839e-01
2.709877795990440e-03	-2.070481e-01
2.719643420990440e-03	-2.137857e-01
2.729409045990440e-03	-2.200135e-01
2.739174670990440e-03	-2.257452e-01
2.748940295990440e-03	-2.309956e-01
2.758705920990440e-03	-2.357761e-01
2.768471545990440e-03	-2.400995e-01
2.778237170990440e-03	-2.439753e-01
2.788002795990440e-03	-2.474142e-01
2.797768420990440e-03	-2.504241e-01
2.807534045990440e-03	-2.530138e-01
2.817299670990440e-03	-2.551890e-01
2.827065295990440e-03	-2.569565e-01
2.846596545990440e-03	-2.592822e-01
2.866127795990440e-03	-2.600051e-01
2.885659045990440e-03	-2.590985e-01
2.895424670990440e-03	-2.580068e-01
2.905190295990440e-03	-2.564607e-01
2.914955920990440e-03	-2.544210e-01
2.924721545990440e-03	-2.518277e-01
2.934487170990440e-03	-2.485797e-01
2.944252795990440e-03	-2.445046e-01
2.954018420990440e-03	-2.392754e-01
2.963784045990440e-03	-2.322124e-01
2.973549670990440e-03	-2.215059e-01
2.983315295990440e-03	-2.043343e-01
2.993080920990440e-03	-1.797335e-01
2.994301624115440e-03	-1.761691e-01
2.996743030365440e-03	-1.689287e-01
3.001625842865440e-03	-1.538056e-01
3.002846545990440e-03	-1.498622e-01
3.003151721771690e-03	-1.488726e-01
3.003762073334190e-03	-1.468875e-01
3.004982776459190e-03	-1.428820e-01
3.007424182709190e-03	-1.347441e-01
3.009656471989317e-03	-1.271586e-01
3.013932907468503e-03	-1.123266e-01
3.019759289568844e-03	-9.201650e-02
3.029524914568845e-03	-6.198934e-02
3.039290539568845e-03	-3.811486e-02
3.049056164568845e-03	-1.683469e-02
3.058821789568845e-03	3.050491e-03
3.068587414568845e-03	2.161012e-02
3.078353039568845e-03	3.915382e-02
3.088118664568844e-03	5.564419e-02
3.097884289568845e-03	7.124913e-02
3.107649914568844e-03	8.593687e-02
3.117415539568845e-03	9.982467e-02
3.127181164568844e-03	1.128903e-01
3.136946789568845e-03	1.252248e-01
3.146712414568844e-03	1.368112e-01
3.156478039568845e-03	1.477205e-01
3.166243664568844e-03	1.579478e-01
3.176009289568845e-03	1.675493e-01
3.185774914568844e-03	1.765228e-01
3.195540539568845e-03	1.849138e-01
3.205306164568844e-03	1.927219e-01
3.215071789568845e-03	1.999844e-01
3.224837414568844e-03	2.067025e-01
3.234603039568845e-03	2.129072e-01
3.244368664568844e-03	2.186003e-01
3.254134289568845e-03	2.238074e-01
3.263899914568844e-03	2.285308e-01
3.273665539568845e-03	2.327915e-01
3.283431164568845e-03	2.365920e-01
3.293196789568845e-03	2.399492e-01
3.302962414568845e-03	2.428654e-01
3.312728039568845e-03	2.453536e-01
3.322493664568845e-03	2.474154e-01
3.332259289568844e-03	2.490597e-01
3.342024914568845e-03	2.502863e-01
3.351790539568844e-03	2.510995e-01
3.361556164568845e-03	2.514954e-01
3.371321789568844e-03	2.514715e-01
3.381087414568845e-03	2.510169e-01
3.390853039568844e-03	2.501172e-01
3.400618664568845e-03	2.487461e-01
3.410384289568844e-03	2.468644e-01
3.420149914568845e-03	2.444076e-01
3.429915539568844e-03	2.412704e-01
3.439681164568845e-03	2.372677e-01
3.449446789568844e-03	2.320497e-01
3.459212414568845e-03	2.248766e-01
3.468978039568844e-03	2.137865e-01
3.478743664568845e-03	1.959506e-01
3.488509289568844e-03	1.708057e-01
3.498274914568845e-03	1.407356e-01
3.499495617693844e-03	1.367228e-01
3.501937023943844e-03	1.286150e-01
3.502547375506345e-03	1.265570e-01
3.503768078631344e-03	1.224203e-01
3.506209484881344e-03	1.140235e-01
3.510549115137399e-03	9.888805e-02
3.514525620316316e-03	8.506978e-02
3.522478630674150e-03	6.031311e-02
3.531432747270578e-03	3.768760e-02
3.541198372270578e-03	1.601983e-02
3.542419075395578e-03	1.341776e-02
3.544860481645578e-03	8.292175e-03
3.545470833208078e-03	7.031930e-03
3.546691536333078e-03	4.520518e-03
3.549132942583078e-03	-4.397198e-04
3.549743294145578e-03	-1.664498e-03
3.549895882036203e-03	-1.970382e-03
3.550201057817453e-03	-2.581465e-03
3.550811409379953e-03	-3.800640e-03
3.550963997270578e-03	-4.104475e-03
3.551269173051828e-03	-4.711260e-03
3.551879524614328e-03	-5.920774e-03
3.553100227739328e-03	-8.325319e-03
3.555541633989328e-03	-1.307766e-02
3.560386689798186e-03	-2.229364e-02
3.570076801415904e-03	-3.991938e-02
3.579842426415904e-03	-5.667646e-02
3.589608051415904e-03	-7.249583e-02
3.599373676415904e-03	-8.743268e-02
3.609139301415904e-03	-1.015325e-01
3.618904926415904e-03	-1.148363e-01
3.628670551415904e-03	-1.273828e-01
3.638436176415904e-03	-1.392040e-01
3.648201801415904e-03	-1.503320e-01
3.657967426415904e-03	-1.607928e-01
3.659188129540904e-03	-1.620491e-01
3.659493305322154e-03	-1.623619e-01
3.660103656884654e-03	-1.629848e-01
3.661324360009654e-03	-1.642216e-01
3.661629535790904e-03	-1.645312e-01
3.662239887353404e-03	-1.651468e-01
3.663460590478404e-03	-1.663694e-01
3.665901996728404e-03	-1.687864e-01
3.670784809228404e-03	-1.735041e-01
3.680550434228404e-03	-1.824895e-01
3.690316059228404e-03	-1.908899e-01
3.700081684228404e-03	-1.987267e-01
3.709847309228404e-03	-2.060177e-01
3.719612934228404e-03	-2.127811e-01
3.729378559228404e-03	-2.190320e-01
3.739144184228404e-03	-2.247863e-01
3.748909809228404e-03	-2.300566e-01
3.758675434228404e-03	-2.348567e-01
3.768441059228404e-03	-2.391973e-01
3.778206684228404e-03	-2.430899e-01
3.787972309228404e-03	-2.465434e-01
3.807503559228404e-03	-2.521694e-01
3.827034809228404e-03	-2.561337e-01
3.846566059228404e-03	-2.584762e-01
3.866097309228404e-03	-2.592106e-01
3.885628559228404e-03	-2.583093e-01
3.895394184228404e-03	-2.572176e-01
3.905159809228404e-03	-2.556678e-01
3.914925434228404e-03	-2.536215e-01
3.924691059228404e-03	-2.510155e-01
3.934456684228404e-03	-2.477476e-01
3.944222309228404e-03	-2.436379e-01
3.953987934228404e-03	-2.383488e-01
3.963753559228404e-03	-2.311693e-01
3.973519184228404e-03	-2.202079e-01
3.983284809228404e-03	-2.026311e-01
3.993050434228404e-03	-1.776911e-01
3.994271137353404e-03	-1.741002e-01
3.996712543603404e-03	-1.668098e-01
3.997322895165904e-03	-1.649470e-01
3.998543598290904e-03	-1.611951e-01
4.000985004540904e-03	-1.535361e-01
4.001595356103404e-03	-1.515791e-01
4.002816059228404e-03	-1.476381e-01
4.003121235009654e-03	-1.466448e-01
4.003731586572155e-03	-1.446492e-01
4.004952289697154e-03	-1.406263e-01
4.006990167282534e-03	-1.338162e-01
4.009127433382729e-03	-1.265514e-01
4.013401965583118e-03	-1.117270e-01
4.018212749230990e-03	-9.489534e-02
4.027834316526735e-03	-6.465258e-02
4.037599941526735e-03	-4.021567e-02
4.047365566526735e-03	-1.875667e-02
4.057131191526735e-03	1.297839e-03
4.066896816526735e-03	1.997328e-02
4.076662441526734e-03	3.764608e-02
4.086428066526735e-03	5.423819e-02
4.096193691526735e-03	6.995443e-02
4.105959316526735e-03	8.473580e-02
4.115724941526734e-03	9.872446e-02
4.125490566526735e-03	1.118781e-01
4.135256191526735e-03	1.243042e-01
4.145021816526735e-03	1.359733e-01
4.154787441526735e-03	1.469679e-01
4.164553066526735e-03	1.572742e-01
4.174318691526735e-03	1.669554e-01
4.184084316526735e-03	1.760044e-01
4.193849941526735e-03	1.844708e-01
4.203615566526735e-03	1.923510e-01
4.213381191526735e-03	1.996857e-01
4.223146816526735e-03	2.064734e-01
4.232912441526735e-03	2.127476e-01
4.242678066526735e-03	2.185081e-01
4.252443691526735e-03	2.237825e-01
4.262209316526735e-03	2.285717e-01
4.271974941526735e-03	2.328980e-01
4.281740566526735e-03	2.367632e-01
4.291506191526735e-03	2.401848e-01
4.301271816526735e-03	2.431651e-01
4.311037441526735e-03	2.457173e-01
4.320803066526734e-03	2.478432e-01
4.330568691526735e-03	2.495519e-01
4.340334316526735e-03	2.508438e-01
4.350099941526735e-03	2.517232e-01
4.359865566526734e-03	2.521874e-01
4.369631191526735e-03	2.522340e-01
4.379396816526735e-03	2.518539e-01
4.389162441526735e-03	2.510336e-01
4.398928066526735e-03	2.497501e-01
4.408693691526735e-03	2.479673e-01
4.418459316526735e-03	2.456280e-01
4.428224941526735e-03	2.426378e-01
4.437990566526735e-03	2.388352e-01
4.447756191526735e-03	2.339191e-01
4.457521816526735e-03	2.272708e-01
4.467287441526735e-03	2.174875e-01
4.477053066526735e-03	2.013618e-01
4.486818691526735e-03	1.775073e-01
4.496584316526735e-03	1.483259e-01
4.497805019651735e-03	1.443908e-01
4.500246425901735e-03	1.364338e-01
4.500856777464235e-03	1.344114e-01
4.502077480589235e-03	1.303459e-01
4.504518886839235e-03	1.220944e-01
4.509401699339235e-03	1.051778e-01
4.515055924420371e-03	8.553375e-02
4.520713873100259e-03	6.730568e-02
4.530479498100259e-03	4.158796e-02
4.540245123100258e-03	1.961287e-02
4.550010748100259e-03	-7.581208e-04
4.551231451225259e-03	-3.169981e-03
4.553672857475258e-03	-7.987057e-03
4.554283209037759e-03	-9.182736e-03
4.555503912162758e-03	-1.156105e-02
4.557945318412759e-03	-1.625684e-02
4.562828130912759e-03	-2.543752e-02
4.570975550455271e-03	-4.015638e-02
4.580741175455271e-03	-5.687967e-02
4.590506800455272e-03	-7.266563e-02
4.600272425455272e-03	-8.757100e-02
4.610038050455271e-03	-1.016395e-01
4.619803675455271e-03	-1.149132e-01
4.629569300455272e-03	-1.274296e-01
4.639334925455272e-03	-1.392217e-01
4.649100550455271e-03	-1.503206e-01
4.658866175455271e-03	-1.607528e-01
4.660086878580272e-03	-1.620053e-01
4.660392054361522e-03	-1.623168e-01
4.661002405924022e-03	-1.629371e-01
4.662223109049022e-03	-1.641719e-01
4.664664515299021e-03	-1.666176e-01
4.669547327799022e-03	-1.713868e-01
4.679312952799022e-03	-1.804765e-01
4.689078577799021e-03	-1.889734e-01
4.698844202799021e-03	-1.969057e-01
4.708609827799022e-03	-2.042850e-01
4.718375452799022e-03	-2.111364e-01
4.728141077799022e-03	-2.174686e-01
4.737906702799021e-03	-2.233044e-01
4.747672327799022e-03	-2.286499e-01
4.757437952799022e-03	-2.335258e-01
4.767203577799022e-03	-2.379362e-01
4.776969202799021e-03	-2.418996e-01
4.786734827799021e-03	-2.454183e-01
4.796500452799022e-03	-2.485089e-01
4.806266077799022e-03	-2.511719e-01
4.816031702799021e-03	-2.534217e-01
4.825797327799021e-03	-2.552567e-01
4.835562952799022e-03	-2.566889e-01
4.845328577799022e-03	-2.577139e-01
4.855094202799021e-03	-2.583399e-01
4.864859827799021e-03	-2.585587e-01
4.874625452799022e-03	-2.583727e-01
4.884391077799022e-03	-2.577661e-01
4.894156702799021e-03	-2.567307e-01
4.903922327799021e-03	-2.552359e-01
4.913687952799022e-03	-2.532505e-01
4.923453577799022e-03	-2.507078e-01
4.933219202799021e-03	-2.475155e-01
4.942984827799021e-03	-2.434966e-01
4.952750452799022e-03	-2.383367e-01
4.962516077799022e-03	-2.313634e-01
4.972281702799022e-03	-2.208138e-01
4.982047327799021e-03	-2.038730e-01
4.991812952799022e-03	-1.794816e-01
4.993033655924022e-03	-1.759349e-01
4.995475062174021e-03	-1.687289e-01
5.000357874674021e-03	-1.536662e-01
5.001578577799022e-03	-1.497365e-01
5.001883753580271e-03	-1.487500e-01
5.002494105142772e-03	-1.467717e-01
5.003714808267772e-03	-1.427785e-01
5.006156214517772e-03	-1.346642e-01
5.008431311179295e-03	-1.269518e-01
5.012450353604623e-03	-1.130422e-01
5.018399004713180e-03	-9.229150e-02
5.028164629713180e-03	-6.204197e-02
5.037930254713181e-03	-3.801189e-02
5.047695879713180e-03	-1.668839e-02
5.057461504713180e-03	3.241312e-03
5.067227129713180e-03	2.182977e-02
5.076992754713181e-03	3.940837e-02
5.086758379713180e-03	5.592635e-02
5.096524004713180e-03	7.156350e-02
5.106289629713180e-03	8.627921e-02
5.116055254713180e-03	1.001985e-01
5.125820879713180e-03	1.132936e-01
5.135586504713180e-03	1.256592e-01
5.145352129713180e-03	1.372748e-01
5.155117754713180e-03	1.482164e-01
5.164883379713180e-03	1.584740e-01
5.174649004713180e-03	1.681083e-01
5.184414629713180e-03	1.771134e-01
5.194180254713180e-03	1.855380e-01
5.203945879713181e-03	1.933787e-01
5.213711504713180e-03	2.006758e-01
5.223477129713180e-03	2.074279e-01
5.233242754713180e-03	2.136682e-01
5.243008379713181e-03	2.193964e-01
5.252774004713180e-03	2.246403e-01
5.262539629713180e-03	2.294002e-01
5.272305254713180e-03	2.336990e-01
5.282070879713181e-03	2.375375e-01
5.291836504713180e-03	2.409343e-01
5.301602129713180e-03	2.438904e-01
5.311367754713180e-03	2.464201e-01
5.321133379713181e-03	2.485241e-01
5.330899004713180e-03	2.502124e-01
5.340664629713180e-03	2.514845e-01
5.350430254713180e-03	2.523456e-01
5.360195879713180e-03	2.527920e-01
5.369961504713180e-03	2.528222e-01
5.379727129713180e-03	2.524263e-01
5.389492754713180e-03	2.515917e-01
5.399258379713180e-03	2.502945e-01
5.409024004713180e-03	2.484997e-01
5.418789629713180e-03	2.461493e-01
5.428555254713180e-03	2.431502e-01
5.438320879713180e-03	2.393408e-01
5.448086504713181e-03	2.344225e-01
5.457852129713180e-03	2.277796e-01
5.467617754713180e-03	2.180190e-01
5.477383379713180e-03	2.019406e-01
5.487149004713181e-03	1.781290e-01
5.496914629713180e-03	1.489656e-01
5.498135332838180e-03	1.450322e-01
5.500576739088180e-03	1.370782e-01
5.505459551588180e-03	1.206659e-01
5.506680254713180e-03	1.164403e-01
5.509121660963181e-03	1.079452e-01
5.514004473463180e-03	9.088762e-02
5.523770098463180e-03	6.019408e-02
5.533535723463180e-03	3.580246e-02
5.543301348463180e-03	1.439337e-02
5.553066973463180e-03	-5.623997e-03
5.554287676588180e-03	-7.994009e-03
5.556729082838181e-03	-1.273084e-02
5.561611895338180e-03	-2.201414e-02
5.571377520338180e-03	-3.974728e-02
5.581143145338180e-03	-5.647979e-02
5.590908770338180e-03	-7.226802e-02
5.600674395338181e-03	-8.717979e-02
5.610440020338180e-03	-1.012495e-01
5.620205645338180e-03	-1.145274e-01
5.629971270338180e-03	-1.270438e-01
5.639736895338181e-03	-1.388381e-01
5.649502520338180e-03	-1.499357e-01
5.659268145338180e-03	-1.603686e-01
5.660488848463180e-03	-1.616207e-01
5.660794024244430e-03	-1.619326e-01
5.661404375806930e-03	-1.625541e-01
5.662625078931931e-03	-1.637868e-01
5.662930254713180e-03	-1.640955e-01
5.663540606275681e-03	-1.647092e-01
5.664761309400680e-03	-1.659281e-01
5.667202715650680e-03	-1.683377e-01
5.672085528150681e-03	-1.730404e-01
5.681851153150680e-03	-1.819956e-01
5.691616778150680e-03	-1.903653e-01
5.701382403150680e-03	-1.981709e-01
5.711148028150680e-03	-2.054301e-01
5.720913653150680e-03	-2.121612e-01
5.730679278150680e-03	-2.183793e-01
5.740444903150680e-03	-2.241002e-01
5.750210528150680e-03	-2.293366e-01
5.759976153150680e-03	-2.341022e-01
5.769741778150680e-03	-2.384076e-01
5.789273028150680e-03	-2.456814e-01
5.808804278150680e-03	-2.512320e-01
5.828335528150680e-03	-2.551170e-01
5.847866778150680e-03	-2.573746e-01
5.867398028150680e-03	-2.580158e-01
5.886929278150680e-03	-2.570074e-01
5.896694903150680e-03	-2.558536e-01
5.906460528150680e-03	-2.542330e-01
5.916226153150681e-03	-2.521032e-01
5.925991778150680e-03	-2.493939e-01
5.935757403150680e-03	-2.459906e-01
5.945523028150680e-03	-2.416883e-01
5.955288653150680e-03	-2.360944e-01
5.965054278150680e-03	-2.283614e-01
5.974819903150680e-03	-2.162418e-01
5.984585528150680e-03	-1.969790e-01
5.994351153150680e-03	-1.707235e-01
5.995571856275680e-03	-1.670313e-01
5.998013262525680e-03	-1.595468e-01
5.998623614088180e-03	-1.576383e-01
5.999844317213180e-03	-1.537958e-01
6.000149492994431e-03	-1.528246e-01
6.000759844556930e-03	-1.508734e-01
6.001980547681930e-03	-1.469347e-01
6.002285723463180e-03	-1.459411e-01
6.002896075025680e-03	-1.439460e-01
6.004116778150680e-03	-1.399252e-01
6.006114514372117e-03	-1.332534e-01
6.008217347351228e-03	-1.261125e-01
6.012423013309450e-03	-1.115405e-01
6.017042806470621e-03	-9.536706e-02
6.026282392792960e-03	-6.598102e-02
6.036048017792960e-03	-4.117642e-02
6.045813642792960e-03	-1.959284e-02
6.055579267792960e-03	5.632964e-04
6.065344892792960e-03	1.931348e-02
6.075110517792960e-03	3.706501e-02
6.084876142792960e-03	5.372288e-02
6.094641767792960e-03	6.950825e-02
6.104407392792960e-03	8.435111e-02
6.114173017792960e-03	9.840313e-02
6.123938642792960e-03	1.116148e-01
6.133704267792960e-03	1.241019e-01
6.143469892792960e-03	1.358276e-01
6.153235517792960e-03	1.468796e-01
6.163001142792960e-03	1.572409e-01
6.172766767792960e-03	1.669774e-01
6.182532392792960e-03	1.760801e-01
6.192298017792960e-03	1.846003e-01
6.202063642792960e-03	1.925333e-01
6.211829267792960e-03	1.999208e-01
6.221594892792960e-03	2.067607e-01
6.231360517792960e-03	2.130869e-01
6.241126142792960e-03	2.188993e-01
6.250891767792960e-03	2.242253e-01
6.260657392792960e-03	2.290662e-01
6.270423017792960e-03	2.334441e-01
6.280188642792960e-03	2.373612e-01
6.289954267792960e-03	2.408347e-01
6.299719892792960e-03	2.438675e-01
6.309485517792960e-03	2.464724e-01
6.319251142792960e-03	2.486520e-01
6.329016767792960e-03	2.504149e-01
6.338782392792960e-03	2.517627e-01
6.348548017792960e-03	2.526991e-01
6.358313642792960e-03	2.532230e-01
6.368079267792960e-03	2.533317e-01
6.377844892792960e-03	2.530182e-01
6.387610517792960e-03	2.522696e-01
6.397376142792960e-03	2.510662e-01
6.407141767792960e-03	2.493744e-01
6.416907392792960e-03	2.471443e-01
6.426673017792960e-03	2.442907e-01
6.436438642792960e-03	2.406735e-01
6.446204267792960e-03	2.360334e-01
6.455969892792960e-03	2.298543e-01
6.465735517792960e-03	2.209824e-01
6.475501142792960e-03	2.065363e-01
6.485266767792960e-03	1.844053e-01
6.495032392792960e-03	1.562208e-01
6.496253095917960e-03	1.523722e-01
6.498694502167960e-03	1.445855e-01
6.503577314667960e-03	1.284764e-01
6.504798017792960e-03	1.243221e-01
6.507239424042960e-03	1.159314e-01
6.512122236542960e-03	9.889532e-02
6.516652377892907e-03	8.323905e-02
6.525712660592801e-03	5.599710e-02
6.535478285592801e-03	3.239471e-02
6.545243910592802e-03	1.122286e-02
6.546464613717802e-03	8.676153e-03
6.548906019967801e-03	3.652065e-03
6.549516371530301e-03	2.415464e-03
6.550737074655301e-03	-4.902853e-05
6.551042250436552e-03	-6.616329e-04
6.551652601999051e-03	-1.884208e-03
6.552873305124052e-03	-4.313864e-03
6.553178480905301e-03	-4.917558e-03
6.553788832467802e-03	-6.122853e-03
6.553941420358427e-03	-6.423834e-03
6.554246596139676e-03	-7.024521e-03
6.554856947702177e-03	-8.220966e-03
6.556077650827176e-03	-1.060016e-02
6.558519057077176e-03	-1.530297e-02
6.562231907122734e-03	-2.231791e-02
6.569657607213849e-03	-3.587539e-02
6.579423232213849e-03	-5.280767e-02
6.589188857213849e-03	-6.878845e-02
6.598954482213849e-03	-8.387665e-02
6.608720107213849e-03	-9.811755e-02
6.618485732213849e-03	-1.115542e-01
6.628251357213849e-03	-1.242251e-01
6.638016982213849e-03	-1.361637e-01
6.647782607213849e-03	-1.474019e-01
6.657548232213849e-03	-1.579673e-01
6.658768935338849e-03	-1.592370e-01
6.661210341588849e-03	-1.617547e-01
6.661820693151349e-03	-1.623756e-01
6.661973281041974e-03	-1.625299e-01
6.662278456823224e-03	-1.628374e-01
6.662888808385724e-03	-1.634524e-01
6.664109511510724e-03	-1.646802e-01
6.666550917760724e-03	-1.671028e-01
6.671433730260724e-03	-1.718354e-01
6.681199355260724e-03	-1.808443e-01
6.690964980260724e-03	-1.892678e-01
6.700730605260724e-03	-1.971224e-01
6.710496230260724e-03	-2.044311e-01
6.720261855260724e-03	-2.112073e-01
6.730027480260724e-03	-2.174710e-01
6.739793105260724e-03	-2.232334e-01
6.749558730260724e-03	-2.285121e-01
6.759324355260724e-03	-2.333161e-01
6.769089980260724e-03	-2.376608e-01
6.778855605260724e-03	-2.415533e-01
6.788621230260724e-03	-2.450071e-01
6.798386855260724e-03	-2.480274e-01
6.808152480260724e-03	-2.506256e-01
6.817918105260724e-03	-2.528049e-01
6.827683730260724e-03	-2.545745e-01
6.837449355260724e-03	-2.559350e-01
6.847214980260724e-03	-2.568927e-01
6.856980605260724e-03	-2.574445e-01
6.866746230260725e-03	-2.575920e-01
6.876511855260724e-03	-2.573261e-01
6.886277480260724e-03	-2.566403e-01
6.896043105260724e-03	-2.555139e-01
6.905808730260725e-03	-2.539237e-01
6.915574355260724e-03	-2.518233e-01
6.925339980260724e-03	-2.491483e-01
6.935105605260724e-03	-2.457820e-01
6.944871230260724e-03	-2.415282e-01
6.954636855260724e-03	-2.359998e-01
6.964402480260724e-03	-2.283787e-01
6.974168105260724e-03	-2.164754e-01
6.983933730260724e-03	-1.975116e-01
6.993699355260724e-03	-1.714796e-01
6.994920058385724e-03	-1.678056e-01
6.997361464635725e-03	-1.603554e-01
6.997971816198224e-03	-1.584550e-01
6.999192519323224e-03	-1.546290e-01
6.999497695104474e-03	-1.536627e-01
7.000108046666974e-03	-1.517214e-01
7.001328749791974e-03	-1.477973e-01
7.001633925573224e-03	-1.468077e-01
7.002244277135724e-03	-1.448211e-01
7.003464980260724e-03	-1.408125e-01
7.005404238620495e-03	-1.343600e-01
7.007492728594081e-03	-1.272914e-01
7.011541468316796e-03	-1.133045e-01
7.015895272093567e-03	-9.804847e-02
7.024602879647107e-03	-6.970393e-02
7.034368504647107e-03	-4.412961e-02
7.044134129647108e-03	-2.227669e-02
7.053899754647108e-03	-1.917052e-03
7.063665379647107e-03	1.698417e-02
7.073431004647107e-03	3.489320e-02
7.083196629647107e-03	5.168014e-02
7.092962254647108e-03	6.759990e-02
7.102727879647107e-03	8.255958e-02
7.112493504647107e-03	9.673174e-02
7.122259129647107e-03	1.100519e-01
7.132024754647108e-03	1.226477e-01
7.141790379647107e-03	1.344732e-01
7.151556004647107e-03	1.456264e-01
7.161321629647107e-03	1.560810e-01
7.171087254647108e-03	1.659109e-01
7.180852879647107e-03	1.751011e-01
7.190618504647107e-03	1.837088e-01
7.200384129647107e-03	1.917248e-01
7.210149754647108e-03	1.991947e-01
7.219915379647108e-03	2.061133e-01
7.229681004647107e-03	2.125177e-01
7.239446629647107e-03	2.184054e-01
7.249212254647108e-03	2.238061e-01
7.258977879647108e-03	2.287195e-01
7.268743504647107e-03	2.331691e-01
7.278509129647107e-03	2.371564e-01
7.288274754647108e-03	2.406994e-01
7.298040379647108e-03	2.438007e-01
7.307806004647107e-03	2.464733e-01
7.317571629647107e-03	2.487204e-01
7.327337254647108e-03	2.505503e-01
7.337102879647108e-03	2.519654e-01
7.346868504647107e-03	2.529691e-01
7.356634129647107e-03	2.535617e-01
7.366399754647107e-03	2.537401e-01
7.376165379647108e-03	2.534993e-01
7.385931004647107e-03	2.528262e-01
7.395696629647107e-03	2.517047e-01
7.405462254647107e-03	2.501021e-01
7.415227879647108e-03	2.479748e-01
7.424993504647107e-03	2.452439e-01
7.434759129647107e-03	2.417858e-01
7.444524754647107e-03	2.373700e-01
7.454290379647108e-03	2.315531e-01
7.464056004647108e-03	2.233560e-01
7.473821629647107e-03	2.102339e-01
7.483587254647107e-03	1.896477e-01
7.493352879647108e-03	1.624505e-01
7.503118504647108e-03	1.311983e-01
7.504339207772107e-03	1.270679e-01
7.506780614022108e-03	1.187211e-01
7.511663426522108e-03	1.017152e-01
7.517639466845885e-03	8.115491e-02
7.526179645320161e-03	5.571995e-02
7.535945270320162e-03	3.221414e-02
7.545710895320162e-03	1.105510e-02
7.546931598445161e-03	8.516791e-03
7.549373004695162e-03	3.501340e-03
7.549983356257661e-03	2.265777e-03
7.551204059382662e-03	-1.961122e-04
7.553645465632661e-03	-5.059912e-03
7.554255817195162e-03	-6.261945e-03
7.554408405085786e-03	-6.562376e-03
7.554713580867036e-03	-7.162359e-03
7.555323932429536e-03	-8.357729e-03
7.556544635554536e-03	-1.073423e-02
7.558986041804537e-03	-1.543195e-02
7.563603850385574e-03	-2.412274e-02
7.572839467547650e-03	-4.078373e-02
7.582605092547650e-03	-5.742701e-02
7.592370717547650e-03	-7.313937e-02
7.602136342547650e-03	-8.796969e-02
7.611901967547650e-03	-1.019667e-01
7.621667592547650e-03	-1.151713e-01
7.631433217547650e-03	-1.276198e-01
7.641198842547650e-03	-1.393456e-01
7.650964467547650e-03	-1.503790e-01
7.660730092547650e-03	-1.607466e-01
7.661950795672650e-03	-1.619902e-01
7.664392201922650e-03	-1.644460e-01
7.665002553485150e-03	-1.650575e-01
7.666223256610150e-03	-1.662696e-01
7.668664662860150e-03	-1.686629e-01
7.673547475360150e-03	-1.733359e-01
7.683313100360151e-03	-1.822302e-01
7.693078725360150e-03	-1.905417e-01
7.702844350360150e-03	-1.982888e-01
7.712609975360150e-03	-2.054919e-01
7.722375600360150e-03	-2.121663e-01
7.732141225360150e-03	-2.183299e-01
7.741906850360150e-03	-2.239955e-01
7.751672475360150e-03	-2.291787e-01
7.761438100360150e-03	-2.338901e-01
7.771203725360150e-03	-2.381431e-01
7.790734975360150e-03	-2.453117e-01
7.800500600360150e-03	-2.482455e-01
7.810266225360150e-03	-2.507574e-01
7.820031850360150e-03	-2.528521e-01
7.829797475360150e-03	-2.545366e-01
7.839563100360150e-03	-2.558132e-01
7.849328725360150e-03	-2.566858e-01
7.859094350360149e-03	-2.571527e-01
7.868859975360151e-03	-2.572128e-01
7.878625600360151e-03	-2.568580e-01
7.888391225360150e-03	-2.560784e-01
7.898156850360150e-03	-2.548533e-01
7.907922475360150e-03	-2.531543e-01
7.917688100360150e-03	-2.509322e-01
7.927453725360150e-03	-2.481119e-01
7.937219350360149e-03	-2.445629e-01
7.946984975360149e-03	-2.400552e-01
7.956750600360151e-03	-2.341311e-01
7.966516225360151e-03	-2.257898e-01
7.976281850360150e-03	-2.124284e-01
7.986047475360150e-03	-1.915663e-01
7.995813100360150e-03	-1.642002e-01
7.997033803485151e-03	-1.604225e-01
7.999475209735150e-03	-1.527681e-01
8.000085561297650e-03	-1.508137e-01
8.001306264422650e-03	-1.468789e-01
8.001611440203900e-03	-1.458872e-01
8.002221791766399e-03	-1.438950e-01
8.003442494891400e-03	-1.398800e-01
8.005531800471387e-03	-1.329091e-01
8.007704287442760e-03	-1.255341e-01
8.012049261385506e-03	-1.104763e-01
8.017068802935538e-03	-9.293304e-02
8.026834427935538e-03	-6.243404e-02
8.036600052935538e-03	-3.819155e-02
8.046365677935537e-03	-1.680783e-02
8.056131302935537e-03	3.182140e-03
8.065896927935537e-03	2.180999e-02
8.075662552935538e-03	3.943540e-02
8.085428177935538e-03	5.598985e-02
8.095193802935538e-03	7.166900e-02
8.104959427935538e-03	8.642028e-02
8.114725052935538e-03	1.003794e-01
8.124490677935537e-03	1.135090e-01
8.134256302935537e-03	1.259137e-01
8.144021927935537e-03	1.375648e-01
8.153787552935537e-03	1.485441e-01
8.163553177935538e-03	1.588375e-01
8.173318802935538e-03	1.685092e-01
8.183084427935538e-03	1.775505e-01
8.192850052935538e-03	1.860125e-01
8.202615677935537e-03	1.938897e-01
8.212381302935537e-03	2.012246e-01
8.222146927935537e-03	2.080136e-01
8.231912552935537e-03	2.142922e-01
8.241678177935538e-03	2.200581e-01
8.251443802935538e-03	2.253409e-01
8.261209427935538e-03	2.301393e-01
8.270975052935538e-03	2.344777e-01
8.280740677935538e-03	2.383558e-01
8.290506302935537e-03	2.417933e-01
8.300271927935537e-03	2.447901e-01
8.310037552935537e-03	2.473620e-01
8.319803177935538e-03	2.495085e-01
8.329568802935538e-03	2.512411e-01
8.339334427935538e-03	2.525583e-01
8.349100052935538e-03	2.534668e-01
8.358865677935538e-03	2.539625e-01
8.368631302935537e-03	2.540455e-01
8.378396927935537e-03	2.537058e-01
8.388162552935537e-03	2.529334e-01
8.397928177935537e-03	2.517056e-01
8.407693802935538e-03	2.499915e-01
8.417459427935538e-03	2.477381e-01
8.427225052935538e-03	2.448629e-01
8.436990677935538e-03	2.412223e-01
8.446756302935537e-03	2.365586e-01
8.456521927935537e-03	2.303503e-01
8.466287552935537e-03	2.214390e-01
8.476053177935537e-03	2.069282e-01
8.485818802935538e-03	1.847261e-01
8.495584427935538e-03	1.564906e-01
8.496805131060537e-03	1.526379e-01
8.499246537310538e-03	1.448422e-01
8.504129349810537e-03	1.287166e-01
8.505350052935538e-03	1.245589e-01
8.507791459185537e-03	1.161616e-01
8.512674271685538e-03	9.911853e-02
8.517206264886721e-03	8.346310e-02
8.526270251289091e-03	5.625443e-02
8.536035876289091e-03	3.267872e-02
8.545801501289091e-03	1.151267e-02
8.547022204414091e-03	8.967217e-03
8.549463610664091e-03	3.944848e-03
8.550073962226590e-03	2.708542e-03
8.551294665351591e-03	2.446802e-04
8.553736071601590e-03	-4.623719e-03
8.554346423164091e-03	-5.826230e-03
8.554499011054716e-03	-6.126916e-03
8.554804186835966e-03	-6.728208e-03
8.555414538398465e-03	-7.924337e-03
8.556635241523466e-03	-1.030254e-02
8.559076647773466e-03	-1.500467e-02
8.561848623746994e-03	-2.025546e-02
8.567392575694048e-03	-3.049169e-02
8.577158200694048e-03	-4.770681e-02
8.586923825694049e-03	-6.395125e-02
8.596689450694049e-03	-7.928704e-02
8.606455075694049e-03	-9.376221e-02
8.616220700694049e-03	-1.074204e-01
8.625986325694049e-03	-1.203026e-01
8.635751950694048e-03	-1.324418e-01
8.645517575694048e-03	-1.438721e-01
8.655283200694048e-03	-1.546208e-01
8.665048825694049e-03	-1.647032e-01
8.666269528819048e-03	-1.659076e-01
8.668710935069048e-03	-1.683034e-01
8.673593747569049e-03	-1.729801e-01
8.683359372569048e-03	-1.818823e-01
8.693124997569048e-03	-1.902007e-01
8.702890622569048e-03	-1.979545e-01
8.712656247569048e-03	-2.051633e-01
8.722421872569049e-03	-2.118433e-01
8.732187497569049e-03	-2.180118e-01
8.741953122569049e-03	-2.236821e-01
8.751718747569049e-03	-2.288692e-01
8.761484372569048e-03	-2.335844e-01
8.771249997569048e-03	-2.378405e-01
8.781015622569048e-03	-2.416469e-01
8.790781247569048e-03	-2.450144e-01
8.800546872569049e-03	-2.479504e-01
8.810312497569049e-03	-2.504639e-01
8.820078122569049e-03	-2.525600e-01
8.829843747569049e-03	-2.542455e-01
8.839609372569049e-03	-2.555228e-01
8.849374997569048e-03	-2.563954e-01
8.859140622569048e-03	-2.568620e-01
8.868906247569048e-03	-2.569211e-01
8.878671872569049e-03	-2.565650e-01
8.888437497569049e-03	-2.557830e-01
8.898203122569049e-03	-2.545548e-01
8.907968747569049e-03	-2.528512e-01
8.917734372569049e-03	-2.506228e-01
8.927499997569048e-03	-2.477932e-01
8.937265622569048e-03	-2.442306e-01
8.947031247569048e-03	-2.397010e-01
8.956796872569048e-03	-2.337388e-01
8.966562497569049e-03	-2.253221e-01
8.976328122569049e-03	-2.118064e-01
8.986093747569049e-03	-1.907581e-01
8.995859372569049e-03	-1.632720e-01
8.997080075694049e-03	-1.594849e-01
8.999521481944049e-03	-1.518106e-01
9.000131833506548e-03	-1.498505e-01
9.001352536631549e-03	-1.459067e-01
9.001657712412799e-03	-1.449123e-01
9.002268063975298e-03	-1.429158e-01
9.003488767100299e-03	-1.388935e-01
9.005930173350298e-03	-1.307200e-01
9.008326349472831e-03	-1.225442e-01
9.013118701717898e-03	-1.058623e-01
9.019378031060479e-03	-8.427483e-02
9.029143656060478e-03	-5.556591e-02
9.038909281060478e-03	-3.239843e-02
9.048674906060478e-03	-1.134111e-02
9.058440531060478e-03	8.230783e-03
9.068206156060478e-03	2.662523e-02
9.077971781060477e-03	4.394022e-02
9.087737406060477e-03	6.028509e-02
9.097503031060479e-03	7.570365e-02
9.107268656060478e-03	9.026208e-02
9.117034281060478e-03	1.039926e-01
9.126799906060478e-03	1.169444e-01
9.136565531060478e-03	1.291445e-01
9.146331156060478e-03	1.406282e-01
9.156096781060477e-03	1.514257e-01
9.165862406060477e-03	1.615620e-01
9.175628031060477e-03	1.710691e-01
9.185393656060479e-03	1.799637e-01
9.195159281060478e-03	1.882746e-01
9.204924906060478e-03	1.960147e-01
9.214690531060478e-03	2.032101e-01
9.224456156060478e-03	2.098701e-01
9.234221781060478e-03	2.160189e-01
9.243987406060477e-03	2.216630e-01
9.253753031060477e-03	2.268243e-01
9.263518656060479e-03	2.315070e-01
9.273284281060478e-03	2.357311e-01
9.283049906060478e-03	2.394987e-01
9.292815531060478e-03	2.428279e-01
9.302581156060478e-03	2.457187e-01
9.312346781060478e-03	2.481871e-01
9.322112406060477e-03	2.502309e-01
9.331878031060477e-03	2.518636e-01
9.341643656060479e-03	2.530804e-01
9.351409281060478e-03	2.538910e-01
9.361174906060478e-03	2.542864e-01
9.370940531060478e-03	2.542709e-01
9.380706156060478e-03	2.538283e-01
9.390471781060478e-03	2.529524e-01
9.400237406060477e-03	2.516126e-01
9.410003031060477e-03	2.497806e-01
9.419768656060477e-03	2.473916e-01
9.429534281060479e-03	2.443594e-01
9.439299906060478e-03	2.405156e-01
9.449065531060478e-03	2.355684e-01
9.458831156060478e-03	2.288964e-01
9.468596781060478e-03	2.191125e-01
9.478362406060478e-03	2.030097e-01
9.488128031060477e-03	1.791694e-01
9.497893656060477e-03	1.499719e-01
9.499114359185478e-03	1.460378e-01
9.501555765435477e-03	1.380777e-01
9.502166116997978e-03	1.360544e-01
9.503386820122977e-03	1.319871e-01
9.505828226372979e-03	1.237333e-01
9.510711038872978e-03	1.068116e-01
9.516215587967752e-03	8.765446e-02
9.522164114163276e-03	6.846523e-02
9.531929739163275e-03	4.275573e-02
9.541695364163275e-03	2.077919e-02
9.551460989163275e-03	3.986357e-04
9.552681692288276e-03	-2.013437e-03
9.552986868069525e-03	-2.617370e-03
9.553597219632025e-03	-3.825698e-03
9.554817922757025e-03	-6.234707e-03
9.555123098538275e-03	-6.833756e-03
9.555733450100775e-03	-8.033344e-03
9.555886037991401e-03	-8.330191e-03
9.556191213772651e-03	-8.923516e-03
9.556801565335150e-03	-1.010990e-02
9.558022268460151e-03	-1.247068e-02
9.559417283387312e-03	-1.514618e-02
9.562207313241634e-03	-2.042655e-02
9.565686728288296e-03	-2.688449e-02
9.572645558381618e-03	-3.939706e-02
9.582411183381620e-03	-5.610018e-02
9.592176808381619e-03	-7.186576e-02
9.601942433381619e-03	-8.674949e-02
9.611708058381619e-03	-1.007957e-01
9.621473683381619e-03	-1.140457e-01
9.631239308381619e-03	-1.265376e-01
9.641004933381618e-03	-1.383037e-01
9.650770558381618e-03	-1.493757e-01
9.660536183381620e-03	-1.597798e-01
9.661756886506619e-03	-1.610291e-01
9.662062062287868e-03	-1.613402e-01
9.662672413850370e-03	-1.619606e-01
9.663893116975368e-03	-1.631894e-01
9.664198292756618e-03	-1.634972e-01
9.664808644319119e-03	-1.641092e-01
9.666029347444118e-03	-1.653246e-01
9.668470753694119e-03	-1.677272e-01
9.673353566194118e-03	-1.724159e-01
9.683119191194118e-03	-1.813426e-01
9.692884816194120e-03	-1.896832e-01
9.702650441194120e-03	-1.974592e-01
9.712416066194119e-03	-2.046882e-01
9.722181691194119e-03	-2.113886e-01
9.731947316194119e-03	-2.175754e-01
9.741712941194119e-03	-2.232644e-01
9.751478566194119e-03	-2.284682e-01
9.761244191194118e-03	-2.332007e-01
9.771009816194118e-03	-2.374722e-01
9.780775441194120e-03	-2.412945e-01
9.790541066194119e-03	-2.446761e-01
9.800306691194119e-03	-2.476269e-01
9.810072316194119e-03	-2.501535e-01
9.819837941194119e-03	-2.522633e-01
9.829603566194119e-03	-2.539609e-01
9.839369191194118e-03	-2.552510e-01
9.849134816194118e-03	-2.561349e-01
9.868666066194120e-03	-2.566834e-01
9.888197316194119e-03	-2.555669e-01
9.897962941194119e-03	-2.543498e-01
9.907728566194119e-03	-2.526562e-01
9.917494191194118e-03	-2.504392e-01
9.927259816194118e-03	-2.476204e-01
9.937025441194120e-03	-2.440708e-01
9.946791066194120e-03	-2.395556e-01
9.956556691194119e-03	-2.336140e-01
9.966322316194119e-03	-2.252298e-01
9.976087941194119e-03	-2.117752e-01
9.985853566194119e-03	-1.907990e-01
9.995619191194119e-03	-1.633626e-01
9.996166792294854e-03	-1.616771e-01
9.997261994496324e-03	-1.582870e-01
9.999452398899265e-03	-1.513867e-01
1.000000000000000e-02	-1.496303e-01
Step Information: Rgain=24.5005K  (Step: 6/11)
0.000000000000000e+00	4.500008e-14
5.000000058430487e-08	5.261039e-10
1.000000011686097e-07	5.360820e-08
2.000000023372195e-07	1.871578e-06
4.000000046744390e-07	2.285942e-05
8.000000093488779e-07	1.342867e-04
1.600000018697756e-06	5.785004e-04
3.200000037395512e-06	2.209235e-03
6.400000074791024e-06	7.521739e-03
1.280000014958205e-05	2.257521e-02
2.256562514958205e-05	4.848924e-02
3.233125014958205e-05	6.756306e-02
4.209687514958205e-05	8.089054e-02
5.186250014958205e-05	9.352725e-02
6.162812514958205e-05	1.050654e-01
7.139375014958204e-05	1.160949e-01
8.115937514958205e-05	1.264785e-01
9.092500014958205e-05	1.364789e-01
1.006906251495820e-04	1.459007e-01
1.104562501495821e-04	1.549580e-01
1.202218751495820e-04	1.634933e-01
1.299875001495820e-04	1.716698e-01
1.397531251495821e-04	1.793668e-01
1.495187501495821e-04	1.867085e-01
1.592843751495820e-04	1.936019e-01
1.690500001495821e-04	2.001460e-01
1.788156251495821e-04	2.062655e-01
1.885812501495820e-04	2.120414e-01
1.983468751495820e-04	2.174121e-01
2.081125001495821e-04	2.224441e-01
2.178781251495820e-04	2.270872e-01
2.276437501495820e-04	2.313958e-01
2.374093751495821e-04	2.353291e-01
2.471750001495820e-04	2.389315e-01
2.569406251495820e-04	2.421697e-01
2.667062501495821e-04	2.450801e-01
2.764718751495821e-04	2.476355e-01
2.862375001495821e-04	2.498651e-01
2.960031251495820e-04	2.517470e-01
3.057687501495820e-04	2.533038e-01
3.155343751495820e-04	2.545177e-01
3.253000001495821e-04	2.554053e-01
3.350656251495821e-04	2.559514e-01
3.448312501495821e-04	2.561666e-01
3.545968751495821e-04	2.560365e-01
3.643625001495820e-04	2.555645e-01
3.741281251495820e-04	2.547341e-01
3.838937501495821e-04	2.535387e-01
3.936593751495821e-04	2.519540e-01
4.034250001495821e-04	2.499554e-01
4.131906251495821e-04	2.474967e-01
4.229562501495820e-04	2.445128e-01
4.327218751495820e-04	2.408912e-01
4.424875001495820e-04	2.364396e-01
4.522531251495821e-04	2.307791e-01
4.620187501495821e-04	2.230778e-01
4.717843751495821e-04	2.108432e-01
4.815500001495820e-04	1.902047e-01
4.913156251495820e-04	1.604757e-01
4.925363282745820e-04	1.562039e-01
4.949777345245821e-04	1.475411e-01
4.998605470245821e-04	1.295041e-01
5.010812501495820e-04	1.248336e-01
5.013864259308321e-04	1.236630e-01
5.019967774933321e-04	1.213130e-01
5.032174806183321e-04	1.165824e-01
5.056588868683320e-04	1.070600e-01
5.087622859323169e-04	9.501368e-02
5.149690840602866e-04	7.333367e-02
5.228445648169548e-04	5.185559e-02
5.326101898169548e-04	2.940647e-02
5.423758148169548e-04	8.531321e-03
5.435965179419548e-04	6.070645e-03
5.439016937232048e-04	5.453776e-03
5.445120452857048e-04	4.219349e-03
5.446646331763298e-04	3.910850e-03
5.449698089575797e-04	3.294431e-03
5.455801605200798e-04	2.063508e-03
5.455992340064079e-04	2.025102e-03
5.456373809790641e-04	1.948377e-03
5.457136749243767e-04	1.795236e-03
5.458662628150016e-04	1.489083e-03
5.461714385962517e-04	8.771936e-04
5.467817901587517e-04	-3.428227e-04
5.480024932837516e-04	-2.768452e-03
5.504438995337516e-04	-7.563123e-03
5.553267120337516e-04	-1.693387e-02
5.650923370337516e-04	-3.485462e-02
5.748579620337516e-04	-5.175810e-02
5.846235870337516e-04	-6.771509e-02
5.943892120337516e-04	-8.278170e-02
6.041548370337516e-04	-9.700403e-02
6.139204620337516e-04	-1.104246e-01
6.236860870337517e-04	-1.230827e-01
6.334517120337517e-04	-1.350119e-01
6.432173370337517e-04	-1.462451e-01
6.529829620337517e-04	-1.568106e-01
6.627485870337516e-04	-1.667192e-01
6.639692901587517e-04	-1.679037e-01
6.664106964087516e-04	-1.702592e-01
6.712935089087516e-04	-1.748580e-01
6.810591339087516e-04	-1.836141e-01
6.908247589087516e-04	-1.917994e-01
7.005903839087516e-04	-1.994329e-01
7.103560089087517e-04	-2.065343e-01
7.201216339087517e-04	-2.131196e-01
7.298872589087517e-04	-2.192059e-01
7.396528839087517e-04	-2.248069e-01
7.494185089087517e-04	-2.299372e-01
7.591841339087516e-04	-2.346083e-01
7.689497589087516e-04	-2.388330e-01
7.787153839087516e-04	-2.426210e-01
7.884810089087516e-04	-2.459831e-01
7.982466339087516e-04	-2.489274e-01
8.080122589087516e-04	-2.514629e-01
8.177778839087516e-04	-2.535957e-01
8.275435089087516e-04	-2.553332e-01
8.470747589087517e-04	-2.576388e-01
8.666060089087517e-04	-2.584022e-01
8.861372589087516e-04	-2.576122e-01
8.959028839087516e-04	-2.566157e-01
9.056685089087516e-04	-2.551973e-01
9.154341339087516e-04	-2.533275e-01
9.251997589087516e-04	-2.509617e-01
9.349653839087516e-04	-2.480257e-01
9.447310089087516e-04	-2.443963e-01
9.544966339087517e-04	-2.398473e-01
9.642622589087517e-04	-2.339258e-01
9.740278839087517e-04	-2.255830e-01
9.837935089087517e-04	-2.116786e-01
9.935591339087517e-04	-1.885408e-01
1.003324758908752e-03	-1.570120e-01
1.004545462033752e-03	-1.526143e-01
1.004850637815002e-03	-1.515079e-01
1.005460989377502e-03	-1.492895e-01
1.006681692502502e-03	-1.448102e-01
1.006986868283752e-03	-1.436789e-01
1.007597219846252e-03	-1.414110e-01
1.008817922971252e-03	-1.368377e-01
1.011259329221252e-03	-1.275476e-01
1.015231139124295e-03	-1.121589e-01
1.020884252800255e-03	-9.085902e-02
1.030649877800255e-03	-6.175767e-02
1.040415502800255e-03	-3.908639e-02
1.050181127800255e-03	-1.803288e-02
1.059946752800255e-03	1.417665e-03
1.069712377800255e-03	1.982328e-02
1.079478002800255e-03	3.706352e-02
1.089243627800255e-03	5.340137e-02
1.099009252800255e-03	6.875162e-02
1.108774877800255e-03	8.328591e-02
1.118540502800255e-03	9.694695e-02
1.128306127800255e-03	1.098616e-01
1.138071752800255e-03	1.219908e-01
1.147837377800255e-03	1.334321e-01
1.157603002800255e-03	1.441537e-01
1.167368627800255e-03	1.542449e-01
1.177134252800255e-03	1.636751e-01
1.186899877800255e-03	1.725217e-01
1.196665502800255e-03	1.807584e-01
1.206431127800255e-03	1.884500e-01
1.216196752800255e-03	1.955754e-01
1.225962377800255e-03	2.021886e-01
1.235728002800255e-03	2.082728e-01
1.245493627800255e-03	2.138734e-01
1.255259252800255e-03	2.189767e-01
1.265024877800255e-03	2.236209e-01
1.274790502800255e-03	2.277947e-01
1.284556127800255e-03	2.315301e-01
1.294321752800255e-03	2.348177e-01
1.304087377800255e-03	2.376839e-01
1.313853002800255e-03	2.401205e-01
1.323618627800255e-03	2.421486e-01
1.333384252800255e-03	2.437604e-01
1.343149877800255e-03	2.449715e-01
1.352915502800255e-03	2.457733e-01
1.362681127800255e-03	2.461747e-01
1.372446752800255e-03	2.461639e-01
1.382212377800255e-03	2.457406e-01
1.391978002800255e-03	2.448848e-01
1.401743627800255e-03	2.435801e-01
1.411509252800255e-03	2.417862e-01
1.421274877800255e-03	2.394511e-01
1.431040502800255e-03	2.364773e-01
1.440806127800255e-03	2.327061e-01
1.450571752800255e-03	2.278247e-01
1.460337377800255e-03	2.211761e-01
1.470103002800255e-03	2.108347e-01
1.479868627800255e-03	1.931171e-01
1.489634252800255e-03	1.659274e-01
1.499399877800255e-03	1.318331e-01
1.500620580925255e-03	1.272474e-01
1.500925756706505e-03	1.260977e-01
1.501536108269005e-03	1.237920e-01
1.502756811394005e-03	1.191388e-01
1.505198217644005e-03	1.097255e-01
1.509042111341970e-03	9.485982e-02
1.513081658430673e-03	7.998034e-02
1.521160752608076e-03	5.601132e-02
1.530926377608076e-03	3.304343e-02
1.540692002608076e-03	1.197032e-02
1.541912705733076e-03	9.478696e-03
1.544354111983077e-03	4.513444e-03
1.544964463545577e-03	3.283041e-03
1.546185166670576e-03	8.349532e-04
1.546490342451827e-03	2.266488e-04
1.546566636397139e-03	7.454881e-05
1.546719224287764e-03	-2.294302e-04
1.547024400069014e-03	-8.358874e-04
1.547634751631514e-03	-2.044982e-03
1.548855454756514e-03	-4.449002e-03
1.551296861006514e-03	-9.200759e-03
1.556179673506514e-03	-1.848797e-02
1.565945298506514e-03	-3.624929e-02
1.575710923506514e-03	-5.300350e-02
1.585476548506514e-03	-6.882055e-02
1.595242173506514e-03	-8.375607e-02
1.605007798506514e-03	-9.785531e-02
1.614773423506514e-03	-1.111603e-01
1.624539048506514e-03	-1.237096e-01
1.634304673506514e-03	-1.355366e-01
1.644070298506514e-03	-1.466732e-01
1.653835923506514e-03	-1.571476e-01
1.655056626631514e-03	-1.584068e-01
1.657498032881514e-03	-1.609044e-01
1.658108384444014e-03	-1.615214e-01
1.659329087569014e-03	-1.627496e-01
1.659634263350264e-03	-1.630544e-01
1.660244614912764e-03	-1.636606e-01
1.661465318037764e-03	-1.648646e-01
1.661770493819014e-03	-1.651665e-01
1.662380845381514e-03	-1.657663e-01
1.663601548506514e-03	-1.669572e-01
1.666042954756514e-03	-1.693116e-01
1.670925767256514e-03	-1.739068e-01
1.680691392256514e-03	-1.826585e-01
1.690457017256514e-03	-1.908394e-01
1.700222642256514e-03	-1.984708e-01
1.709988267256514e-03	-2.055701e-01
1.719753892256514e-03	-2.121554e-01
1.729519517256514e-03	-2.182413e-01
1.739285142256514e-03	-2.238438e-01
1.749050767256514e-03	-2.289751e-01
1.758816392256514e-03	-2.336490e-01
1.768582017256514e-03	-2.378757e-01
1.778347642256514e-03	-2.416673e-01
1.788113267256514e-03	-2.450322e-01
1.797878892256514e-03	-2.479806e-01
1.807644517256514e-03	-2.505193e-01
1.817410142256514e-03	-2.526565e-01
1.827175767256514e-03	-2.543972e-01
1.836941392256514e-03	-2.557475e-01
1.846707017256514e-03	-2.567098e-01
1.866238267256514e-03	-2.574787e-01
1.885769517256514e-03	-2.566914e-01
1.895535142256514e-03	-2.556950e-01
1.905300767256514e-03	-2.542741e-01
1.915066392256514e-03	-2.524000e-01
1.924832017256514e-03	-2.500257e-01
1.934597642256514e-03	-2.470765e-01
1.944363267256514e-03	-2.434241e-01
1.954128892256514e-03	-2.388366e-01
1.963894517256514e-03	-2.328414e-01
1.973660142256514e-03	-2.243430e-01
1.983425767256514e-03	-2.100697e-01
1.993191392256514e-03	-1.864526e-01
2.002957017256514e-03	-1.546088e-01
2.004177720381514e-03	-1.501816e-01
2.004482896162764e-03	-1.490701e-01
2.005093247725264e-03	-1.468402e-01
2.006313950850264e-03	-1.423370e-01
2.008496687547600e-03	-1.341585e-01
2.010771636646019e-03	-1.254708e-01
2.014522076356297e-03	-1.109244e-01
2.020671226623574e-03	-8.796810e-02
2.030436851623574e-03	-5.946531e-02
2.040202476623574e-03	-3.701633e-02
2.049968101623573e-03	-1.604849e-02
2.059733726623574e-03	3.301908e-03
2.069499351623573e-03	2.164353e-02
2.079264976623574e-03	3.880740e-02
2.089030601623573e-03	5.509046e-02
2.098796226623574e-03	7.037732e-02
2.108561851623573e-03	8.486384e-02
2.118327476623574e-03	9.847103e-02
2.128093101623573e-03	1.113439e-01
2.137858726623574e-03	1.234273e-01
2.147624351623573e-03	1.348324e-01
2.157389976623574e-03	1.455146e-01
2.167155601623573e-03	1.555746e-01
2.168376304748574e-03	1.567736e-01
2.170817710998574e-03	1.591630e-01
2.175700523498574e-03	1.638315e-01
2.185466148498574e-03	1.727110e-01
2.195231773498574e-03	1.810062e-01
2.204997398498574e-03	1.887323e-01
2.214763023498574e-03	1.959134e-01
2.224528648498574e-03	2.025626e-01
2.234294273498574e-03	2.087007e-01
2.244059898498574e-03	2.143385e-01
2.253825523498574e-03	2.194943e-01
2.263591148498573e-03	2.241771e-01
2.273356773498574e-03	2.284025e-01
2.283122398498573e-03	2.321779e-01
2.292888023498574e-03	2.355165e-01
2.302653648498573e-03	2.384243e-01
2.312419273498574e-03	2.409121e-01
2.322184898498573e-03	2.429838e-01
2.331950523498574e-03	2.446477e-01
2.341716148498573e-03	2.459053e-01
2.351481773498574e-03	2.467613e-01
2.361247398498573e-03	2.472135e-01
2.371013023498574e-03	2.472613e-01
2.380778648498573e-03	2.468960e-01
2.390544273498574e-03	2.461074e-01
2.400309898498573e-03	2.448738e-01
2.410075523498574e-03	2.431653e-01
2.419841148498574e-03	2.409294e-01
2.429606773498574e-03	2.380848e-01
2.439372398498574e-03	2.344870e-01
2.449138023498574e-03	2.298732e-01
2.458903648498574e-03	2.236918e-01
2.468669273498574e-03	2.146337e-01
2.478434898498574e-03	1.989370e-01
2.488200523498574e-03	1.735804e-01
2.497966148498574e-03	1.406865e-01
2.499186851623574e-03	1.361912e-01
2.501628257873574e-03	1.270976e-01
2.502238609436074e-03	1.247866e-01
2.503459312561074e-03	1.201369e-01
2.505900718811074e-03	1.107211e-01
2.509637994519310e-03	9.625595e-02
2.513619143399650e-03	8.151380e-02
2.521581441160329e-03	5.763228e-02
2.531347066160329e-03	3.451777e-02
2.541112691160329e-03	1.338948e-02
2.542333394285329e-03	1.088536e-02
2.544774800535329e-03	5.903099e-03
2.549657613035329e-03	-3.836256e-03
2.550878316160329e-03	-6.214368e-03
2.553319722410329e-03	-1.093191e-02
2.558202534910329e-03	-2.015147e-02
2.567968159910329e-03	-3.778777e-02
2.577733784910329e-03	-5.442457e-02
2.587499409910329e-03	-7.013144e-02
2.597265034910329e-03	-8.496089e-02
2.607030659910329e-03	-9.895906e-02
2.616796284910329e-03	-1.121661e-01
2.626561909910329e-03	-1.246213e-01
2.636327534910329e-03	-1.363566e-01
2.646093159910329e-03	-1.474046e-01
2.655858784910329e-03	-1.577922e-01
2.657079488035329e-03	-1.590408e-01
2.659520894285329e-03	-1.615170e-01
2.660131245847829e-03	-1.621283e-01
2.661351948972829e-03	-1.633438e-01
2.663793355222829e-03	-1.657369e-01
2.664403706785329e-03	-1.663332e-01
2.665624409910329e-03	-1.675148e-01
2.668065816160329e-03	-1.698475e-01
2.672948628660329e-03	-1.744027e-01
2.682714253660329e-03	-1.830727e-01
2.692479878660329e-03	-1.911754e-01
2.702245503660329e-03	-1.987285e-01
2.712011128660329e-03	-2.057523e-01
2.721776753660329e-03	-2.122617e-01
2.731542378660329e-03	-2.182745e-01
2.741308003660329e-03	-2.238030e-01
2.751073628660329e-03	-2.288629e-01
2.760839253660329e-03	-2.334644e-01
2.770604878660329e-03	-2.376210e-01
2.780370503660329e-03	-2.413413e-01
2.790136128660329e-03	-2.446370e-01
2.799901753660329e-03	-2.475148e-01
2.809667378660329e-03	-2.499845e-01
2.819433003660329e-03	-2.520512e-01
2.829198628660329e-03	-2.537226e-01
2.838964253660329e-03	-2.550015e-01
2.848729878660329e-03	-2.558930e-01
2.858495503660329e-03	-2.563969e-01
2.868261128660329e-03	-2.565142e-01
2.878026753660329e-03	-2.562397e-01
2.887792378660329e-03	-2.555675e-01
2.897558003660329e-03	-2.544832e-01
2.907323628660329e-03	-2.529673e-01
2.917089253660329e-03	-2.509851e-01
2.926854878660329e-03	-2.484850e-01
2.936620503660329e-03	-2.453790e-01
2.946386128660329e-03	-2.415190e-01
2.956151753660329e-03	-2.366237e-01
2.965917378660329e-03	-2.301069e-01
2.975683003660329e-03	-2.202937e-01
2.985448628660329e-03	-2.037039e-01
2.995214253660329e-03	-1.776312e-01
2.996434956785329e-03	-1.736616e-01
2.998876363035329e-03	-1.655607e-01
2.999486714597829e-03	-1.634768e-01
3.000707417722829e-03	-1.592726e-01
3.001012593504079e-03	-1.582081e-01
3.001622945066579e-03	-1.560704e-01
3.002843648191579e-03	-1.517394e-01
3.003148823972829e-03	-1.506409e-01
3.003759175535329e-03	-1.484366e-01
3.004979878660329e-03	-1.439838e-01
3.005285054441579e-03	-1.428580e-01
3.005895406004079e-03	-1.406008e-01
3.007116109129079e-03	-1.360468e-01
3.009557515379079e-03	-1.267863e-01
3.013533475020109e-03	-1.114067e-01
3.018720345803989e-03	-9.172046e-02
3.028485970803988e-03	-6.204859e-02
3.038251595803989e-03	-3.916150e-02
3.048017220803988e-03	-1.805065e-02
3.057782845803989e-03	1.486236e-03
3.067548470803988e-03	1.993943e-02
3.077314095803989e-03	3.724805e-02
3.087079720803988e-03	5.363275e-02
3.096845345803989e-03	6.904506e-02
3.106610970803989e-03	8.362742e-02
3.116376595803989e-03	9.734823e-02
3.126142220803989e-03	1.103105e-01
3.135907845803989e-03	1.224973e-01
3.145673470803989e-03	1.339881e-01
3.155439095803989e-03	1.447668e-01
3.165204720803989e-03	1.549086e-01
3.174970345803989e-03	1.643959e-01
3.184735970803989e-03	1.732946e-01
3.194501595803989e-03	1.815888e-01
3.204267220803989e-03	1.893339e-01
3.214032845803988e-03	1.965174e-01
3.223798470803989e-03	2.031857e-01
3.233564095803988e-03	2.093289e-01
3.243329720803989e-03	2.149862e-01
3.253095345803988e-03	2.201497e-01
3.262860970803989e-03	2.248524e-01
3.272626595803988e-03	2.290878e-01
3.282392220803989e-03	2.328837e-01
3.292157845803988e-03	2.362348e-01
3.301923470803989e-03	2.391638e-01
3.311689095803988e-03	2.416663e-01
3.321454720803989e-03	2.437604e-01
3.331220345803988e-03	2.454414e-01
3.340985970803989e-03	2.467230e-01
3.350751595803989e-03	2.475992e-01
3.360517220803989e-03	2.480778e-01
3.370282845803989e-03	2.481499e-01
3.380048470803989e-03	2.478152e-01
3.389814095803989e-03	2.470573e-01
3.399579720803989e-03	2.458622e-01
3.409345345803989e-03	2.441959e-01
3.419110970803989e-03	2.420146e-01
3.428876595803989e-03	2.392376e-01
3.438642220803989e-03	2.357361e-01
3.448407845803989e-03	2.312658e-01
3.458173470803988e-03	2.253366e-01
3.467939095803989e-03	2.167926e-01
3.477704720803988e-03	2.022346e-01
3.487470345803989e-03	1.782148e-01
3.497235970803988e-03	1.461267e-01
3.498456673928989e-03	1.416955e-01
3.500898080178989e-03	1.327192e-01
3.501508431741488e-03	1.304348e-01
3.502729134866489e-03	1.258422e-01
3.503034310647739e-03	1.246850e-01
3.503644662210239e-03	1.223642e-01
3.504865365335238e-03	1.176796e-01
3.507306771585239e-03	1.082345e-01
3.510921630658475e-03	9.426868e-02
3.515349823291415e-03	7.826824e-02
3.523919988709840e-03	5.378623e-02
3.533685613709841e-03	3.125248e-02
3.543451238709841e-03	1.034248e-02
3.553216863709841e-03	-8.998759e-03
3.554437566834840e-03	-1.135851e-02
3.556878973084840e-03	-1.600218e-02
3.561761785584841e-03	-2.505174e-02
3.571527410584841e-03	-4.238856e-02
3.581293035584841e-03	-5.873710e-02
3.591058660584841e-03	-7.418172e-02
3.600824285584841e-03	-8.875288e-02
3.610589910584841e-03	-1.025115e-01
3.620355535584841e-03	-1.154849e-01
3.630121160584841e-03	-1.277204e-01
3.639886785584841e-03	-1.392408e-01
3.649652410584841e-03	-1.500856e-01
3.659418035584840e-03	-1.602732e-01
3.660638738709841e-03	-1.614977e-01
3.660943914491091e-03	-1.618028e-01
3.661554266053591e-03	-1.624111e-01
3.661706853944216e-03	-1.625627e-01
3.662012029725466e-03	-1.628641e-01
3.662622381287966e-03	-1.634651e-01
3.663843084412966e-03	-1.646645e-01
3.666284490662966e-03	-1.670336e-01
3.671167303162966e-03	-1.716592e-01
3.680932928162966e-03	-1.804663e-01
3.690698553162966e-03	-1.886996e-01
3.700464178162966e-03	-1.963784e-01
3.710229803162966e-03	-2.035221e-01
3.719995428162966e-03	-2.101476e-01
3.729761053162966e-03	-2.162711e-01
3.739526678162966e-03	-2.219074e-01
3.749292303162966e-03	-2.270700e-01
3.759057928162965e-03	-2.317718e-01
3.768823553162966e-03	-2.360243e-01
3.778589178162965e-03	-2.398385e-01
3.788354803162966e-03	-2.432240e-01
3.798120428162965e-03	-2.461900e-01
3.807886053162966e-03	-2.487444e-01
3.817651678162965e-03	-2.508945e-01
3.827417303162966e-03	-2.526462e-01
3.837182928162966e-03	-2.540045e-01
3.846948553162966e-03	-2.549728e-01
3.856714178162966e-03	-2.555531e-01
3.866479803162966e-03	-2.557449e-01
3.876245428162966e-03	-2.555452e-01
3.886011053162966e-03	-2.549471e-01
3.895776678162966e-03	-2.539386e-01
3.905542303162966e-03	-2.524998e-01
3.915307928162966e-03	-2.505993e-01
3.925073553162965e-03	-2.481874e-01
3.934839178162966e-03	-2.451827e-01
3.944604803162966e-03	-2.414462e-01
3.954370428162966e-03	-2.367204e-01
3.964136053162965e-03	-2.304740e-01
3.973901678162966e-03	-2.214449e-01
3.983667303162966e-03	-2.059651e-01
3.993432928162966e-03	-1.808794e-01
3.994653631287965e-03	-1.770264e-01
3.997095037537966e-03	-1.691378e-01
3.997705389100465e-03	-1.670995e-01
3.998926092225466e-03	-1.629829e-01
4.001367498475465e-03	-1.545226e-01
4.001977850037966e-03	-1.523505e-01
4.003198553162965e-03	-1.479655e-01
4.003503728944216e-03	-1.468581e-01
4.004114080506715e-03	-1.446324e-01
4.005334783631715e-03	-1.401358e-01
4.007203605235311e-03	-1.331478e-01
4.009237132615493e-03	-1.254069e-01
4.013281946391417e-03	-1.097519e-01
4.017619512338105e-03	-9.320113e-02
4.026294644231482e-03	-6.588719e-02
4.036060269231482e-03	-4.230858e-02
4.045825894231482e-03	-2.101085e-02
4.055591519231482e-03	-1.208743e-03
4.065357144231482e-03	1.738821e-02
4.075122769231482e-03	3.489752e-02
4.084888394231482e-03	5.141399e-02
4.094654019231482e-03	6.699730e-02
4.104419644231482e-03	8.170246e-02
4.114185269231482e-03	9.557461e-02
4.123950894231482e-03	1.086539e-01
4.133716519231482e-03	1.209783e-01
4.143482144231482e-03	1.325788e-01
4.153247769231482e-03	1.434845e-01
4.163013394231482e-03	1.537297e-01
4.172779019231482e-03	1.633344e-01
4.182544644231482e-03	1.723314e-01
4.192310269231482e-03	1.807354e-01
4.202075894231482e-03	1.885746e-01
4.211841519231482e-03	1.958615e-01
4.221607144231482e-03	2.026203e-01
4.231372769231482e-03	2.088616e-01
4.241138394231482e-03	2.146064e-01
4.250904019231482e-03	2.198637e-01
4.260669644231482e-03	2.246513e-01
4.270435269231482e-03	2.289770e-01
4.280200894231482e-03	2.328559e-01
4.289966519231482e-03	2.362945e-01
4.299732144231482e-03	2.393052e-01
4.309497769231482e-03	2.418932e-01
4.319263394231482e-03	2.440685e-01
4.329029019231482e-03	2.458343e-01
4.338794644231482e-03	2.471976e-01
4.348560269231482e-03	2.481591e-01
4.358325894231482e-03	2.487219e-01
4.368091519231482e-03	2.488825e-01
4.377857144231482e-03	2.486376e-01
4.387622769231482e-03	2.479760e-01
4.397388394231482e-03	2.468827e-01
4.407154019231482e-03	2.453303e-01
4.416919644231482e-03	2.432781e-01
4.426685269231482e-03	2.406577e-01
4.436450894231482e-03	2.373569e-01
4.446216519231482e-03	2.331724e-01
4.455982144231482e-03	2.277053e-01
4.465747769231482e-03	2.200557e-01
4.475513394231482e-03	2.075257e-01
4.485279019231482e-03	1.862436e-01
4.495044644231482e-03	1.560393e-01
4.496265347356482e-03	1.517462e-01
4.498706753606482e-03	1.430374e-01
4.503589566106482e-03	1.249408e-01
4.504810269231482e-03	1.202575e-01
4.507251675481482e-03	1.108286e-01
4.512134487981482e-03	9.205278e-02
4.518280151833786e-03	7.099682e-02
4.528045776833785e-03	4.546728e-02
4.537811401833785e-03	2.374740e-02
4.547577026833786e-03	3.402343e-03
4.548797729958786e-03	1.011981e-03
4.549102905740035e-03	4.115865e-04
4.549713257302536e-03	-7.915744e-04
4.550933960427535e-03	-3.194195e-03
4.553375366677536e-03	-7.946168e-03
4.553985718240035e-03	-9.120550e-03
4.555206421365036e-03	-1.145988e-02
4.557647827615035e-03	-1.608432e-02
4.562530640115035e-03	-2.512819e-02
4.571330694542939e-03	-4.076715e-02
4.581096319542940e-03	-5.719023e-02
4.590861944542939e-03	-7.269352e-02
4.600627569542939e-03	-8.732989e-02
4.610393194542939e-03	-1.011423e-01
4.620158819542940e-03	-1.141717e-01
4.629924444542939e-03	-1.264548e-01
4.639690069542939e-03	-1.380246e-01
4.649455694542939e-03	-1.489117e-01
4.659221319542940e-03	-1.591435e-01
4.660442022667939e-03	-1.603726e-01
4.662883428917939e-03	-1.628084e-01
4.667766241417940e-03	-1.675431e-01
4.668986944542939e-03	-1.687062e-01
4.671428350792939e-03	-1.710032e-01
4.676311163292939e-03	-1.754835e-01
4.686076788292940e-03	-1.840107e-01
4.695842413292939e-03	-1.919715e-01
4.705608038292939e-03	-1.993879e-01
4.715373663292939e-03	-2.062757e-01
4.725139288292940e-03	-2.126537e-01
4.734904913292939e-03	-2.185352e-01
4.744670538292939e-03	-2.239367e-01
4.754436163292939e-03	-2.288691e-01
4.764201788292940e-03	-2.333470e-01
4.773967413292939e-03	-2.373792e-01
4.783733038292939e-03	-2.409784e-01
4.793498663292939e-03	-2.441519e-01
4.803264288292940e-03	-2.469102e-01
4.813029913292939e-03	-2.492590e-01
4.822795538292939e-03	-2.512067e-01
4.832561163292939e-03	-2.527570e-01
4.842326788292940e-03	-2.539159e-01
4.852092413292939e-03	-2.546842e-01
4.861858038292939e-03	-2.550644e-01
4.871623663292939e-03	-2.550530e-01
4.881389288292940e-03	-2.546465e-01
4.891154913292940e-03	-2.538337e-01
4.900920538292939e-03	-2.526002e-01
4.910686163292939e-03	-2.509186e-01
4.920451788292939e-03	-2.487496e-01
4.930217413292940e-03	-2.460261e-01
4.939983038292939e-03	-2.426396e-01
4.949748663292939e-03	-2.383934e-01
4.959514288292939e-03	-2.329048e-01
4.969279913292940e-03	-2.253149e-01
4.979045538292939e-03	-2.130499e-01
4.988811163292939e-03	-1.922133e-01
4.998576788292939e-03	-1.623586e-01
4.999797491417940e-03	-1.580917e-01
5.002238897667939e-03	-1.494223e-01
5.002849249230439e-03	-1.472017e-01
5.004069952355439e-03	-1.427328e-01
5.006511358605440e-03	-1.336371e-01
5.009472701499847e-03	-1.223412e-01
5.012353070623241e-03	-1.111664e-01
5.018113808870029e-03	-8.940788e-02
5.027879433870028e-03	-6.011957e-02
5.037645058870028e-03	-3.740374e-02
5.047410683870028e-03	-1.634831e-02
5.057176308870029e-03	3.115072e-03
5.066941933870028e-03	2.152522e-02
5.076707558870028e-03	3.877932e-02
5.086473183870028e-03	5.512759e-02
5.096238808870029e-03	7.049616e-02
5.106004433870028e-03	8.504709e-02
5.115770058870028e-03	9.873164e-02
5.125535683870028e-03	1.116691e-01
5.135301308870029e-03	1.238271e-01
5.145066933870028e-03	1.352968e-01
5.154832558870028e-03	1.460524e-01
5.164598183870028e-03	1.561776e-01
5.174363808870028e-03	1.656473e-01
5.184129433870028e-03	1.745334e-01
5.193895058870028e-03	1.828147e-01
5.203660683870028e-03	1.905510e-01
5.213426308870028e-03	1.977257e-01
5.223191933870028e-03	2.043886e-01
5.232957558870028e-03	2.105267e-01
5.242723183870028e-03	2.161819e-01
5.252488808870028e-03	2.213437e-01
5.262254433870029e-03	2.260472e-01
5.272020058870028e-03	2.302841e-01
5.281785683870028e-03	2.340837e-01
5.291551308870028e-03	2.374392e-01
5.301316933870029e-03	2.403748e-01
5.311082558870028e-03	2.428847e-01
5.320848183870028e-03	2.449882e-01
5.330613808870028e-03	2.466800e-01
5.340379433870029e-03	2.479742e-01
5.350145058870028e-03	2.488648e-01
5.359910683870028e-03	2.493603e-01
5.369676308870028e-03	2.494518e-01
5.379441933870029e-03	2.491397e-01
5.389207558870028e-03	2.484085e-01
5.398973183870028e-03	2.472454e-01
5.408738808870028e-03	2.456186e-01
5.418504433870028e-03	2.434875e-01
5.428270058870028e-03	2.407773e-01
5.438035683870028e-03	2.373700e-01
5.447801308870028e-03	2.330445e-01
5.457566933870028e-03	2.273661e-01
5.467332558870028e-03	2.193308e-01
5.477098183870028e-03	2.059427e-01
5.486863808870028e-03	1.834412e-01
5.496629433870028e-03	1.523506e-01
5.497850136995028e-03	1.479936e-01
5.500291543245028e-03	1.391589e-01
5.500901894807528e-03	1.369071e-01
5.502122597932528e-03	1.323768e-01
5.504564004182528e-03	1.231666e-01
5.509446816682528e-03	1.043162e-01
5.514724973201809e-03	8.448301e-02
5.520589019282936e-03	6.578432e-02
5.530354644282936e-03	4.150463e-02
5.540120269282935e-03	2.004067e-02
5.549885894282935e-03	1.116609e-05
5.551106597407936e-03	-2.373906e-03
5.551411773189185e-03	-2.970331e-03
5.552022124751686e-03	-4.162464e-03
5.552174712642311e-03	-4.460076e-03
5.552479888423560e-03	-5.054735e-03
5.552556182368873e-03	-5.203208e-03
5.552708770259498e-03	-5.502542e-03
5.552746917232154e-03	-5.577283e-03
5.552823211177466e-03	-5.725631e-03
5.552975799068092e-03	-6.020422e-03
5.553280974849342e-03	-6.611729e-03
5.553891326411842e-03	-7.791703e-03
5.555066848287727e-03	-1.005219e-02
5.557417892039498e-03	-1.452339e-02
5.562119979543040e-03	-2.327279e-02
5.569693879921062e-03	-3.685112e-02
5.579459504921062e-03	-5.347702e-02
5.589225129921062e-03	-6.917022e-02
5.598990754921062e-03	-8.398581e-02
5.608756379921062e-03	-9.796765e-02
5.618522004921062e-03	-1.111577e-01
5.628287629921062e-03	-1.235937e-01
5.638053254921062e-03	-1.353088e-01
5.647818879921062e-03	-1.463347e-01
5.657584504921062e-03	-1.566992e-01
5.658805208046062e-03	-1.579447e-01
5.661246614296062e-03	-1.604150e-01
5.661856965858562e-03	-1.610250e-01
5.663077668983562e-03	-1.622392e-01
5.663382844764812e-03	-1.625403e-01
5.663993196327312e-03	-1.631378e-01
5.665213899452312e-03	-1.643316e-01
5.667655305702312e-03	-1.666927e-01
5.672538118202312e-03	-1.712989e-01
5.682303743202312e-03	-1.800707e-01
5.692069368202313e-03	-1.882661e-01
5.701834993202312e-03	-1.959092e-01
5.711600618202312e-03	-2.030148e-01
5.721366243202312e-03	-2.096042e-01
5.731131868202312e-03	-2.156891e-01
5.740897493202312e-03	-2.212888e-01
5.750663118202312e-03	-2.264122e-01
5.760428743202312e-03	-2.310768e-01
5.770194368202312e-03	-2.352893e-01
5.779959993202312e-03	-2.390655e-01
5.789725618202312e-03	-2.424102e-01
5.799491243202312e-03	-2.453372e-01
5.809256868202312e-03	-2.478496e-01
5.819022493202312e-03	-2.499594e-01
5.828788118202312e-03	-2.516674e-01
5.838553743202312e-03	-2.529834e-01
5.848319368202312e-03	-2.539055e-01
5.858084993202312e-03	-2.544404e-01
5.867850618202312e-03	-2.545821e-01
5.877616243202312e-03	-2.543320e-01
5.887381868202312e-03	-2.536771e-01
5.897147493202312e-03	-2.526089e-01
5.906913118202312e-03	-2.511006e-01
5.916678743202312e-03	-2.491223e-01
5.926444368202312e-03	-2.466137e-01
5.936209993202313e-03	-2.434885e-01
5.945975618202312e-03	-2.395834e-01
5.955741243202312e-03	-2.346038e-01
5.965506868202312e-03	-2.279077e-01
5.975272493202313e-03	-2.176565e-01
5.985038118202312e-03	-2.002006e-01
5.994803743202312e-03	-1.732704e-01
5.996024446327312e-03	-1.692292e-01
5.998465852577312e-03	-1.609969e-01
5.999076204139812e-03	-1.588839e-01
6.000296907264812e-03	-1.546229e-01
6.000602083046062e-03	-1.535441e-01
6.001212434608562e-03	-1.513750e-01
6.002433137733562e-03	-1.469836e-01
6.002738313514812e-03	-1.458744e-01
6.003348665077312e-03	-1.436455e-01
6.004569368202312e-03	-1.391460e-01
6.006425856514150e-03	-1.321998e-01
6.008433371231117e-03	-1.245575e-01
6.012448400665049e-03	-1.090197e-01
6.016774541184325e-03	-9.251188e-02
6.025426822222876e-03	-6.524319e-02
6.035192447222876e-03	-4.165503e-02
6.044958072222876e-03	-2.036313e-02
6.054723697222876e-03	-5.631086e-04
6.064489322222876e-03	1.802998e-02
6.074254947222876e-03	3.553822e-02
6.084020572222876e-03	5.205346e-02
6.093786197222876e-03	6.763772e-02
6.103551822222876e-03	8.234520e-02
6.113317447222876e-03	9.622052e-02
6.123083072222876e-03	1.093028e-01
6.132848697222876e-03	1.216324e-01
6.142614322222876e-03	1.332389e-01
6.152379947222876e-03	1.441519e-01
6.162145572222876e-03	1.544052e-01
6.171911197222876e-03	1.640193e-01
6.181676822222876e-03	1.730265e-01
6.191442447222876e-03	1.814417e-01
6.201208072222876e-03	1.892930e-01
6.210973697222876e-03	1.965930e-01
6.220739322222876e-03	2.033656e-01
6.230504947222876e-03	2.096218e-01
6.240270572222876e-03	2.153821e-01
6.250036197222876e-03	2.206559e-01
6.259801822222876e-03	2.254607e-01
6.269567447222876e-03	2.298046e-01
6.279333072222876e-03	2.337023e-01
6.289098697222876e-03	2.371606e-01
6.298864322222876e-03	2.401920e-01
6.308629947222876e-03	2.428016e-01
6.318395572222876e-03	2.449993e-01
6.328161197222876e-03	2.467888e-01
6.337926822222876e-03	2.481769e-01
6.347692447222876e-03	2.491648e-01
6.357458072222876e-03	2.497557e-01
6.367223697222876e-03	2.499465e-01
6.376989322222876e-03	2.497346e-01
6.386754947222876e-03	2.491096e-01
6.396520572222876e-03	2.480576e-01
6.406286197222876e-03	2.465532e-01
6.416051822222876e-03	2.445588e-01
6.425817447222876e-03	2.420111e-01
6.435583072222876e-03	2.388075e-01
6.445348697222876e-03	2.347643e-01
6.455114322222876e-03	2.295277e-01
6.464879947222876e-03	2.223180e-01
6.474645572222876e-03	2.108181e-01
6.484411197222876e-03	1.911412e-01
6.494176822222876e-03	1.621986e-01
6.495397525347876e-03	1.579980e-01
6.497838931597876e-03	1.494653e-01
6.502721744097876e-03	1.316652e-01
6.503942447222876e-03	1.270479e-01
6.504247623004126e-03	1.258907e-01
6.504857974566626e-03	1.235698e-01
6.506078677691626e-03	1.188860e-01
6.508520083941626e-03	1.094388e-01
6.512341494383365e-03	9.468676e-02
6.516899206486738e-03	7.833258e-02
6.526014630693485e-03	5.274595e-02
6.535780255693484e-03	3.045326e-02
6.545545880693485e-03	9.646710e-03
6.546766583818485e-03	7.209019e-03
6.549207990068484e-03	2.319898e-03
6.554090802568485e-03	-7.271402e-03
6.555311505693485e-03	-9.610644e-03
6.557752911943484e-03	-1.425508e-02
6.562635724443484e-03	-2.333663e-02
6.572401349443485e-03	-4.071273e-02
6.582166974443485e-03	-5.710652e-02
6.591932599443484e-03	-7.258345e-02
6.601698224443484e-03	-8.719075e-02
6.611463849443485e-03	-1.009755e-01
6.621229474443485e-03	-1.139777e-01
6.630995099443484e-03	-1.262336e-01
6.640760724443484e-03	-1.377763e-01
6.650526349443485e-03	-1.486363e-01
6.660291974443485e-03	-1.588410e-01
6.661512677568484e-03	-1.600666e-01
6.663954083818485e-03	-1.624956e-01
6.668836896318485e-03	-1.672167e-01
6.670057599443485e-03	-1.683764e-01
6.672499005693485e-03	-1.706666e-01
6.677381818193485e-03	-1.751333e-01
6.687147443193485e-03	-1.836330e-01
6.696913068193484e-03	-1.915662e-01
6.706678693193485e-03	-1.989549e-01
6.716444318193485e-03	-2.058146e-01
6.726209943193485e-03	-2.121644e-01
6.735975568193484e-03	-2.180173e-01
6.745741193193484e-03	-2.233900e-01
6.755506818193485e-03	-2.282933e-01
6.765272443193485e-03	-2.327416e-01
6.775038068193484e-03	-2.367440e-01
6.784803693193484e-03	-2.403130e-01
6.794569318193485e-03	-2.434558e-01
6.804334943193485e-03	-2.461829e-01
6.814100568193484e-03	-2.484999e-01
6.823866193193484e-03	-2.504152e-01
6.833631818193485e-03	-2.519322e-01
6.843397443193485e-03	-2.530568e-01
6.853163068193485e-03	-2.537896e-01
6.862928693193484e-03	-2.541326e-01
6.872694318193485e-03	-2.540820e-01
6.882459943193485e-03	-2.536336e-01
6.892225568193485e-03	-2.527753e-01
6.901991193193484e-03	-2.514912e-01
6.911756818193485e-03	-2.497518e-01
6.921522443193485e-03	-2.475143e-01
6.931288068193485e-03	-2.447056e-01
6.941053693193484e-03	-2.412061e-01
6.950819318193485e-03	-2.367958e-01
6.960584943193485e-03	-2.310381e-01
6.970350568193485e-03	-2.229273e-01
6.980116193193484e-03	-2.094502e-01
6.989881818193484e-03	-1.868661e-01
6.999647443193485e-03	-1.557381e-01
7.000868146318485e-03	-1.513719e-01
7.001173322099734e-03	-1.502734e-01
7.001783673662235e-03	-1.480707e-01
7.003004376787234e-03	-1.436217e-01
7.003309552568485e-03	-1.424978e-01
7.003919904130984e-03	-1.402444e-01
7.005140607255984e-03	-1.356987e-01
7.007582013505985e-03	-1.264570e-01
7.011932148290056e-03	-1.096457e-01
7.017442186177379e-03	-8.883316e-02
7.027207811177378e-03	-5.955346e-02
7.036973436177378e-03	-3.683940e-02
7.046739061177379e-03	-1.578948e-02
7.056504686177379e-03	3.670230e-03
7.066270311177378e-03	2.207714e-02
7.076035936177378e-03	3.932913e-02
7.085801561177378e-03	5.567634e-02
7.095567186177379e-03	7.104712e-02
7.105332811177379e-03	8.559777e-02
7.115098436177378e-03	9.928389e-02
7.124864061177378e-03	1.122238e-01
7.134629686177379e-03	1.243844e-01
7.144395311177379e-03	1.358592e-01
7.154160936177378e-03	1.466193e-01
7.163926561177378e-03	1.567510e-01
7.173692186177379e-03	1.662270e-01
7.183457811177379e-03	1.751212e-01
7.193223436177378e-03	1.834105e-01
7.202989061177378e-03	1.911563e-01
7.212754686177379e-03	1.983403e-01
7.222520311177379e-03	2.050142e-01
7.232285936177378e-03	2.111631e-01
7.242051561177378e-03	2.168305e-01
7.251817186177379e-03	2.220045e-01
7.261582811177379e-03	2.267215e-01
7.271348436177378e-03	2.309719e-01
7.281114061177378e-03	2.347863e-01
7.290879686177379e-03	2.381568e-01
7.300645311177379e-03	2.411085e-01
7.310410936177378e-03	2.436347e-01
7.320176561177378e-03	2.457559e-01
7.329942186177378e-03	2.474658e-01
7.339707811177379e-03	2.487796e-01
7.349473436177379e-03	2.496905e-01
7.359239061177378e-03	2.502081e-01
7.369004686177378e-03	2.503231e-01
7.378770311177379e-03	2.500372e-01
7.388535936177379e-03	2.493348e-01
7.398301561177378e-03	2.482047e-01
7.408067186177378e-03	2.466162e-01
7.417832811177379e-03	2.445318e-01
7.427598436177379e-03	2.418806e-01
7.437364061177378e-03	2.385535e-01
7.447129686177378e-03	2.343459e-01
7.456895311177379e-03	2.288643e-01
7.466660936177379e-03	2.212133e-01
7.476426561177378e-03	2.087214e-01
7.486192186177378e-03	1.874976e-01
7.495957811177379e-03	1.573273e-01
7.497178514302379e-03	1.530372e-01
7.499619920552378e-03	1.443308e-01
7.504502733052379e-03	1.262373e-01
7.512396944729953e-03	9.595315e-02
7.520147878060155e-03	6.952089e-02
7.528934997072254e-03	4.679225e-02
7.538700622072254e-03	2.498370e-02
7.548466247072253e-03	4.619536e-03
7.549686950197254e-03	2.217365e-03
7.552128356447254e-03	-2.593760e-03
7.552738708009754e-03	-3.788754e-03
7.553959411134754e-03	-6.165290e-03
7.554264586916003e-03	-6.755912e-03
7.554874938478504e-03	-7.934292e-03
7.556095641603503e-03	-1.027635e-02
7.558537047853504e-03	-1.490811e-02
7.562705714097171e-03	-2.265687e-02
7.570513270366025e-03	-3.665257e-02
7.580278895366025e-03	-5.326422e-02
7.590044520366025e-03	-6.894335e-02
7.599810145366025e-03	-8.374462e-02
7.609575770366025e-03	-9.771200e-02
7.619341395366025e-03	-1.108873e-01
7.629107020366024e-03	-1.233082e-01
7.638872645366025e-03	-1.350079e-01
7.648638270366025e-03	-1.460179e-01
7.658403895366025e-03	-1.563663e-01
7.659624598491024e-03	-1.576097e-01
7.662066004741025e-03	-1.600759e-01
7.662676356303525e-03	-1.606849e-01
7.663897059428525e-03	-1.618972e-01
7.664202235209775e-03	-1.621978e-01
7.664812586772275e-03	-1.627948e-01
7.666033289897275e-03	-1.639855e-01
7.668474696147275e-03	-1.663434e-01
7.673357508647275e-03	-1.709403e-01
7.683123133647275e-03	-1.796958e-01
7.692888758647274e-03	-1.878730e-01
7.702654383647275e-03	-1.954990e-01
7.712420008647275e-03	-2.025855e-01
7.722185633647275e-03	-2.091570e-01
7.731951258647275e-03	-2.152221e-01
7.741716883647275e-03	-2.208030e-01
7.751482508647275e-03	-2.259057e-01
7.761248133647275e-03	-2.305508e-01
7.771013758647275e-03	-2.347419e-01
7.780779383647275e-03	-2.384976e-01
7.790545008647275e-03	-2.418199e-01
7.800310633647275e-03	-2.447254e-01
7.810076258647275e-03	-2.472144e-01
7.819841883647274e-03	-2.493015e-01
7.829607508647274e-03	-2.509848e-01
7.839373133647274e-03	-2.522766e-01
7.849138758647276e-03	-2.531723e-01
7.858904383647275e-03	-2.536807e-01
7.868670008647275e-03	-2.537933e-01
7.878435633647275e-03	-2.535131e-01
7.888201258647275e-03	-2.528245e-01
7.897966883647274e-03	-2.517200e-01
7.907732508647274e-03	-2.501694e-01
7.917498133647274e-03	-2.481426e-01
7.927263758647276e-03	-2.455735e-01
7.937029383647275e-03	-2.423707e-01
7.946795008647275e-03	-2.383556e-01
7.956560633647275e-03	-2.332048e-01
7.966326258647275e-03	-2.261965e-01
7.976091883647275e-03	-2.152275e-01
7.985857508647274e-03	-1.964758e-01
7.995623133647274e-03	-1.683520e-01
7.996843836772275e-03	-1.642160e-01
7.999285243022274e-03	-1.558067e-01
7.999895594584775e-03	-1.536528e-01
8.001116297709774e-03	-1.493039e-01
8.001421473491024e-03	-1.482033e-01
8.002031825053525e-03	-1.459942e-01
8.003252528178524e-03	-1.415302e-01
8.005361186359842e-03	-1.336895e-01
8.007614915610155e-03	-1.251400e-01
8.010535370423941e-03	-1.138634e-01
8.016376280051510e-03	-9.158538e-02
8.025277363979840e-03	-6.372452e-02
8.035042988979840e-03	-4.032775e-02
8.044808613979840e-03	-1.908102e-02
8.054574238979841e-03	6.468485e-04
8.064339863979841e-03	1.920538e-02
8.074105488979841e-03	3.666089e-02
8.083871113979841e-03	5.314538e-02
8.093636738979840e-03	6.868680e-02
8.103402363979840e-03	8.336594e-02
8.113167988979840e-03	9.720522e-02
8.122933613979840e-03	1.102642e-01
8.132699238979840e-03	1.225634e-01
8.142464863979841e-03	1.341489e-01
8.152230488979841e-03	1.450357e-01
8.161996113979841e-03	1.552711e-01
8.163216817104840e-03	1.564981e-01
8.165658223354841e-03	1.589353e-01
8.170541035854840e-03	1.636944e-01
8.180306660854840e-03	1.727569e-01
8.190072285854841e-03	1.812306e-01
8.199837910854841e-03	1.891351e-01
8.209603535854841e-03	1.964909e-01
8.219369160854841e-03	2.033150e-01
8.229134785854840e-03	2.096251e-01
8.238900410854840e-03	2.154355e-01
8.248666035854840e-03	2.207616e-01
8.258431660854840e-03	2.256155e-01
8.268197285854841e-03	2.300103e-01
8.277962910854841e-03	2.339564e-01
8.287728535854841e-03	2.374649e-01
8.297494160854841e-03	2.405442e-01
8.307259785854840e-03	2.432035e-01
8.317025410854840e-03	2.454493e-01
8.326791035854840e-03	2.472886e-01
8.336556660854840e-03	2.487255e-01
8.346322285854840e-03	2.497643e-01
8.356087910854841e-03	2.504058e-01
8.365853535854841e-03	2.506500e-01
8.375619160854841e-03	2.504924e-01
8.385384785854840e-03	2.499258e-01
8.395150410854840e-03	2.489359e-01
8.404916035854840e-03	2.475009e-01
8.414681660854840e-03	2.455846e-01
8.424447285854840e-03	2.431311e-01
8.434212910854841e-03	2.400460e-01
8.443978535854841e-03	2.361667e-01
8.453744160854841e-03	2.311827e-01
8.463509785854841e-03	2.244307e-01
8.473275410854840e-03	2.139794e-01
8.483041035854840e-03	1.961152e-01
8.492806660854840e-03	1.687706e-01
8.502572285854840e-03	1.345567e-01
8.503792988979840e-03	1.299558e-01
8.504098164761090e-03	1.288029e-01
8.504708516323591e-03	1.264914e-01
8.505929219448590e-03	1.218324e-01
8.506234395229840e-03	1.206561e-01
8.506844746792341e-03	1.183020e-01
8.508065449917340e-03	1.135775e-01
8.510506856167341e-03	1.040834e-01
8.514536409498875e-03	8.877782e-02
8.522056113623900e-03	6.477475e-02
8.531821738623900e-03	4.078330e-02
8.541587363623900e-03	1.939954e-02
8.551352988623900e-03	-5.289871e-04
8.552573691748900e-03	-2.911396e-03
8.552878867530150e-03	-3.506738e-03
8.553489219092649e-03	-4.695823e-03
8.553641806983274e-03	-4.992392e-03
8.553946982764526e-03	-5.584930e-03
8.554557334327025e-03	-6.766721e-03
8.554709922217650e-03	-7.061915e-03
8.555015097998900e-03	-7.651248e-03
8.555625449561399e-03	-8.824833e-03
8.556846152686400e-03	-1.115907e-02
8.559287558936399e-03	-1.577463e-02
8.562814281595733e-03	-2.232060e-02
8.569867726914397e-03	-3.499928e-02
8.579633351914397e-03	-5.169335e-02
8.589398976914396e-03	-6.744976e-02
8.599164601914396e-03	-8.232369e-02
8.608930226914398e-03	-9.635993e-02
8.618695851914398e-03	-1.096003e-01
8.628461476914397e-03	-1.220833e-01
8.638227101914397e-03	-1.338419e-01
8.647992726914397e-03	-1.449082e-01
8.657758351914397e-03	-1.553104e-01
8.667523976914396e-03	-1.650596e-01
8.668744680039397e-03	-1.662241e-01
8.671186086289397e-03	-1.685401e-01
8.676068898789397e-03	-1.730604e-01
8.685834523789397e-03	-1.816608e-01
8.695600148789397e-03	-1.896922e-01
8.705365773789397e-03	-1.971732e-01
8.715131398789397e-03	-2.041232e-01
8.724897023789396e-03	-2.105581e-01
8.734662648789398e-03	-2.164945e-01
8.744428273789398e-03	-2.219459e-01
8.754193898789397e-03	-2.269267e-01
8.763959523789397e-03	-2.314483e-01
8.773725148789397e-03	-2.355231e-01
8.783490773789397e-03	-2.391604e-01
8.793256398789397e-03	-2.423711e-01
8.812787648789396e-03	-2.475435e-01
8.832318898789398e-03	-2.510972e-01
8.842084523789397e-03	-2.522796e-01
8.851850148789397e-03	-2.530705e-01
8.861615773789397e-03	-2.534694e-01
8.871381398789397e-03	-2.534753e-01
8.881147023789396e-03	-2.530819e-01
8.890912648789396e-03	-2.522803e-01
8.900678273789398e-03	-2.510526e-01
8.910443898789398e-03	-2.493731e-01
8.920209523789397e-03	-2.471983e-01
8.929975148789397e-03	-2.444608e-01
8.939740773789397e-03	-2.410444e-01
8.949506398789397e-03	-2.367436e-01
8.959272023789397e-03	-2.311482e-01
8.969037648789396e-03	-2.233327e-01
8.978803273789398e-03	-2.105108e-01
8.988568898789398e-03	-1.888405e-01
8.998334523789397e-03	-1.583663e-01
8.999555226914396e-03	-1.540543e-01
8.999860402695648e-03	-1.529714e-01
9.000470754258147e-03	-1.507948e-01
9.001691457383148e-03	-1.463927e-01
9.001996633164398e-03	-1.452812e-01
9.002606984726897e-03	-1.430484e-01
9.003827687851898e-03	-1.385434e-01
9.005711508227907e-03	-1.314886e-01
9.007732428032402e-03	-1.237906e-01
9.011774267641388e-03	-1.081451e-01
9.016190411493118e-03	-9.132069e-02
9.025022699196573e-03	-6.371429e-02
9.034788324196573e-03	-4.028240e-02
9.044553949196572e-03	-1.903409e-02
9.054319574196572e-03	7.058517e-04
9.064085199196574e-03	1.926608e-02
9.073850824196573e-03	3.673040e-02
9.083616449196573e-03	5.321754e-02
9.093382074196573e-03	6.876659e-02
9.103147699196573e-03	8.344898e-02
9.112913324196573e-03	9.729538e-02
9.122678949196572e-03	1.103577e-01
9.132444574196572e-03	1.226640e-01
9.142210199196572e-03	1.342535e-01
9.151975824196574e-03	1.451471e-01
9.161741449196573e-03	1.553871e-01
9.171507074196573e-03	1.649858e-01
9.181272699196573e-03	1.739827e-01
9.191038324196573e-03	1.823861e-01
9.200803949196572e-03	1.902298e-01
9.210569574196572e-03	1.975211e-01
9.220335199196572e-03	2.042886e-01
9.230100824196574e-03	2.105389e-01
9.239866449196573e-03	2.162964e-01
9.249632074196573e-03	2.215669e-01
9.259397699196573e-03	2.263711e-01
9.269163324196573e-03	2.307140e-01
9.278928949196573e-03	2.346132e-01
9.288694574196572e-03	2.380728e-01
9.298460199196572e-03	2.411076e-01
9.308225824196574e-03	2.437207e-01
9.317991449196573e-03	2.459238e-01
9.327757074196573e-03	2.477191e-01
9.337522699196573e-03	2.491149e-01
9.347288324196573e-03	2.501112e-01
9.357053949196573e-03	2.507125e-01
9.366819574196572e-03	2.509151e-01
9.376585199196572e-03	2.507173e-01
9.386350824196572e-03	2.501087e-01
9.396116449196574e-03	2.490768e-01
9.405882074196573e-03	2.475968e-01
9.415647699196573e-03	2.456332e-01
9.425413324196573e-03	2.431259e-01
9.435178949196573e-03	2.399781e-01
9.444944574196572e-03	2.360176e-01
9.454710199196572e-03	2.309171e-01
9.464475824196572e-03	2.239655e-01
9.474241449196574e-03	2.130747e-01
9.484007074196573e-03	1.944319e-01
9.493772699196573e-03	1.663750e-01
9.503538324196573e-03	1.317808e-01
9.504759027321574e-03	1.271466e-01
9.507200433571573e-03	1.177890e-01
9.512083246071572e-03	9.889557e-02
9.517825548507910e-03	7.819150e-02
9.525536309508460e-03	5.625980e-02
9.535301934508460e-03	3.359003e-02
9.545067559508461e-03	1.263212e-02
9.546288262633460e-03	1.016155e-02
9.548729668883460e-03	5.227003e-03
9.553612481383460e-03	-4.436220e-03
9.563378106383460e-03	-2.287093e-02
9.564598809508461e-03	-2.509328e-02
9.567040215758460e-03	-2.950132e-02
9.571923028258461e-03	-3.812253e-02
9.581688653258461e-03	-5.463337e-02
9.591454278258461e-03	-7.021572e-02
9.601219903258460e-03	-8.492636e-02
9.610985528258460e-03	-9.880601e-02
9.620751153258460e-03	-1.118983e-01
9.630516778258460e-03	-1.242385e-01
9.640282403258460e-03	-1.358614e-01
9.650048028258461e-03	-1.467965e-01
9.659813653258461e-03	-1.570730e-01
9.661034356383460e-03	-1.583073e-01
9.663475762633461e-03	-1.607555e-01
9.664086114195961e-03	-1.613598e-01
9.665306817320961e-03	-1.625595e-01
9.665611993102211e-03	-1.628565e-01
9.666222344664710e-03	-1.634510e-01
9.667443047789711e-03	-1.646353e-01
9.669884454039710e-03	-1.669738e-01
9.674767266539711e-03	-1.715388e-01
9.684532891539711e-03	-1.802256e-01
9.694298516539711e-03	-1.883403e-01
9.704064141539711e-03	-1.959011e-01
9.713829766539710e-03	-2.029284e-01
9.723595391539710e-03	-2.094375e-01
9.733361016539710e-03	-2.154461e-01
9.743126641539710e-03	-2.209668e-01
9.752892266539710e-03	-2.260154e-01
9.762657891539711e-03	-2.306022e-01
9.772423516539711e-03	-2.347409e-01
9.782189141539711e-03	-2.384399e-01
9.791954766539710e-03	-2.417112e-01
9.801720391539710e-03	-2.445612e-01
9.811486016539710e-03	-2.470001e-01
9.821251641539710e-03	-2.490323e-01
9.831017266539710e-03	-2.506658e-01
9.840782891539711e-03	-2.519026e-01
9.850548516539711e-03	-2.527478e-01
9.860314141539711e-03	-2.532001e-01
9.870079766539711e-03	-2.532602e-01
9.879845391539710e-03	-2.529208e-01
9.889611016539710e-03	-2.521749e-01
9.899376641539710e-03	-2.510044e-01
9.909142266539710e-03	-2.493862e-01
9.918907891539711e-03	-2.472780e-01
9.928673516539711e-03	-2.446171e-01
9.938439141539711e-03	-2.412936e-01
9.948204766539711e-03	-2.371175e-01
9.957970391539710e-03	-2.317114e-01
9.967736016539710e-03	-2.242418e-01
9.977501641539710e-03	-2.122042e-01
9.987267266539710e-03	-1.917045e-01
9.997032891539710e-03	-1.621210e-01
1.000000000000000e-02	-1.517632e-01
Step Information: Rgain=29.4004K  (Step: 7/11)
0.000000000000000e+00	4.500008e-14
5.000000058430487e-08	5.136045e-10
1.000000011686097e-07	5.275711e-08
2.000000023372195e-07	1.844152e-06
4.000000046744390e-07	2.255938e-05
8.000000093488779e-07	1.330434e-04
1.600000018697756e-06	5.782604e-04
3.200000037395512e-06	2.244606e-03
6.400000074791024e-06	7.844079e-03
1.280000014958205e-05	2.432475e-02
2.256562514958205e-05	5.168360e-02
3.233125014958205e-05	6.932621e-02
4.209687514958205e-05	8.188405e-02
5.186250014958205e-05	9.428995e-02
6.162812514958205e-05	1.054673e-01
7.139375014958204e-05	1.163513e-01
8.115937514958205e-05	1.264366e-01
9.092500014958205e-05	1.362982e-01
1.006906251495820e-04	1.454609e-01
1.104562501495821e-04	1.543852e-01
1.202218751495820e-04	1.626953e-01
1.299875001495820e-04	1.707445e-01
1.397531251495821e-04	1.782441e-01
1.495187501495821e-04	1.854664e-01
1.592843751495820e-04	1.921854e-01
1.690500001495821e-04	1.986203e-01
1.788156251495821e-04	2.045867e-01
1.885812501495820e-04	2.102643e-01
1.983468751495820e-04	2.155017e-01
2.081125001495821e-04	2.204472e-01
2.178781251495820e-04	2.249755e-01
2.276437501495820e-04	2.292097e-01
2.374093751495821e-04	2.330461e-01
2.471750001495820e-04	2.365864e-01
2.569406251495820e-04	2.397452e-01
2.667062501495821e-04	2.426063e-01
2.764718751495821e-04	2.450992e-01
2.862375001495821e-04	2.472927e-01
2.960031251495820e-04	2.491291e-01
3.057687501495820e-04	2.506638e-01
3.155343751495820e-04	2.518495e-01
3.253000001495821e-04	2.527299e-01
3.350656251495821e-04	2.532662e-01
3.448312501495821e-04	2.534909e-01
3.545968751495821e-04	2.533712e-01
3.643625001495820e-04	2.529286e-01
3.741281251495820e-04	2.521328e-01
3.838937501495821e-04	2.509925e-01
3.936593751495821e-04	2.494740e-01
4.034250001495821e-04	2.475678e-01
4.131906251495821e-04	2.452241e-01
4.229562501495820e-04	2.423972e-01
4.327218751495820e-04	2.389844e-01
4.424875001495820e-04	2.348363e-01
4.522531251495821e-04	2.296406e-01
4.620187501495821e-04	2.227532e-01
4.717843751495821e-04	2.121365e-01
4.815500001495820e-04	1.933824e-01
4.913156251495820e-04	1.633238e-01
4.925363282745820e-04	1.587371e-01
4.949777345245821e-04	1.493943e-01
4.998605470245821e-04	1.297194e-01
5.010812501495820e-04	1.245874e-01
5.013864259308321e-04	1.233009e-01
5.019967774933321e-04	1.207173e-01
5.032174806183321e-04	1.155186e-01
5.056588868683320e-04	1.050941e-01
5.086374149576277e-04	9.269705e-02
5.145944711362189e-04	7.202652e-02
5.226073392723366e-04	5.136130e-02
5.323729642723365e-04	2.929107e-02
5.421385892723365e-04	8.728518e-03
5.433592923973366e-04	6.292926e-03
5.436644681785865e-04	5.682528e-03
5.442748197410865e-04	4.461539e-03
5.444274076317116e-04	4.156550e-03
5.447325834129615e-04	3.547171e-03
5.453429349754615e-04	2.331220e-03
5.454955228660866e-04	2.027808e-03
5.458006986473365e-04	1.422015e-03
5.464110502098365e-04	2.149429e-04
5.476317533348365e-04	-2.185478e-03
5.500731595848365e-04	-6.931127e-03
5.543343834378626e-04	-1.504369e-02
5.628568311439148e-04	-3.064957e-02
5.726224561439147e-04	-4.758065e-02
5.823880811439147e-04	-6.356233e-02
5.921537061439147e-04	-7.865094e-02
6.019193311439147e-04	-9.289310e-02
6.116849561439147e-04	-1.063319e-01
6.214505811439147e-04	-1.190070e-01
6.312162061439147e-04	-1.309528e-01
6.409818311439148e-04	-1.422025e-01
6.507474561439148e-04	-1.527852e-01
6.605130811439148e-04	-1.627264e-01
6.617337842689147e-04	-1.639140e-01
6.620389600501648e-04	-1.642102e-01
6.626493116126648e-04	-1.648025e-01
6.638700147376648e-04	-1.659806e-01
6.663114209876647e-04	-1.683079e-01
6.711942334876647e-04	-1.728512e-01
6.809598584876647e-04	-1.815015e-01
6.907254834876647e-04	-1.895873e-01
7.004911084876647e-04	-1.971282e-01
7.102567334876647e-04	-2.041433e-01
7.200223584876648e-04	-2.106491e-01
7.297879834876648e-04	-2.166623e-01
7.395536084876648e-04	-2.221969e-01
7.493192334876648e-04	-2.272672e-01
7.590848584876648e-04	-2.318851e-01
7.688504834876648e-04	-2.360630e-01
7.786161084876647e-04	-2.398111e-01
7.883817334876647e-04	-2.431400e-01
7.981473584876647e-04	-2.460580e-01
8.079129834876647e-04	-2.485741e-01
8.176786084876647e-04	-2.506950e-01
8.274442334876647e-04	-2.524278e-01
8.372098584876647e-04	-2.537772e-01
8.469754834876648e-04	-2.547480e-01
8.567411084876648e-04	-2.553424e-01
8.665067334876648e-04	-2.555618e-01
8.762723584876648e-04	-2.554042e-01
8.860379834876648e-04	-2.548656e-01
8.958036084876648e-04	-2.539368e-01
9.055692334876647e-04	-2.526033e-01
9.153348584876647e-04	-2.508406e-01
9.251004834876647e-04	-2.486112e-01
9.348661084876647e-04	-2.458533e-01
9.446317334876647e-04	-2.424651e-01
9.543973584876647e-04	-2.382637e-01
9.641629834876648e-04	-2.328910e-01
9.739286084876648e-04	-2.255333e-01
9.836942334876648e-04	-2.135572e-01
9.934598584876648e-04	-1.920718e-01
1.003225483487665e-03	-1.595106e-01
1.004446186612665e-03	-1.547441e-01
1.006887592862665e-03	-1.450289e-01
1.007497944425165e-03	-1.425394e-01
1.008718647550165e-03	-1.375293e-01
1.011160053800165e-03	-1.273337e-01
1.013711122380242e-03	-1.164948e-01
1.018813259540396e-03	-9.548998e-02
1.024052165883132e-03	-7.758378e-02
1.033817790883132e-03	-5.290261e-02
1.043583415883132e-03	-3.136771e-02
1.053349040883132e-03	-1.116020e-02
1.063114665883132e-03	7.660341e-03
1.072880290883132e-03	2.547929e-02
1.082645915883132e-03	4.219602e-02
1.092411540883132e-03	5.803290e-02
1.102177165883132e-03	7.291612e-02
1.111942790883132e-03	8.700306e-02
1.121708415883132e-03	1.002403e-01
1.131474040883132e-03	1.127504e-01
1.141239665883132e-03	1.244933e-01
1.151005290883132e-03	1.355666e-01
1.160770915883132e-03	1.459361e-01
1.170536540883132e-03	1.556922e-01
1.180302165883132e-03	1.648020e-01
1.190067790883132e-03	1.733441e-01
1.199833415883132e-03	1.812889e-01
1.209599040883132e-03	1.887039e-01
1.219364665883132e-03	1.955635e-01
1.229130290883132e-03	2.019261e-01
1.238895915883132e-03	2.077690e-01
1.248661540883132e-03	2.131431e-01
1.258427165883132e-03	2.180283e-01
1.268192790883132e-03	2.224687e-01
1.277958415883132e-03	2.264463e-01
1.287724040883132e-03	2.299994e-01
1.297489665883132e-03	2.331118e-01
1.307255290883132e-03	2.358164e-01
1.317020915883132e-03	2.380981e-01
1.326786540883132e-03	2.399848e-01
1.336552165883132e-03	2.414615e-01
1.346317790883132e-03	2.425512e-01
1.356083415883132e-03	2.432378e-01
1.365849040883132e-03	2.435378e-01
1.375614665883132e-03	2.434321e-01
1.385380290883132e-03	2.429282e-01
1.395145915883132e-03	2.419988e-01
1.404911540883132e-03	2.406358e-01
1.414677165883132e-03	2.387919e-01
1.424442790883132e-03	2.364237e-01
1.434208415883132e-03	2.334274e-01
1.443974040883132e-03	2.296524e-01
1.453739665883132e-03	2.247760e-01
1.463505290883132e-03	2.181255e-01
1.473270915883132e-03	2.075535e-01
1.483036540883132e-03	1.885041e-01
1.492802165883132e-03	1.581361e-01
1.502567790883132e-03	1.195414e-01
1.512333415883132e-03	8.048887e-02
1.522099040883132e-03	5.242188e-02
1.531864665883132e-03	3.073384e-02
1.541630290883132e-03	9.856670e-03
1.542850994008132e-03	7.496292e-03
1.545292400258132e-03	2.665070e-03
1.545902751820632e-03	1.448401e-03
1.547123454945632e-03	-9.642547e-04
1.547161601918288e-03	-1.038794e-03
1.547237895863601e-03	-1.187611e-03
1.547390483754226e-03	-1.485024e-03
1.547695659535476e-03	-2.080593e-03
1.548306011097976e-03	-3.269787e-03
1.549526714222976e-03	-5.635621e-03
1.551968120472976e-03	-1.031292e-02
1.555770016046121e-03	-1.745692e-02
1.563373807192411e-03	-3.125869e-02
1.573139432192412e-03	-4.808902e-02
1.582905057192412e-03	-6.397599e-02
1.592670682192412e-03	-7.897619e-02
1.602436307192412e-03	-9.313538e-02
1.612201932192412e-03	-1.064966e-01
1.621967557192412e-03	-1.190990e-01
1.631733182192412e-03	-1.309766e-01
1.641498807192412e-03	-1.421622e-01
1.651264432192412e-03	-1.526846e-01
1.661030057192412e-03	-1.625689e-01
1.662250760317412e-03	-1.637495e-01
1.662555936098661e-03	-1.640441e-01
1.663166287661162e-03	-1.646330e-01
1.664386990786162e-03	-1.658043e-01
1.666828397036162e-03	-1.681183e-01
1.671711209536161e-03	-1.726354e-01
1.681476834536161e-03	-1.812355e-01
1.691242459536161e-03	-1.892738e-01
1.701008084536161e-03	-1.967696e-01
1.710773709536161e-03	-2.037418e-01
1.720539334536161e-03	-2.102068e-01
1.730304959536161e-03	-2.161809e-01
1.740070584536161e-03	-2.216781e-01
1.749836209536161e-03	-2.267125e-01
1.759601834536161e-03	-2.312960e-01
1.769367459536161e-03	-2.354406e-01
1.779133084536162e-03	-2.391565e-01
1.788898709536162e-03	-2.424541e-01
1.798664334536162e-03	-2.453417e-01
1.808429959536162e-03	-2.478280e-01
1.818195584536162e-03	-2.499196e-01
1.827961209536162e-03	-2.516235e-01
1.847492459536162e-03	-2.538861e-01
1.867023709536162e-03	-2.546410e-01
1.886554959536162e-03	-2.538818e-01
1.896320584536162e-03	-2.529183e-01
1.906086209536161e-03	-2.515467e-01
1.915851834536161e-03	-2.497408e-01
1.925617459536161e-03	-2.474606e-01
1.935383084536161e-03	-2.446399e-01
1.945148709536161e-03	-2.411685e-01
1.954914334536162e-03	-2.368470e-01
1.964679959536161e-03	-2.312770e-01
1.974445584536162e-03	-2.235335e-01
1.984211209536161e-03	-2.105715e-01
1.993976834536162e-03	-1.874558e-01
1.995197537661161e-03	-1.836095e-01
1.997638943911161e-03	-1.756081e-01
2.002521756411161e-03	-1.580198e-01
2.003742459536161e-03	-1.532855e-01
2.004047635317412e-03	-1.520928e-01
2.004657986879912e-03	-1.496969e-01
2.005878690004912e-03	-1.448404e-01
2.006183865786161e-03	-1.436095e-01
2.006794217348661e-03	-1.411388e-01
2.008014920473662e-03	-1.361459e-01
2.010456326723661e-03	-1.259666e-01
2.013276103643449e-03	-1.140036e-01
2.018915657483023e-03	-9.122796e-02
2.028073646760560e-03	-6.387582e-02
2.037839271760560e-03	-4.153990e-02
2.047604896760560e-03	-2.043968e-02
2.057370521760560e-03	-1.115296e-03
2.067136146760560e-03	1.732054e-02
2.076901771760560e-03	3.448398e-02
2.086667396760560e-03	5.083734e-02
2.096433021760560e-03	6.613014e-02
2.106198646760560e-03	8.067191e-02
2.115964271760560e-03	9.428755e-02
2.125729896760560e-03	1.072065e-01
2.135495521760560e-03	1.193009e-01
2.145261146760560e-03	1.307470e-01
2.155026771760560e-03	1.414444e-01
2.164792396760560e-03	1.515436e-01
2.174558021760560e-03	1.609587e-01
2.184323646760560e-03	1.698183e-01
2.194089271760560e-03	1.780506e-01
2.203854896760560e-03	1.857619e-01
2.213620521760560e-03	1.928939e-01
2.223386146760560e-03	1.995346e-01
2.233151771760560e-03	2.056369e-01
2.242917396760560e-03	2.112739e-01
2.252683021760560e-03	2.164073e-01
2.262448646760560e-03	2.210979e-01
2.272214271760560e-03	2.253145e-01
2.281979896760560e-03	2.291074e-01
2.291745521760560e-03	2.324513e-01
2.301511146760560e-03	2.353874e-01
2.311276771760560e-03	2.378952e-01
2.321042396760560e-03	2.400076e-01
2.330808021760560e-03	2.417076e-01
2.340573646760560e-03	2.430204e-01
2.350339271760560e-03	2.439311e-01
2.360104896760560e-03	2.444566e-01
2.369870521760560e-03	2.445820e-01
2.379636146760560e-03	2.443146e-01
2.389401771760560e-03	2.436348e-01
2.399167396760560e-03	2.425360e-01
2.408933021760560e-03	2.409852e-01
2.418698646760560e-03	2.389487e-01
2.428464271760560e-03	2.363552e-01
2.438229896760560e-03	2.330997e-01
2.447995521760560e-03	2.289781e-01
2.457761146760560e-03	2.235979e-01
2.467526771760560e-03	2.160317e-01
2.477292396760560e-03	2.032680e-01
2.487058021760560e-03	1.803531e-01
2.496823646760560e-03	1.466309e-01
2.498044349885560e-03	1.417880e-01
2.500485756135560e-03	1.319483e-01
2.501096107698060e-03	1.294359e-01
2.502316810823060e-03	1.243818e-01
2.502621986604310e-03	1.231070e-01
2.503232338166810e-03	1.205479e-01
2.504453041291810e-03	1.153870e-01
2.506894447541810e-03	1.050193e-01
2.509748155522069e-03	9.308747e-02
2.515056199267667e-03	7.391346e-02
2.521630758166525e-03	5.603993e-02
2.531396383166525e-03	3.363090e-02
2.541162008166525e-03	1.282598e-02
2.542382711291525e-03	1.037214e-02
2.544824117541525e-03	5.465840e-03
2.549706930041525e-03	-4.143947e-03
2.550927633166525e-03	-6.489628e-03
2.553369039416525e-03	-1.114546e-02
2.558251851916525e-03	-2.024875e-02
2.568017476916525e-03	-3.766842e-02
2.577783101916525e-03	-5.410414e-02
2.587548726916525e-03	-6.962047e-02
2.597314351916525e-03	-8.426889e-02
2.607079976916525e-03	-9.809420e-02
2.616845601916525e-03	-1.111366e-01
2.626611226916525e-03	-1.234344e-01
2.636376851916525e-03	-1.350200e-01
2.646142476916525e-03	-1.459254e-01
2.655908101916525e-03	-1.561783e-01
2.665673726916525e-03	-1.657899e-01
2.666894430041525e-03	-1.669381e-01
2.669335836291525e-03	-1.692217e-01
2.674218648791525e-03	-1.736792e-01
2.683984273791525e-03	-1.821625e-01
2.693749898791525e-03	-1.900875e-01
2.703515523791525e-03	-1.974728e-01
2.713281148791525e-03	-2.043374e-01
2.723046773791525e-03	-2.106971e-01
2.732812398791525e-03	-2.165684e-01
2.742578023791525e-03	-2.219647e-01
2.752343648791525e-03	-2.269003e-01
2.762109273791525e-03	-2.313863e-01
2.771874898791525e-03	-2.354354e-01
2.781640523791525e-03	-2.390568e-01
2.791406148791525e-03	-2.422614e-01
2.801171773791525e-03	-2.450566e-01
2.810937398791525e-03	-2.474516e-01
2.820703023791525e-03	-2.494523e-01
2.830468648791525e-03	-2.510657e-01
2.840234273791525e-03	-2.522957e-01
2.849999898791525e-03	-2.531468e-01
2.859765523791525e-03	-2.536200e-01
2.869531148791525e-03	-2.537162e-01
2.879296773791525e-03	-2.534316e-01
2.889062398791525e-03	-2.527609e-01
2.898828023791525e-03	-2.516917e-01
2.908593648791525e-03	-2.502064e-01
2.918359273791525e-03	-2.482740e-01
2.928124898791525e-03	-2.458484e-01
2.937890523791525e-03	-2.428509e-01
2.947656148791525e-03	-2.391499e-01
2.957421773791525e-03	-2.344977e-01
2.967187398791525e-03	-2.283797e-01
2.976953023791525e-03	-2.192974e-01
2.986718648791525e-03	-2.035526e-01
2.996484273791525e-03	-1.767828e-01
2.997704976916525e-03	-1.725066e-01
3.000146383166525e-03	-1.637237e-01
3.000756734729025e-03	-1.614451e-01
3.001977437854025e-03	-1.568381e-01
3.002282613635275e-03	-1.556679e-01
3.002892965197775e-03	-1.533147e-01
3.004113668322775e-03	-1.485292e-01
3.004418844104025e-03	-1.473166e-01
3.005029195666525e-03	-1.448794e-01
3.006249898791525e-03	-1.399451e-01
3.008029313716904e-03	-1.326292e-01
3.010030733346613e-03	-1.242419e-01
3.013091686618949e-03	-1.112481e-01
3.017459309729548e-03	-9.339366e-02
3.026194555950744e-03	-6.622797e-02
3.035960180950744e-03	-4.350048e-02
3.045725805950744e-03	-2.232089e-02
3.055491430950744e-03	-2.790974e-03
3.065257055950744e-03	1.572661e-02
3.075022680950744e-03	3.304476e-02
3.084788305950744e-03	4.947874e-02
3.094553930950744e-03	6.490260e-02
3.104319555950744e-03	7.952316e-02
3.114085180950744e-03	9.325487e-02
3.123850805950744e-03	1.062503e-01
3.133616430950744e-03	1.184496e-01
3.143382055950744e-03	1.299697e-01
3.153147680950744e-03	1.407643e-01
3.162913305950744e-03	1.509348e-01
3.164134009075744e-03	1.521472e-01
3.166575415325744e-03	1.545637e-01
3.171458227825744e-03	1.592866e-01
3.181223852825744e-03	1.682743e-01
3.190989477825744e-03	1.766781e-01
3.200755102825744e-03	1.845132e-01
3.210520727825744e-03	1.918047e-01
3.220286352825744e-03	1.985656e-01
3.230051977825744e-03	2.048176e-01
3.239817602825744e-03	2.105716e-01
3.249583227825744e-03	2.158464e-01
3.259348852825744e-03	2.206514e-01
3.269114477825744e-03	2.250025e-01
3.278880102825744e-03	2.289077e-01
3.288645727825744e-03	2.323806e-01
3.298411352825744e-03	2.354276e-01
3.308176977825744e-03	2.380602e-01
3.317942602825744e-03	2.402829e-01
3.327708227825744e-03	2.421050e-01
3.337473852825744e-03	2.435290e-01
3.347239477825744e-03	2.445610e-01
3.357005102825744e-03	2.452007e-01
3.366770727825744e-03	2.454499e-01
3.376536352825744e-03	2.453033e-01
3.386301977825744e-03	2.447557e-01
3.396067602825744e-03	2.437920e-01
3.405833227825744e-03	2.423932e-01
3.415598852825744e-03	2.405236e-01
3.425364477825744e-03	2.381307e-01
3.435130102825744e-03	2.351228e-01
3.444895727825744e-03	2.313444e-01
3.454661352825744e-03	2.264930e-01
3.464426977825744e-03	2.199143e-01
3.474192602825744e-03	2.095799e-01
3.483958227825744e-03	1.910184e-01
3.493723852825744e-03	1.611283e-01
3.494944555950744e-03	1.565718e-01
3.497385962200744e-03	1.472740e-01
3.502268774700744e-03	1.276936e-01
3.503489477825744e-03	1.225846e-01
3.505930884075744e-03	1.122707e-01
3.510216916461501e-03	9.430488e-02
3.514681574182900e-03	7.762093e-02
3.523610889625699e-03	5.312204e-02
3.533376514625699e-03	3.122869e-02
3.543142139625699e-03	1.054964e-02
3.552907764625699e-03	-8.536533e-03
3.554128467750699e-03	-1.088403e-02
3.556569874000699e-03	-1.548451e-02
3.561452686500699e-03	-2.443707e-02
3.571218311500699e-03	-4.160218e-02
3.580983936500699e-03	-5.778486e-02
3.590749561500699e-03	-7.307617e-02
3.600515186500699e-03	-8.749783e-02
3.610280811500699e-03	-1.011169e-01
3.620046436500699e-03	-1.139541e-01
3.629812061500699e-03	-1.260624e-01
3.639577686500699e-03	-1.374594e-01
3.649343311500699e-03	-1.481892e-01
3.659108936500699e-03	-1.582668e-01
3.660329639625699e-03	-1.594789e-01
3.662771045875699e-03	-1.618806e-01
3.663381397438199e-03	-1.624729e-01
3.663533985328824e-03	-1.626204e-01
3.663839161110074e-03	-1.629144e-01
3.664449512672574e-03	-1.635001e-01
3.665670215797574e-03	-1.646698e-01
3.668111622047574e-03	-1.669804e-01
3.672994434547574e-03	-1.714906e-01
3.682760059547574e-03	-1.800762e-01
3.692525684547574e-03	-1.880981e-01
3.702291309547574e-03	-1.955767e-01
3.712056934547574e-03	-2.025299e-01
3.721822559547574e-03	-2.089753e-01
3.731588184547574e-03	-2.149280e-01
3.741353809547574e-03	-2.204032e-01
3.751119434547574e-03	-2.254138e-01
3.760885059547574e-03	-2.299730e-01
3.770650684547574e-03	-2.340915e-01
3.780416309547574e-03	-2.377809e-01
3.790181934547574e-03	-2.410500e-01
3.799947559547574e-03	-2.439087e-01
3.809713184547574e-03	-2.463640e-01
3.819478809547574e-03	-2.484242e-01
3.829244434547574e-03	-2.500942e-01
3.839010059547574e-03	-2.513802e-01
3.848775684547574e-03	-2.522848e-01
3.858541309547574e-03	-2.528113e-01
3.868306934547574e-03	-2.529585e-01
3.878072559547574e-03	-2.527252e-01
3.887838184547574e-03	-2.521042e-01
3.897603809547574e-03	-2.510856e-01
3.907369434547574e-03	-2.496503e-01
3.917135059547574e-03	-2.477705e-01
3.926900684547574e-03	-2.453993e-01
3.936666309547574e-03	-2.424631e-01
3.946431934547574e-03	-2.388329e-01
3.956197559547574e-03	-2.342742e-01
3.965963184547574e-03	-2.282981e-01
3.975728809547574e-03	-2.197220e-01
3.985494434547574e-03	-2.046380e-01
3.995260059547574e-03	-1.784740e-01
3.996480762672574e-03	-1.742854e-01
3.998922168922574e-03	-1.656618e-01
3.999532520485074e-03	-1.634171e-01
4.000753223610074e-03	-1.588750e-01
4.003194629860074e-03	-1.494851e-01
4.003804981422574e-03	-1.470612e-01
4.005025684547574e-03	-1.421733e-01
4.007467090797574e-03	-1.321827e-01
4.010260024393367e-03	-1.204527e-01
4.013152006296622e-03	-1.081672e-01
4.018935970103129e-03	-8.560777e-02
4.028701595103130e-03	-5.823123e-02
4.038467220103130e-03	-3.638257e-02
4.048232845103130e-03	-1.555482e-02
4.057998470103129e-03	3.504072e-03
4.067764095103130e-03	2.173823e-02
4.077529720103130e-03	3.868810e-02
4.087295345103130e-03	5.486906e-02
4.097060970103129e-03	6.998246e-02
4.106826595103130e-03	8.436950e-02
4.116592220103130e-03	9.782536e-02
4.126357845103130e-03	1.106088e-01
4.136123470103129e-03	1.225606e-01
4.145889095103130e-03	1.338872e-01
4.155654720103130e-03	1.444571e-01
4.165420345103130e-03	1.544500e-01
4.166641048228129e-03	1.556314e-01
4.169082454478130e-03	1.579988e-01
4.173965266978130e-03	1.626306e-01
4.183730891978129e-03	1.714373e-01
4.193496516978130e-03	1.796703e-01
4.203262141978130e-03	1.873387e-01
4.213027766978130e-03	1.944724e-01
4.222793391978130e-03	2.010791e-01
4.232559016978129e-03	2.071847e-01
4.242324641978130e-03	2.127953e-01
4.252090266978130e-03	2.179336e-01
4.261855891978130e-03	2.226045e-01
4.271621516978129e-03	2.268276e-01
4.281387141978130e-03	2.306068e-01
4.291152766978130e-03	2.339591e-01
4.300918391978130e-03	2.368871e-01
4.310684016978129e-03	2.394053e-01
4.320449641978130e-03	2.415150e-01
4.330215266978130e-03	2.432278e-01
4.339980891978130e-03	2.445433e-01
4.349746516978129e-03	2.454699e-01
4.359512141978130e-03	2.460042e-01
4.369277766978130e-03	2.461498e-01
4.379043391978130e-03	2.458985e-01
4.388809016978129e-03	2.452460e-01
4.398574641978130e-03	2.441741e-01
4.408340266978130e-03	2.426632e-01
4.418105891978130e-03	2.406724e-01
4.427871516978129e-03	2.381452e-01
4.437637141978130e-03	2.349780e-01
4.447402766978130e-03	2.309960e-01
4.457168391978130e-03	2.258471e-01
4.466934016978130e-03	2.187495e-01
4.476699641978129e-03	2.071790e-01
4.486465266978130e-03	1.862988e-01
4.496230891978130e-03	1.542415e-01
4.497451595103130e-03	1.495145e-01
4.500503352915629e-03	1.374368e-01
4.501724056040630e-03	1.324764e-01
4.504165462290629e-03	1.223639e-01
4.509048274790629e-03	1.017422e-01
4.514123072576596e-03	8.183676e-02
4.519718249207921e-03	6.473546e-02
4.529483874207921e-03	4.138290e-02
4.539249499207922e-03	2.011343e-02
4.549015124207922e-03	3.793553e-04
4.550235827332921e-03	-2.007171e-03
4.550541003114171e-03	-2.601168e-03
4.551151354676672e-03	-3.785105e-03
4.552372057801671e-03	-6.137615e-03
4.552410204774327e-03	-6.210818e-03
4.552486498719641e-03	-6.357106e-03
4.552639086610266e-03	-6.649405e-03
4.552944262391515e-03	-7.233434e-03
4.553554613954016e-03	-8.398099e-03
4.554775317079015e-03	-1.071429e-02
4.557216723329015e-03	-1.529475e-02
4.562099535829016e-03	-2.425341e-02
4.571865160829016e-03	-4.140034e-02
4.581630785829015e-03	-5.758075e-02
4.591396410829015e-03	-7.285623e-02
4.601162035829016e-03	-8.727314e-02
4.610927660829016e-03	-1.008773e-01
4.620693285829015e-03	-1.137083e-01
4.630458910829015e-03	-1.258020e-01
4.640224535829016e-03	-1.371912e-01
4.649990160829016e-03	-1.479065e-01
4.659755785829015e-03	-1.579752e-01
4.660976488954015e-03	-1.591846e-01
4.663417895204016e-03	-1.615830e-01
4.664028246766515e-03	-1.621749e-01
4.664180834657141e-03	-1.623223e-01
4.664486010438390e-03	-1.626165e-01
4.665096362000891e-03	-1.632016e-01
4.666317065125890e-03	-1.643685e-01
4.668758471375890e-03	-1.666773e-01
4.673641283875891e-03	-1.711802e-01
4.683406908875891e-03	-1.797543e-01
4.693172533875890e-03	-1.877623e-01
4.702938158875890e-03	-1.952287e-01
4.712703783875891e-03	-2.021672e-01
4.722469408875891e-03	-2.085998e-01
4.732235033875890e-03	-2.145370e-01
4.742000658875890e-03	-2.199988e-01
4.751766283875890e-03	-2.249932e-01
4.761531908875891e-03	-2.295383e-01
4.771297533875890e-03	-2.336400e-01
4.781063158875890e-03	-2.373145e-01
4.790828783875890e-03	-2.405661e-01
4.800594408875891e-03	-2.434091e-01
4.810360033875890e-03	-2.458461e-01
4.820125658875890e-03	-2.478897e-01
4.829891283875890e-03	-2.495404e-01
4.839656908875891e-03	-2.508086e-01
4.849422533875890e-03	-2.516927e-01
4.859188158875890e-03	-2.521996e-01
4.868953783875890e-03	-2.523243e-01
4.878719408875891e-03	-2.520689e-01
4.888485033875891e-03	-2.514220e-01
4.898250658875890e-03	-2.503769e-01
4.908016283875890e-03	-2.489097e-01
4.917781908875891e-03	-2.469949e-01
4.927547533875891e-03	-2.445795e-01
4.937313158875890e-03	-2.415887e-01
4.947078783875890e-03	-2.378820e-01
4.956844408875891e-03	-2.332096e-01
4.966610033875891e-03	-2.270327e-01
4.976375658875890e-03	-2.180343e-01
4.986141283875890e-03	-2.019083e-01
4.995906908875890e-03	-1.744282e-01
4.997127612000891e-03	-1.701109e-01
4.999569018250890e-03	-1.612532e-01
5.000179369813390e-03	-1.589580e-01
5.001400072938390e-03	-1.543180e-01
5.001705248719641e-03	-1.531390e-01
5.002315600282140e-03	-1.507654e-01
5.003536303407140e-03	-1.459503e-01
5.003841479188391e-03	-1.447306e-01
5.004451830750890e-03	-1.422784e-01
5.005672533875891e-03	-1.373224e-01
5.007558182664117e-03	-1.295299e-01
5.009563730347371e-03	-1.210917e-01
5.013574825713879e-03	-1.041257e-01
5.018358299907061e-03	-8.555771e-02
5.027925248293423e-03	-5.861976e-02
5.037690873293424e-03	-3.667517e-02
5.047456498293424e-03	-1.582146e-02
5.057222123293423e-03	3.285112e-03
5.066987748293423e-03	2.154208e-02
5.076753373293423e-03	3.852929e-02
5.086518998293424e-03	5.473297e-02
5.096284623293423e-03	6.987498e-02
5.106050248293423e-03	8.428746e-02
5.115815873293423e-03	9.777234e-02
5.125581498293424e-03	1.105788e-01
5.135347123293423e-03	1.225596e-01
5.145112748293423e-03	1.339078e-01
5.154878373293423e-03	1.445053e-01
5.164643998293424e-03	1.545198e-01
5.174409623293423e-03	1.638489e-01
5.184175248293423e-03	1.726354e-01
5.193940873293423e-03	1.807932e-01
5.203706498293424e-03	1.884415e-01
5.213472123293423e-03	1.955093e-01
5.223237748293423e-03	2.020961e-01
5.233003373293423e-03	2.081433e-01
5.242768998293424e-03	2.137345e-01
5.252534623293423e-03	2.188210e-01
5.262300248293423e-03	2.234730e-01
5.272065873293423e-03	2.276501e-01
5.281831498293424e-03	2.314111e-01
5.291597123293424e-03	2.347223e-01
5.301362748293423e-03	2.376326e-01
5.311128373293423e-03	2.401141e-01
5.320893998293423e-03	2.422067e-01
5.330659623293424e-03	2.438868e-01
5.340425248293423e-03	2.451858e-01
5.350190873293423e-03	2.460831e-01
5.359956498293423e-03	2.466015e-01
5.369722123293424e-03	2.467210e-01
5.379487748293423e-03	2.464544e-01
5.389253373293423e-03	2.457785e-01
5.399018998293423e-03	2.446920e-01
5.408784623293424e-03	2.431598e-01
5.418550248293423e-03	2.411551e-01
5.428315873293423e-03	2.386083e-01
5.438081498293423e-03	2.354277e-01
5.447847123293424e-03	2.314261e-01
5.457612748293423e-03	2.262627e-01
5.467378373293423e-03	2.191405e-01
5.477143998293423e-03	2.075452e-01
5.486909623293424e-03	1.865989e-01
5.496675248293423e-03	1.544870e-01
5.497895951418423e-03	1.497604e-01
5.500337357668424e-03	1.401371e-01
5.500947709230923e-03	1.376725e-01
5.502168412355924e-03	1.327083e-01
5.504609818605923e-03	1.225893e-01
5.509492631105923e-03	1.019637e-01
5.514565862244066e-03	8.208517e-02
5.520179471434012e-03	6.496435e-02
5.529945096434011e-03	4.162862e-02
5.539710721434011e-03	2.036043e-02
5.549476346434011e-03	6.305100e-04
5.550697049559012e-03	-1.756320e-03
5.551002225340261e-03	-2.350357e-03
5.551612576902762e-03	-3.534344e-03
5.551765164793387e-03	-3.829031e-03
5.552070340574636e-03	-4.417808e-03
5.552146634519949e-03	-4.564779e-03
5.552299222410574e-03	-4.858572e-03
5.552604398191824e-03	-5.445657e-03
5.553214749754324e-03	-6.620565e-03
5.553367337644948e-03	-6.910998e-03
5.553672513426199e-03	-7.491688e-03
5.554282864988699e-03	-8.653482e-03
5.555503568113699e-03	-1.096601e-02
5.556862674368024e-03	-1.352026e-02
5.559580886876675e-03	-1.856461e-02
5.562975110417979e-03	-2.474715e-02
5.569763557500588e-03	-3.674030e-02
5.579529182500587e-03	-5.316536e-02
5.589294807500587e-03	-6.866899e-02
5.599060432500588e-03	-8.330379e-02
5.608826057500588e-03	-9.711356e-02
5.618591682500587e-03	-1.101392e-01
5.628357307500587e-03	-1.224185e-01
5.638122932500587e-03	-1.339842e-01
5.647888557500588e-03	-1.448681e-01
5.657654182500587e-03	-1.550980e-01
5.667419807500587e-03	-1.646875e-01
5.668640510625587e-03	-1.658323e-01
5.671081916875587e-03	-1.681096e-01
5.675964729375587e-03	-1.725542e-01
5.685730354375587e-03	-1.810105e-01
5.695495979375588e-03	-1.889071e-01
5.705261604375587e-03	-1.962626e-01
5.715027229375587e-03	-2.030961e-01
5.724792854375587e-03	-2.094233e-01
5.734558479375588e-03	-2.152609e-01
5.744324104375587e-03	-2.206221e-01
5.754089729375587e-03	-2.255214e-01
5.763855354375587e-03	-2.299699e-01
5.773620979375588e-03	-2.339802e-01
5.783386604375588e-03	-2.375615e-01
5.793152229375587e-03	-2.407247e-01
5.802917854375587e-03	-2.434772e-01
5.812683479375588e-03	-2.458281e-01
5.822449104375588e-03	-2.477830e-01
5.832214729375587e-03	-2.493490e-01
5.841980354375587e-03	-2.505294e-01
5.851745979375587e-03	-2.513287e-01
5.861511604375588e-03	-2.517472e-01
5.871277229375587e-03	-2.517853e-01
5.881042854375587e-03	-2.514381e-01
5.890808479375587e-03	-2.506991e-01
5.900574104375588e-03	-2.495538e-01
5.910339729375587e-03	-2.479817e-01
5.920105354375587e-03	-2.459473e-01
5.929870979375587e-03	-2.433964e-01
5.939636604375588e-03	-2.402367e-01
5.949402229375587e-03	-2.363089e-01
5.959167854375587e-03	-2.313045e-01
5.968933479375587e-03	-2.245506e-01
5.978699104375588e-03	-2.139453e-01
5.988464729375587e-03	-1.949377e-01
5.998230354375587e-03	-1.646328e-01
5.999451057500587e-03	-1.600439e-01
5.999756233281838e-03	-1.588907e-01
6.000366584844337e-03	-1.565727e-01
6.001587287969338e-03	-1.518661e-01
6.001892463750587e-03	-1.506693e-01
6.002502815313088e-03	-1.482653e-01
6.003723518438087e-03	-1.433992e-01
6.004024445449064e-03	-1.421835e-01
6.004626299471016e-03	-1.397450e-01
6.005830007514922e-03	-1.348189e-01
6.008237423602732e-03	-1.247833e-01
6.011391583007267e-03	-1.114032e-01
6.017067589739428e-03	-8.859423e-02
6.026586831468699e-03	-6.062562e-02
6.036352456468700e-03	-3.849775e-02
6.046118081468699e-03	-1.748460e-02
6.055883706468699e-03	1.730894e-03
6.065649331468699e-03	2.010019e-02
6.075414956468700e-03	3.718136e-02
6.085180581468700e-03	5.347998e-02
6.094946206468699e-03	6.871140e-02
6.104711831468699e-03	8.320574e-02
6.114477456468700e-03	9.677006e-02
6.124243081468700e-03	1.096531e-01
6.134008706468699e-03	1.217059e-01
6.143774331468699e-03	1.331261e-01
6.153539956468700e-03	1.437913e-01
6.163305581468700e-03	1.538728e-01
6.173071206468699e-03	1.632654e-01
6.182836831468699e-03	1.721146e-01
6.192602456468699e-03	1.803327e-01
6.202368081468700e-03	1.880402e-01
6.212133706468699e-03	1.951656e-01
6.221899331468699e-03	2.018086e-01
6.231664956468699e-03	2.079111e-01
6.241430581468700e-03	2.135562e-01
6.251196206468699e-03	2.186960e-01
6.260961831468699e-03	2.234000e-01
6.270727456468699e-03	2.276288e-01
6.280493081468700e-03	2.314401e-01
6.290258706468699e-03	2.348019e-01
6.300024331468699e-03	2.377614e-01
6.309789956468699e-03	2.402927e-01
6.319555581468700e-03	2.424338e-01
6.329321206468700e-03	2.441633e-01
6.339086831468699e-03	2.455109e-01
6.348852456468699e-03	2.464581e-01
6.358618081468700e-03	2.470261e-01
6.368383706468700e-03	2.471972e-01
6.378149331468699e-03	2.469830e-01
6.387914956468699e-03	2.463628e-01
6.397680581468700e-03	2.453348e-01
6.407446206468700e-03	2.438675e-01
6.417211831468699e-03	2.419351e-01
6.426977456468699e-03	2.394745e-01
6.436743081468699e-03	2.364011e-01
6.446508706468700e-03	2.325472e-01
6.456274331468699e-03	2.276105e-01
6.466039956468699e-03	2.209061e-01
6.475805581468699e-03	2.103370e-01
6.485571206468700e-03	1.913111e-01
6.495336831468699e-03	1.609662e-01
6.496557534593699e-03	1.563765e-01
6.498998940843700e-03	1.470070e-01
6.503881753343699e-03	1.273118e-01
6.505102456468699e-03	1.221805e-01
6.507543862718700e-03	1.118375e-01
6.512426675218700e-03	9.159477e-02
6.516988215136576e-03	7.531433e-02
6.526111294972330e-03	5.130652e-02
6.535876919972330e-03	2.953131e-02
6.545642544972329e-03	9.085875e-03
6.546863248097329e-03	6.689106e-03
6.549304654347330e-03	1.870912e-03
6.554187466847329e-03	-7.593518e-03
6.555408169972329e-03	-9.901373e-03
6.557849576222330e-03	-1.448535e-02
6.562732388722329e-03	-2.345200e-02
6.572498013722329e-03	-4.061262e-02
6.582263638722330e-03	-5.680532e-02
6.592029263722330e-03	-7.209108e-02
6.601794888722329e-03	-8.651703e-02
6.611560513722329e-03	-1.001285e-01
6.621326138722329e-03	-1.129656e-01
6.631091763722330e-03	-1.250638e-01
6.640857388722330e-03	-1.364565e-01
6.650623013722329e-03	-1.471737e-01
6.660388638722329e-03	-1.572435e-01
6.661609341847330e-03	-1.584529e-01
6.664050748097329e-03	-1.608517e-01
6.664661099659830e-03	-1.614438e-01
6.665881802784829e-03	-1.626206e-01
6.668323209034830e-03	-1.649382e-01
6.668933560597329e-03	-1.655153e-01
6.670154263722330e-03	-1.666593e-01
6.672595669972329e-03	-1.689173e-01
6.677478482472329e-03	-1.733249e-01
6.687244107472330e-03	-1.817079e-01
6.697009732472330e-03	-1.895340e-01
6.706775357472329e-03	-1.968203e-01
6.716540982472329e-03	-2.035869e-01
6.726306607472330e-03	-2.098484e-01
6.736072232472330e-03	-2.156223e-01
6.745837857472329e-03	-2.209206e-01
6.755603482472329e-03	-2.257588e-01
6.765369107472330e-03	-2.301468e-01
6.775134732472330e-03	-2.340981e-01
6.784900357472329e-03	-2.376209e-01
6.794665982472329e-03	-2.407267e-01
6.804431607472329e-03	-2.434223e-01
6.814197232472330e-03	-2.457170e-01
6.823962857472330e-03	-2.476159e-01
6.833728482472329e-03	-2.491263e-01
6.843494107472329e-03	-2.502510e-01
6.853259732472330e-03	-2.509946e-01
6.863025357472330e-03	-2.513565e-01
6.872790982472329e-03	-2.513371e-01
6.882556607472329e-03	-2.509306e-01
6.892322232472330e-03	-2.501299e-01
6.902087857472330e-03	-2.489189e-01
6.911853482472329e-03	-2.472755e-01
6.921619107472329e-03	-2.451607e-01
6.931384732472330e-03	-2.425155e-01
6.941150357472330e-03	-2.392378e-01
6.950915982472329e-03	-2.351494e-01
6.960681607472329e-03	-2.298975e-01
6.970447232472330e-03	-2.226897e-01
6.980212857472330e-03	-2.109671e-01
6.989978482472329e-03	-1.898751e-01
6.999744107472329e-03	-1.576604e-01
7.000964810597330e-03	-1.529212e-01
7.001269986378580e-03	-1.517280e-01
7.001880337941080e-03	-1.493311e-01
7.003101041066080e-03	-1.444772e-01
7.003406216847329e-03	-1.432481e-01
7.004016568409830e-03	-1.407804e-01
7.005237271534829e-03	-1.357967e-01
7.007678677784830e-03	-1.256379e-01
7.010094684335784e-03	-1.153989e-01
7.014926697437693e-03	-9.530881e-02
7.021963598333474e-03	-7.167379e-02
7.031729223333474e-03	-4.768215e-02
7.041494848333473e-03	-2.628174e-02
7.051260473333474e-03	-6.325594e-03
7.061026098333474e-03	1.239657e-02
7.070791723333474e-03	3.003667e-02
7.080557348333474e-03	4.666416e-02
7.090322973333474e-03	6.236219e-02
7.100088598333474e-03	7.716791e-02
7.109854223333474e-03	9.114400e-02
7.119619848333474e-03	1.043165e-01
7.129385473333474e-03	1.167383e-01
7.139151098333474e-03	1.284287e-01
7.148916723333474e-03	1.394306e-01
7.158682348333474e-03	1.497633e-01
7.168447973333474e-03	1.594626e-01
7.178213598333474e-03	1.685478e-01
7.187979223333474e-03	1.770481e-01
7.197744848333474e-03	1.849788e-01
7.207510473333474e-03	1.923655e-01
7.217276098333474e-03	1.992205e-01
7.227041723333474e-03	2.055668e-01
7.236807348333474e-03	2.114141e-01
7.246572973333473e-03	2.167828e-01
7.256338598333474e-03	2.216807e-01
7.266104223333474e-03	2.261258e-01
7.275869848333474e-03	2.301241e-01
7.285635473333473e-03	2.336914e-01
7.295401098333474e-03	2.368322e-01
7.305166723333474e-03	2.395604e-01
7.314932348333474e-03	2.418786e-01
7.324697973333474e-03	2.437984e-01
7.334463598333474e-03	2.453207e-01
7.344229223333474e-03	2.464544e-01
7.353994848333474e-03	2.471975e-01
7.363760473333474e-03	2.475552e-01
7.373526098333474e-03	2.475211e-01
7.383291723333474e-03	2.470943e-01
7.393057348333474e-03	2.462602e-01
7.402822973333474e-03	2.450062e-01
7.412588598333474e-03	2.433007e-01
7.422354223333474e-03	2.411043e-01
7.432119848333474e-03	2.383421e-01
7.441885473333474e-03	2.348978e-01
7.451651098333474e-03	2.305474e-01
7.461416723333474e-03	2.248463e-01
7.471182348333474e-03	2.167232e-01
7.480947973333474e-03	2.026497e-01
7.490713598333473e-03	1.778171e-01
7.500479223333474e-03	1.426643e-01
7.501699926458474e-03	1.377099e-01
7.504141332708474e-03	1.276743e-01
7.504751684270974e-03	1.251197e-01
7.505972387395974e-03	1.199792e-01
7.508413793645974e-03	1.095995e-01
7.512037215891045e-03	9.445222e-02
7.515928310132429e-03	7.989859e-02
7.523710498615199e-03	5.803334e-02
7.533476123615199e-03	3.569413e-02
7.543241748615198e-03	1.479251e-02
7.553007373615198e-03	-4.498698e-03
7.562772998615199e-03	-2.280784e-02
7.572538623615199e-03	-3.993734e-02
7.582304248615199e-03	-5.620255e-02
7.592069873615198e-03	-7.147076e-02
7.601835498615199e-03	-8.595175e-02
7.611601123615199e-03	-9.955499e-02
7.621366748615199e-03	-1.124356e-01
7.631132373615198e-03	-1.245297e-01
7.640897998615198e-03	-1.359577e-01
7.650663623615199e-03	-1.466732e-01
7.660429248615199e-03	-1.567722e-01
7.661649951740198e-03	-1.579775e-01
7.664091357990199e-03	-1.603777e-01
7.664701709552698e-03	-1.609715e-01
7.665922412677699e-03	-1.621517e-01
7.668363818927698e-03	-1.644717e-01
7.668974170490199e-03	-1.650498e-01
7.670194873615198e-03	-1.661953e-01
7.672636279865199e-03	-1.684564e-01
7.677519092365199e-03	-1.728700e-01
7.687284717365198e-03	-1.812645e-01
7.697050342365198e-03	-1.891011e-01
7.706815967365199e-03	-1.963972e-01
7.716581592365199e-03	-2.031729e-01
7.726347217365198e-03	-2.094427e-01
7.736112842365198e-03	-2.152242e-01
7.745878467365199e-03	-2.205296e-01
7.755644092365199e-03	-2.253741e-01
7.765409717365199e-03	-2.297680e-01
7.775175342365198e-03	-2.337245e-01
7.784940967365199e-03	-2.372521e-01
7.794706592365199e-03	-2.403622e-01
7.804472217365199e-03	-2.430615e-01
7.814237842365198e-03	-2.453596e-01
7.824003467365198e-03	-2.472613e-01
7.833769092365198e-03	-2.487741e-01
7.843534717365198e-03	-2.499006e-01
7.853300342365199e-03	-2.506455e-01
7.863065967365199e-03	-2.510082e-01
7.872831592365199e-03	-2.509890e-01
7.882597217365199e-03	-2.505820e-01
7.892362842365198e-03	-2.497800e-01
7.902128467365198e-03	-2.485667e-01
7.911894092365198e-03	-2.469196e-01
7.921659717365198e-03	-2.447994e-01
7.931425342365199e-03	-2.421461e-01
7.941190967365199e-03	-2.388560e-01
7.950956592365199e-03	-2.347479e-01
7.960722217365199e-03	-2.294614e-01
7.970487842365198e-03	-2.221833e-01
7.980253467365198e-03	-2.102769e-01
7.990019092365198e-03	-1.888610e-01
7.999784717365198e-03	-1.563705e-01
8.001005420490198e-03	-1.516084e-01
8.001310596271448e-03	-1.504090e-01
8.001920947833949e-03	-1.480018e-01
8.003141650958948e-03	-1.431284e-01
8.003441111940120e-03	-1.419178e-01
8.004040033902463e-03	-1.394895e-01
8.005237877827146e-03	-1.345844e-01
8.007633565676516e-03	-1.245957e-01
8.011377152816952e-03	-1.087212e-01
8.017138911318318e-03	-8.592244e-02
8.026904536318318e-03	-5.805653e-02
8.036670161318317e-03	-3.614910e-02
8.046435786318317e-03	-1.525855e-02
8.056201411318317e-03	3.836169e-03
8.065967036318317e-03	2.211450e-02
8.075732661318316e-03	3.909832e-02
8.085498286318316e-03	5.531915e-02
8.095263911318316e-03	7.046689e-02
8.105029536318318e-03	8.489254e-02
8.114795161318317e-03	9.838343e-02
8.124560786318317e-03	1.112055e-01
8.134326411318317e-03	1.231934e-01
8.144092036318317e-03	1.345591e-01
8.153857661318317e-03	1.451663e-01
8.163623286318316e-03	1.551991e-01
8.173388911318316e-03	1.645405e-01
8.183154536318318e-03	1.733462e-01
8.192920161318317e-03	1.815185e-01
8.202685786318317e-03	1.891871e-01
8.212451411318317e-03	1.962715e-01
8.222217036318317e-03	2.028795e-01
8.231982661318317e-03	2.089452e-01
8.241748286318316e-03	2.145589e-01
8.251513911318316e-03	2.196656e-01
8.261279536318318e-03	2.243412e-01
8.271045161318318e-03	2.285403e-01
8.280810786318317e-03	2.323261e-01
8.290576411318317e-03	2.356611e-01
8.300342036318317e-03	2.385976e-01
8.310107661318317e-03	2.411048e-01
8.319873286318316e-03	2.432252e-01
8.329638911318316e-03	2.449331e-01
8.339404536318316e-03	2.462621e-01
8.349170161318318e-03	2.471901e-01
8.358935786318317e-03	2.477415e-01
8.368701411318317e-03	2.478957e-01
8.378467036318317e-03	2.476671e-01
8.388232661318317e-03	2.470323e-01
8.397998286318317e-03	2.459922e-01
8.407763911318316e-03	2.445130e-01
8.417529536318316e-03	2.425715e-01
8.427295161318318e-03	2.401028e-01
8.437060786318317e-03	2.370252e-01
8.446826411318317e-03	2.331705e-01
8.456592036318317e-03	2.282421e-01
8.466357661318317e-03	2.215629e-01
8.476123286318317e-03	2.110754e-01
8.485888911318316e-03	1.922188e-01
8.495654536318316e-03	1.620391e-01
8.496875239443317e-03	1.574622e-01
8.499316645693316e-03	1.481160e-01
8.504199458193317e-03	1.284563e-01
8.505420161318318e-03	1.233329e-01
8.507861567568317e-03	1.129962e-01
8.512102062626892e-03	9.523895e-02
8.516536143674437e-03	7.876965e-02
8.525366262736402e-03	5.463238e-02
8.535131887736401e-03	3.270038e-02
8.544897512736401e-03	1.201127e-02
8.554663137736403e-03	-7.091548e-03
8.555883840861402e-03	-9.439336e-03
8.558325247111401e-03	-1.404207e-02
8.563208059611402e-03	-2.300009e-02
8.572973684611402e-03	-4.017324e-02
8.582739309611401e-03	-5.636178e-02
8.592504934611401e-03	-7.165594e-02
8.602270559611403e-03	-8.607823e-02
8.612036184611403e-03	-9.969508e-02
8.621801809611402e-03	-1.125280e-01
8.631567434611402e-03	-1.246292e-01
8.641333059611402e-03	-1.360171e-01
8.651098684611402e-03	-1.467353e-01
8.660864309611402e-03	-1.567995e-01
8.662085012736402e-03	-1.580098e-01
8.664526418986402e-03	-1.604081e-01
8.665136770548901e-03	-1.610000e-01
8.666357473673902e-03	-1.621773e-01
8.668798879923901e-03	-1.644933e-01
8.669409231486402e-03	-1.650705e-01
8.670629934611401e-03	-1.662140e-01
8.673071340861403e-03	-1.684711e-01
8.677954153361402e-03	-1.728767e-01
8.687719778361401e-03	-1.812553e-01
8.697485403361401e-03	-1.890763e-01
8.707251028361403e-03	-1.963570e-01
8.717016653361402e-03	-2.031175e-01
8.726782278361402e-03	-2.093723e-01
8.736547903361402e-03	-2.151390e-01
8.746313528361402e-03	-2.204296e-01
8.756079153361402e-03	-2.252596e-01
8.765844778361401e-03	-2.296390e-01
8.775610403361401e-03	-2.335811e-01
8.785376028361403e-03	-2.370943e-01
8.795141653361403e-03	-2.401901e-01
8.804907278361402e-03	-2.428750e-01
8.814672903361402e-03	-2.451587e-01
8.824438528361402e-03	-2.470459e-01
8.834204153361402e-03	-2.485441e-01
8.843969778361402e-03	-2.496558e-01
8.853735403361401e-03	-2.503856e-01
8.863501028361401e-03	-2.507327e-01
8.873266653361403e-03	-2.506974e-01
8.883032278361402e-03	-2.502735e-01
8.892797903361402e-03	-2.494535e-01
8.902563528361402e-03	-2.482205e-01
8.912329153361402e-03	-2.465515e-01
8.922094778361402e-03	-2.444059e-01
8.931860403361401e-03	-2.417218e-01
8.941626028361401e-03	-2.383918e-01
8.951391653361403e-03	-2.342274e-01
8.961157278361402e-03	-2.288503e-01
8.970922903361402e-03	-2.213984e-01
8.980688528361402e-03	-2.090524e-01
8.990454153361402e-03	-1.868919e-01
9.000219778361402e-03	-1.537831e-01
9.001440481486402e-03	-1.489681e-01
9.001745657267652e-03	-1.477580e-01
9.002356008830151e-03	-1.453285e-01
9.003576711955152e-03	-1.404114e-01
9.005655695682875e-03	-1.318821e-01
9.007864266758332e-03	-1.226272e-01
9.011367911662868e-03	-1.077543e-01
9.017323811814523e-03	-8.442341e-02
9.027089436814522e-03	-5.696825e-02
9.036855061814522e-03	-3.513632e-02
9.046620686814522e-03	-1.430910e-02
9.056386311814523e-03	4.739570e-03
9.066151936814523e-03	2.297293e-02
9.075917561814523e-03	3.991800e-02
9.085683186814523e-03	5.610123e-02
9.095448811814523e-03	7.121068e-02
9.105214436814522e-03	8.560643e-02
9.114980061814522e-03	9.906609e-02
9.124745686814522e-03	1.118597e-01
9.134511311814524e-03	1.238215e-01
9.144276936814523e-03	1.351605e-01
9.154042561814523e-03	1.457440e-01
9.163808186814523e-03	1.557530e-01
9.165028889939524e-03	1.569365e-01
9.167470296189523e-03	1.593082e-01
9.172353108689522e-03	1.639489e-01
9.182118733689522e-03	1.727747e-01
9.191884358689523e-03	1.810286e-01
9.201649983689523e-03	1.887196e-01
9.211415608689523e-03	1.958775e-01
9.221181233689523e-03	2.025099e-01
9.230946858689523e-03	2.086426e-01
9.240712483689522e-03	2.142819e-01
9.250478108689522e-03	2.194504e-01
9.260243733689522e-03	2.241529e-01
9.270009358689523e-03	2.284091e-01
9.279774983689523e-03	2.322228e-01
9.289540608689523e-03	2.356111e-01
9.299306233689523e-03	2.385766e-01
9.309071858689523e-03	2.411338e-01
9.318837483689522e-03	2.432843e-01
9.328603108689522e-03	2.450399e-01
9.338368733689522e-03	2.464003e-01
9.348134358689524e-03	2.473743e-01
9.357899983689523e-03	2.479590e-01
9.367665608689523e-03	2.481588e-01
9.377431233689523e-03	2.479661e-01
9.387196858689523e-03	2.473783e-01
9.396962483689522e-03	2.463792e-01
9.406728108689522e-03	2.449520e-01
9.416493733689522e-03	2.430611e-01
9.426259358689522e-03	2.406581e-01
9.436024983689523e-03	2.376545e-01
9.445790608689523e-03	2.339054e-01
9.455556233689523e-03	2.291276e-01
9.465321858689523e-03	2.227235e-01
9.475087483689523e-03	2.131704e-01
9.484853108689522e-03	1.956887e-01
9.494618733689522e-03	1.665927e-01
9.504384358689522e-03	1.288033e-01
9.514149983689523e-03	8.883520e-02
9.523915608689523e-03	5.905226e-02
9.533681233689523e-03	3.690467e-02
9.543446858689523e-03	1.580310e-02
9.553212483689523e-03	-3.431541e-03
9.553365071580147e-03	-3.749151e-03
9.553670247361397e-03	-4.375777e-03
9.554280598923898e-03	-5.573181e-03
9.554433186814523e-03	-5.864228e-03
9.554738362595773e-03	-6.447352e-03
9.555348714158272e-03	-7.617396e-03
9.555482464399297e-03	-7.870078e-03
9.555749964881345e-03	-8.375489e-03
9.556284965845444e-03	-9.388665e-03
9.557354967773638e-03	-1.140706e-02
9.558487776649987e-03	-1.352994e-02
9.560753394402682e-03	-1.773093e-02
9.563536105778793e-03	-2.281138e-02
9.569101528531014e-03	-3.272079e-02
9.577730019164369e-03	-4.744687e-02
9.587495644164369e-03	-6.323026e-02
9.597261269164371e-03	-7.812807e-02
9.607026894164370e-03	-9.218557e-02
9.616792519164370e-03	-1.054452e-01
9.626558144164370e-03	-1.179457e-01
9.636323769164370e-03	-1.297210e-01
9.646089394164370e-03	-1.408037e-01
9.655855019164369e-03	-1.512222e-01
9.665620644164369e-03	-1.610023e-01
9.665773232054994e-03	-1.611488e-01
9.666078407836246e-03	-1.614424e-01
9.666688759398745e-03	-1.620279e-01
9.667909462523746e-03	-1.631934e-01
9.670350868773745e-03	-1.654983e-01
9.675233681273744e-03	-1.699938e-01
9.684999306273746e-03	-1.785509e-01
9.694764931273745e-03	-1.865406e-01
9.704530556273745e-03	-1.939863e-01
9.714296181273745e-03	-2.009031e-01
9.724061806273745e-03	-2.073116e-01
9.733827431273745e-03	-2.132239e-01
9.743593056273744e-03	-2.186585e-01
9.753358681273744e-03	-2.236249e-01
9.763124306273746e-03	-2.281397e-01
9.772889931273746e-03	-2.322105e-01
9.782655556273745e-03	-2.358519e-01
9.792421181273745e-03	-2.390696e-01
9.802186806273745e-03	-2.418766e-01
9.811952431273745e-03	-2.442767e-01
9.821718056273744e-03	-2.462810e-01
9.831483681273744e-03	-2.478913e-01
9.841249306273744e-03	-2.491165e-01
9.851014931273746e-03	-2.499558e-01
9.860780556273745e-03	-2.504146e-01
9.870546181273745e-03	-2.504884e-01
9.880311806273745e-03	-2.501774e-01
9.890077431273745e-03	-2.494700e-01
9.899843056273745e-03	-2.483566e-01
9.909608681273744e-03	-2.468118e-01
9.919374306273744e-03	-2.448046e-01
9.929139931273746e-03	-2.422758e-01
9.938905556273745e-03	-2.391369e-01
9.948671181273745e-03	-2.352227e-01
9.958436806273745e-03	-2.302256e-01
9.968202431273745e-03	-2.234593e-01
9.977968056273745e-03	-2.127914e-01
9.987733681273744e-03	-1.936368e-01
9.997499306273744e-03	-1.631933e-01
1.000000000000000e-02	-1.537650e-01
Step Information: Rgain=34.3003K  (Step: 8/11)
0.000000000000000e+00	4.500008e-14
5.000000058430487e-08	5.026001e-10
1.000000011686097e-07	5.207563e-08
2.000000023372195e-07	1.821895e-06
4.000000046744390e-07	2.231188e-05
8.000000093488779e-07	1.319629e-04
1.600000018697756e-06	5.773727e-04
3.200000037395512e-06	2.268993e-03
6.400000074791024e-06	8.092260e-03
1.280000014958205e-05	2.576552e-02
2.256562514958205e-05	5.381330e-02
3.233125014958205e-05	7.031438e-02
4.209687514958205e-05	8.244434e-02
5.186250014958205e-05	9.462214e-02
6.162812514958205e-05	1.055657e-01
7.139375014958204e-05	1.162918e-01
8.115937514958205e-05	1.261767e-01
9.092500014958205e-05	1.359042e-01
1.006906251495820e-04	1.449009e-01
1.104562501495821e-04	1.536936e-01
1.202218751495820e-04	1.618543e-01
1.299875001495820e-04	1.697835e-01
1.397531251495821e-04	1.771473e-01
1.495187501495821e-04	1.842618e-01
1.592843751495820e-04	1.908611e-01
1.690500001495821e-04	1.971981e-01
1.788156251495821e-04	2.030582e-01
1.885812501495820e-04	2.086491e-01
1.983468751495820e-04	2.137931e-01
2.081125001495821e-04	2.186630e-01
2.178781251495820e-04	2.231106e-01
2.276437501495820e-04	2.272802e-01
2.374093751495821e-04	2.310481e-01
2.471750001495820e-04	2.345348e-01
2.569406251495820e-04	2.376373e-01
2.667062501495821e-04	2.404557e-01
2.764718751495821e-04	2.429044e-01
2.862375001495821e-04	2.450664e-01
2.960031251495820e-04	2.468707e-01
3.057687501495820e-04	2.483852e-01
3.155343751495820e-04	2.495513e-01
3.253000001495821e-04	2.504236e-01
3.350656251495821e-04	2.509535e-01
3.448312501495821e-04	2.511833e-01
3.545968751495821e-04	2.510718e-01
3.643625001495820e-04	2.506494e-01
3.741281251495820e-04	2.498789e-01
3.838937501495821e-04	2.487776e-01
3.936593751495821e-04	2.473069e-01
4.034250001495821e-04	2.454661e-01
4.131906251495821e-04	2.432035e-01
4.229562501495820e-04	2.404858e-01
4.327218751495820e-04	2.372163e-01
4.424875001495820e-04	2.332721e-01
4.522531251495821e-04	2.283812e-01
4.620187501495821e-04	2.220140e-01
4.717843751495821e-04	2.127668e-01
4.815500001495820e-04	1.957768e-01
4.913156251495820e-04	1.657827e-01
5.010812501495820e-04	1.248561e-01
5.108468751495821e-04	8.340253e-02
5.206125001495821e-04	5.554146e-02
5.303781251495821e-04	3.407702e-02
5.401437501495821e-04	1.300155e-02
5.413644532745821e-04	1.068057e-02
5.438058595245821e-04	5.851652e-03
5.444162110870821e-04	4.626535e-03
5.445687989777071e-04	4.321704e-03
5.448739747589570e-04	3.714296e-03
5.454843263214571e-04	2.507372e-03
5.456369142120821e-04	2.206848e-03
5.459420899933320e-04	1.606729e-03
5.465524415558321e-04	4.107184e-04
5.477731446808321e-04	-1.967787e-03
5.502145509308320e-04	-6.670854e-03
5.546736754959300e-04	-1.508046e-02
5.635919246261259e-04	-3.123286e-02
5.733575496261259e-04	-4.796144e-02
5.831231746261259e-04	-6.375170e-02
5.928887996261259e-04	-7.865789e-02
6.026544246261259e-04	-9.272595e-02
6.124200496261259e-04	-1.059982e-01
6.221856746261258e-04	-1.185140e-01
6.319512996261258e-04	-1.303074e-01
6.417169246261258e-04	-1.414115e-01
6.514825496261259e-04	-1.518552e-01
6.612481746261259e-04	-1.616649e-01
6.624688777511258e-04	-1.628414e-01
6.649102840011259e-04	-1.651638e-01
6.655206355636259e-04	-1.657420e-01
6.667413386886259e-04	-1.668882e-01
6.691827449386259e-04	-1.691512e-01
6.740655574386259e-04	-1.735691e-01
6.838311824386259e-04	-1.819760e-01
6.935968074386259e-04	-1.898297e-01
7.033624324386258e-04	-1.971480e-01
7.131280574386258e-04	-2.039509e-01
7.228936824386259e-04	-2.102534e-01
7.326593074386259e-04	-2.160730e-01
7.424249324386259e-04	-2.214222e-01
7.521905574386259e-04	-2.263162e-01
7.619561824386259e-04	-2.307656e-01
7.717218074386259e-04	-2.347836e-01
7.912530574386259e-04	-2.415637e-01
8.107843074386259e-04	-2.467313e-01
8.303155574386258e-04	-2.503477e-01
8.498468074386259e-04	-2.524593e-01
8.693780574386259e-04	-2.530926e-01
8.889093074386259e-04	-2.522438e-01
8.986749324386259e-04	-2.512487e-01
9.084405574386259e-04	-2.498563e-01
9.182061824386259e-04	-2.480409e-01
9.279718074386259e-04	-2.457654e-01
9.377374324386259e-04	-2.429666e-01
9.475030574386258e-04	-2.395410e-01
9.572686824386258e-04	-2.352991e-01
9.670343074386259e-04	-2.298653e-01
9.767999324386259e-04	-2.223559e-01
9.865655574386259e-04	-2.096938e-01
9.963311824386259e-04	-1.860050e-01
9.975518855636259e-04	-1.819371e-01
9.999932918136258e-04	-1.734166e-01
1.004876104313626e-03	-1.543991e-01
1.006096807438626e-03	-1.492156e-01
1.006401983219876e-03	-1.479113e-01
1.007012334782376e-03	-1.452892e-01
1.008233037907376e-03	-1.399682e-01
1.010186277157434e-03	-1.312666e-01
1.012290782418805e-03	-1.216840e-01
1.016251261743031e-03	-1.037471e-01
1.021965792192325e-03	-8.212712e-02
1.031731417192325e-03	-5.703429e-02
1.041497042192325e-03	-3.556443e-02
1.051262667192325e-03	-1.517775e-02
1.061028292192325e-03	3.613757e-03
1.070793917192325e-03	2.155793e-02
1.080559542192325e-03	3.827024e-02
1.090325167192325e-03	5.420141e-02
1.100090792192325e-03	6.908886e-02
1.109856417192325e-03	8.325167e-02
1.119622042192325e-03	9.649755e-02
1.129387667192325e-03	1.090717e-01
1.139153292192325e-03	1.208270e-01
1.148918917192325e-03	1.319577e-01
1.158684542192325e-03	1.423430e-01
1.168450167192325e-03	1.521531e-01
1.178215792192325e-03	1.612814e-01
1.187981417192325e-03	1.698756e-01
1.197747042192325e-03	1.778437e-01
1.207512667192325e-03	1.853109e-01
1.217278292192325e-03	1.921995e-01
1.227043917192325e-03	1.986158e-01
1.236809542192325e-03	2.044940e-01
1.246575167192325e-03	2.099248e-01
1.256340792192325e-03	2.148519e-01
1.266106417192325e-03	2.193532e-01
1.275872042192325e-03	2.233801e-01
1.285637667192325e-03	2.269996e-01
1.295403292192325e-03	2.301696e-01
1.305168917192325e-03	2.329472e-01
1.314934542192325e-03	2.352958e-01
1.324700167192325e-03	2.372638e-01
1.334465792192325e-03	2.388186e-01
1.344231417192325e-03	2.400001e-01
1.353997042192325e-03	2.407784e-01
1.363762667192325e-03	2.411846e-01
1.373528292192325e-03	2.411891e-01
1.383293917192325e-03	2.408122e-01
1.393059542192325e-03	2.400202e-01
1.402825167192325e-03	2.388183e-01
1.412590792192325e-03	2.371582e-01
1.422356417192325e-03	2.350156e-01
1.432122042192325e-03	2.322997e-01
1.441887667192325e-03	2.289052e-01
1.451653292192325e-03	2.245859e-01
1.461418917192325e-03	2.188834e-01
1.471184542192325e-03	2.106021e-01
1.480950167192325e-03	1.955589e-01
1.490715792192325e-03	1.680318e-01
1.500481417192325e-03	1.287504e-01
1.501702120317325e-03	1.232304e-01
1.504143526567325e-03	1.120618e-01
1.508294368324551e-03	9.334960e-02
1.512709832432361e-03	7.641913e-02
1.519421722201659e-03	5.804154e-02
1.529187347201659e-03	3.582493e-02
1.538952972201659e-03	1.501246e-02
1.548718597201659e-03	-4.229531e-03
1.549939300326659e-03	-6.587409e-03
1.552380706576659e-03	-1.121698e-02
1.557263519076659e-03	-2.023354e-02
1.567029144076659e-03	-3.751507e-02
1.576794769076659e-03	-5.380973e-02
1.586560394076659e-03	-6.920379e-02
1.596326019076659e-03	-8.372746e-02
1.606091644076659e-03	-9.744260e-02
1.615857269076659e-03	-1.103740e-01
1.625622894076659e-03	-1.225732e-01
1.635388519076659e-03	-1.340605e-01
1.645154144076659e-03	-1.448789e-01
1.654919769076659e-03	-1.550458e-01
1.664685394076659e-03	-1.645875e-01
1.665906097201659e-03	-1.657250e-01
1.668347503451659e-03	-1.679901e-01
1.673230315951659e-03	-1.724124e-01
1.682995940951659e-03	-1.808288e-01
1.692761565951659e-03	-1.886933e-01
1.702527190951659e-03	-1.960233e-01
1.712292815951659e-03	-2.028389e-01
1.722058440951659e-03	-2.091549e-01
1.731824065951659e-03	-2.149888e-01
1.741589690951659e-03	-2.203528e-01
1.751355315951659e-03	-2.252623e-01
1.761120940951659e-03	-2.297277e-01
1.770886565951659e-03	-2.337622e-01
1.780652190951659e-03	-2.373744e-01
1.790417815951659e-03	-2.405761e-01
1.800183440951659e-03	-2.433741e-01
1.809949065951659e-03	-2.457784e-01
1.819714690951659e-03	-2.477943e-01
1.829480315951659e-03	-2.494299e-01
1.839245940951659e-03	-2.506887e-01
1.849011565951659e-03	-2.515765e-01
1.858777190951659e-03	-2.520941e-01
1.868542815951659e-03	-2.522441e-01
1.878308440951659e-03	-2.520233e-01
1.888074065951659e-03	-2.514287e-01
1.897839690951659e-03	-2.504497e-01
1.907605315951659e-03	-2.490730e-01
1.917370940951659e-03	-2.472727e-01
1.927136565951659e-03	-2.450119e-01
1.936902190951659e-03	-2.422269e-01
1.946667815951659e-03	-2.388144e-01
1.956433440951659e-03	-2.345844e-01
1.966199065951659e-03	-2.291608e-01
1.975964690951659e-03	-2.216582e-01
1.985730315951659e-03	-2.089933e-01
1.995495940951659e-03	-1.852920e-01
1.996716644076659e-03	-1.812220e-01
1.999158050326659e-03	-1.726983e-01
2.004040862826659e-03	-1.536761e-01
2.005261565951659e-03	-1.484909e-01
2.005566741732909e-03	-1.471865e-01
2.006177093295409e-03	-1.445635e-01
2.007397796420409e-03	-1.392431e-01
2.009415762910696e-03	-1.302482e-01
2.011552638000935e-03	-1.205122e-01
2.015826388181414e-03	-1.012622e-01
2.022195354470176e-03	-7.830765e-02
2.031960979470176e-03	-5.405499e-02
2.041726604470176e-03	-3.258986e-02
2.051492229470176e-03	-1.247241e-02
2.061257854470176e-03	6.284419e-03
2.071023479470176e-03	2.403915e-02
2.080789104470176e-03	4.070216e-02
2.090554729470175e-03	5.648553e-02
2.100320354470176e-03	7.132041e-02
2.110085979470175e-03	8.536106e-02
2.119851604470176e-03	9.855549e-02
2.129617229470175e-03	1.110262e-01
2.139382854470176e-03	1.227325e-01
2.149148479470175e-03	1.337745e-01
2.158914104470176e-03	1.441143e-01
2.168679729470175e-03	1.538475e-01
2.178445354470176e-03	1.629346e-01
2.188210979470175e-03	1.714621e-01
2.197976604470176e-03	1.793927e-01
2.207742229470175e-03	1.868018e-01
2.217507854470176e-03	1.936562e-01
2.227273479470175e-03	2.000220e-01
2.237039104470176e-03	2.058691e-01
2.246804729470175e-03	2.112559e-01
2.256570354470176e-03	2.161549e-01
2.266335979470176e-03	2.206179e-01
2.276101604470176e-03	2.246196e-01
2.285867229470176e-03	2.282057e-01
2.295632854470176e-03	2.313530e-01
2.305398479470176e-03	2.341019e-01
2.315164104470176e-03	2.364303e-01
2.324929729470176e-03	2.383738e-01
2.334695354470175e-03	2.399109e-01
2.344460979470176e-03	2.410718e-01
2.354226604470175e-03	2.418351e-01
2.363992229470176e-03	2.422247e-01
2.373757854470175e-03	2.422170e-01
2.383523479470176e-03	2.418279e-01
2.393289104470175e-03	2.410276e-01
2.403054729470176e-03	2.398187e-01
2.412820354470175e-03	2.381560e-01
2.422585979470176e-03	2.360145e-01
2.432351604470175e-03	2.333068e-01
2.442117229470176e-03	2.299301e-01
2.451882854470175e-03	2.256480e-01
2.461648479470176e-03	2.200210e-01
2.471414104470175e-03	2.119195e-01
2.481179729470176e-03	1.973816e-01
2.490945354470175e-03	1.705954e-01
2.500710979470176e-03	1.318189e-01
2.501931682595175e-03	1.263270e-01
2.502236858376426e-03	1.249496e-01
2.502847209938926e-03	1.221854e-01
2.504067913063926e-03	1.165998e-01
2.506509319313926e-03	1.053741e-01
2.510113776223333e-03	8.950888e-02
2.514256031536314e-03	7.455686e-02
2.522540542162276e-03	5.305164e-02
2.532306167162276e-03	3.129444e-02
2.542071792162276e-03	1.085751e-02
2.551837417162276e-03	-8.101443e-03
2.553058120287276e-03	-1.042784e-02
2.555499526537276e-03	-1.499177e-02
2.560382339037276e-03	-2.388301e-02
2.570147964037276e-03	-4.092797e-02
2.579913589037276e-03	-5.700059e-02
2.589679214037276e-03	-7.218474e-02
2.599444839037276e-03	-8.650825e-02
2.609210464037276e-03	-1.000328e-01
2.618976089037276e-03	-1.127811e-01
2.628741714037276e-03	-1.248052e-01
2.638507339037276e-03	-1.361234e-01
2.648272964037276e-03	-1.467793e-01
2.658038589037276e-03	-1.567886e-01
2.659259292162276e-03	-1.579928e-01
2.661700698412276e-03	-1.603790e-01
2.662311049974776e-03	-1.609681e-01
2.663531753099776e-03	-1.621413e-01
2.663836928881026e-03	-1.624327e-01
2.664447280443526e-03	-1.630126e-01
2.665667983568526e-03	-1.641613e-01
2.665973159349776e-03	-1.644495e-01
2.666583510912276e-03	-1.650221e-01
2.667804214037276e-03	-1.661589e-01
2.670245620287276e-03	-1.684062e-01
2.675128432787276e-03	-1.727906e-01
2.684894057787276e-03	-1.811350e-01
2.694659682787276e-03	-1.889272e-01
2.704425307787276e-03	-1.961880e-01
2.714190932787276e-03	-2.029340e-01
2.723956557787276e-03	-2.091830e-01
2.733722182787276e-03	-2.149492e-01
2.743487807787276e-03	-2.202481e-01
2.753253432787276e-03	-2.250916e-01
2.763019057787276e-03	-2.294932e-01
2.772784682787276e-03	-2.334630e-01
2.782550307787276e-03	-2.370125e-01
2.792315932787276e-03	-2.401502e-01
2.802081557787276e-03	-2.428861e-01
2.811847182787276e-03	-2.452269e-01
2.821612807787276e-03	-2.471808e-01
2.831378432787276e-03	-2.487527e-01
2.841144057787276e-03	-2.499488e-01
2.850909682787276e-03	-2.507718e-01
2.860675307787276e-03	-2.512250e-01
2.870440932787276e-03	-2.513076e-01
2.880206557787276e-03	-2.510184e-01
2.899737807787276e-03	-2.492957e-01
2.909503432787276e-03	-2.478348e-01
2.919269057787276e-03	-2.459419e-01
2.929034682787276e-03	-2.435723e-01
2.938800307787276e-03	-2.406560e-01
2.948565932787276e-03	-2.370707e-01
2.958331557787276e-03	-2.325934e-01
2.968097182787276e-03	-2.267582e-01
2.977862807787276e-03	-2.184220e-01
2.987628432787276e-03	-2.034805e-01
2.997394057787276e-03	-1.761994e-01
2.998614760912276e-03	-1.716972e-01
3.001056167162276e-03	-1.623842e-01
3.001666518724776e-03	-1.599448e-01
3.002887221849776e-03	-1.549998e-01
3.003192397631026e-03	-1.537385e-01
3.003802749193526e-03	-1.511963e-01
3.005023452318526e-03	-1.460204e-01
3.005328628099776e-03	-1.447058e-01
3.005938979662276e-03	-1.420602e-01
3.007159682787276e-03	-1.367009e-01
3.008972693599589e-03	-1.285797e-01
3.010922529498512e-03	-1.196813e-01
3.014822201296358e-03	-1.020401e-01
3.019563649150506e-03	-8.368045e-02
3.029046544858801e-03	-5.848007e-02
3.038812169858801e-03	-3.683512e-02
3.048577794858801e-03	-1.627534e-02
3.058343419858801e-03	2.611624e-03
3.068109044858801e-03	2.070219e-02
3.077874669858801e-03	3.750674e-02
3.087640294858801e-03	5.356255e-02
3.097405919858801e-03	6.853979e-02
3.107171544858801e-03	8.281508e-02
3.116937169858801e-03	9.614839e-02
3.126702794858801e-03	1.088268e-01
3.136468419858801e-03	1.206677e-01
3.146234044858801e-03	1.318966e-01
3.155999669858801e-03	1.423657e-01
3.165765294858801e-03	1.522698e-01
3.175530919858801e-03	1.614804e-01
3.185296544858801e-03	1.701652e-01
3.195062169858801e-03	1.782148e-01
3.204827794858801e-03	1.857702e-01
3.214593419858801e-03	1.927398e-01
3.224359044858801e-03	1.992425e-01
3.234124669858801e-03	2.052014e-01
3.243890294858801e-03	2.107174e-01
3.253655919858801e-03	2.157254e-01
3.263421544858801e-03	2.203112e-01
3.273187169858801e-03	2.244195e-01
3.282952794858801e-03	2.281232e-01
3.292718419858801e-03	2.313756e-01
3.302484044858801e-03	2.342378e-01
3.312249669858801e-03	2.366704e-01
3.322015294858801e-03	2.387243e-01
3.331780919858801e-03	2.403656e-01
3.341546544858801e-03	2.416359e-01
3.351312169858801e-03	2.425050e-01
3.361077794858801e-03	2.430051e-01
3.370843419858801e-03	2.431076e-01
3.380609044858801e-03	2.428343e-01
3.390374669858801e-03	2.421539e-01
3.400140294858801e-03	2.410739e-01
3.409905919858801e-03	2.395523e-01
3.419671544858801e-03	2.375707e-01
3.429437169858801e-03	2.350542e-01
3.439202794858801e-03	2.319206e-01
3.448968419858801e-03	2.279800e-01
3.458734044858801e-03	2.229037e-01
3.468499669858801e-03	2.158881e-01
3.478265294858801e-03	2.042826e-01
3.488030919858801e-03	1.823484e-01
3.497796544858801e-03	1.474711e-01
3.499017247983801e-03	1.422628e-01
3.501458654233801e-03	1.316449e-01
3.502069005796301e-03	1.289220e-01
3.503289708921301e-03	1.234394e-01
3.503594884702551e-03	1.220547e-01
3.504205236265051e-03	1.192711e-01
3.505425939390051e-03	1.136716e-01
3.507867345640051e-03	1.024793e-01
3.510508381214455e-03	9.086760e-02
3.515790452363264e-03	7.234010e-02
3.522680233839720e-03	5.482854e-02
3.532445858839720e-03	3.281084e-02
3.542211483839720e-03	1.236176e-02
3.551977108839720e-03	-6.724415e-03
3.553197811964720e-03	-9.036395e-03
3.555639218214720e-03	-1.360543e-02
3.560522030714720e-03	-2.253040e-02
3.570287655714720e-03	-3.962236e-02
3.580053280714720e-03	-5.574675e-02
3.589818905714720e-03	-7.097150e-02
3.599584530714720e-03	-8.533906e-02
3.609350155714720e-03	-9.889895e-02
3.619115780714720e-03	-1.116851e-01
3.628881405714720e-03	-1.237398e-01
3.638647030714720e-03	-1.350906e-01
3.648412655714720e-03	-1.457729e-01
3.658178280714720e-03	-1.558103e-01
3.667943905714720e-03	-1.652185e-01
3.669164608839720e-03	-1.663413e-01
3.671606015089720e-03	-1.685752e-01
3.676488827589720e-03	-1.729352e-01
3.686254452589720e-03	-1.812296e-01
3.696020077589720e-03	-1.889739e-01
3.705785702589720e-03	-1.961863e-01
3.715551327589720e-03	-2.028859e-01
3.725316952589720e-03	-2.090877e-01
3.735082577589720e-03	-2.148087e-01
3.744848202589720e-03	-2.200614e-01
3.754613827589720e-03	-2.248605e-01
3.764379452589720e-03	-2.292167e-01
3.774145077589720e-03	-2.331426e-01
3.783910702589720e-03	-2.366472e-01
3.793676327589720e-03	-2.397414e-01
3.803441952589720e-03	-2.424326e-01
3.813207577589720e-03	-2.447299e-01
3.822973202589720e-03	-2.466390e-01
3.832738827589720e-03	-2.481670e-01
3.842504452589720e-03	-2.493176e-01
3.852270077589720e-03	-2.500956e-01
3.862035702589720e-03	-2.505016e-01
3.871801327589720e-03	-2.505368e-01
3.881566952589720e-03	-2.501971e-01
3.891332577589720e-03	-2.494776e-01
3.901098202589720e-03	-2.483656e-01
3.910863827589720e-03	-2.468434e-01
3.920629452589720e-03	-2.448802e-01
3.930395077589720e-03	-2.424290e-01
3.940160702589720e-03	-2.394103e-01
3.949926327589720e-03	-2.356893e-01
3.959691952589720e-03	-2.310091e-01
3.969457577589720e-03	-2.248243e-01
3.979223202589720e-03	-2.154559e-01
3.988988827589720e-03	-1.984675e-01
3.998754452589720e-03	-1.687712e-01
3.999975155714720e-03	-1.639969e-01
4.002416561964720e-03	-1.541842e-01
4.003026913527220e-03	-1.516313e-01
4.004247616652220e-03	-1.464616e-01
4.004552792433470e-03	-1.451497e-01
4.005163143995970e-03	-1.425083e-01
4.006383847120970e-03	-1.371572e-01
4.008201986696913e-03	-1.290248e-01
4.010163326115992e-03	-1.200808e-01
4.014086004954149e-03	-1.022910e-01
4.018948218105859e-03	-8.334824e-02
4.028672644409278e-03	-5.751040e-02
4.038438269409278e-03	-3.593425e-02
4.048203894409278e-03	-1.539840e-02
4.057969519409278e-03	3.448606e-03
4.067735144409278e-03	2.152107e-02
4.077500769409278e-03	3.829537e-02
4.087266394409278e-03	5.433523e-02
4.097032019409278e-03	6.928830e-02
4.106797644409278e-03	8.354999e-02
4.116563269409278e-03	9.686383e-02
4.126328894409278e-03	1.095310e-01
4.136094519409278e-03	1.213564e-01
4.145860144409278e-03	1.325764e-01
4.155625769409278e-03	1.430330e-01
4.165391394409278e-03	1.529304e-01
4.175157019409278e-03	1.621317e-01
4.184922644409278e-03	1.708119e-01
4.194688269409278e-03	1.788547e-01
4.204453894409278e-03	1.864074e-01
4.214219519409278e-03	1.933727e-01
4.223985144409278e-03	1.998743e-01
4.233750769409278e-03	2.058310e-01
4.243516394409278e-03	2.113475e-01
4.253282019409278e-03	2.163552e-01
4.263047644409278e-03	2.209429e-01
4.272813269409278e-03	2.250527e-01
4.282578894409278e-03	2.287598e-01
4.292344519409278e-03	2.320152e-01
4.302110144409278e-03	2.348823e-01
4.311875769409278e-03	2.373195e-01
4.321641394409278e-03	2.393797e-01
4.331407019409278e-03	2.410274e-01
4.341172644409278e-03	2.423054e-01
4.350938269409278e-03	2.431829e-01
4.360703894409278e-03	2.436928e-01
4.370469519409278e-03	2.438062e-01
4.380235144409278e-03	2.435454e-01
4.390000769409278e-03	2.428795e-01
4.399766394409278e-03	2.418166e-01
4.409532019409278e-03	2.403154e-01
4.419297644409278e-03	2.383594e-01
4.429063269409278e-03	2.358758e-01
4.438828894409278e-03	2.327872e-01
4.448594519409278e-03	2.289132e-01
4.458360144409278e-03	2.239470e-01
4.468125769409278e-03	2.171470e-01
4.477891394409278e-03	2.061223e-01
4.487657019409278e-03	1.853323e-01
4.497422644409278e-03	1.515279e-01
4.498643347534278e-03	1.464023e-01
4.501084753784278e-03	1.359352e-01
4.501695105346778e-03	1.332441e-01
4.502915808471778e-03	1.278210e-01
4.503220984253028e-03	1.264500e-01
4.503831335815528e-03	1.236989e-01
4.503983923706153e-03	1.230076e-01
4.504289099487403e-03	1.216225e-01
4.504899451049903e-03	1.188336e-01
4.506120154174903e-03	1.132319e-01
4.508561560424903e-03	1.020510e-01
4.511183999368252e-03	9.059069e-02
4.516428877254951e-03	7.238143e-02
4.523707805385756e-03	5.402876e-02
4.533473430385755e-03	3.210359e-02
4.543239055385756e-03	1.173063e-02
4.553004680385756e-03	-7.300749e-03
4.554225383510756e-03	-9.604302e-03
4.556666789760756e-03	-1.415914e-02
4.561549602260756e-03	-2.305805e-02
4.571315227260756e-03	-4.009949e-02
4.581080852260755e-03	-5.617660e-02
4.590846477260756e-03	-7.135560e-02
4.600612102260756e-03	-8.567960e-02
4.610377727260756e-03	-9.919699e-02
4.620143352260755e-03	-1.119424e-01
4.629908977260756e-03	-1.239570e-01
4.639674602260756e-03	-1.352691e-01
4.649440227260756e-03	-1.459133e-01
4.659205852260755e-03	-1.559136e-01
4.668971477260756e-03	-1.652842e-01
4.670192180385756e-03	-1.664027e-01
4.672633586635755e-03	-1.686277e-01
4.677516399135755e-03	-1.729699e-01
4.687282024135756e-03	-1.812291e-01
4.697047649135756e-03	-1.889387e-01
4.706813274135756e-03	-1.961169e-01
4.716578899135755e-03	-2.027826e-01
4.726344524135756e-03	-2.089509e-01
4.736110149135756e-03	-2.146386e-01
4.745875774135756e-03	-2.198583e-01
4.755641399135755e-03	-2.246246e-01
4.765407024135756e-03	-2.289481e-01
4.775172649135756e-03	-2.328415e-01
4.784938274135756e-03	-2.363137e-01
4.794703899135755e-03	-2.393755e-01
4.804469524135756e-03	-2.420342e-01
4.814235149135756e-03	-2.442989e-01
4.824000774135756e-03	-2.461752e-01
4.833766399135755e-03	-2.476701e-01
4.843532024135756e-03	-2.487872e-01
4.853297649135756e-03	-2.495310e-01
4.863063274135756e-03	-2.499021e-01
4.872828899135755e-03	-2.499011e-01
4.882594524135756e-03	-2.495237e-01
4.892360149135756e-03	-2.487641e-01
4.902125774135756e-03	-2.476089e-01
4.911891399135756e-03	-2.460391e-01
4.921657024135755e-03	-2.440215e-01
4.931422649135756e-03	-2.415056e-01
4.941188274135756e-03	-2.384055e-01
4.950953899135756e-03	-2.345736e-01
4.960719524135755e-03	-2.297247e-01
4.970485149135756e-03	-2.232376e-01
4.980250774135756e-03	-2.131231e-01
4.990016399135756e-03	-1.944022e-01
4.999782024135755e-03	-1.627346e-01
5.001002727260756e-03	-1.577816e-01
5.001307903042006e-03	-1.565355e-01
5.001918254604506e-03	-1.540276e-01
5.003138957729506e-03	-1.489133e-01
5.003444133510756e-03	-1.476119e-01
5.004054485073256e-03	-1.449955e-01
5.005275188198256e-03	-1.396865e-01
5.007107830626785e-03	-1.315486e-01
5.009164077694594e-03	-1.222136e-01
5.011882609664252e-03	-1.097347e-01
5.016948623559649e-03	-8.846588e-02
5.026714248559649e-03	-6.057953e-02
5.036289913879764e-03	-3.940409e-02
5.046055538879764e-03	-1.847451e-02
5.055821163879764e-03	5.263022e-04
5.065586788879764e-03	1.882566e-02
5.075352413879764e-03	3.574408e-02
5.085118038879764e-03	5.197124e-02
5.094883663879764e-03	6.705965e-02
5.104649288879764e-03	8.148497e-02
5.114414913879764e-03	9.492796e-02
5.124180538879764e-03	1.077398e-01
5.133946163879764e-03	1.196836e-01
5.143711788879764e-03	1.310368e-01
5.153477413879764e-03	1.416051e-01
5.154698117004764e-03	1.429032e-01
5.157139523254764e-03	1.454423e-01
5.162022335754764e-03	1.503815e-01
5.171787960754764e-03	1.598135e-01
5.181553585754763e-03	1.686355e-01
5.191319210754764e-03	1.768898e-01
5.201084835754764e-03	1.845788e-01
5.210850460754764e-03	1.917391e-01
5.220616085754764e-03	1.983723e-01
5.230381710754764e-03	2.045105e-01
5.240147335754764e-03	2.101544e-01
5.249912960754764e-03	2.153320e-01
5.259678585754764e-03	2.200435e-01
5.269444210754764e-03	2.243135e-01
5.279209835754764e-03	2.281415e-01
5.288975460754764e-03	2.315488e-01
5.298741085754764e-03	2.345346e-01
5.308506710754764e-03	2.371172e-01
5.318272335754764e-03	2.392948e-01
5.328037960754764e-03	2.410828e-01
5.337803585754764e-03	2.424783e-01
5.347569210754764e-03	2.434932e-01
5.357334835754764e-03	2.441225e-01
5.367100460754764e-03	2.443736e-01
5.376866085754764e-03	2.442375e-01
5.386631710754763e-03	2.437149e-01
5.396397335754764e-03	2.427889e-01
5.406162960754764e-03	2.414472e-01
5.415928585754764e-03	2.396552e-01
5.425694210754763e-03	2.373722e-01
5.435459835754764e-03	2.345167e-01
5.445225460754764e-03	2.309626e-01
5.454991085754764e-03	2.264596e-01
5.464756710754764e-03	2.204934e-01
5.474522335754764e-03	2.117488e-01
5.484287960754764e-03	1.955603e-01
5.494053585754764e-03	1.665188e-01
5.503819210754764e-03	1.262409e-01
5.513584835754764e-03	8.448860e-02
5.523350460754764e-03	5.622287e-02
5.533116085754764e-03	3.485465e-02
5.542881710754764e-03	1.388587e-02
5.552647335754764e-03	-4.963628e-03
5.553868038879764e-03	-7.386428e-03
5.556309445129764e-03	-1.201712e-02
5.561192257629764e-03	-2.094438e-02
5.570957882629764e-03	-3.811686e-02
5.580723507629764e-03	-5.427444e-02
5.590489132629764e-03	-6.956442e-02
5.600254757629763e-03	-8.396170e-02
5.610020382629764e-03	-9.757439e-02
5.619786007629764e-03	-1.103857e-01
5.629551632629764e-03	-1.224836e-01
5.639317257629763e-03	-1.338547e-01
5.649082882629764e-03	-1.445722e-01
5.658848507629764e-03	-1.546254e-01
5.668614132629764e-03	-1.640654e-01
5.669834835754763e-03	-1.651872e-01
5.672276242004764e-03	-1.674251e-01
5.677159054504764e-03	-1.717948e-01
5.686924679504764e-03	-1.801046e-01
5.696690304504764e-03	-1.878634e-01
5.706455929504764e-03	-1.950867e-01
5.716221554504764e-03	-2.017963e-01
5.725987179504764e-03	-2.080051e-01
5.735752804504764e-03	-2.137322e-01
5.745518429504764e-03	-2.189882e-01
5.755284054504764e-03	-2.237899e-01
5.765049679504764e-03	-2.281461e-01
5.774815304504764e-03	-2.320714e-01
5.784580929504764e-03	-2.355730e-01
5.794346554504764e-03	-2.386636e-01
5.804112179504764e-03	-2.413489e-01
5.813877804504763e-03	-2.436397e-01
5.823643429504764e-03	-2.455400e-01
5.833409054504764e-03	-2.470586e-01
5.843174679504764e-03	-2.481974e-01
5.852940304504763e-03	-2.489626e-01
5.862705929504764e-03	-2.493533e-01
5.872471554504764e-03	-2.493717e-01
5.882237179504764e-03	-2.490121e-01
5.892002804504764e-03	-2.482700e-01
5.901768429504764e-03	-2.471308e-01
5.911534054504764e-03	-2.455766e-01
5.921299679504764e-03	-2.435732e-01
5.931065304504764e-03	-2.410714e-01
5.940830929504764e-03	-2.379839e-01
5.950596554504764e-03	-2.341642e-01
5.960362179504764e-03	-2.293260e-01
5.970127804504764e-03	-2.228485e-01
5.979893429504764e-03	-2.127401e-01
5.989659054504764e-03	-1.940212e-01
5.999424679504764e-03	-1.623545e-01
6.000645382629764e-03	-1.574020e-01
6.000950558411014e-03	-1.561560e-01
6.001560909973514e-03	-1.536482e-01
6.002781613098514e-03	-1.485334e-01
6.003086788879764e-03	-1.472323e-01
6.003697140442264e-03	-1.446162e-01
6.004917843567264e-03	-1.393075e-01
6.006704051543894e-03	-1.313790e-01
6.008733922619691e-03	-1.221693e-01
6.011481300563794e-03	-1.095610e-01
6.016265301775388e-03	-8.928602e-02
6.025833304198576e-03	-6.149086e-02
6.035116227531863e-03	-4.084824e-02
6.044881852531863e-03	-1.980164e-02
6.054647477531863e-03	-7.022536e-04
6.064413102531863e-03	1.768083e-02
6.074178727531863e-03	3.468229e-02
6.083944352531863e-03	5.098202e-02
6.093709977531863e-03	6.614470e-02
6.103475602531863e-03	8.063579e-02
6.113241227531863e-03	9.414661e-02
6.123006852531863e-03	1.070191e-01
6.132772477531863e-03	1.190255e-01
6.142538102531863e-03	1.304352e-01
6.152303727531863e-03	1.410622e-01
6.153524430656863e-03	1.423664e-01
6.155965836906863e-03	1.449192e-01
6.160848649406863e-03	1.498857e-01
6.170614274406863e-03	1.593710e-01
6.180379899406863e-03	1.682449e-01
6.190145524406863e-03	1.765497e-01
6.199911149406863e-03	1.842881e-01
6.209676774406863e-03	1.914965e-01
6.219442399406863e-03	1.981770e-01
6.229208024406863e-03	2.043612e-01
6.238973649406863e-03	2.100506e-01
6.248739274406863e-03	2.152728e-01
6.258504899406863e-03	2.200283e-01
6.268270524406863e-03	2.243415e-01
6.278036149406863e-03	2.282124e-01
6.287801774406863e-03	2.316620e-01
6.297567399406863e-03	2.346898e-01
6.307333024406863e-03	2.373140e-01
6.317098649406863e-03	2.395331e-01
6.326864274406863e-03	2.413625e-01
6.336629899406863e-03	2.427995e-01
6.346395524406863e-03	2.438562e-01
6.356161149406863e-03	2.445277e-01
6.365926774406863e-03	2.448219e-01
6.375692399406863e-03	2.447302e-01
6.385458024406863e-03	2.442538e-01
6.395223649406863e-03	2.433767e-01
6.404989274406863e-03	2.420879e-01
6.414754899406863e-03	2.403550e-01
6.424520524406863e-03	2.381402e-01
6.434286149406863e-03	2.353680e-01
6.444051774406863e-03	2.319232e-01
6.453817399406863e-03	2.275798e-01
6.463583024406863e-03	2.218844e-01
6.473348649406863e-03	2.137105e-01
6.483114274406863e-03	1.990493e-01
6.492879899406863e-03	1.721095e-01
6.502645524406863e-03	1.332056e-01
6.503866227531863e-03	1.277023e-01
6.504171403313113e-03	1.263222e-01
6.504781754875613e-03	1.235533e-01
6.506002458000613e-03	1.179608e-01
6.508443864250613e-03	1.067228e-01
6.512240551473232e-03	9.011532e-02
6.516170477325981e-03	7.607420e-02
6.524030329031478e-03	5.561668e-02
6.533795954031479e-03	3.373770e-02
6.543561579031479e-03	1.322097e-02
6.544782282156479e-03	1.080544e-02
6.547223688406479e-03	5.965078e-03
6.552106500906479e-03	-3.526807e-03
6.561872125906479e-03	-2.164879e-02
6.563092829031478e-03	-2.383497e-02
6.565534235281479e-03	-2.817056e-02
6.570417047781479e-03	-3.665097e-02
6.580182672781478e-03	-5.289440e-02
6.589948297781478e-03	-6.822386e-02
6.599713922781479e-03	-8.269396e-02
6.609479547781479e-03	-9.634494e-02
6.619245172781479e-03	-1.092200e-01
6.629010797781478e-03	-1.213539e-01
6.638776422781479e-03	-1.327818e-01
6.648542047781479e-03	-1.435330e-01
6.658307672781479e-03	-1.536373e-01
6.668073297781478e-03	-1.631121e-01
6.669294000906479e-03	-1.642422e-01
6.671735407156478e-03	-1.664907e-01
6.676618219656478e-03	-1.708788e-01
6.686383844656479e-03	-1.792263e-01
6.696149469656479e-03	-1.870199e-01
6.705915094656479e-03	-1.942779e-01
6.715680719656478e-03	-2.010197e-01
6.725446344656479e-03	-2.072606e-01
6.735211969656479e-03	-2.130177e-01
6.744977594656479e-03	-2.183036e-01
6.754743219656478e-03	-2.231333e-01
6.764508844656479e-03	-2.275173e-01
6.774274469656479e-03	-2.314689e-01
6.784040094656479e-03	-2.349966e-01
6.793805719656478e-03	-2.381119e-01
6.803571344656479e-03	-2.408217e-01
6.813336969656479e-03	-2.431357e-01
6.823102594656479e-03	-2.450592e-01
6.832868219656479e-03	-2.465998e-01
6.842633844656478e-03	-2.477606e-01
6.852399469656479e-03	-2.485467e-01
6.862165094656479e-03	-2.489584e-01
6.871930719656479e-03	-2.489968e-01
6.881696344656478e-03	-2.486574e-01
6.891461969656479e-03	-2.479349e-01
6.901227594656479e-03	-2.468157e-01
6.910993219656479e-03	-2.452814e-01
6.920758844656478e-03	-2.432988e-01
6.930524469656479e-03	-2.408186e-01
6.940290094656479e-03	-2.377554e-01
6.950055719656479e-03	-2.339643e-01
6.959821344656478e-03	-2.291645e-01
6.969586969656479e-03	-2.227480e-01
6.979352594656479e-03	-2.127798e-01
6.989118219656479e-03	-1.943660e-01
6.998883844656478e-03	-1.630321e-01
7.000104547781479e-03	-1.581088e-01
7.002545954031479e-03	-1.480092e-01
7.003156305593979e-03	-1.453898e-01
7.004377008718979e-03	-1.401015e-01
7.006818414968979e-03	-1.292626e-01
7.009187702292275e-03	-1.184630e-01
7.012292720953139e-03	-1.042798e-01
7.018496314127430e-03	-8.027064e-02
7.028261939127430e-03	-5.490882e-02
7.038027564127429e-03	-3.348769e-02
7.047793189127430e-03	-1.306075e-02
7.057558814127430e-03	5.709223e-03
7.067324439127430e-03	2.368670e-02
7.077090064127429e-03	4.039465e-02
7.086855689127430e-03	5.635709e-02
7.096621314127430e-03	7.125254e-02
7.106386939127430e-03	8.544911e-02
7.116152564127429e-03	9.871311e-02
7.125918189127430e-03	1.113252e-01
7.135683814127430e-03	1.231067e-01
7.145449439127430e-03	1.342809e-01
7.155215064127429e-03	1.447009e-01
7.156435767252430e-03	1.459754e-01
7.158877173502430e-03	1.484742e-01
7.163759986002429e-03	1.533398e-01
7.173525611002430e-03	1.626255e-01
7.183291236002430e-03	1.713104e-01
7.193056861002430e-03	1.794311e-01
7.202822486002429e-03	1.869945e-01
7.212588111002429e-03	1.940325e-01
7.222353736002430e-03	2.005503e-01
7.232119361002430e-03	2.065758e-01
7.241884986002430e-03	2.121132e-01
7.251650611002429e-03	2.171866e-01
7.261416236002430e-03	2.217993e-01
7.271181861002430e-03	2.259724e-01
7.280947486002430e-03	2.297083e-01
7.290713111002429e-03	2.330253e-01
7.300478736002430e-03	2.359248e-01
7.310244361002430e-03	2.384226e-01
7.320009986002430e-03	2.405190e-01
7.329775611002429e-03	2.422271e-01
7.339541236002430e-03	2.435456e-01
7.349306861002430e-03	2.444844e-01
7.359072486002430e-03	2.450400e-01
7.368838111002429e-03	2.452179e-01
7.378603736002430e-03	2.450101e-01
7.388369361002430e-03	2.444153e-01
7.398134986002430e-03	2.434173e-01
7.407900611002429e-03	2.420014e-01
7.417666236002430e-03	2.401327e-01
7.427431861002430e-03	2.377664e-01
7.437197486002430e-03	2.348174e-01
7.446963111002429e-03	2.311493e-01
7.456728736002429e-03	2.264924e-01
7.466494361002430e-03	2.202774e-01
7.476259986002430e-03	2.110218e-01
7.486025611002430e-03	1.935436e-01
7.495791236002429e-03	1.628867e-01
7.497011939127430e-03	1.580461e-01
7.499453345377429e-03	1.481133e-01
7.504336157877429e-03	1.269446e-01
7.505281278515825e-03	1.226486e-01
7.507171519792616e-03	1.139923e-01
7.510952002346199e-03	9.692294e-02
7.515092153194591e-03	8.070458e-02
7.522755250519757e-03	5.944065e-02
7.532520875519757e-03	3.740604e-02
7.542286500519756e-03	1.658395e-02
7.552052125519757e-03	-2.606727e-03
7.553272828644757e-03	-4.970564e-03
7.553578004426006e-03	-5.556346e-03
7.554188355988507e-03	-6.719575e-03
7.555409059113507e-03	-9.019372e-03
7.557850465363507e-03	-1.356852e-02
7.562599335310535e-03	-2.222581e-02
7.570447895168474e-03	-3.600262e-02
7.580213520168474e-03	-5.227027e-02
7.589979145168475e-03	-6.762359e-02
7.599744770168474e-03	-8.211463e-02
7.609510395168474e-03	-9.578617e-02
7.619276020168474e-03	-1.086795e-01
7.629041645168475e-03	-1.208312e-01
7.638807270168474e-03	-1.322749e-01
7.648572895168474e-03	-1.430416e-01
7.658338520168474e-03	-1.531597e-01
7.659559223293475e-03	-1.543755e-01
7.662000629543474e-03	-1.567869e-01
7.666883442043474e-03	-1.614935e-01
7.668104145168475e-03	-1.626382e-01
7.668409320949724e-03	-1.629215e-01
7.669019672512225e-03	-1.634904e-01
7.670240375637224e-03	-1.646240e-01
7.672681781887224e-03	-1.668615e-01
7.677564594387225e-03	-1.712288e-01
7.687330219387225e-03	-1.795349e-01
7.697095844387224e-03	-1.872886e-01
7.706861469387224e-03	-1.945073e-01
7.716627094387224e-03	-2.012110e-01
7.726392719387225e-03	-2.074142e-01
7.736158344387224e-03	-2.131347e-01
7.745923969387224e-03	-2.183843e-01
7.755689594387224e-03	-2.231787e-01
7.765455219387225e-03	-2.275276e-01
7.775220844387224e-03	-2.314448e-01
7.784986469387224e-03	-2.349383e-01
7.794752094387224e-03	-2.380200e-01
7.804517719387225e-03	-2.406963e-01
7.814283344387224e-03	-2.429772e-01
7.824048969387225e-03	-2.448675e-01
7.833814594387225e-03	-2.463752e-01
7.843580219387225e-03	-2.475027e-01
7.853345844387224e-03	-2.482557e-01
7.863111469387224e-03	-2.486333e-01
7.872877094387224e-03	-2.486374e-01
7.882642719387224e-03	-2.482622e-01
7.892408344387224e-03	-2.475026e-01
7.902173969387225e-03	-2.463435e-01
7.911939594387225e-03	-2.447661e-01
7.921705219387225e-03	-2.427347e-01
7.931470844387225e-03	-2.401976e-01
7.941236469387224e-03	-2.370631e-01
7.951002094387224e-03	-2.331759e-01
7.960767719387224e-03	-2.282294e-01
7.970533344387224e-03	-2.215480e-01
7.980298969387224e-03	-2.109108e-01
7.990064594387225e-03	-1.910326e-01
7.999830219387225e-03	-1.581535e-01
8.001050922512224e-03	-1.530973e-01
8.001356098293475e-03	-1.518230e-01
8.001966449855975e-03	-1.492593e-01
8.003187152980974e-03	-1.440497e-01
8.003492328762225e-03	-1.427264e-01
8.004102680324724e-03	-1.400678e-01
8.005323383449725e-03	-1.346856e-01
8.007764789699725e-03	-1.236803e-01
8.010085104340507e-03	-1.130283e-01
8.014725733622071e-03	-9.272178e-02
8.022043239490708e-03	-6.914677e-02
8.030959183437901e-03	-4.827122e-02
8.040724808437901e-03	-2.686143e-02
8.050490433437901e-03	-7.168338e-03
8.060256058437900e-03	1.151563e-02
8.070021683437900e-03	2.897432e-02
8.079787308437902e-03	4.555125e-02
8.089552933437901e-03	6.110304e-02
8.099318558437901e-03	7.585302e-02
8.109084183437901e-03	8.970444e-02
8.118849808437901e-03	1.028207e-01
8.128615433437901e-03	1.151349e-01
8.138381058437900e-03	1.267711e-01
8.148146683437900e-03	1.376810e-01
8.157912308437902e-03	1.479623e-01
8.167677933437902e-03	1.575840e-01
8.177443558437901e-03	1.666230e-01
8.187209183437901e-03	1.750580e-01
8.196974808437901e-03	1.829493e-01
8.206740433437901e-03	1.902827e-01
8.216506058437901e-03	1.971058e-01
8.226271683437900e-03	2.034103e-01
8.236037308437902e-03	2.092338e-01
8.245802933437902e-03	2.145722e-01
8.255568558437901e-03	2.194547e-01
8.265334183437901e-03	2.238808e-01
8.275099808437901e-03	2.278726e-01
8.284865433437901e-03	2.314324e-01
8.294631058437901e-03	2.345763e-01
8.304396683437900e-03	2.373086e-01
8.314162308437900e-03	2.396401e-01
8.323927933437902e-03	2.415766e-01
8.333693558437901e-03	2.431236e-01
8.343459183437901e-03	2.442874e-01
8.353224808437901e-03	2.450685e-01
8.362990433437901e-03	2.454720e-01
8.372756058437901e-03	2.454925e-01
8.382521683437900e-03	2.451313e-01
8.392287308437900e-03	2.443742e-01
8.402052933437902e-03	2.432139e-01
8.411818558437902e-03	2.416204e-01
8.421584183437901e-03	2.395644e-01
8.431349808437901e-03	2.369795e-01
8.441115433437901e-03	2.337741e-01
8.450881058437901e-03	2.297643e-01
8.460646683437901e-03	2.246075e-01
8.470412308437900e-03	2.174956e-01
8.480177933437902e-03	2.056918e-01
8.489943558437902e-03	1.834658e-01
8.499709183437901e-03	1.483104e-01
8.500929886562900e-03	1.430689e-01
8.503371292812902e-03	1.324061e-01
8.503981644375401e-03	1.296739e-01
8.505202347500402e-03	1.241734e-01
8.505507523281651e-03	1.227847e-01
8.506117874844151e-03	1.199943e-01
8.507338577969151e-03	1.143827e-01
8.509779984219151e-03	1.031934e-01
8.512427539971381e-03	9.162094e-02
8.517722651475842e-03	7.329001e-02
8.524508963221060e-03	5.614036e-02
8.534274588221060e-03	3.409584e-02
8.544040213221060e-03	1.365739e-02
8.545260916346060e-03	1.121722e-02
8.547702322596060e-03	6.363938e-03
8.552585135096059e-03	-3.122046e-03
8.552737722986684e-03	-3.413337e-03
8.553042898767935e-03	-3.995641e-03
8.553653250330435e-03	-5.157290e-03
8.553805838221060e-03	-5.446863e-03
8.554111014002309e-03	-6.025467e-03
8.554721365564811e-03	-7.180887e-03
8.554740439051137e-03	-7.216942e-03
8.554778586023794e-03	-7.288984e-03
8.554854879969107e-03	-7.432810e-03
8.555007467859732e-03	-7.720308e-03
8.555312643640981e-03	-8.294793e-03
8.555922995203481e-03	-9.440389e-03
8.557143698328482e-03	-1.171886e-02
8.559585104578481e-03	-1.622525e-02
8.564467917078482e-03	-2.504049e-02
8.574233542078482e-03	-4.191611e-02
8.583999167078481e-03	-5.784034e-02
8.593764792078481e-03	-7.287113e-02
8.603530417078481e-03	-8.705419e-02
8.613296042078481e-03	-1.004338e-01
8.623061667078482e-03	-1.130489e-01
8.632827292078482e-03	-1.249349e-01
8.642592917078482e-03	-1.361245e-01
8.652358542078482e-03	-1.466474e-01
8.662124167078481e-03	-1.565314e-01
8.663344870203482e-03	-1.577183e-01
8.665786276453482e-03	-1.600724e-01
8.666396628015981e-03	-1.606536e-01
8.667617331140982e-03	-1.618101e-01
8.670058737390981e-03	-1.640837e-01
8.670669088953482e-03	-1.646496e-01
8.671889792078481e-03	-1.657717e-01
8.674331198328481e-03	-1.679868e-01
8.679214010828482e-03	-1.723096e-01
8.688979635828481e-03	-1.805292e-01
8.698745260828481e-03	-1.881991e-01
8.708510885828481e-03	-1.953368e-01
8.718276510828482e-03	-2.019617e-01
8.728042135828482e-03	-2.080887e-01
8.737807760828482e-03	-2.137345e-01
8.747573385828482e-03	-2.189118e-01
8.757339010828482e-03	-2.236351e-01
8.767104635828481e-03	-2.279150e-01
8.786635885828481e-03	-2.351915e-01
8.806167135828482e-03	-2.408200e-01
8.825698385828482e-03	-2.448654e-01
8.845229635828481e-03	-2.473769e-01
8.864760885828481e-03	-2.483838e-01
8.884292135828482e-03	-2.478858e-01
8.894057760828482e-03	-2.470595e-01
8.903823385828482e-03	-2.458306e-01
8.913589010828482e-03	-2.441774e-01
8.923354635828482e-03	-2.420621e-01
8.933120260828481e-03	-2.394267e-01
8.942885885828481e-03	-2.361711e-01
8.952651510828481e-03	-2.321196e-01
8.962417135828482e-03	-2.269213e-01
8.972182760828482e-03	-2.197731e-01
8.981948385828482e-03	-2.079241e-01
8.991714010828482e-03	-1.856390e-01
8.992934713953482e-03	-1.817631e-01
8.995376120203482e-03	-1.735978e-01
9.000258932703481e-03	-1.551348e-01
9.001479635828482e-03	-1.500624e-01
9.001784811609731e-03	-1.487830e-01
9.002395163172231e-03	-1.462122e-01
9.003615866297231e-03	-1.409848e-01
9.005967001599179e-03	-1.306385e-01
9.008236041010113e-03	-1.203677e-01
9.011245131285362e-03	-1.066044e-01
9.017263311835860e-03	-8.253948e-02
9.027028936835860e-03	-5.631456e-02
9.036794561835860e-03	-3.480850e-02
9.046560186835860e-03	-1.424316e-02
9.056325811835859e-03	4.566173e-03
9.066091436835859e-03	2.266848e-02
9.075857061835861e-03	3.942258e-02
9.085622686835861e-03	5.548602e-02
9.095388311835860e-03	7.042922e-02
9.105153936835860e-03	8.471302e-02
9.114919561835860e-03	9.802452e-02
9.124685186835860e-03	1.107143e-01
9.134450811835860e-03	1.225436e-01
9.144216436835859e-03	1.337873e-01
9.153982061835861e-03	1.442526e-01
9.163747686835861e-03	1.541756e-01
9.164968389960860e-03	1.553417e-01
9.167409796210861e-03	1.576884e-01
9.172292608710860e-03	1.622839e-01
9.182058233710860e-03	1.710203e-01
9.191823858710859e-03	1.791923e-01
9.201589483710861e-03	1.868050e-01
9.211355108710861e-03	1.938919e-01
9.221120733710860e-03	2.004571e-01
9.230886358710860e-03	2.065297e-01
9.240651983710860e-03	2.121128e-01
9.250417608710860e-03	2.172319e-01
9.260183233710860e-03	2.218891e-01
9.269948858710859e-03	2.261067e-01
9.279714483710859e-03	2.298861e-01
9.289480108710861e-03	2.332467e-01
9.299245733710861e-03	2.361891e-01
9.309011358710860e-03	2.387300e-01
9.318776983710860e-03	2.408689e-01
9.328542608710860e-03	2.426200e-01
9.338308233710860e-03	2.439813e-01
9.348073858710860e-03	2.449636e-01
9.357839483710859e-03	2.455630e-01
9.367605108710861e-03	2.457861e-01
9.377370733710861e-03	2.456247e-01
9.387136358710860e-03	2.450787e-01
9.396901983710860e-03	2.441323e-01
9.406667608710860e-03	2.427730e-01
9.416433233710860e-03	2.409674e-01
9.426198858710860e-03	2.386750e-01
9.435964483710859e-03	2.358170e-01
9.445730108710861e-03	2.322702e-01
9.455495733710861e-03	2.277930e-01
9.465261358710860e-03	2.218911e-01
9.475026983710860e-03	2.133135e-01
9.484792608710860e-03	1.976052e-01
9.494558233710860e-03	1.692059e-01
9.504323858710860e-03	1.293214e-01
9.505544561835860e-03	1.237510e-01
9.507985968085860e-03	1.125239e-01
9.512868780585861e-03	9.101842e-02
9.517573879068986e-03	7.445127e-02
9.526477668928668e-03	5.205278e-02
9.536243293928668e-03	3.049987e-02
9.546008918928667e-03	1.026878e-02
9.547229622053668e-03	7.872367e-03
9.549671028303668e-03	3.081888e-03
9.554553840803667e-03	-6.305604e-03
9.555774543928667e-03	-8.598147e-03
9.558215950178667e-03	-1.314916e-02
9.563098762678668e-03	-2.205036e-02
9.572864387678667e-03	-3.908841e-02
9.582630012678667e-03	-5.516418e-02
9.592395637678667e-03	-7.033692e-02
9.602161262678667e-03	-8.465569e-02
9.611926887678668e-03	-9.816368e-02
9.621692512678668e-03	-1.109001e-01
9.631458137678668e-03	-1.229021e-01
9.641223762678668e-03	-1.342017e-01
9.650989387678667e-03	-1.448302e-01
9.660755012678667e-03	-1.548148e-01
9.670520637678667e-03	-1.641686e-01
9.671741340803668e-03	-1.652848e-01
9.674182747053667e-03	-1.675050e-01
9.679065559553668e-03	-1.718374e-01
9.688831184553668e-03	-1.800758e-01
9.698596809553667e-03	-1.877632e-01
9.708362434553667e-03	-1.949177e-01
9.718128059553667e-03	-2.015584e-01
9.727893684553667e-03	-2.077004e-01
9.737659309553667e-03	-2.133605e-01
9.747424934553668e-03	-2.185514e-01
9.757190559553668e-03	-2.232875e-01
9.766956184553668e-03	-2.275797e-01
9.776721809553668e-03	-2.314406e-01
9.786487434553667e-03	-2.348790e-01
9.796253059553667e-03	-2.379058e-01
9.806018684553667e-03	-2.405282e-01
9.815784309553667e-03	-2.427552e-01
9.825549934553668e-03	-2.445924e-01
9.835315559553668e-03	-2.460465e-01
9.845081184553668e-03	-2.471209e-01
9.854846809553668e-03	-2.478199e-01
9.864612434553667e-03	-2.481434e-01
9.874378059553667e-03	-2.480917e-01
9.884143684553667e-03	-2.476595e-01
9.893909309553667e-03	-2.468396e-01
9.903674934553667e-03	-2.456169e-01
9.913440559553668e-03	-2.439695e-01
9.923206184553668e-03	-2.418597e-01
9.932971809553668e-03	-2.392294e-01
9.942737434553667e-03	-2.359785e-01
9.952503059553667e-03	-2.319312e-01
9.962268684553667e-03	-2.267365e-01
9.972034309553667e-03	-2.195907e-01
9.981799934553667e-03	-2.077406e-01
9.991565559553668e-03	-1.854502e-01
1.000000000000000e-02	-1.556203e-01
Step Information: Rgain=39.2002K  (Step: 9/11)
0.000000000000000e+00	4.500009e-14
5.000000058430487e-08	5.051636e-10
1.000000011686097e-07	5.152146e-08
2.000000023372195e-07	1.802682e-06
4.000000046744390e-07	2.209419e-05
8.000000093488779e-07	1.309629e-04
1.600000018697756e-06	5.759370e-04
3.200000037395512e-06	2.285341e-03
6.400000074791024e-06	8.284532e-03
1.280000014958205e-05	2.695351e-02
2.256562514958205e-05	5.526851e-02
3.233125014958205e-05	7.076489e-02
4.209687514958205e-05	8.269785e-02
5.186250014958205e-05	9.467445e-02
6.162812514958205e-05	1.054450e-01
7.139375014958204e-05	1.160287e-01
8.115937514958205e-05	1.257718e-01
9.092500014958205e-05	1.353703e-01
1.006906251495820e-04	1.442386e-01
1.104562501495821e-04	1.529156e-01
1.202218751495820e-04	1.609593e-01
1.299875001495820e-04	1.687840e-01
1.397531251495821e-04	1.760419e-01
1.495187501495821e-04	1.830624e-01
1.592843751495820e-04	1.895665e-01
1.690500001495821e-04	1.958196e-01
1.788156251495821e-04	2.015948e-01
1.885812501495820e-04	2.071118e-01
1.983468751495820e-04	2.121811e-01
2.081125001495821e-04	2.169866e-01
2.178781251495820e-04	2.213695e-01
2.276437501495820e-04	2.254843e-01
2.374093751495821e-04	2.291973e-01
2.471750001495820e-04	2.326386e-01
2.569406251495820e-04	2.356958e-01
2.667062501495821e-04	2.384781e-01
2.764718751495821e-04	2.408913e-01
2.862375001495821e-04	2.430265e-01
2.960031251495820e-04	2.448049e-01
3.057687501495820e-04	2.463023e-01
3.155343751495820e-04	2.474525e-01
3.253000001495821e-04	2.483176e-01
3.350656251495821e-04	2.488421e-01
3.448312501495821e-04	2.490754e-01
3.545968751495821e-04	2.489700e-01
3.643625001495820e-04	2.485632e-01
3.741281251495820e-04	2.478123e-01
3.838937501495821e-04	2.467413e-01
3.936593751495821e-04	2.453072e-01
4.034250001495821e-04	2.435167e-01
4.131906251495821e-04	2.413158e-01
4.229562501495820e-04	2.386806e-01
4.327218751495820e-04	2.355173e-01
4.424875001495820e-04	2.317223e-01
4.522531251495821e-04	2.270490e-01
4.620187501495821e-04	2.210445e-01
4.717843751495821e-04	2.125005e-01
4.815500001495820e-04	1.969436e-01
4.913156251495820e-04	1.676536e-01
4.925363282745820e-04	1.627496e-01
4.949777345245821e-04	1.526038e-01
4.998605470245821e-04	1.304858e-01
5.010812501495820e-04	1.245808e-01
5.013864259308321e-04	1.230989e-01
5.019967774933321e-04	1.201211e-01
5.032174806183321e-04	1.141193e-01
5.056588868683320e-04	1.021898e-01
5.084920031921648e-04	8.938786e-02
5.141582358398303e-04	7.073542e-02
5.220622586638307e-04	5.180340e-02
5.318278836638307e-04	2.999374e-02
5.415935086638307e-04	9.920736e-03
5.428142117888308e-04	7.472695e-03
5.431193875700807e-04	6.864454e-03
5.437297391325807e-04	5.654362e-03
5.449504422575807e-04	3.257774e-03
5.452556180388307e-04	2.661404e-03
5.458659696013307e-04	1.471615e-03
5.470866727263307e-04	-8.926788e-04
5.495280789763308e-04	-5.568720e-03
5.539130195915980e-04	-1.379282e-02
5.616914549941938e-04	-2.785502e-02
5.714570799941938e-04	-4.461013e-02
5.812227049941938e-04	-6.042406e-02
5.909883299941938e-04	-7.535247e-02
6.007539549941938e-04	-8.944102e-02
6.105195799941939e-04	-1.027332e-01
6.202852049941939e-04	-1.152680e-01
6.300508299941939e-04	-1.270806e-01
6.398164549941939e-04	-1.382038e-01
6.495820799941939e-04	-1.486672e-01
6.593477049941939e-04	-1.584985e-01
6.605684081191939e-04	-1.596793e-01
6.630098143691938e-04	-1.620212e-01
6.636201659316938e-04	-1.625991e-01
6.637727538223189e-04	-1.627432e-01
6.640779296035688e-04	-1.630308e-01
6.646882811660688e-04	-1.636029e-01
6.659089842910689e-04	-1.647400e-01
6.683503905410688e-04	-1.669960e-01
6.732332030410688e-04	-1.713900e-01
6.829988280410689e-04	-1.797620e-01
6.927644530410689e-04	-1.875778e-01
7.025300780410689e-04	-1.948686e-01
7.122957030410689e-04	-2.016412e-01
7.220613280410689e-04	-2.079239e-01
7.318269530410689e-04	-2.137209e-01
7.415925780410689e-04	-2.190580e-01
7.513582030410688e-04	-2.239373e-01
7.611238280410688e-04	-2.283824e-01
7.708894530410688e-04	-2.323937e-01
7.806550780410688e-04	-2.359929e-01
7.904207030410688e-04	-2.391789e-01
8.001863280410688e-04	-2.419715e-01
8.099519530410689e-04	-2.443682e-01
8.197175780410689e-04	-2.463871e-01
8.294832030410689e-04	-2.480242e-01
8.392488280410689e-04	-2.492953e-01
8.490144530410689e-04	-2.501947e-01
8.587800780410689e-04	-2.507355e-01
8.685457030410688e-04	-2.509092e-01
8.783113280410688e-04	-2.507247e-01
8.880769530410688e-04	-2.501692e-01
8.978425780410688e-04	-2.492443e-01
9.076082030410688e-04	-2.479283e-01
9.173738280410688e-04	-2.462088e-01
9.271394530410689e-04	-2.440441e-01
9.369050780410689e-04	-2.413885e-01
9.466707030410689e-04	-2.381443e-01
9.564363280410689e-04	-2.341607e-01
9.662019530410689e-04	-2.291206e-01
9.759675780410689e-04	-2.223301e-01
9.857332030410689e-04	-2.113716e-01
9.954988280410689e-04	-1.901785e-01
1.005264453041069e-03	-1.544065e-01
1.005417040931694e-03	-1.537281e-01
1.005722216712944e-03	-1.523660e-01
1.006332568275444e-03	-1.496172e-01
1.007553271400444e-03	-1.440163e-01
1.007855346485524e-03	-1.426063e-01
1.008459496655685e-03	-1.397727e-01
1.009667796996006e-03	-1.340279e-01
1.012084397676650e-03	-1.222837e-01
1.014824150309793e-03	-1.088752e-01
1.020303655576081e-03	-8.616426e-02
1.030069280576081e-03	-6.025533e-02
1.039834905576081e-03	-3.897063e-02
1.049600530576081e-03	-1.846906e-02
1.059366155576081e-03	2.737427e-04
1.069131780576081e-03	1.832094e-02
1.078897405576081e-03	3.501069e-02
1.088663030576081e-03	5.101681e-02
1.098428655576081e-03	6.589222e-02
1.108194280576081e-03	8.011380e-02
1.117959905576081e-03	9.335358e-02
1.127725530576081e-03	1.059764e-01
1.137491155576081e-03	1.177307e-01
1.147256780576081e-03	1.289037e-01
1.157022405576081e-03	1.392931e-01
1.166788030576081e-03	1.491420e-01
1.176553655576081e-03	1.582781e-01
1.186319280576081e-03	1.669094e-01
1.196084905576081e-03	1.748902e-01
1.205850530576081e-03	1.823947e-01
1.215616155576081e-03	1.893014e-01
1.225381780576081e-03	1.957564e-01
1.235147405576081e-03	2.016581e-01
1.244913030576081e-03	2.071303e-01
1.254678655576081e-03	2.120870e-01
1.264444280576081e-03	2.166331e-01
1.274209905576081e-03	2.206962e-01
1.283975530576081e-03	2.243649e-01
1.293741155576081e-03	2.275781e-01
1.303506780576081e-03	2.304103e-01
1.313272405576081e-03	2.328099e-01
1.323038030576081e-03	2.348391e-01
1.332803655576081e-03	2.364539e-01
1.342569280576081e-03	2.377049e-01
1.352334905576081e-03	2.385539e-01
1.362100530576081e-03	2.390404e-01
1.371866155576081e-03	2.391294e-01
1.381631780576081e-03	2.388483e-01
1.391397405576081e-03	2.381607e-01
1.401163030576081e-03	2.370785e-01
1.410928655576081e-03	2.355553e-01
1.420694280576081e-03	2.335762e-01
1.430459905576081e-03	2.310610e-01
1.440225530576081e-03	2.279291e-01
1.449991155576081e-03	2.239800e-01
1.459756780576081e-03	2.188706e-01
1.469522405576081e-03	2.117268e-01
1.479288030576081e-03	1.994900e-01
1.489053655576081e-03	1.754607e-01
1.498819280576081e-03	1.369556e-01
1.500039983701081e-03	1.312229e-01
1.502481389951081e-03	1.195522e-01
1.503091741513581e-03	1.165601e-01
1.504312444638581e-03	1.105624e-01
1.506753850888581e-03	9.867085e-02
1.510656677167768e-03	8.193311e-02
1.518462329726142e-03	5.957046e-02
1.526835434133901e-03	4.084385e-02
1.536601059133901e-03	1.969982e-02
1.537821762258901e-03	1.730143e-02
1.540263168508901e-03	1.240619e-02
1.545145981008901e-03	2.730933e-03
1.554911606008901e-03	-1.568507e-02
1.556132309133901e-03	-1.791226e-02
1.558573715383901e-03	-2.232178e-02
1.563456527883901e-03	-3.094165e-02
1.573222152883901e-03	-4.745487e-02
1.582987777883901e-03	-6.303877e-02
1.592753402883901e-03	-7.775392e-02
1.602519027883901e-03	-9.163921e-02
1.612284652883901e-03	-1.047419e-01
1.622050277883901e-03	-1.170958e-01
1.631815902883901e-03	-1.287391e-01
1.641581527883901e-03	-1.397001e-01
1.651347152883901e-03	-1.500114e-01
1.661112777883901e-03	-1.596963e-01
1.662333481008901e-03	-1.608596e-01
1.664774887258901e-03	-1.631642e-01
1.669657699758901e-03	-1.676430e-01
1.670878402883901e-03	-1.687432e-01
1.673319809133901e-03	-1.709156e-01
1.678202621633901e-03	-1.751522e-01
1.687968246633901e-03	-1.832123e-01
1.697733871633901e-03	-1.907330e-01
1.707499496633901e-03	-1.977356e-01
1.717265121633901e-03	-2.042350e-01
1.727030746633901e-03	-2.102495e-01
1.736796371633901e-03	-2.157917e-01
1.746561996633901e-03	-2.208777e-01
1.756327621633901e-03	-2.255180e-01
1.766093246633901e-03	-2.297265e-01
1.775858871633901e-03	-2.335122e-01
1.785624496633901e-03	-2.368872e-01
1.795390121633901e-03	-2.398588e-01
1.805155746633901e-03	-2.424375e-01
1.814921371633901e-03	-2.446290e-01
1.824686996633901e-03	-2.464420e-01
1.834452621633901e-03	-2.478808e-01
1.844218246633901e-03	-2.489518e-01
1.853983871633901e-03	-2.496569e-01
1.863749496633901e-03	-2.499999e-01
1.873515121633901e-03	-2.499794e-01
1.883280746633901e-03	-2.495946e-01
1.893046371633901e-03	-2.488382e-01
1.902811996633901e-03	-2.477013e-01
1.912577621633901e-03	-2.461651e-01
1.922343246633901e-03	-2.442033e-01
1.932108871633901e-03	-2.417701e-01
1.941874496633901e-03	-2.387943e-01
1.951640121633901e-03	-2.351498e-01
1.961405746633901e-03	-2.306049e-01
1.971171371633901e-03	-2.246650e-01
1.980936996633901e-03	-2.160752e-01
1.990702621633901e-03	-2.000223e-01
2.000468246633901e-03	-1.699960e-01
2.001688949758901e-03	-1.650228e-01
2.004130356008901e-03	-1.547374e-01
2.004740707571401e-03	-1.520393e-01
2.005961410696401e-03	-1.465619e-01
2.006266586477651e-03	-1.451676e-01
2.006876938040151e-03	-1.423576e-01
2.008097641165151e-03	-1.366504e-01
2.009869039434057e-03	-1.281761e-01
2.011796553032658e-03	-1.187676e-01
2.015651580229861e-03	-1.004026e-01
2.020563211208191e-03	-8.174907e-02
2.030207598432987e-03	-5.752358e-02
2.039973223432987e-03	-3.616844e-02
2.049738848432987e-03	-1.590194e-02
2.059504473432987e-03	2.825506e-03
2.069270098432987e-03	2.067936e-02
2.079035723432987e-03	3.733304e-02
2.088801348432987e-03	5.318992e-02
2.098566973432987e-03	6.802328e-02
2.108332598432987e-03	8.212250e-02
2.118098223432987e-03	9.531973e-02
2.127863848432987e-03	1.078396e-01
2.137629473432987e-03	1.195525e-01
2.147395098432987e-03	1.306380e-01
2.157160723432987e-03	1.409888e-01
2.166926348432987e-03	1.507625e-01
2.176691973432987e-03	1.598632e-01
2.186457598432987e-03	1.684298e-01
2.196223223432987e-03	1.763783e-01
2.205988848432987e-03	1.838270e-01
2.215754473432987e-03	1.907043e-01
2.225520098432987e-03	1.971111e-01
2.235285723432987e-03	2.029863e-01
2.245051348432987e-03	2.084169e-01
2.254816973432987e-03	2.133497e-01
2.264582598432987e-03	2.178600e-01
2.274348223432987e-03	2.219017e-01
2.284113848432987e-03	2.255397e-01
2.293879473432987e-03	2.287338e-01
2.303645098432987e-03	2.315399e-01
2.313410723432987e-03	2.339229e-01
2.323176348432987e-03	2.359301e-01
2.332941973432987e-03	2.375305e-01
2.342707598432987e-03	2.387636e-01
2.352473223432987e-03	2.396006e-01
2.362238848432987e-03	2.400732e-01
2.372004473432987e-03	2.401531e-01
2.381770098432987e-03	2.398624e-01
2.391535723432987e-03	2.391693e-01
2.401301348432987e-03	2.380829e-01
2.411066973432987e-03	2.365598e-01
2.420832598432987e-03	2.345843e-01
2.430598223432987e-03	2.320798e-01
2.440363848432987e-03	2.289676e-01
2.450129473432987e-03	2.250560e-01
2.459895098432987e-03	2.200174e-01
2.469660723432987e-03	2.130313e-01
2.479426348432987e-03	2.012597e-01
2.489191973432987e-03	1.781604e-01
2.498957598432987e-03	1.404998e-01
2.500178301557987e-03	1.348252e-01
2.502619707807987e-03	1.232610e-01
2.503230059370487e-03	1.202939e-01
2.504450762495487e-03	1.143177e-01
2.506892168745487e-03	1.023715e-01
2.510087847332722e-03	8.780781e-02
2.514799940936176e-03	7.168704e-02
2.522568192579051e-03	5.266295e-02
2.532333817579051e-03	3.097317e-02
2.542099442579051e-03	1.084292e-02
2.543320145704051e-03	8.428387e-03
2.545761551954052e-03	3.633724e-03
2.546371903516551e-03	2.449219e-03
2.547592606641551e-03	8.963075e-05
2.547897782422801e-03	-4.968374e-04
2.548508133985301e-03	-1.667802e-03
2.548660721875927e-03	-1.960245e-03
2.548965897657176e-03	-2.544080e-03
2.549576249219677e-03	-3.706887e-03
2.550796952344676e-03	-6.019854e-03
2.553238358594676e-03	-1.059395e-02
2.556995236446531e-03	-1.750107e-02
2.564508992150241e-03	-3.085470e-02
2.574274617150241e-03	-4.734095e-02
2.584040242150241e-03	-6.290200e-02
2.593805867150241e-03	-7.759146e-02
2.603571492150241e-03	-9.145409e-02
2.613337117150241e-03	-1.045318e-01
2.623102742150241e-03	-1.168630e-01
2.632868367150241e-03	-1.284814e-01
2.642633992150241e-03	-1.394196e-01
2.652399617150241e-03	-1.497060e-01
2.662165242150241e-03	-1.593677e-01
2.663385945275241e-03	-1.605276e-01
2.665827351525241e-03	-1.628266e-01
2.670710164025241e-03	-1.672934e-01
2.671930867150241e-03	-1.683905e-01
2.674372273400241e-03	-1.705568e-01
2.679255085900241e-03	-1.747812e-01
2.689020710900241e-03	-1.828168e-01
2.698786335900241e-03	-1.903128e-01
2.708551960900241e-03	-1.972904e-01
2.718317585900241e-03	-2.037645e-01
2.728083210900241e-03	-2.097534e-01
2.737848835900241e-03	-2.152698e-01
2.747614460900241e-03	-2.203296e-01
2.757380085900241e-03	-2.249434e-01
2.767145710900241e-03	-2.291251e-01
2.776911335900241e-03	-2.328836e-01
2.786676960900241e-03	-2.362311e-01
2.796442585900241e-03	-2.391747e-01
2.806208210900241e-03	-2.417250e-01
2.815973835900241e-03	-2.438876e-01
2.825739460900241e-03	-2.456712e-01
2.835505085900241e-03	-2.470798e-01
2.845270710900241e-03	-2.481198e-01
2.855036335900241e-03	-2.487929e-01
2.864801960900241e-03	-2.491027e-01
2.874567585900241e-03	-2.490474e-01
2.884333210900241e-03	-2.486256e-01
2.894098835900241e-03	-2.478295e-01
2.903864460900241e-03	-2.466490e-01
2.913630085900241e-03	-2.450640e-01
2.923395710900241e-03	-2.430457e-01
2.933161335900241e-03	-2.405444e-01
2.942926960900241e-03	-2.374819e-01
2.952692585900241e-03	-2.337184e-01
2.962458210900241e-03	-2.289916e-01
2.972223835900241e-03	-2.227263e-01
2.981989460900241e-03	-2.134050e-01
2.991755085900241e-03	-1.952944e-01
3.001520710900241e-03	-1.625443e-01
3.002741414025241e-03	-1.573027e-01
3.003046589806491e-03	-1.559824e-01
3.003656941368991e-03	-1.533215e-01
3.004877644493991e-03	-1.478757e-01
3.005182820275241e-03	-1.464878e-01
3.005793171837741e-03	-1.436929e-01
3.007013874962741e-03	-1.380098e-01
3.008680494049802e-03	-1.300747e-01
3.010589250119937e-03	-1.207842e-01
3.013657609257113e-03	-1.058509e-01
3.017897316165238e-03	-8.787772e-02
3.026376729981488e-03	-6.419437e-02
3.036061159441903e-03	-4.271036e-02
3.045826784441903e-03	-2.181580e-02
3.055592409441903e-03	-2.804141e-03
3.065358034441903e-03	1.547838e-02
3.075123659441903e-03	3.239870e-02
3.084889284441903e-03	4.861107e-02
3.094654909441903e-03	6.369463e-02
3.104420534441903e-03	7.810439e-02
3.114186159441903e-03	9.153563e-02
3.123951784441903e-03	1.043330e-01
3.133717409441903e-03	1.162653e-01
3.143483034441903e-03	1.276020e-01
3.153248659441903e-03	1.381598e-01
3.163014284441903e-03	1.481619e-01
3.172779909441903e-03	1.574579e-01
3.182545534441903e-03	1.662347e-01
3.192311159441903e-03	1.743679e-01
3.202076784441903e-03	1.820123e-01
3.211842409441903e-03	1.890649e-01
3.221608034441903e-03	1.956552e-01
3.231373659441903e-03	2.016982e-01
3.241139284441903e-03	2.073016e-01
3.250904909441903e-03	2.123956e-01
3.260670534441903e-03	2.170700e-01
3.270436159441903e-03	2.212673e-01
3.280201784441903e-03	2.250622e-01
3.289967409441903e-03	2.284073e-01
3.299733034441903e-03	2.313645e-01
3.309498659441903e-03	2.338950e-01
3.319264284441903e-03	2.360491e-01
3.329029909441903e-03	2.377950e-01
3.338795534441903e-03	2.391725e-01
3.348561159441903e-03	2.401551e-01
3.358326784441903e-03	2.407726e-01
3.368092409441903e-03	2.410011e-01
3.377858034441903e-03	2.408603e-01
3.387623659441903e-03	2.403252e-01
3.397389284441903e-03	2.394021e-01
3.407154909441903e-03	2.380583e-01
3.416920534441903e-03	2.362786e-01
3.426686159441903e-03	2.340049e-01
3.436451784441903e-03	2.311725e-01
3.446217409441903e-03	2.276396e-01
3.455983034441903e-03	2.231700e-01
3.465748659441903e-03	2.172221e-01
3.475514284441903e-03	2.084358e-01
3.485279909441903e-03	1.915494e-01
3.495045534441903e-03	1.603473e-01
3.496266237566903e-03	1.552584e-01
3.498707643816903e-03	1.447493e-01
3.499317995379403e-03	1.420070e-01
3.500538698504403e-03	1.364560e-01
3.502980104754403e-03	1.249933e-01
3.503590456316903e-03	1.220473e-01
3.504811159441903e-03	1.161057e-01
3.507252565691903e-03	1.041780e-01
3.510838139590035e-03	8.789785e-02
3.514942335179636e-03	7.360836e-02
3.523150726358838e-03	5.321618e-02
3.532916351358838e-03	3.164778e-02
3.542681976358838e-03	1.144115e-02
3.552447601358838e-03	-7.402492e-03
3.553668304483838e-03	-9.696121e-03
3.556109710733838e-03	-1.421711e-02
3.560992523233838e-03	-2.304141e-02
3.570758148233838e-03	-3.994836e-02
3.580523773233838e-03	-5.589570e-02
3.590289398233838e-03	-7.095511e-02
3.600055023233838e-03	-8.516304e-02
3.609820648233838e-03	-9.857295e-02
3.619586273233838e-03	-1.112144e-01
3.629351898233838e-03	-1.231328e-01
3.639117523233838e-03	-1.343523e-01
3.648883148233838e-03	-1.449113e-01
3.658648773233838e-03	-1.548302e-01
3.668414398233838e-03	-1.641314e-01
3.669635101358838e-03	-1.652401e-01
3.672076507608838e-03	-1.674472e-01
3.676959320108838e-03	-1.717549e-01
3.686724945108838e-03	-1.799486e-01
3.696490570108838e-03	-1.875981e-01
3.706256195108838e-03	-1.947209e-01
3.716021820108838e-03	-2.013366e-01
3.725787445108838e-03	-2.074598e-01
3.735553070108838e-03	-2.131075e-01
3.745318695108838e-03	-2.182919e-01
3.755084320108838e-03	-2.230280e-01
3.764849945108838e-03	-2.273261e-01
3.774615570108838e-03	-2.311992e-01
3.784381195108838e-03	-2.346557e-01
3.794146820108838e-03	-2.377071e-01
3.803912445108838e-03	-2.403602e-01
3.813678070108838e-03	-2.426247e-01
3.823443695108838e-03	-2.445058e-01
3.833209320108838e-03	-2.460113e-01
3.842974945108838e-03	-2.471445e-01
3.852740570108838e-03	-2.479107e-01
3.862506195108838e-03	-2.483105e-01
3.872271820108838e-03	-2.483459e-01
3.882037445108838e-03	-2.480128e-01
3.891803070108838e-03	-2.473073e-01
3.901568695108838e-03	-2.462174e-01
3.911334320108839e-03	-2.447274e-01
3.921099945108838e-03	-2.428081e-01
3.930865570108838e-03	-2.404166e-01
3.940631195108838e-03	-2.374790e-01
3.950396820108839e-03	-2.338717e-01
3.960162445108838e-03	-2.293605e-01
3.969928070108838e-03	-2.234531e-01
3.979693695108838e-03	-2.146425e-01
3.989459320108838e-03	-1.985704e-01
3.999224945108838e-03	-1.687942e-01
4.000445648233838e-03	-1.638230e-01
4.002887054483839e-03	-1.535394e-01
4.003497406046338e-03	-1.508400e-01
4.004718109171338e-03	-1.453646e-01
4.005023284952588e-03	-1.439701e-01
4.005633636515088e-03	-1.411611e-01
4.006854339640088e-03	-1.354570e-01
4.008830153439478e-03	-1.259959e-01
4.010898805302005e-03	-1.158866e-01
4.015036109027060e-03	-9.648433e-02
4.021188045119428e-03	-7.527903e-02
4.029695941152133e-03	-5.492438e-02
4.039461566152133e-03	-3.337241e-02
4.049227191152133e-03	-1.347898e-02
4.058992816152133e-03	5.340876e-03
4.068758441152133e-03	2.295444e-02
4.078524066152133e-03	3.964610e-02
4.088289691152133e-03	5.532603e-02
4.098055316152133e-03	7.017519e-02
4.107820941152133e-03	8.413630e-02
4.117586566152133e-03	9.733775e-02
4.127352191152133e-03	1.097454e-01
4.137117816152133e-03	1.214576e-01
4.146883441152133e-03	1.324511e-01
4.156649066152133e-03	1.427996e-01
4.166414691152133e-03	1.524973e-01
4.176180316152133e-03	1.615958e-01
4.185945941152133e-03	1.701000e-01
4.195711566152133e-03	1.780466e-01
4.205477191152133e-03	1.854445e-01
4.215242816152133e-03	1.923205e-01
4.225008441152133e-03	1.986865e-01
4.234774066152133e-03	2.045615e-01
4.244539691152133e-03	2.099596e-01
4.254305316152133e-03	2.148936e-01
4.264070941152133e-03	2.193790e-01
4.273836566152133e-03	2.234232e-01
4.283602191152133e-03	2.270430e-01
4.293367816152133e-03	2.302413e-01
4.303133441152133e-03	2.330353e-01
4.312899066152133e-03	2.354240e-01
4.322664691152133e-03	2.374249e-01
4.332430316152133e-03	2.390332e-01
4.342195941152133e-03	2.402656e-01
4.351961566152133e-03	2.411133e-01
4.361727191152133e-03	2.415912e-01
4.371492816152133e-03	2.416857e-01
4.381258441152133e-03	2.414073e-01
4.391024066152133e-03	2.407352e-01
4.400789691152133e-03	2.396709e-01
4.410555316152133e-03	2.381797e-01
4.420320941152133e-03	2.362428e-01
4.430086566152133e-03	2.337932e-01
4.439852191152133e-03	2.307558e-01
4.449617816152133e-03	2.269607e-01
4.459383441152133e-03	2.221159e-01
4.469149066152133e-03	2.155219e-01
4.478914691152133e-03	2.048434e-01
4.488680316152133e-03	1.840965e-01
4.498445941152133e-03	1.487481e-01
4.499666644277133e-03	1.432484e-01
4.502108050527133e-03	1.320055e-01
4.502718402089633e-03	1.291061e-01
4.503939105214633e-03	1.232595e-01
4.504244280995883e-03	1.217801e-01
4.504854632558383e-03	1.188043e-01
4.506075335683383e-03	1.128183e-01
4.508516741933383e-03	1.009204e-01
4.511085781410885e-03	8.925145e-02
4.516223860365887e-03	7.181048e-02
4.523285125044186e-03	5.460732e-02
4.533050750044186e-03	3.277317e-02
4.542816375044187e-03	1.260622e-02
4.544037078169186e-03	1.017196e-02
4.546478484419187e-03	5.356576e-03
4.547088835981686e-03	4.169548e-03
4.548309539106686e-03	1.803119e-03
4.550750945356686e-03	-2.877100e-03
4.550827239301999e-03	-3.022108e-03
4.550979827192624e-03	-3.311994e-03
4.551285002973874e-03	-3.892821e-03
4.551361296919187e-03	-4.037492e-03
4.551513884809811e-03	-4.326136e-03
4.551819060591061e-03	-4.902818e-03
4.552429412153561e-03	-6.054271e-03
4.553650115278561e-03	-8.343792e-03
4.556091521528562e-03	-1.287245e-02
4.560974334028562e-03	-2.173019e-02
4.570739959028561e-03	-3.868716e-02
4.580505584028561e-03	-5.468774e-02
4.590271209028561e-03	-6.979056e-02
4.600036834028562e-03	-8.404435e-02
4.609802459028561e-03	-9.749244e-02
4.619568084028561e-03	-1.101738e-01
4.629333709028561e-03	-1.221257e-01
4.639099334028562e-03	-1.333800e-01
4.648864959028561e-03	-1.439684e-01
4.658630584028561e-03	-1.539177e-01
4.659851287153561e-03	-1.551133e-01
4.662292693403561e-03	-1.574844e-01
4.667175505903561e-03	-1.621118e-01
4.667328093794186e-03	-1.622528e-01
4.667633269575437e-03	-1.625344e-01
4.668243621137936e-03	-1.630966e-01
4.669464324262937e-03	-1.642191e-01
4.671905730512936e-03	-1.664348e-01
4.676788543012936e-03	-1.707596e-01
4.686554168012936e-03	-1.789860e-01
4.696319793012937e-03	-1.866662e-01
4.706085418012936e-03	-1.938180e-01
4.715851043012936e-03	-2.004609e-01
4.725616668012936e-03	-2.066099e-01
4.735382293012937e-03	-2.122816e-01
4.745147918012936e-03	-2.174892e-01
4.754913543012936e-03	-2.222466e-01
4.764679168012936e-03	-2.265654e-01
4.774444793012937e-03	-2.304573e-01
4.784210418012936e-03	-2.339322e-01
4.793976043012936e-03	-2.370003e-01
4.803741668012936e-03	-2.396697e-01
4.813507293012937e-03	-2.419489e-01
4.823272918012936e-03	-2.438444e-01
4.833038543012936e-03	-2.453627e-01
4.842804168012936e-03	-2.465084e-01
4.852569793012937e-03	-2.472856e-01
4.862335418012937e-03	-2.476961e-01
4.872101043012936e-03	-2.477405e-01
4.881866668012936e-03	-2.474162e-01
4.891632293012936e-03	-2.467178e-01
4.901397918012937e-03	-2.456343e-01
4.911163543012936e-03	-2.441486e-01
4.920929168012936e-03	-2.422325e-01
4.930694793012936e-03	-2.398411e-01
4.940460418012937e-03	-2.369008e-01
4.950226043012936e-03	-2.332847e-01
4.959991668012936e-03	-2.287550e-01
4.969757293012936e-03	-2.228065e-01
4.979522918012937e-03	-2.141434e-01
4.989288543012936e-03	-1.978080e-01
4.999054168012936e-03	-1.673732e-01
5.000274871137936e-03	-1.623584e-01
5.002716277387936e-03	-1.519927e-01
5.003326628950437e-03	-1.492735e-01
5.004547332075436e-03	-1.437639e-01
5.004852507856686e-03	-1.423608e-01
5.005462859419186e-03	-1.395384e-01
5.006683562544186e-03	-1.338060e-01
5.009124968794187e-03	-1.220455e-01
5.011872368265400e-03	-1.086178e-01
5.017367167207830e-03	-8.541091e-02
5.027132792207830e-03	-5.915388e-02
5.036898417207830e-03	-3.790096e-02
5.046664042207829e-03	-1.723437e-02
5.056429667207830e-03	1.504796e-03
5.066195292207830e-03	1.961022e-02
5.075960917207830e-03	3.631047e-02
5.085726542207829e-03	5.236712e-02
5.095492167207830e-03	6.726226e-02
5.105257792207830e-03	8.153253e-02
5.115023417207830e-03	9.480190e-02
5.124789042207829e-03	1.074721e-01
5.134554667207830e-03	1.192589e-01
5.144320292207830e-03	1.304831e-01
5.154085917207830e-03	1.409101e-01
5.163851542207830e-03	1.508127e-01
5.173617167207830e-03	1.599917e-01
5.183382792207830e-03	1.686794e-01
5.193148417207830e-03	1.767080e-01
5.202914042207830e-03	1.842717e-01
5.212679667207829e-03	1.912308e-01
5.222445292207830e-03	1.977478e-01
5.232210917207830e-03	2.037064e-01
5.241976542207830e-03	2.092435e-01
5.251742167207829e-03	2.142611e-01
5.261507792207830e-03	2.188753e-01
5.271273417207830e-03	2.230035e-01
5.281039042207830e-03	2.267434e-01
5.290804667207829e-03	2.300259e-01
5.300570292207830e-03	2.329329e-01
5.310335917207830e-03	2.354066e-01
5.320101542207830e-03	2.375147e-01
5.329867167207829e-03	2.392091e-01
5.339632792207830e-03	2.405447e-01
5.349398417207830e-03	2.414805e-01
5.359164042207830e-03	2.420597e-01
5.368929667207829e-03	2.422460e-01
5.378695292207830e-03	2.420704e-01
5.388460917207830e-03	2.414972e-01
5.398226542207830e-03	2.405428e-01
5.407992167207830e-03	2.391651e-01
5.417757792207830e-03	2.373578e-01
5.427523417207830e-03	2.350543e-01
5.437289042207830e-03	2.321987e-01
5.447054667207830e-03	2.286414e-01
5.456820292207829e-03	2.241555e-01
5.466585917207830e-03	2.181950e-01
5.476351542207830e-03	2.094185e-01
5.486117167207830e-03	1.925888e-01
5.495882792207829e-03	1.614778e-01
5.497103495332830e-03	1.563979e-01
5.499544901582830e-03	1.459027e-01
5.500155253145330e-03	1.431633e-01
5.501375956270330e-03	1.376178e-01
5.503817362520330e-03	1.261632e-01
5.504427714082829e-03	1.232192e-01
5.505648417207830e-03	1.172818e-01
5.508089823457830e-03	1.053458e-01
5.511847953285681e-03	8.832549e-02
5.515725783318010e-03	7.481200e-02
5.523481443382668e-03	5.538012e-02
5.533247068382668e-03	3.368009e-02
5.543012693382668e-03	1.337726e-02
5.552778318382668e-03	-5.542229e-03
5.562543943382669e-03	-2.344741e-02
5.572309568382668e-03	-4.025652e-02
5.582075193382668e-03	-5.618154e-02
5.591840818382668e-03	-7.115962e-02
5.601606443382669e-03	-8.533887e-02
5.611372068382668e-03	-9.867477e-02
5.621137693382668e-03	-1.112874e-01
5.630903318382668e-03	-1.231384e-01
5.640668943382669e-03	-1.343268e-01
5.650434568382668e-03	-1.448228e-01
5.660200193382668e-03	-1.547091e-01
5.669965818382668e-03	-1.639497e-01
5.671186521507669e-03	-1.650588e-01
5.673627927757668e-03	-1.672559e-01
5.678510740257668e-03	-1.715396e-01
5.688276365257668e-03	-1.796889e-01
5.698041990257668e-03	-1.872922e-01
5.707807615257668e-03	-1.943711e-01
5.717573240257668e-03	-2.009411e-01
5.727338865257668e-03	-2.070204e-01
5.737104490257668e-03	-2.126226e-01
5.746870115257668e-03	-2.177633e-01
5.756635740257668e-03	-2.224540e-01
5.766401365257668e-03	-2.267081e-01
5.776166990257669e-03	-2.305356e-01
5.785932615257668e-03	-2.339478e-01
5.795698240257668e-03	-2.369533e-01
5.805463865257668e-03	-2.395615e-01
5.815229490257669e-03	-2.417795e-01
5.824995115257668e-03	-2.436147e-01
5.834760740257668e-03	-2.450725e-01
5.844526365257668e-03	-2.461582e-01
5.854291990257669e-03	-2.468747e-01
5.864057615257668e-03	-2.472244e-01
5.873823240257668e-03	-2.472066e-01
5.883588865257668e-03	-2.468187e-01
5.893354490257668e-03	-2.460539e-01
5.903120115257668e-03	-2.449006e-01
5.912885740257668e-03	-2.433392e-01
5.922651365257668e-03	-2.413389e-01
5.932416990257668e-03	-2.388499e-01
5.942182615257668e-03	-2.357900e-01
5.951948240257668e-03	-2.320151e-01
5.961713865257668e-03	-2.272497e-01
5.971479490257668e-03	-2.208863e-01
5.981245115257668e-03	-2.109340e-01
5.991010740257668e-03	-1.919572e-01
6.000776365257668e-03	-1.585782e-01
6.001997068382668e-03	-1.532530e-01
6.002302244163918e-03	-1.519090e-01
6.002912595726418e-03	-1.492018e-01
6.004133298851418e-03	-1.436816e-01
6.004438474632668e-03	-1.422749e-01
6.005048826195169e-03	-1.394469e-01
6.006269529320168e-03	-1.337064e-01
6.008710935570168e-03	-1.219326e-01
6.011141476437051e-03	-1.100196e-01
6.016002558170818e-03	-8.861248e-02
6.025126744421635e-03	-6.248080e-02
6.034052648396410e-03	-4.290245e-02
6.043818273396410e-03	-2.186750e-02
6.053583898396410e-03	-2.836700e-03
6.063349523396410e-03	1.553408e-02
6.073115148396410e-03	3.248357e-02
6.082880773396410e-03	4.876766e-02
6.092646398396410e-03	6.388559e-02
6.102412023396410e-03	7.835923e-02
6.112177648396410e-03	9.182810e-02
6.121943273396410e-03	1.046850e-01
6.131708898396410e-03	1.166576e-01
6.141474523396410e-03	1.280507e-01
6.151240148396410e-03	1.386505e-01
6.161005773396410e-03	1.487078e-01
6.170771398396410e-03	1.580474e-01
6.180537023396410e-03	1.668786e-01
6.190302648396410e-03	1.750576e-01
6.200068273396410e-03	1.827555e-01
6.209833898396410e-03	1.898554e-01
6.219599523396410e-03	1.964993e-01
6.229365148396409e-03	2.025909e-01
6.239130773396410e-03	2.082483e-01
6.248896398396410e-03	2.133925e-01
6.258662023396410e-03	2.181214e-01
6.268427648396410e-03	2.223705e-01
6.278193273396410e-03	2.262206e-01
6.287958898396410e-03	2.296193e-01
6.297724523396410e-03	2.326328e-01
6.307490148396410e-03	2.352189e-01
6.317255773396410e-03	2.374309e-01
6.327021398396410e-03	2.392349e-01
6.336787023396410e-03	2.406726e-01
6.346552648396410e-03	2.417169e-01
6.356318273396410e-03	2.423983e-01
6.366083898396410e-03	2.426939e-01
6.375849523396410e-03	2.426233e-01
6.385615148396410e-03	2.421640e-01
6.395380773396410e-03	2.413226e-01
6.405146398396410e-03	2.400709e-01
6.414912023396410e-03	2.383955e-01
6.424677648396410e-03	2.362474e-01
6.434443273396410e-03	2.335712e-01
6.444208898396410e-03	2.302506e-01
6.453974523396410e-03	2.260956e-01
6.463740148396410e-03	2.206937e-01
6.473505773396409e-03	2.130783e-01
6.483271398396410e-03	1.995788e-01
6.493037023396410e-03	1.734413e-01
6.502802648396410e-03	1.331279e-01
6.504023351521409e-03	1.272468e-01
6.504328527302660e-03	1.257729e-01
6.504938878865160e-03	1.228142e-01
6.506159581990160e-03	1.168317e-01
6.508600988240160e-03	1.048482e-01
6.512115986124591e-03	8.886550e-02
6.516264795968435e-03	7.445631e-02
6.524562415656123e-03	5.389825e-02
6.534328040656124e-03	3.234229e-02
6.544093665656124e-03	1.215017e-02
6.553859290656124e-03	-6.688088e-03
6.563624915656124e-03	-2.450915e-02
6.573390540656124e-03	-4.124743e-02
6.583156165656124e-03	-5.710007e-02
6.592921790656124e-03	-7.201351e-02
6.602687415656124e-03	-8.612848e-02
6.612453040656124e-03	-9.940526e-02
6.622218665656124e-03	-1.119582e-01
6.631984290656124e-03	-1.237538e-01
6.641749915656124e-03	-1.348876e-01
6.651515540656124e-03	-1.453318e-01
6.661281165656124e-03	-1.551673e-01
6.671046790656124e-03	-1.643569e-01
6.672267493781124e-03	-1.654600e-01
6.674708900031124e-03	-1.676450e-01
6.679591712531124e-03	-1.719051e-01
6.689357337531124e-03	-1.800080e-01
6.699122962531123e-03	-1.875662e-01
6.708888587531124e-03	-1.946010e-01
6.718654212531124e-03	-2.011279e-01
6.728419837531124e-03	-2.071650e-01
6.738185462531123e-03	-2.127258e-01
6.747951087531124e-03	-2.178258e-01
6.757716712531124e-03	-2.224765e-01
6.767482337531124e-03	-2.266912e-01
6.777247962531124e-03	-2.304799e-01
6.787013587531124e-03	-2.338538e-01
6.796779212531124e-03	-2.368213e-01
6.806544837531124e-03	-2.393919e-01
6.816310462531124e-03	-2.415724e-01
6.826076087531124e-03	-2.433704e-01
6.835841712531124e-03	-2.447910e-01
6.845607337531124e-03	-2.458394e-01
6.855372962531124e-03	-2.465183e-01
6.865138587531124e-03	-2.468299e-01
6.874904212531124e-03	-2.467731e-01
6.884669837531124e-03	-2.463451e-01
6.894435462531124e-03	-2.455382e-01
6.904201087531124e-03	-2.443400e-01
6.913966712531124e-03	-2.427297e-01
6.923732337531124e-03	-2.406744e-01
6.933497962531124e-03	-2.381206e-01
6.943263587531124e-03	-2.349799e-01
6.953029212531124e-03	-2.310953e-01
6.962794837531124e-03	-2.261618e-01
6.972560462531124e-03	-2.194907e-01
6.982326087531123e-03	-2.087288e-01
6.992091712531124e-03	-1.878792e-01
6.993312415656124e-03	-1.841211e-01
6.995753821906124e-03	-1.760837e-01
7.000636634406124e-03	-1.572713e-01
7.001857337531124e-03	-1.519810e-01
7.002162513312374e-03	-1.506444e-01
7.002772864874874e-03	-1.479536e-01
7.003993567999874e-03	-1.424606e-01
7.004271517831935e-03	-1.411855e-01
7.004827417496057e-03	-1.386232e-01
7.005939216824300e-03	-1.334235e-01
7.008162815480787e-03	-1.227650e-01
7.011402910190160e-03	-1.070012e-01
7.017715526397558e-03	-8.149727e-02
7.027481151397558e-03	-5.621821e-02
7.037246776397558e-03	-3.496210e-02
7.047012401397558e-03	-1.463470e-02
7.056778026397558e-03	4.072358e-03
7.066543651397558e-03	2.198399e-02
7.076309276397558e-03	3.863480e-02
7.086074901397558e-03	5.454066e-02
7.095840526397558e-03	6.938570e-02
7.105606151397558e-03	8.352898e-02
7.115371776397558e-03	9.674362e-02
7.125137401397558e-03	1.093095e-01
7.134903026397558e-03	1.210453e-01
7.144668651397558e-03	1.321792e-01
7.154434276397558e-03	1.425586e-01
7.164199901397558e-03	1.523828e-01
7.173965526397558e-03	1.615181e-01
7.183731151397558e-03	1.701376e-01
7.193496776397558e-03	1.781259e-01
7.203262401397558e-03	1.856299e-01
7.213028026397558e-03	1.925520e-01
7.222793651397558e-03	1.990167e-01
7.232559276397558e-03	2.049412e-01
7.242324901397558e-03	2.104323e-01
7.252090526397558e-03	2.154188e-01
7.261856151397558e-03	2.199924e-01
7.271621776397558e-03	2.240919e-01
7.281387401397558e-03	2.277962e-01
7.291153026397558e-03	2.310524e-01
7.300918651397558e-03	2.339280e-01
7.310684276397558e-03	2.363776e-01
7.320449901397558e-03	2.384582e-01
7.330215526397558e-03	2.401305e-01
7.339981151397558e-03	2.414421e-01
7.349746776397558e-03	2.423579e-01
7.359512401397558e-03	2.429165e-01
7.369278026397558e-03	2.430849e-01
7.379043651397558e-03	2.428918e-01
7.388809276397558e-03	2.423031e-01
7.398574901397558e-03	2.413346e-01
7.408340526397558e-03	2.399443e-01
7.418106151397558e-03	2.381268e-01
7.427871776397558e-03	2.358152e-01
7.437637401397558e-03	2.329555e-01
7.447403026397558e-03	2.293990e-01
7.457168651397558e-03	2.249239e-01
7.466934276397558e-03	2.189947e-01
7.476699901397558e-03	2.103056e-01
7.486465526397558e-03	1.937548e-01
7.496231151397558e-03	1.630118e-01
7.497451854522558e-03	1.579650e-01
7.499893260772558e-03	1.475366e-01
7.504776073272558e-03	1.250222e-01
7.505996776397558e-03	1.190571e-01
7.508438182647558e-03	1.071018e-01
7.513320995147558e-03	8.557451e-02
7.519075338401036e-03	6.786092e-02
7.528840963401035e-03	4.526972e-02
7.538606588401036e-03	2.408796e-02
7.548372213401036e-03	4.616294e-03
7.549592916526036e-03	2.215355e-03
7.552034322776036e-03	-2.480654e-03
7.552644674338535e-03	-3.631567e-03
7.553865377463536e-03	-5.930889e-03
7.554170553244786e-03	-6.504440e-03
7.554780904807286e-03	-7.648131e-03
7.556001607932286e-03	-9.920223e-03
7.558443014182285e-03	-1.441501e-02
7.562560771885544e-03	-2.184680e-02
7.570301854921230e-03	-3.533065e-02
7.580067479921230e-03	-5.147864e-02
7.589833104921230e-03	-6.671853e-02
7.599598729921230e-03	-8.110125e-02
7.609364354921230e-03	-9.466976e-02
7.619129979921230e-03	-1.074647e-01
7.628895604921230e-03	-1.195230e-01
7.638661229921230e-03	-1.308777e-01
7.648426854921230e-03	-1.415602e-01
7.658192479921230e-03	-1.515986e-01
7.667958104921230e-03	-1.610173e-01
7.668110692811855e-03	-1.611587e-01
7.668415868593105e-03	-1.614415e-01
7.669026220155605e-03	-1.620054e-01
7.670246923280605e-03	-1.631264e-01
7.672688329530605e-03	-1.653461e-01
7.677571142030605e-03	-1.696717e-01
7.687336767030605e-03	-1.779047e-01
7.697102392030605e-03	-1.855855e-01
7.706868017030605e-03	-1.927406e-01
7.716633642030605e-03	-1.993809e-01
7.726399267030605e-03	-2.055301e-01
7.736164892030605e-03	-2.111965e-01
7.745930517030605e-03	-2.164013e-01
7.755696142030605e-03	-2.211508e-01
7.765461767030605e-03	-2.254641e-01
7.775227392030605e-03	-2.293457e-01
7.784993017030605e-03	-2.328127e-01
7.794758642030605e-03	-2.358681e-01
7.804524267030605e-03	-2.385272e-01
7.814289892030604e-03	-2.407914e-01
7.824055517030606e-03	-2.426741e-01
7.833821142030606e-03	-2.441749e-01
7.843586767030605e-03	-2.453051e-01
7.853352392030605e-03	-2.460619e-01
7.863118017030605e-03	-2.464534e-01
7.872883642030605e-03	-2.464736e-01
7.882649267030604e-03	-2.461256e-01
7.892414892030604e-03	-2.453973e-01
7.902180517030606e-03	-2.442826e-01
7.911946142030606e-03	-2.427573e-01
7.921711767030605e-03	-2.407964e-01
7.931477392030605e-03	-2.383458e-01
7.941243017030605e-03	-2.353302e-01
7.951008642030605e-03	-2.316041e-01
7.960774267030605e-03	-2.269048e-01
7.970539892030604e-03	-2.206420e-01
7.980305517030604e-03	-2.112635e-01
7.990071142030606e-03	-1.929177e-01
7.999836767030605e-03	-1.598677e-01
8.001057470155604e-03	-1.545990e-01
8.001362645936856e-03	-1.532713e-01
8.001972997499355e-03	-1.505931e-01
8.003193700624354e-03	-1.451221e-01
8.003498876405606e-03	-1.437287e-01
8.004109227968105e-03	-1.409221e-01
8.005329931093106e-03	-1.352227e-01
8.007104528263620e-03	-1.267429e-01
8.009025321431258e-03	-1.173715e-01
8.012866907766536e-03	-9.898666e-02
8.017674435553804e-03	-8.042423e-02
8.027186362328397e-03	-5.625313e-02
8.036951987328397e-03	-3.488627e-02
8.046717612328396e-03	-1.456605e-02
8.056483237328398e-03	4.172395e-03
8.066248862328398e-03	2.206995e-02
8.076014487328398e-03	3.874214e-02
8.085780112328397e-03	5.464018e-02
8.095545737328397e-03	6.949849e-02
8.105311362328397e-03	8.363986e-02
8.115076987328397e-03	9.686922e-02
8.124842612328396e-03	1.094326e-01
8.134608237328398e-03	1.211813e-01
8.144373862328398e-03	1.323145e-01
8.154139487328398e-03	1.427057e-01
8.163905112328397e-03	1.525304e-01
8.173670737328397e-03	1.616767e-01
8.183436362328397e-03	1.702979e-01
8.193201987328397e-03	1.782966e-01
8.202967612328397e-03	1.858033e-01
8.212733237328398e-03	1.927352e-01
8.222498862328398e-03	1.992034e-01
8.232264487328398e-03	2.051376e-01
8.242030112328397e-03	2.106329e-01
8.251795737328397e-03	2.156288e-01
8.261561362328397e-03	2.202074e-01
8.271326987328397e-03	2.243161e-01
8.281092612328397e-03	2.280260e-01
8.290858237328396e-03	2.312914e-01
8.300623862328398e-03	2.341732e-01
8.310389487328398e-03	2.366320e-01
8.320155112328398e-03	2.387196e-01
8.329920737328397e-03	2.404012e-01
8.339686362328397e-03	2.417204e-01
8.349451987328397e-03	2.426460e-01
8.359217612328397e-03	2.432130e-01
8.368983237328396e-03	2.433919e-01
8.378748862328398e-03	2.432086e-01
8.388514487328398e-03	2.426316e-01
8.398280112328398e-03	2.416749e-01
8.408045737328397e-03	2.402990e-01
8.417811362328397e-03	2.384971e-01
8.427576987328397e-03	2.362054e-01
8.437342612328397e-03	2.333700e-01
8.447108237328397e-03	2.298478e-01
8.456873862328398e-03	2.254236e-01
8.466639487328398e-03	2.195859e-01
8.476405112328398e-03	2.110975e-01
8.486170737328397e-03	1.951258e-01
8.495936362328397e-03	1.651808e-01
8.497157065453398e-03	1.602157e-01
8.499598471703397e-03	1.499384e-01
8.504481284203396e-03	1.276467e-01
8.505701987328397e-03	1.217186e-01
8.508143393578397e-03	1.097775e-01
8.512468841821814e-03	8.993135e-02
8.516971075792855e-03	7.432865e-02
8.525619408308547e-03	5.307794e-02
8.535385033308546e-03	3.154262e-02
8.545150658308546e-03	1.148398e-02
8.546371361433547e-03	9.075212e-03
8.548812767683546e-03	4.295865e-03
8.549423119246048e-03	3.115002e-03
8.550643822371046e-03	7.623176e-04
8.553085228621048e-03	-3.888972e-03
8.553695580183547e-03	-5.038795e-03
8.553848168074172e-03	-5.325969e-03
8.554153343855422e-03	-5.899721e-03
8.554763695417921e-03	-7.046883e-03
8.554782768904250e-03	-7.082664e-03
8.554820915876907e-03	-7.154017e-03
8.554897209822219e-03	-7.296064e-03
8.555049797712844e-03	-7.580311e-03
8.555354973494094e-03	-8.149363e-03
8.555965325056593e-03	-9.284898e-03
8.557186028181594e-03	-1.154436e-02
8.559627434431593e-03	-1.601270e-02
8.563538299352072e-03	-2.303424e-02
8.570571382746554e-03	-3.525426e-02
8.580337007746554e-03	-5.139657e-02
8.590102632746554e-03	-6.663069e-02
8.599868257746553e-03	-8.100785e-02
8.609633882746553e-03	-9.457064e-02
8.619399507746553e-03	-1.073600e-01
8.629165132746553e-03	-1.194125e-01
8.638930757746554e-03	-1.307617e-01
8.648696382746554e-03	-1.414384e-01
8.658462007746554e-03	-1.514710e-01
8.668227632746554e-03	-1.608838e-01
8.668380220637179e-03	-1.610252e-01
8.668685396418428e-03	-1.613079e-01
8.669295747980929e-03	-1.618716e-01
8.670516451105928e-03	-1.629915e-01
8.672957857355928e-03	-1.652100e-01
8.677840669855929e-03	-1.695324e-01
8.687606294855928e-03	-1.777596e-01
8.697371919855928e-03	-1.854341e-01
8.707137544855928e-03	-1.925833e-01
8.716903169855928e-03	-1.992172e-01
8.726668794855929e-03	-2.053602e-01
8.736434419855929e-03	-2.110201e-01
8.746200044855929e-03	-2.162186e-01
8.755965669855929e-03	-2.209613e-01
8.765731294855928e-03	-2.252681e-01
8.775496919855928e-03	-2.291427e-01
8.785262544855928e-03	-2.326030e-01
8.795028169855928e-03	-2.356511e-01
8.804793794855929e-03	-2.383032e-01
8.814559419855929e-03	-2.405599e-01
8.824325044855929e-03	-2.424353e-01
8.834090669855929e-03	-2.439283e-01
8.843856294855929e-03	-2.450506e-01
8.853621919855928e-03	-2.457991e-01
8.863387544855928e-03	-2.461822e-01
8.873153169855928e-03	-2.461932e-01
8.882918794855929e-03	-2.458358e-01
8.892684419855929e-03	-2.450968e-01
8.902450044855929e-03	-2.439709e-01
8.912215669855929e-03	-2.424325e-01
8.921981294855929e-03	-2.404566e-01
8.931746919855928e-03	-2.379874e-01
8.941512544855928e-03	-2.349482e-01
8.951278169855928e-03	-2.311890e-01
8.961043794855928e-03	-2.264384e-01
8.970809419855929e-03	-2.200807e-01
8.980575044855929e-03	-2.101166e-01
8.990340669855929e-03	-1.910833e-01
9.000106294855929e-03	-1.576398e-01
9.001326997980929e-03	-1.523077e-01
9.001632173762179e-03	-1.509615e-01
9.002242525324678e-03	-1.482515e-01
9.003463228449679e-03	-1.427264e-01
9.003751768643107e-03	-1.413957e-01
9.004328849029962e-03	-1.387219e-01
9.005483009803672e-03	-1.332979e-01
9.007791331351094e-03	-1.221835e-01
9.010591777349815e-03	-1.084817e-01
9.016192669347259e-03	-8.465844e-02
9.025958294347259e-03	-5.828121e-02
9.035723919347259e-03	-3.705822e-02
9.045489544347259e-03	-1.637859e-02
9.055255169347258e-03	2.345797e-03
9.065020794347258e-03	2.045766e-02
9.074786419347260e-03	3.715022e-02
9.084552044347259e-03	5.321300e-02
9.094317669347259e-03	6.810545e-02
9.104083294347259e-03	8.238327e-02
9.113848919347259e-03	9.565408e-02
9.123614544347259e-03	1.083334e-01
9.133380169347258e-03	1.201253e-01
9.143145794347258e-03	1.313607e-01
9.152911419347258e-03	1.417957e-01
9.162677044347260e-03	1.517118e-01
9.172442669347259e-03	1.609018e-01
9.182208294347259e-03	1.696050e-01
9.191973919347259e-03	1.776473e-01
9.201739544347259e-03	1.852286e-01
9.211505169347258e-03	1.922040e-01
9.221270794347258e-03	1.987404e-01
9.231036419347258e-03	2.047175e-01
9.240802044347260e-03	2.102759e-01
9.250567669347259e-03	2.153144e-01
9.260333294347259e-03	2.199516e-01
9.270098919347259e-03	2.241028e-01
9.279864544347259e-03	2.278675e-01
9.289630169347259e-03	2.311751e-01
9.299395794347258e-03	2.341087e-01
9.309161419347258e-03	2.366096e-01
9.318927044347260e-03	2.387466e-01
9.328692669347259e-03	2.404705e-01
9.338458294347259e-03	2.418374e-01
9.348223919347259e-03	2.428058e-01
9.357989544347259e-03	2.434197e-01
9.367755169347259e-03	2.436429e-01
9.377520794347258e-03	2.435069e-01
9.387286419347258e-03	2.429772e-01
9.397052044347258e-03	2.420709e-01
9.406817669347260e-03	2.407481e-01
9.416583294347259e-03	2.390047e-01
9.426348919347259e-03	2.367795e-01
9.436114544347259e-03	2.340236e-01
9.445880169347259e-03	2.306042e-01
9.455645794347258e-03	2.263272e-01
9.465411419347258e-03	2.207354e-01
9.475177044347258e-03	2.127647e-01
9.484942669347260e-03	1.982686e-01
9.494708294347259e-03	1.705304e-01
9.495928997472258e-03	1.658158e-01
9.498370403722260e-03	1.559885e-01
9.503253216222259e-03	1.343735e-01
9.504473919347259e-03	1.285626e-01
9.504779095128509e-03	1.271038e-01
9.505389446691008e-03	1.241741e-01
9.505542034581633e-03	1.234372e-01
9.505847210362885e-03	1.219593e-01
9.506457561925384e-03	1.189838e-01
9.507678265050383e-03	1.130079e-01
9.510119671300384e-03	1.011594e-01
9.512867650194341e-03	8.892213e-02
9.518363607982253e-03	7.105071e-02
9.527284598622378e-03	4.989842e-02
9.537050223622378e-03	2.846598e-02
9.546815848622377e-03	8.694991e-03
9.556581473622377e-03	-1.001537e-02
9.557802176747378e-03	-1.223984e-02
9.560243582997377e-03	-1.668728e-02
9.565126395497378e-03	-2.541015e-02
9.574892020497378e-03	-4.209492e-02
9.584657645497378e-03	-5.784712e-02
9.594423270497377e-03	-7.270740e-02
9.604188895497377e-03	-8.673411e-02
9.613954520497377e-03	-9.995922e-02
9.623720145497377e-03	-1.124318e-01
9.633485770497378e-03	-1.241774e-01
9.643251395497378e-03	-1.352371e-01
9.653017020497378e-03	-1.456327e-01
9.662782645497378e-03	-1.553990e-01
9.664003348622378e-03	-1.565709e-01
9.666444754872378e-03	-1.588963e-01
9.667055106434877e-03	-1.594706e-01
9.668275809559878e-03	-1.606142e-01
9.670717215809877e-03	-1.628668e-01
9.671327567372377e-03	-1.634214e-01
9.672548270497378e-03	-1.645287e-01
9.674989676747377e-03	-1.667173e-01
9.679872489247378e-03	-1.709856e-01
9.689638114247378e-03	-1.791029e-01
9.699403739247377e-03	-1.866743e-01
9.709169364247377e-03	-1.937206e-01
9.718934989247377e-03	-2.002579e-01
9.728700614247377e-03	-2.063041e-01
9.738466239247378e-03	-2.118728e-01
9.748231864247378e-03	-2.169796e-01
9.757997489247378e-03	-2.216359e-01
9.767763114247378e-03	-2.258553e-01
9.777528739247377e-03	-2.296474e-01
9.787294364247377e-03	-2.330241e-01
9.797059989247377e-03	-2.359931e-01
9.806825614247377e-03	-2.385646e-01
9.816591239247378e-03	-2.407447e-01
9.826356864247378e-03	-2.425418e-01
9.836122489247378e-03	-2.439601e-01
9.845888114247378e-03	-2.450056e-01
9.855653739247378e-03	-2.456801e-01
9.865419364247377e-03	-2.459865e-01
9.875184989247377e-03	-2.459227e-01
9.884950614247377e-03	-2.454863e-01
9.894716239247378e-03	-2.446687e-01
9.904481864247378e-03	-2.434577e-01
9.914247489247378e-03	-2.418307e-01
9.924013114247378e-03	-2.397543e-01
9.933778739247378e-03	-2.371718e-01
9.943544364247377e-03	-2.339913e-01
9.953309989247377e-03	-2.300462e-01
9.963075614247377e-03	-2.250117e-01
9.972841239247377e-03	-2.181396e-01
9.982606864247378e-03	-2.068134e-01
9.992372489247378e-03	-1.847389e-01
1.000000000000000e-02	-1.571023e-01
Step Information: Rgain=44.1001K  (Step: 10/11)
0.000000000000000e+00	4.500009e-14
5.000000058430487e-08	4.986265e-10
1.000000011686097e-07	5.100183e-08
2.000000023372195e-07	1.785046e-06
4.000000046744390e-07	2.189128e-05
8.000000093488779e-07	1.299845e-04
1.600000018697756e-06	5.739671e-04
3.200000037395512e-06	2.295308e-03
6.400000074791024e-06	8.432516e-03
1.280000014958205e-05	2.792985e-02
2.256562514958205e-05	5.616827e-02
3.233125014958205e-05	7.092366e-02
4.209687514958205e-05	8.276720e-02
5.186250014958205e-05	9.450480e-02
6.162812514958205e-05	1.051682e-01
7.139375014958204e-05	1.155953e-01
8.115937514958205e-05	1.252489e-01
9.092500014958205e-05	1.347052e-01
1.006906251495820e-04	1.434863e-01
1.104562501495821e-04	1.520401e-01
1.202218751495820e-04	1.600006e-01
1.299875001495820e-04	1.677167e-01
1.397531251495821e-04	1.748970e-01
1.495187501495821e-04	1.818217e-01
1.592843751495820e-04	1.882543e-01
1.690500001495821e-04	1.944232e-01
1.788156251495821e-04	2.001340e-01
1.885812501495820e-04	2.055773e-01
1.983468751495820e-04	2.105894e-01
2.081125001495821e-04	2.153314e-01
2.178781251495820e-04	2.196644e-01
2.276437501495820e-04	2.237251e-01
2.374093751495821e-04	2.273957e-01
2.471750001495820e-04	2.307922e-01
2.569406251495820e-04	2.338144e-01
2.667062501495821e-04	2.365611e-01
2.764718751495821e-04	2.389468e-01
2.862375001495821e-04	2.410554e-01
2.960031251495820e-04	2.428141e-01
3.057687501495820e-04	2.442937e-01
3.155343751495820e-04	2.454323e-01
3.253000001495821e-04	2.462888e-01
3.350656251495821e-04	2.468102e-01
3.448312501495821e-04	2.470446e-01
3.545968751495821e-04	2.469455e-01
3.643625001495820e-04	2.465503e-01
3.741281251495820e-04	2.458165e-01
3.838937501495821e-04	2.447697e-01
3.936593751495821e-04	2.433663e-01
4.034250001495821e-04	2.416164e-01
4.131906251495821e-04	2.394658e-01
4.229562501495820e-04	2.368964e-01
4.327218751495820e-04	2.338177e-01
4.424875001495820e-04	2.301387e-01
4.522531251495821e-04	2.256322e-01
4.620187501495821e-04	2.198976e-01
4.717843751495821e-04	2.118676e-01
4.815500001495820e-04	1.974735e-01
4.913156251495820e-04	1.690251e-01
4.925363282745820e-04	1.640795e-01
4.949777345245821e-04	1.537560e-01
4.998605470245821e-04	1.308139e-01
5.010812501495820e-04	1.246053e-01
5.013864259308321e-04	1.230461e-01
5.019967774933321e-04	1.199110e-01
5.032174806183321e-04	1.135827e-01
5.056588868683320e-04	1.010484e-01
5.084440135903847e-04	8.817256e-02
5.139162636579372e-04	7.062252e-02
5.218210734103285e-04	5.208623e-02
5.315866984103285e-04	3.038179e-02
5.413523234103285e-04	1.050218e-02
5.425730265353285e-04	8.052768e-03
5.428782023165785e-04	7.446188e-03
5.434885538790785e-04	6.241689e-03
5.447092570040785e-04	3.860940e-03
5.450144327853285e-04	3.269086e-03
5.456247843478285e-04	2.083901e-03
5.457773722384535e-04	1.790416e-03
5.460825480197035e-04	1.203858e-03
5.466928995822035e-04	3.109910e-05
5.479136027072035e-04	-2.303065e-03
5.494333337782486e-04	-5.184398e-03
5.524727959203388e-04	-1.086663e-02
5.564106761105258e-04	-1.807381e-02
5.642864364908998e-04	-3.198725e-02
5.740520614908999e-04	-4.835828e-02
5.838176864908999e-04	-6.381055e-02
5.935833114908998e-04	-7.839592e-02
6.033489364908998e-04	-9.215926e-02
6.131145614908998e-04	-1.051418e-01
6.228801864908998e-04	-1.173821e-01
6.326458114908998e-04	-1.289138e-01
6.424114364908998e-04	-1.397694e-01
6.521770614908998e-04	-1.499774e-01
6.619426864908998e-04	-1.595648e-01
6.631633896158998e-04	-1.607158e-01
6.656047958658999e-04	-1.629974e-01
6.704876083658999e-04	-1.674297e-01
6.717083114908998e-04	-1.685183e-01
6.741497177408998e-04	-1.706678e-01
6.790325302408998e-04	-1.748594e-01
6.887981552408998e-04	-1.828325e-01
6.985637802408998e-04	-1.902702e-01
7.083294052408998e-04	-1.971938e-01
7.180950302408998e-04	-2.036182e-01
7.278606552408998e-04	-2.095617e-01
7.376262802408998e-04	-2.150370e-01
7.473919052408998e-04	-2.200599e-01
7.571575302408999e-04	-2.246413e-01
7.669231552408999e-04	-2.287949e-01
7.766887802408998e-04	-2.325298e-01
7.864544052408998e-04	-2.358581e-01
7.962200302408998e-04	-2.387871e-01
8.059856552408998e-04	-2.413275e-01
8.157512802408998e-04	-2.434850e-01
8.255169052408998e-04	-2.452685e-01
8.352825302408998e-04	-2.466823e-01
8.450481552408998e-04	-2.477330e-01
8.548137802408998e-04	-2.484229e-01
8.645794052408998e-04	-2.487559e-01
8.743450302408999e-04	-2.487310e-01
8.841106552408999e-04	-2.483480e-01
8.938762802408999e-04	-2.476003e-01
9.036419052408998e-04	-2.464800e-01
9.134075302408998e-04	-2.449698e-01
9.231731552408998e-04	-2.430455e-01
9.329387802408998e-04	-2.406650e-01
9.427044052408998e-04	-2.377629e-01
9.524700302408998e-04	-2.342240e-01
9.622356552408998e-04	-2.298393e-01
9.720012802408998e-04	-2.241684e-01
9.817669052408998e-04	-2.161106e-01
9.915325302408998e-04	-2.012671e-01
1.001298155240900e-03	-1.720363e-01
1.002518858365900e-03	-1.670006e-01
1.004960264615900e-03	-1.565030e-01
1.005570616178400e-03	-1.537232e-01
1.006791319303400e-03	-1.480587e-01
1.007096495084650e-03	-1.466097e-01
1.007706846647150e-03	-1.436875e-01
1.008927549772150e-03	-1.377270e-01
1.010569694324769e-03	-1.294945e-01
1.012447231123972e-03	-1.198507e-01
1.015739792578914e-03	-1.031955e-01
1.020115548756620e-03	-8.536782e-02
1.028867061112032e-03	-6.273698e-02
1.038632686112032e-03	-4.132439e-02
1.048398311112032e-03	-2.086596e-02
1.058163936112032e-03	-2.084089e-03
1.067929561112032e-03	1.591251e-02
1.077695186112032e-03	3.262148e-02
1.087460811112032e-03	4.859025e-02
1.097226436112032e-03	6.347533e-02
1.106992061112032e-03	7.766717e-02
1.116757686112032e-03	9.091362e-02
1.126523311112032e-03	1.035113e-01
1.136288936112032e-03	1.152679e-01
1.146054561112032e-03	1.264227e-01
1.155820186112032e-03	1.368170e-01
1.165585811112032e-03	1.466500e-01
1.175351436112032e-03	1.557936e-01
1.185117061112032e-03	1.644138e-01
1.194882686112032e-03	1.724042e-01
1.204648311112032e-03	1.799033e-01
1.214413936112032e-03	1.868227e-01
1.224179561112032e-03	1.932782e-01
1.233945186112032e-03	1.991963e-01
1.243710811112032e-03	2.046751e-01
1.253476436112032e-03	2.096525e-01
1.263242061112032e-03	2.142117e-01
1.273007686112032e-03	2.183002e-01
1.282773311112032e-03	2.219886e-01
1.292538936112032e-03	2.252326e-01
1.302304561112032e-03	2.280916e-01
1.312070186112032e-03	2.305281e-01
1.321835811112032e-03	2.325916e-01
1.331601436112032e-03	2.342502e-01
1.341367061112032e-03	2.355441e-01
1.351132686112032e-03	2.364453e-01
1.360898311112032e-03	2.369849e-01
1.370663936112032e-03	2.371366e-01
1.380429561112032e-03	2.369216e-01
1.390195186112032e-03	2.363116e-01
1.399960811112032e-03	2.353144e-01
1.409726436112032e-03	2.338921e-01
1.419492061112032e-03	2.320296e-01
1.429257686112032e-03	2.296594e-01
1.439023311112032e-03	2.267106e-01
1.448788936112032e-03	2.230159e-01
1.458554561112032e-03	2.182935e-01
1.468320186112032e-03	2.118545e-01
1.478085811112032e-03	2.013789e-01
1.487851436112032e-03	1.803612e-01
1.497617061112032e-03	1.433627e-01
1.498837764237032e-03	1.375252e-01
1.501279170487032e-03	1.255523e-01
1.501889522049532e-03	1.224571e-01
1.503110225174532e-03	1.162049e-01
1.505551631424532e-03	1.035948e-01
1.509230602502703e-03	8.618985e-02
1.513039193656106e-03	7.286516e-02
1.520656375962911e-03	5.417929e-02
1.530422000962911e-03	3.265409e-02
1.540187625962911e-03	1.249880e-02
1.541408329087911e-03	1.010543e-02
1.543849735337912e-03	5.326756e-03
1.544460086900411e-03	4.142039e-03
1.545680790025411e-03	1.784554e-03
1.545985965806662e-03	1.199137e-03
1.546596317369161e-03	2.938307e-05
1.546748905259787e-03	-2.623245e-04
1.547054081041036e-03	-8.448854e-04
1.547664432603537e-03	-2.006158e-03
1.548885135728537e-03	-4.315716e-03
1.551326541978536e-03	-8.883238e-03
1.555990238523540e-03	-1.742192e-02
1.565317631613547e-03	-3.379750e-02
1.575083256613547e-03	-4.999682e-02
1.584848881613547e-03	-6.528826e-02
1.594614506613547e-03	-7.972288e-02
1.604380131613547e-03	-9.334467e-02
1.614145756613547e-03	-1.061943e-01
1.623911381613547e-03	-1.183094e-01
1.633677006613547e-03	-1.297233e-01
1.643442631613547e-03	-1.404676e-01
1.653208256613547e-03	-1.505706e-01
1.662973881613547e-03	-1.600585e-01
1.664194584738547e-03	-1.611973e-01
1.666635990988547e-03	-1.634522e-01
1.667246342551047e-03	-1.640056e-01
1.668467045676047e-03	-1.651124e-01
1.670908451926047e-03	-1.673014e-01
1.675791264426047e-03	-1.715708e-01
1.685556889426047e-03	-1.796962e-01
1.695322514426047e-03	-1.872817e-01
1.705088139426047e-03	-1.943492e-01
1.714853764426047e-03	-2.009135e-01
1.724619389426047e-03	-2.069937e-01
1.734385014426047e-03	-2.126020e-01
1.744150639426047e-03	-2.177555e-01
1.753916264426047e-03	-2.224640e-01
1.763681889426047e-03	-2.267425e-01
1.773447514426047e-03	-2.305993e-01
1.783213139426047e-03	-2.340475e-01
1.792978764426047e-03	-2.370939e-01
1.802744389426047e-03	-2.397499e-01
1.812510014426047e-03	-2.420207e-01
1.822275639426047e-03	-2.439162e-01
1.832041264426047e-03	-2.454398e-01
1.841806889426047e-03	-2.465995e-01
1.851572514426047e-03	-2.473968e-01
1.861338139426047e-03	-2.478370e-01
1.871103764426047e-03	-2.479185e-01
1.880869389426047e-03	-2.476427e-01
1.890635014426047e-03	-2.470028e-01
1.900400639426047e-03	-2.459932e-01
1.910166264426047e-03	-2.445972e-01
1.919931889426047e-03	-2.427945e-01
1.929697514426047e-03	-2.405463e-01
1.939463139426047e-03	-2.377960e-01
1.949228764426047e-03	-2.344419e-01
1.958994389426046e-03	-2.303068e-01
1.968760014426047e-03	-2.250270e-01
1.978525639426046e-03	-2.177426e-01
1.988291264426047e-03	-2.051902e-01
1.998056889426046e-03	-1.799739e-01
1.999277592551047e-03	-1.754634e-01
2.001718998801047e-03	-1.659371e-01
2.002329350363547e-03	-1.633730e-01
2.003550053488547e-03	-1.581367e-01
2.003855229269796e-03	-1.567878e-01
2.004465580832297e-03	-1.540643e-01
2.005686283957296e-03	-1.484598e-01
2.005991459738547e-03	-1.470231e-01
2.006601811301047e-03	-1.441270e-01
2.006754399191672e-03	-1.433950e-01
2.007059574972922e-03	-1.419255e-01
2.007669926535421e-03	-1.389592e-01
2.008890629660422e-03	-1.329173e-01
2.010586573906352e-03	-1.243168e-01
2.013957970293482e-03	-1.070788e-01
2.018896386065091e-03	-8.603386e-02
2.028662011065091e-03	-6.054261e-02
2.038427636065091e-03	-3.939260e-02
2.048193261065091e-03	-1.891870e-02
2.057958886065091e-03	-3.100654e-04
2.067724511065091e-03	1.768907e-02
2.077490136065091e-03	3.427329e-02
2.087255761065091e-03	5.023229e-02
2.097021386065091e-03	6.502472e-02
2.106787011065091e-03	7.919827e-02
2.116552636065091e-03	9.236377e-02
2.126318261065091e-03	1.049464e-01
2.136083886065092e-03	1.166353e-01
2.145849511065091e-03	1.277757e-01
2.155615136065091e-03	1.381116e-01
2.165380761065091e-03	1.479331e-01
2.175146386065091e-03	1.570266e-01
2.184912011065091e-03	1.656370e-01
2.194677636065091e-03	1.735857e-01
2.204443261065091e-03	1.810762e-01
2.214208886065091e-03	1.879601e-01
2.223974511065091e-03	1.944087e-01
2.233740136065091e-03	2.002973e-01
2.243505761065091e-03	2.057707e-01
2.253271386065091e-03	2.107236e-01
2.263037011065091e-03	2.152788e-01
2.272802636065091e-03	2.193475e-01
2.282568261065091e-03	2.230334e-01
2.292333886065091e-03	2.262617e-01
2.302099511065091e-03	2.291195e-01
2.311865136065091e-03	2.315442e-01
2.321630761065091e-03	2.336082e-01
2.331396386065091e-03	2.352586e-01
2.341162011065091e-03	2.365546e-01
2.350927636065091e-03	2.374513e-01
2.360693261065091e-03	2.379953e-01
2.370458886065091e-03	2.381466e-01
2.380224511065092e-03	2.379391e-01
2.389990136065091e-03	2.373337e-01
2.399755761065091e-03	2.363488e-01
2.409521386065091e-03	2.349384e-01
2.419287011065091e-03	2.330970e-01
2.429052636065091e-03	2.307521e-01
2.438818261065091e-03	2.278443e-01
2.448583886065091e-03	2.242084e-01
2.458349511065091e-03	2.195900e-01
2.468115136065091e-03	2.133517e-01
2.477880761065091e-03	2.034553e-01
2.487646386065091e-03	1.838449e-01
2.497412011065091e-03	1.484460e-01
2.498632714190091e-03	1.427517e-01
2.501074120440091e-03	1.310291e-01
2.501684472002591e-03	1.279855e-01
2.502905175127591e-03	1.218385e-01
2.503210350908841e-03	1.202784e-01
2.503820702471341e-03	1.171383e-01
2.505041405596341e-03	1.108256e-01
2.507482811846341e-03	9.833218e-02
2.510089038193637e-03	8.630712e-02
2.515301490888228e-03	6.943214e-02
2.523806400815569e-03	4.956080e-02
2.533572025815569e-03	2.816161e-02
2.543337650815569e-03	8.497604e-03
2.544558353940569e-03	6.080437e-03
2.546999760190569e-03	1.345102e-03
2.547610111753069e-03	1.838827e-04
2.547762699643694e-03	-1.064948e-04
2.548067875424944e-03	-6.871668e-04
2.548678226987444e-03	-1.847319e-03
2.548830814878069e-03	-2.136927e-03
2.549135990659319e-03	-2.715178e-03
2.549746342221819e-03	-3.867449e-03
2.550967045346819e-03	-6.159344e-03
2.553408451596819e-03	-1.069207e-02
2.557574946059793e-03	-1.827424e-02
2.565907934985742e-03	-3.288078e-02
2.575673559985741e-03	-4.910230e-02
2.585439184985742e-03	-6.441358e-02
2.595204809985742e-03	-7.886605e-02
2.604970434985742e-03	-9.250364e-02
2.614736059985742e-03	-1.053673e-01
2.624501684985742e-03	-1.174946e-01
2.634267309985742e-03	-1.289190e-01
2.644032934985742e-03	-1.396722e-01
2.653798559985742e-03	-1.497827e-01
2.663564184985742e-03	-1.592766e-01
2.664784888110742e-03	-1.604163e-01
2.667226294360741e-03	-1.626751e-01
2.672109106860742e-03	-1.670630e-01
2.673329809985742e-03	-1.681407e-01
2.675771216235742e-03	-1.702685e-01
2.680654028735742e-03	-1.744172e-01
2.690419653735742e-03	-1.823071e-01
2.700185278735741e-03	-1.896645e-01
2.709950903735742e-03	-1.965105e-01
2.719716528735741e-03	-2.028596e-01
2.729482153735742e-03	-2.087301e-01
2.739247778735741e-03	-2.141342e-01
2.749013403735742e-03	-2.190878e-01
2.758779028735741e-03	-2.236014e-01
2.768544653735742e-03	-2.276886e-01
2.778310278735742e-03	-2.313583e-01
2.788075903735742e-03	-2.346223e-01
2.797841528735742e-03	-2.374880e-01
2.807607153735742e-03	-2.399656e-01
2.817372778735742e-03	-2.420608e-01
2.827138403735742e-03	-2.437821e-01
2.836904028735742e-03	-2.451336e-01
2.846669653735742e-03	-2.461216e-01
2.856435278735742e-03	-2.467478e-01
2.866200903735742e-03	-2.470158e-01
2.875966528735742e-03	-2.469239e-01
2.885732153735742e-03	-2.464708e-01
2.895497778735742e-03	-2.456488e-01
2.905263403735742e-03	-2.444480e-01
2.915029028735742e-03	-2.428486e-01
2.924794653735742e-03	-2.408221e-01
2.934560278735742e-03	-2.383195e-01
2.944325903735741e-03	-2.352634e-01
2.954091528735742e-03	-2.315148e-01
2.963857153735741e-03	-2.268122e-01
2.973622778735742e-03	-2.205766e-01
2.983388403735741e-03	-2.112482e-01
2.993154028735742e-03	-1.925817e-01
3.002919653735741e-03	-1.579063e-01
3.004140356860742e-03	-1.522887e-01
3.004445532641992e-03	-1.508689e-01
3.005055884204492e-03	-1.480092e-01
3.006276587329491e-03	-1.421641e-01
3.006540760305043e-03	-1.408737e-01
3.007069106256145e-03	-1.382804e-01
3.008125798158350e-03	-1.330163e-01
3.010239181962760e-03	-1.222308e-01
3.013800668983985e-03	-1.040512e-01
3.020110880091504e-03	-7.966436e-02
3.029876505091505e-03	-5.596512e-02
3.039642130091504e-03	-3.473742e-02
3.049407755091505e-03	-1.482789e-02
3.059173380091504e-03	3.811264e-03
3.068939005091504e-03	2.141132e-02
3.078704630091504e-03	3.796590e-02
3.088470255091504e-03	5.361770e-02
3.098235880091504e-03	6.835240e-02
3.108001505091504e-03	8.227739e-02
3.117767130091504e-03	9.537894e-02
3.127532755091504e-03	1.077487e-01
3.137298380091504e-03	1.193718e-01
3.147064005091504e-03	1.303278e-01
3.156829630091504e-03	1.405976e-01
3.166595255091504e-03	1.502587e-01
3.176360880091504e-03	1.592869e-01
3.186126505091504e-03	1.677569e-01
3.195892130091504e-03	1.756416e-01
3.205657755091504e-03	1.830083e-01
3.215423380091505e-03	1.898305e-01
3.225189005091504e-03	1.961689e-01
3.234954630091505e-03	2.019980e-01
3.244720255091504e-03	2.073728e-01
3.254485880091505e-03	2.122684e-01
3.264251505091504e-03	2.167351e-01
3.274017130091505e-03	2.207486e-01
3.283782755091504e-03	2.243547e-01
3.293548380091505e-03	2.275296e-01
3.303314005091504e-03	2.303153e-01
3.313079630091504e-03	2.326883e-01
3.322845255091504e-03	2.346868e-01
3.332610880091504e-03	2.362871e-01
3.342376505091504e-03	2.375233e-01
3.352142130091504e-03	2.383713e-01
3.361907755091504e-03	2.388603e-01
3.371673380091504e-03	2.389639e-01
3.381439005091504e-03	2.387050e-01
3.391204630091504e-03	2.380523e-01
3.400970255091504e-03	2.370180e-01
3.410735880091504e-03	2.355594e-01
3.420501505091504e-03	2.336678e-01
3.430267130091504e-03	2.312703e-01
3.440032755091504e-03	2.283042e-01
3.449798380091504e-03	2.245996e-01
3.459564005091505e-03	2.198885e-01
3.469329630091504e-03	2.135017e-01
3.479095255091505e-03	2.032246e-01
3.488860880091504e-03	1.827538e-01
3.498626505091505e-03	1.463555e-01
3.499847208216504e-03	1.405610e-01
3.502288614466504e-03	1.286744e-01
3.502898966029005e-03	1.255974e-01
3.504119669154004e-03	1.193848e-01
3.506561075404004e-03	1.067649e-01
3.509867313541972e-03	9.061530e-02
3.513508991899822e-03	7.687577e-02
3.520792348615521e-03	5.828046e-02
3.527889648467611e-03	4.235785e-02
3.537655273467611e-03	2.155686e-02
3.547420898467611e-03	2.287168e-03
3.548641601592611e-03	-6.666292e-05
3.548946777373861e-03	-6.509321e-04
3.549557128936361e-03	-1.813449e-03
3.549709716826986e-03	-2.102227e-03
3.550014892608236e-03	-2.679262e-03
3.550625244170736e-03	-3.836006e-03
3.550761590475430e-03	-4.090751e-03
3.551034283084817e-03	-4.600188e-03
3.551579668303593e-03	-5.621453e-03
3.552670438741143e-03	-7.656013e-03
3.553826680686822e-03	-9.798304e-03
3.556139164578180e-03	-1.403713e-02
3.558960477082075e-03	-1.912818e-02
3.564603102089864e-03	-2.905590e-02
3.573453584618975e-03	-4.397007e-02
3.583219209618975e-03	-5.954443e-02
3.592984834618975e-03	-7.424491e-02
3.602750459618975e-03	-8.811683e-02
3.612516084618975e-03	-1.012023e-01
3.622281709618975e-03	-1.135402e-01
3.632047334618975e-03	-1.251646e-01
3.641812959618975e-03	-1.361083e-01
3.651578584618975e-03	-1.463999e-01
3.661344209618975e-03	-1.560675e-01
3.671109834618975e-03	-1.651207e-01
3.672330537743975e-03	-1.662014e-01
3.674771943993975e-03	-1.683505e-01
3.679654756493975e-03	-1.725437e-01
3.689420381493975e-03	-1.805166e-01
3.699186006493975e-03	-1.879549e-01
3.708951631493975e-03	-1.948764e-01
3.718717256493975e-03	-2.012994e-01
3.728482881493975e-03	-2.072388e-01
3.738248506493975e-03	-2.127107e-01
3.748014131493975e-03	-2.177276e-01
3.757779756493975e-03	-2.223034e-01
3.767545381493975e-03	-2.264489e-01
3.777311006493975e-03	-2.301762e-01
3.787076631493975e-03	-2.334941e-01
3.796842256493975e-03	-2.364131e-01
3.806607881493975e-03	-2.389407e-01
3.816373506493975e-03	-2.410855e-01
3.826139131493975e-03	-2.428534e-01
3.835904756493975e-03	-2.442512e-01
3.845670381493975e-03	-2.452827e-01
3.855436006493975e-03	-2.459525e-01
3.865201631493975e-03	-2.462615e-01
3.874967256493975e-03	-2.462108e-01
3.884732881493975e-03	-2.457967e-01
3.894498506493975e-03	-2.450142e-01
3.904264131493975e-03	-2.438515e-01
3.914029756493975e-03	-2.422912e-01
3.923795381493975e-03	-2.403034e-01
3.933561006493975e-03	-2.378424e-01
3.943326631493975e-03	-2.348303e-01
3.953092256493975e-03	-2.311341e-01
3.962857881493975e-03	-2.264983e-01
3.972623506493975e-03	-2.203683e-01
3.982389131493975e-03	-2.109318e-01
3.992154756493975e-03	-1.927744e-01
4.001920381493975e-03	-1.591618e-01
4.003141084618975e-03	-1.536260e-01
4.003446260400225e-03	-1.522270e-01
4.004056611962725e-03	-1.494054e-01
4.005277315087725e-03	-1.436314e-01
4.005579563644573e-03	-1.421694e-01
4.006184060758269e-03	-1.392279e-01
4.007393054985661e-03	-1.332421e-01
4.009811043440443e-03	-1.209259e-01
4.012249382441833e-03	-1.083339e-01
4.017126060444613e-03	-8.683988e-02
4.026879416450173e-03	-6.064243e-02
4.036244332521153e-03	-4.036556e-02
4.046009957521152e-03	-1.972096e-02
4.055775582521152e-03	-1.076267e-03
4.065541207521152e-03	1.706313e-02
4.075306832521153e-03	3.369613e-02
4.085072457521152e-03	4.976903e-02
4.094838082521152e-03	6.460969e-02
4.104603707521152e-03	7.888677e-02
4.114369332521153e-03	9.210718e-02
4.124134957521152e-03	1.047811e-01
4.133900582521152e-03	1.165292e-01
4.143666207521152e-03	1.277517e-01
4.153431832521153e-03	1.381470e-01
4.163197457521152e-03	1.480459e-01
4.172963082521152e-03	1.571994e-01
4.182728707521152e-03	1.658836e-01
4.192494332521153e-03	1.738927e-01
4.202259957521153e-03	1.814544e-01
4.212025582521152e-03	1.883989e-01
4.221791207521152e-03	1.949169e-01
4.231556832521153e-03	2.008666e-01
4.241322457521153e-03	2.064080e-01
4.251088082521152e-03	2.114226e-01
4.260853707521152e-03	2.160448e-01
4.270619332521153e-03	2.201760e-01
4.280384957521153e-03	2.239284e-01
4.290150582521152e-03	2.272202e-01
4.299916207521152e-03	2.301445e-01
4.309681832521152e-03	2.326340e-01
4.319447457521153e-03	2.347650e-01
4.329213082521152e-03	2.364821e-01
4.338978707521152e-03	2.378469e-01
4.348744332521152e-03	2.388132e-01
4.358509957521153e-03	2.394291e-01
4.368275582521152e-03	2.396550e-01
4.378041207521152e-03	2.395253e-01
4.387806832521152e-03	2.390032e-01
4.397572457521153e-03	2.381075e-01
4.407338082521152e-03	2.367970e-01
4.417103707521152e-03	2.350684e-01
4.426869332521152e-03	2.328592e-01
4.436634957521153e-03	2.301201e-01
4.446400582521153e-03	2.267151e-01
4.456166207521152e-03	2.224445e-01
4.465931832521152e-03	2.168292e-01
4.475697457521153e-03	2.087250e-01
4.485463082521153e-03	1.934088e-01
4.495228707521152e-03	1.634051e-01
4.496449410646152e-03	1.582841e-01
4.498890816896152e-03	1.476095e-01
4.503773629396152e-03	1.241627e-01
4.504994332521152e-03	1.178768e-01
4.507435738771153e-03	1.052821e-01
4.512318551271152e-03	8.333191e-02
4.518181799598419e-03	6.597222e-02
4.527947424598419e-03	4.391177e-02
4.537713049598419e-03	2.290791e-02
4.547478674598419e-03	3.660988e-03
4.548699377723419e-03	1.269402e-03
4.551140783973419e-03	-3.387674e-03
4.551751135535919e-03	-4.527408e-03
4.552971838660919e-03	-6.805477e-03
4.555413244910919e-03	-1.131915e-02
4.560296057410919e-03	-2.014490e-02
4.566859187778183e-03	-3.160911e-02
4.576624812778183e-03	-4.785827e-02
4.586390437778183e-03	-6.319496e-02
4.596156062778183e-03	-7.766916e-02
4.605921687778183e-03	-9.132642e-02
4.615687312778183e-03	-1.042065e-01
4.625452937778183e-03	-1.163483e-01
4.635218562778183e-03	-1.277844e-01
4.644984187778183e-03	-1.385475e-01
4.654749812778183e-03	-1.486651e-01
4.664515437778183e-03	-1.581650e-01
4.665736140903183e-03	-1.593052e-01
4.668177547153183e-03	-1.615662e-01
4.668787898715683e-03	-1.621238e-01
4.668940486606308e-03	-1.622626e-01
4.669245662387558e-03	-1.625391e-01
4.669856013950058e-03	-1.630906e-01
4.671076717075058e-03	-1.641917e-01
4.673518123325058e-03	-1.663658e-01
4.678400935825058e-03	-1.706085e-01
4.688166560825058e-03	-1.786767e-01
4.697932185825058e-03	-1.862061e-01
4.707697810825058e-03	-1.932147e-01
4.717463435825058e-03	-1.997211e-01
4.727229060825058e-03	-2.057407e-01
4.736994685825058e-03	-2.112893e-01
4.746760310825058e-03	-2.163804e-01
4.756525935825058e-03	-2.210272e-01
4.766291560825058e-03	-2.252415e-01
4.776057185825058e-03	-2.290346e-01
4.785822810825058e-03	-2.324167e-01
4.795588435825058e-03	-2.353972e-01
4.805354060825058e-03	-2.379848e-01
4.815119685825058e-03	-2.401872e-01
4.824885310825058e-03	-2.420116e-01
4.834650935825058e-03	-2.434637e-01
4.844416560825058e-03	-2.445487e-01
4.854182185825058e-03	-2.452701e-01
4.863947810825058e-03	-2.456302e-01
4.873713435825058e-03	-2.456291e-01
4.883479060825058e-03	-2.452647e-01
4.893244685825058e-03	-2.445311e-01
4.903010310825058e-03	-2.434179e-01
4.912775935825058e-03	-2.419077e-01
4.922541560825058e-03	-2.399726e-01
4.932307185825058e-03	-2.375678e-01
4.942072810825058e-03	-2.346194e-01
4.951838435825058e-03	-2.310001e-01
4.961604060825058e-03	-2.264692e-01
4.971369685825058e-03	-2.205094e-01
4.981135310825058e-03	-2.117633e-01
4.990900935825058e-03	-1.947420e-01
5.000666560825058e-03	-1.622480e-01
5.001887263950058e-03	-1.568509e-01
5.002192439731308e-03	-1.554891e-01
5.002802791293808e-03	-1.527401e-01
5.004023494418808e-03	-1.470894e-01
5.004328670200058e-03	-1.456439e-01
5.004939021762558e-03	-1.427289e-01
5.006159724887558e-03	-1.367831e-01
5.007791884601872e-03	-1.286179e-01
5.009659282658214e-03	-1.190359e-01
5.012949997455178e-03	-1.022957e-01
5.017138461510504e-03	-8.475554e-02
5.025515389621156e-03	-6.252693e-02
5.035281014621156e-03	-4.102966e-02
5.045046639621156e-03	-2.045277e-02
5.054812264621155e-03	-1.629498e-03
5.064577889621155e-03	1.647048e-02
5.074343514621156e-03	3.322835e-02
5.084109139621156e-03	4.928623e-02
5.093874764621155e-03	6.422528e-02
5.103640389621155e-03	7.850000e-02
5.113406014621156e-03	9.180464e-02
5.123171639621156e-03	1.044820e-01
5.132937264621155e-03	1.162998e-01
5.142702889621155e-03	1.275333e-01
5.152468514621156e-03	1.379913e-01
5.162234139621156e-03	1.479036e-01
5.171999764621155e-03	1.571135e-01
5.181765389621155e-03	1.658137e-01
5.191531014621156e-03	1.738735e-01
5.201296639621156e-03	1.814537e-01
5.211062264621156e-03	1.884455e-01
5.220827889621155e-03	1.949834e-01
5.230593514621156e-03	2.009770e-01
5.240359139621156e-03	2.065398e-01
5.250124764621156e-03	2.115957e-01
5.259890389621155e-03	2.162407e-01
5.269656014621156e-03	2.204108e-01
5.279421639621156e-03	2.241872e-01
5.289187264621156e-03	2.275162e-01
5.298952889621155e-03	2.304658e-01
5.308718514621155e-03	2.329911e-01
5.318484139621156e-03	2.351486e-01
5.328249764621156e-03	2.369007e-01
5.338015389621155e-03	2.382934e-01
5.347781014621155e-03	2.392945e-01
5.357546639621156e-03	2.399403e-01
5.367312264621156e-03	2.402017e-01
5.377077889621155e-03	2.401047e-01
5.386843514621155e-03	2.396204e-01
5.396609139621156e-03	2.387623e-01
5.406374764621156e-03	2.374951e-01
5.416140389621155e-03	2.358131e-01
5.425906014621155e-03	2.336600e-01
5.435671639621156e-03	2.309881e-01
5.445437264621156e-03	2.276734e-01
5.455202889621156e-03	2.235323e-01
5.464968514621155e-03	2.181391e-01
5.474734139621156e-03	2.105021e-01
5.484499764621156e-03	1.966305e-01
5.494265389621156e-03	1.689553e-01
5.495486092746155e-03	1.641127e-01
5.497927498996156e-03	1.539584e-01
5.502810311496156e-03	1.312967e-01
5.504031014621155e-03	1.251448e-01
5.504336190402406e-03	1.235993e-01
5.504946541964905e-03	1.204895e-01
5.506167245089906e-03	1.142058e-01
5.508608651339906e-03	1.016815e-01
5.511375844309580e-03	8.869214e-02
5.516910230248929e-03	7.058591e-02
5.525100880419246e-03	5.148832e-02
5.534866505419246e-03	2.998264e-02
5.544632130419246e-03	1.027828e-02
5.554397755419246e-03	-8.445686e-03
5.555618458544246e-03	-1.065697e-02
5.558059864794246e-03	-1.509503e-02
5.562942677294246e-03	-2.381236e-02
5.572708302294246e-03	-4.047806e-02
5.582473927294246e-03	-5.621722e-02
5.592239552294247e-03	-7.106185e-02
5.602005177294246e-03	-8.507798e-02
5.611770802294246e-03	-9.829136e-02
5.621536427294246e-03	-1.107569e-01
5.631302052294247e-03	-1.224953e-01
5.641067677294246e-03	-1.335524e-01
5.650833302294246e-03	-1.439459e-01
5.660598927294246e-03	-1.537148e-01
5.661819630419247e-03	-1.548869e-01
5.664261036669246e-03	-1.572135e-01
5.669143849169246e-03	-1.617543e-01
5.670364552294247e-03	-1.628575e-01
5.670669728075496e-03	-1.631310e-01
5.671280079637997e-03	-1.636800e-01
5.672500782762996e-03	-1.647732e-01
5.674942189012996e-03	-1.669312e-01
5.679825001512996e-03	-1.711421e-01
5.689590626512996e-03	-1.791482e-01
5.699356251512996e-03	-1.866174e-01
5.709121876512996e-03	-1.935670e-01
5.718887501512996e-03	-2.000161e-01
5.728653126512996e-03	-2.059792e-01
5.738418751512996e-03	-2.114731e-01
5.748184376512996e-03	-2.165097e-01
5.757950001512996e-03	-2.211039e-01
5.767715626512997e-03	-2.252656e-01
5.777481251512996e-03	-2.290078e-01
5.787246876512996e-03	-2.323387e-01
5.797012501512996e-03	-2.352695e-01
5.806778126512997e-03	-2.378071e-01
5.816543751512996e-03	-2.399608e-01
5.826309376512996e-03	-2.417358e-01
5.836075001512996e-03	-2.431397e-01
5.845840626512997e-03	-2.441754e-01
5.855606251512996e-03	-2.448481e-01
5.865371876512996e-03	-2.451582e-01
5.875137501512996e-03	-2.451069e-01
5.884903126512997e-03	-2.446900e-01
5.894668751512996e-03	-2.439026e-01
5.904434376512996e-03	-2.427315e-01
5.914200001512996e-03	-2.411594e-01
5.923965626512996e-03	-2.391542e-01
5.933731251512996e-03	-2.366686e-01
5.943496876512996e-03	-2.336199e-01
5.953262501512996e-03	-2.298674e-01
5.963028126512996e-03	-2.251361e-01
5.972793751512996e-03	-2.188204e-01
5.982559376512996e-03	-2.088726e-01
5.992325001512996e-03	-1.893658e-01
6.002090626512996e-03	-1.541079e-01
6.002243214403622e-03	-1.534140e-01
6.002548390184871e-03	-1.520203e-01
6.003158741747372e-03	-1.491980e-01
6.004379444872371e-03	-1.434208e-01
6.004684620653621e-03	-1.419446e-01
6.005294972216121e-03	-1.389738e-01
6.006515675341121e-03	-1.329275e-01
6.008957081591122e-03	-1.204841e-01
6.011455451764280e-03	-1.075720e-01
6.016452192110599e-03	-8.566288e-02
6.026217817110598e-03	-5.962645e-02
6.035847402701343e-03	-3.879954e-02
6.045613027701343e-03	-1.822999e-02
6.055378652701343e-03	3.681880e-04
6.065144277701343e-03	1.845204e-02
6.074909902701343e-03	3.504454e-02
6.084675527701343e-03	5.107282e-02
6.094441152701343e-03	6.587838e-02
6.104206777701343e-03	8.011846e-02
6.113972402701343e-03	9.330878e-02
6.123738027701343e-03	1.059519e-01
6.133503652701343e-03	1.176745e-01
6.143269277701343e-03	1.288715e-01
6.153034902701343e-03	1.392449e-01
6.162800527701343e-03	1.491238e-01
6.172566152701343e-03	1.582587e-01
6.182331777701343e-03	1.669273e-01
6.192097402701343e-03	1.749214e-01
6.201863027701343e-03	1.824711e-01
6.211628652701343e-03	1.894037e-01
6.221394277701343e-03	1.959130e-01
6.231159902701343e-03	2.018536e-01
6.240925527701343e-03	2.073891e-01
6.250691152701343e-03	2.123974e-01
6.260456777701343e-03	2.170164e-01
6.270222402701343e-03	2.211437e-01
6.279988027701343e-03	2.248951e-01
6.289753652701343e-03	2.281853e-01
6.299519277701343e-03	2.311110e-01
6.309284902701343e-03	2.336011e-01
6.319050527701343e-03	2.357357e-01
6.328816152701343e-03	2.374557e-01
6.338581777701343e-03	2.388264e-01
6.348347402701343e-03	2.397981e-01
6.358113027701343e-03	2.404225e-01
6.367878652701343e-03	2.406569e-01
6.377644277701343e-03	2.405392e-01
6.387409902701343e-03	2.400296e-01
6.397175527701343e-03	2.391510e-01
6.406941152701343e-03	2.378595e-01
6.416706777701343e-03	2.361566e-01
6.426472402701343e-03	2.339788e-01
6.436238027701343e-03	2.312837e-01
6.446003652701343e-03	2.279401e-01
6.455769277701343e-03	2.237669e-01
6.465534902701343e-03	2.183242e-01
6.475300527701343e-03	2.106017e-01
6.485066152701343e-03	1.964745e-01
6.494831777701343e-03	1.683932e-01
6.496052480826343e-03	1.635019e-01
6.498493887076343e-03	1.532508e-01
6.503376699576343e-03	1.304397e-01
6.504597402701343e-03	1.242622e-01
6.507038808951343e-03	1.117363e-01
6.511129200369956e-03	9.173069e-02
6.515533113598565e-03	7.565910e-02
6.521584213145443e-03	6.056326e-02
6.531349838145442e-03	3.856219e-02
6.541115463145443e-03	1.818156e-02
6.550881088145443e-03	-8.998984e-04
6.552101791270443e-03	-3.200603e-03
6.552406967051692e-03	-3.774015e-03
6.553017318614193e-03	-4.918120e-03
6.554238021739192e-03	-7.195832e-03
6.554273795709996e-03	-7.262141e-03
6.554345343651603e-03	-7.394399e-03
6.554488439534818e-03	-7.658619e-03
6.554774631301248e-03	-8.187971e-03
6.555347014834105e-03	-9.244791e-03
6.556491781899821e-03	-1.134883e-02
6.558781316031254e-03	-1.551274e-02
6.561810126346976e-03	-2.093280e-02
6.567123248295264e-03	-3.020610e-02
6.576888873295264e-03	-4.650417e-02
6.586654498295264e-03	-6.188472e-02
6.596420123295264e-03	-7.640073e-02
6.606185748295264e-03	-9.009556e-02
6.615951373295264e-03	-1.030113e-01
6.625716998295264e-03	-1.151853e-01
6.635482623295264e-03	-1.266518e-01
6.645248248295264e-03	-1.374422e-01
6.655013873295264e-03	-1.475856e-01
6.664779498295264e-03	-1.571085e-01
6.666000201420264e-03	-1.582518e-01
6.668441607670264e-03	-1.605189e-01
6.669051959232764e-03	-1.610784e-01
6.670272662357764e-03	-1.621912e-01
6.672714068607764e-03	-1.643797e-01
6.673324420170264e-03	-1.649251e-01
6.674545123295264e-03	-1.660055e-01
6.676986529545264e-03	-1.681376e-01
6.681869342045264e-03	-1.722981e-01
6.691634967045264e-03	-1.802051e-01
6.701400592045264e-03	-1.875785e-01
6.711166217045264e-03	-1.944350e-01
6.720931842045264e-03	-2.007937e-01
6.730697467045263e-03	-2.066686e-01
6.740463092045264e-03	-2.120766e-01
6.750228717045264e-03	-2.170293e-01
6.759994342045264e-03	-2.215414e-01
6.769759967045264e-03	-2.256226e-01
6.779525592045264e-03	-2.292860e-01
6.789291217045264e-03	-2.325394e-01
6.799056842045264e-03	-2.353940e-01
6.808822467045264e-03	-2.378565e-01
6.818588092045264e-03	-2.399361e-01
6.828353717045264e-03	-2.416376e-01
6.838119342045264e-03	-2.429685e-01
6.847884967045264e-03	-2.439316e-01
6.857650592045264e-03	-2.445317e-01
6.867416217045264e-03	-2.447686e-01
6.877181842045264e-03	-2.446432e-01
6.886947467045264e-03	-2.441504e-01
6.896713092045264e-03	-2.432842e-01
6.906478717045264e-03	-2.420302e-01
6.916244342045264e-03	-2.403684e-01
6.926009967045264e-03	-2.382635e-01
6.935775592045264e-03	-2.356618e-01
6.945541217045264e-03	-2.324696e-01
6.955306842045264e-03	-2.285238e-01
6.965072467045264e-03	-2.234970e-01
6.974838092045264e-03	-2.166340e-01
6.984603717045264e-03	-2.051823e-01
6.994369342045264e-03	-1.821554e-01
6.995590045170264e-03	-1.779699e-01
6.998031451420264e-03	-1.690505e-01
6.998641802982764e-03	-1.666218e-01
6.999862506107764e-03	-1.616458e-01
7.002303912357764e-03	-1.510275e-01
7.002914263920264e-03	-1.482119e-01
7.004134967045264e-03	-1.424910e-01
7.004440142826514e-03	-1.410287e-01
7.005050494389014e-03	-1.380836e-01
7.006271197514014e-03	-1.320809e-01
7.008712603764014e-03	-1.197110e-01
7.012128151546069e-03	-1.023555e-01
7.018959247110177e-03	-7.653353e-02
7.028724872110177e-03	-5.330136e-02
7.038490497110177e-03	-3.210944e-02
7.048256122110177e-03	-1.233358e-02
7.058021747110177e-03	6.256744e-03
7.067787372110177e-03	2.375909e-02
7.077552997110177e-03	4.026863e-02
7.087318622110177e-03	5.584358e-02
7.097084247110177e-03	7.053877e-02
7.106849872110177e-03	8.440246e-02
7.116615497110177e-03	9.747118e-02
7.126381122110177e-03	1.097916e-01
7.136146747110177e-03	1.213886e-01
7.145912372110177e-03	1.323056e-01
7.155677997110177e-03	1.425550e-01
7.165443622110177e-03	1.521862e-01
7.175209247110177e-03	1.612005e-01
7.184974872110177e-03	1.696487e-01
7.194740497110177e-03	1.775249e-01
7.204506122110177e-03	1.848769e-01
7.214271747110177e-03	1.916956e-01
7.224037372110177e-03	1.980258e-01
7.233802997110177e-03	2.038560e-01
7.243568622110177e-03	2.092283e-01
7.253334247110177e-03	2.141293e-01
7.263099872110177e-03	2.185988e-01
7.272865497110177e-03	2.226216e-01
7.282631122110177e-03	2.262353e-01
7.292396747110177e-03	2.294235e-01
7.302162372110177e-03	2.322215e-01
7.311927997110177e-03	2.346117e-01
7.321693622110177e-03	2.366270e-01
7.331459247110177e-03	2.382486e-01
7.341224872110177e-03	2.395067e-01
7.350990497110177e-03	2.403808e-01
7.360756122110177e-03	2.408976e-01
7.370521747110177e-03	2.410337e-01
7.380287372110177e-03	2.408105e-01
7.390052997110177e-03	2.401996e-01
7.399818622110177e-03	2.392133e-01
7.409584247110177e-03	2.378124e-01
7.419349872110177e-03	2.359908e-01
7.429115497110177e-03	2.336828e-01
7.438881122110177e-03	2.308362e-01
7.448646747110177e-03	2.273039e-01
7.458412372110177e-03	2.228677e-01
7.468177997110177e-03	2.169971e-01
7.477943622110177e-03	2.083764e-01
7.487709247110177e-03	1.915945e-01
7.497474872110177e-03	1.593925e-01
7.498695575235177e-03	1.540185e-01
7.501136981485177e-03	1.429019e-01
7.501747333047677e-03	1.399884e-01
7.502968036172677e-03	1.340834e-01
7.505409442422677e-03	1.218647e-01
7.510292254922677e-03	9.727319e-02
7.515009357154301e-03	7.846461e-02
7.520175504261665e-03	6.483107e-02
7.527388601915029e-03	4.824092e-02
7.535049847314905e-03	3.152139e-02
7.544815472314905e-03	1.167999e-02
7.546036175439905e-03	9.265063e-03
7.548477581689905e-03	4.512194e-03
7.549087933252405e-03	3.341880e-03
7.550308636377405e-03	1.007325e-03
7.552750042627405e-03	-3.611442e-03
7.553360394189905e-03	-4.752991e-03
7.554581097314905e-03	-7.028268e-03
7.554886273096155e-03	-7.594236e-03
7.555496624658655e-03	-8.723334e-03
7.556717327783655e-03	-1.096811e-02
7.559158734033655e-03	-1.540881e-02
7.563149653940063e-03	-2.252834e-02
7.571131493752878e-03	-3.626728e-02
7.580897118752878e-03	-5.221329e-02
7.590662743752878e-03	-6.726205e-02
7.600428368752877e-03	-8.146307e-02
7.610193993752878e-03	-9.485891e-02
7.619959618752878e-03	-1.074894e-01
7.629725243752878e-03	-1.193912e-01
7.639490868752877e-03	-1.305971e-01
7.649256493752877e-03	-1.411379e-01
7.659022118752878e-03	-1.510415e-01
7.668787743752878e-03	-1.603329e-01
7.670008446877877e-03	-1.614465e-01
7.672449853127878e-03	-1.636441e-01
7.673060204690377e-03	-1.641909e-01
7.674280907815378e-03	-1.652749e-01
7.676722314065377e-03	-1.674149e-01
7.681605126565377e-03	-1.715903e-01
7.691370751565378e-03	-1.795263e-01
7.701136376565378e-03	-1.869270e-01
7.710902001565378e-03	-1.938095e-01
7.720667626565377e-03	-2.001929e-01
7.730433251565378e-03	-2.060914e-01
7.740198876565378e-03	-2.115216e-01
7.749964501565378e-03	-2.164957e-01
7.759730126565377e-03	-2.210279e-01
7.769495751565378e-03	-2.251287e-01
7.779261376565378e-03	-2.288103e-01
7.789027001565378e-03	-2.320815e-01
7.808558251565378e-03	-2.374315e-01
7.828089501565378e-03	-2.412428e-01
7.847620751565377e-03	-2.435644e-01
7.867152001565377e-03	-2.444266e-01
7.886683251565378e-03	-2.438316e-01
7.896448876565378e-03	-2.429762e-01
7.906214501565378e-03	-2.417327e-01
7.915980126565378e-03	-2.400809e-01
7.925745751565377e-03	-2.379858e-01
7.935511376565377e-03	-2.353934e-01
7.945277001565377e-03	-2.322108e-01
7.955042626565378e-03	-2.282744e-01
7.964808251565378e-03	-2.232579e-01
7.974573876565378e-03	-2.164079e-01
7.984339501565378e-03	-2.049813e-01
7.994105126565378e-03	-1.820013e-01
7.995325829690378e-03	-1.778230e-01
7.997767235940378e-03	-1.689171e-01
7.998377587502877e-03	-1.664915e-01
7.999598290627878e-03	-1.615213e-01
8.002039696877877e-03	-1.509137e-01
8.002650048440378e-03	-1.481004e-01
8.003870751565377e-03	-1.423840e-01
8.004175927346627e-03	-1.409227e-01
8.004786278909128e-03	-1.379797e-01
8.006006982034127e-03	-1.319808e-01
8.008448388284128e-03	-1.196164e-01
8.011860304252136e-03	-1.022735e-01
8.018684136188153e-03	-7.642194e-02
8.028449761188152e-03	-5.315893e-02
8.038215386188152e-03	-3.197220e-02
8.047981011188152e-03	-1.219035e-02
8.057746636188152e-03	6.399125e-03
8.067512261188153e-03	2.390582e-02
8.077277886188153e-03	4.041568e-02
8.087043511188153e-03	5.599457e-02
8.096809136188153e-03	7.069099e-02
8.106574761188153e-03	8.455856e-02
8.116340386188152e-03	9.762920e-02
8.126106011188152e-03	1.099536e-01
8.135871636188152e-03	1.215532e-01
8.145637261188152e-03	1.324745e-01
8.155402886188153e-03	1.427270e-01
8.165168511188153e-03	1.523628e-01
8.174934136188153e-03	1.613807e-01
8.184699761188153e-03	1.698338e-01
8.194465386188152e-03	1.777141e-01
8.204231011188152e-03	1.850712e-01
8.213996636188152e-03	1.918945e-01
8.223762261188152e-03	1.982302e-01
8.233527886188153e-03	2.040653e-01
8.243293511188153e-03	2.094435e-01
8.253059136188153e-03	2.143499e-01
8.262824761188153e-03	2.188254e-01
8.272590386188152e-03	2.228541e-01
8.282356011188152e-03	2.264742e-01
8.292121636188152e-03	2.296686e-01
8.301887261188152e-03	2.324732e-01
8.311652886188153e-03	2.348700e-01
8.321418511188153e-03	2.368925e-01
8.331184136188153e-03	2.385212e-01
8.340949761188153e-03	2.397870e-01
8.350715386188153e-03	2.406688e-01
8.360481011188152e-03	2.411939e-01
8.370246636188152e-03	2.413387e-01
8.380012261188152e-03	2.411249e-01
8.389777886188152e-03	2.405241e-01
8.399543511188153e-03	2.395491e-01
8.409309136188153e-03	2.381608e-01
8.419074761188153e-03	2.363541e-01
8.428840386188153e-03	2.340640e-01
8.438606011188152e-03	2.312405e-01
8.448371636188152e-03	2.277398e-01
8.458137261188152e-03	2.233520e-01
8.467902886188152e-03	2.175676e-01
8.477668511188153e-03	2.091410e-01
8.487434136188153e-03	1.929481e-01
8.497199761188153e-03	1.615910e-01
8.498420464313152e-03	1.563068e-01
8.500861870563153e-03	1.453547e-01
8.501472222125652e-03	1.424771e-01
8.502692925250653e-03	1.366402e-01
8.505134331500653e-03	1.245316e-01
8.505744683063152e-03	1.214083e-01
8.506965386188153e-03	1.151116e-01
8.509406792438152e-03	1.025730e-01
8.512590577598469e-03	8.787135e-02
8.516995097604944e-03	7.338031e-02
8.525231392208132e-03	5.372943e-02
8.534997017208132e-03	3.222283e-02
8.544762642208131e-03	1.233022e-02
8.545983345333132e-03	9.920780e-03
8.548424751583131e-03	5.160957e-03
8.553307564083132e-03	-4.120273e-03
8.563073189083132e-03	-2.188505e-02
8.564293892208133e-03	-2.402377e-02
8.566735298458132e-03	-2.827113e-02
8.571618110958131e-03	-3.658289e-02
8.581383735958133e-03	-5.250088e-02
8.591149360958132e-03	-6.752273e-02
8.600914985958132e-03	-8.169831e-02
8.610680610958132e-03	-9.506951e-02
8.620446235958132e-03	-1.076765e-01
8.630211860958132e-03	-1.195555e-01
8.639977485958131e-03	-1.307395e-01
8.649743110958131e-03	-1.412590e-01
8.659508735958131e-03	-1.511420e-01
8.669274360958133e-03	-1.604131e-01
8.670495064083131e-03	-1.615237e-01
8.672936470333133e-03	-1.637158e-01
8.673546821895632e-03	-1.642618e-01
8.674767525020631e-03	-1.653436e-01
8.677208931270632e-03	-1.674786e-01
8.682091743770631e-03	-1.716444e-01
8.691857368770631e-03	-1.795614e-01
8.701622993770633e-03	-1.869437e-01
8.711388618770632e-03	-1.938081e-01
8.721154243770632e-03	-2.001737e-01
8.730919868770632e-03	-2.060546e-01
8.740685493770632e-03	-2.114677e-01
8.750451118770632e-03	-2.164247e-01
8.760216743770631e-03	-2.209403e-01
8.769982368770631e-03	-2.250244e-01
8.789513618770632e-03	-2.319445e-01
8.799279243770632e-03	-2.347999e-01
8.809044868770632e-03	-2.372623e-01
8.818810493770632e-03	-2.393412e-01
8.828576118770632e-03	-2.410414e-01
8.838341743770631e-03	-2.423702e-01
8.848107368770631e-03	-2.433305e-01
8.857872993770631e-03	-2.439270e-01
8.867638618770633e-03	-2.441594e-01
8.877404243770632e-03	-2.440284e-01
8.887169868770632e-03	-2.435289e-01
8.896935493770632e-03	-2.426544e-01
8.906701118770632e-03	-2.413902e-01
8.916466743770632e-03	-2.397156e-01
8.926232368770631e-03	-2.375942e-01
8.935997993770631e-03	-2.349704e-01
8.945763618770633e-03	-2.317474e-01
8.955529243770632e-03	-2.277546e-01
8.965294868770632e-03	-2.226480e-01
8.975060493770632e-03	-2.156225e-01
8.984826118770632e-03	-2.036860e-01
8.994591743770632e-03	-1.796311e-01
8.995812446895632e-03	-1.752890e-01
8.998253853145632e-03	-1.660767e-01
8.998864204708131e-03	-1.635826e-01
9.000084907833132e-03	-1.584808e-01
9.002526314083131e-03	-1.476318e-01
9.003136665645632e-03	-1.447651e-01
9.004357368770631e-03	-1.389484e-01
9.006798775020633e-03	-1.268773e-01
9.009132035609782e-03	-1.149241e-01
9.012207179275070e-03	-9.943796e-02
9.018357466605648e-03	-7.658567e-02
9.026988126394651e-03	-5.589819e-02
9.036753751394651e-03	-3.442315e-02
9.046519376394653e-03	-1.449059e-02
9.056285001394652e-03	4.254194e-03
9.066050626394652e-03	2.188369e-02
9.075816251394652e-03	3.852377e-02
9.085581876394652e-03	5.421170e-02
9.095347501394652e-03	6.902263e-02
9.105113126394651e-03	8.298897e-02
9.114878751394651e-03	9.616388e-02
9.124644376394653e-03	1.085788e-01
9.134410001394653e-03	1.202733e-01
9.144175626394652e-03	1.312781e-01
9.153941251394652e-03	1.416185e-01
9.155161954519653e-03	1.428633e-01
9.157603360769652e-03	1.453294e-01
9.162486173269651e-03	1.501439e-01
9.172251798269653e-03	1.593222e-01
9.182017423269653e-03	1.679143e-01
9.191783048269652e-03	1.759444e-01
9.201548673269652e-03	1.834310e-01
9.211314298269652e-03	1.903947e-01
9.221079923269652e-03	1.968514e-01
9.230845548269652e-03	2.028192e-01
9.240611173269651e-03	2.083113e-01
9.250376798269651e-03	2.133435e-01
9.260142423269653e-03	2.179271e-01
9.269908048269652e-03	2.220756e-01
9.279673673269652e-03	2.257987e-01
9.289439298269652e-03	2.291080e-01
9.299204923269652e-03	2.320115e-01
9.308970548269652e-03	2.345192e-01
9.318736173269651e-03	2.366372e-01
9.328501798269651e-03	2.383737e-01
9.338267423269653e-03	2.397329e-01
9.348033048269653e-03	2.407207e-01
9.357798673269652e-03	2.413386e-01
9.367564298269652e-03	2.415893e-01
9.377329923269652e-03	2.414703e-01
9.387095548269652e-03	2.409788e-01
9.396861173269652e-03	2.401049e-01
9.406626798269651e-03	2.388356e-01
9.416392423269653e-03	2.371460e-01
9.426158048269653e-03	2.349995e-01
9.435923673269652e-03	2.323336e-01
9.445689298269652e-03	2.290452e-01
9.455454923269652e-03	2.249437e-01
9.465220548269652e-03	2.196441e-01
9.474986173269652e-03	2.122093e-01
9.484751798269651e-03	1.990288e-01
9.494517423269651e-03	1.725412e-01
9.504283048269653e-03	1.302155e-01
9.505503751394652e-03	1.239595e-01
9.507945157644653e-03	1.113114e-01
9.511937997790170e-03	9.177442e-02
9.516250257399477e-03	7.613466e-02
9.522789363066648e-03	5.990441e-02
9.532346417743165e-03	3.845634e-02
9.542112042743165e-03	1.811728e-02
9.551877667743165e-03	-9.339707e-04
9.553098370868165e-03	-3.229879e-03
9.553403546649415e-03	-3.802294e-03
9.554013898211915e-03	-4.944538e-03
9.554166486102540e-03	-5.229159e-03
9.554471661883789e-03	-5.797832e-03
9.554547955829103e-03	-5.939792e-03
9.554700543719728e-03	-6.223575e-03
9.555005719500978e-03	-6.790849e-03
9.555082013446290e-03	-6.932734e-03
9.555234601336915e-03	-7.216183e-03
9.555539777118165e-03	-7.781284e-03
9.556150128680664e-03	-8.908148e-03
9.557370831805665e-03	-1.114956e-02
9.559812238055665e-03	-1.558285e-02
9.564420442347323e-03	-2.377526e-02
9.573636850930637e-03	-3.949795e-02
9.583402475930636e-03	-5.524380e-02
9.593168100930636e-03	-7.010401e-02
9.602933725930636e-03	-8.412445e-02
9.612699350930636e-03	-9.734854e-02
9.622464975930636e-03	-1.098156e-01
9.632230600930635e-03	-1.215605e-01
9.641996225930637e-03	-1.326163e-01
9.651761850930637e-03	-1.430127e-01
9.661527475930637e-03	-1.527777e-01
9.662748179055635e-03	-1.539505e-01
9.665189585305637e-03	-1.562768e-01
9.670072397805636e-03	-1.608163e-01
9.671293100930636e-03	-1.619217e-01
9.673734507180636e-03	-1.641029e-01
9.674344858743137e-03	-1.646472e-01
9.675565561868136e-03	-1.657245e-01
9.678006968118135e-03	-1.678500e-01
9.682889780618136e-03	-1.719975e-01
9.692655405618136e-03	-1.798782e-01
9.702421030618136e-03	-1.872256e-01
9.712186655618136e-03	-1.940556e-01
9.721952280618137e-03	-2.003881e-01
9.731717905618137e-03	-2.062363e-01
9.741483530618137e-03	-2.116177e-01
9.751249155618136e-03	-2.165434e-01
9.761014780618136e-03	-2.210286e-01
9.770780405618136e-03	-2.250825e-01
9.780546030618136e-03	-2.287184e-01
9.790311655618136e-03	-2.319440e-01
9.800077280618135e-03	-2.347707e-01
9.809842905618137e-03	-2.372047e-01
9.819608530618137e-03	-2.392556e-01
9.829374155618137e-03	-2.409278e-01
9.839139780618136e-03	-2.422289e-01
9.848905405618136e-03	-2.431613e-01
9.858671030618136e-03	-2.437299e-01
9.868436655618136e-03	-2.439339e-01
9.878202280618135e-03	-2.437743e-01
9.887967905618137e-03	-2.432449e-01
9.897733530618137e-03	-2.423395e-01
9.907499155618137e-03	-2.410421e-01
9.917264780618136e-03	-2.393316e-01
9.927030405618136e-03	-2.371693e-01
9.936796030618136e-03	-2.344973e-01
9.946561655618136e-03	-2.312131e-01
9.956327280618136e-03	-2.271356e-01
9.966092905618137e-03	-2.218934e-01
9.975858530618137e-03	-2.146018e-01
9.985624155618137e-03	-2.018808e-01
9.995389780618136e-03	-1.762790e-01
1.000000000000000e-02	-1.582313e-01
Step Information: Rgain=49K  (Step: 11/11)
0.000000000000000e+00	4.500009e-14
5.000000058430487e-08	4.948047e-10
1.000000011686097e-07	5.050632e-08
2.000000023372195e-07	1.767989e-06
4.000000046744390e-07	2.169180e-05
8.000000093488779e-07	1.289786e-04
1.600000018697756e-06	5.714166e-04
3.200000037395512e-06	2.299759e-03
6.400000074791024e-06	8.543474e-03
1.280000014958205e-05	2.872382e-02
2.256562514958205e-05	5.678312e-02
3.224911635636242e-05	7.079112e-02
4.201474135636242e-05	8.257762e-02
5.178036635636242e-05	9.409597e-02
6.154599135636242e-05	1.046742e-01
7.131161635636243e-05	1.149520e-01
8.107724135636242e-05	1.245310e-01
9.084286635636242e-05	1.338534e-01
1.006084913563624e-04	1.425607e-01
1.103741163563624e-04	1.509989e-01
1.201397413563624e-04	1.588883e-01
1.299053663563624e-04	1.665029e-01
1.396709913563624e-04	1.736168e-01
1.494366163563624e-04	1.804522e-01
1.592022413563624e-04	1.868237e-01
1.689678663563624e-04	1.929146e-01
1.787334913563624e-04	1.985704e-01
1.884991163563624e-04	2.039458e-01
1.982647413563624e-04	2.089093e-01
2.080303663563624e-04	2.135929e-01
2.177959913563624e-04	2.178838e-01
2.275616163563624e-04	2.218954e-01
2.373272413563624e-04	2.255305e-01
2.470928663563624e-04	2.288868e-01
2.568584913563624e-04	2.318802e-01
2.666241163563625e-04	2.345951e-01
2.763897413563624e-04	2.369588e-01
2.861553663563624e-04	2.390441e-01
2.959209913563624e-04	2.407879e-01
3.056866163563624e-04	2.422526e-01
3.154522413563624e-04	2.433835e-01
3.252178663563625e-04	2.442336e-01
3.349834913563624e-04	2.447549e-01
3.447491163563624e-04	2.449917e-01
3.545147413563624e-04	2.449009e-01
3.642803663563624e-04	2.445178e-01
3.740459913563624e-04	2.438019e-01
3.838116163563624e-04	2.427783e-01
3.935772413563624e-04	2.414048e-01
4.033428663563624e-04	2.396925e-01
4.131084913563624e-04	2.375886e-01
4.228741163563624e-04	2.350785e-01
4.326397413563624e-04	2.320752e-01
4.424053663563624e-04	2.284974e-01
4.521709913563625e-04	2.241337e-01
4.619366163563624e-04	2.186242e-01
4.717022413563624e-04	2.110148e-01
4.814678663563624e-04	1.976425e-01
4.912334913563624e-04	1.702258e-01
4.924541944813625e-04	1.653089e-01
4.948956007313624e-04	1.549508e-01
4.997784132313624e-04	1.314651e-01
5.009991163563624e-04	1.250163e-01
5.013042921376124e-04	1.233955e-01
5.019146437001124e-04	1.201347e-01
5.031353468251124e-04	1.135333e-01
5.055767530751125e-04	1.004674e-01
5.083869079357246e-04	8.722533e-02
5.132090465234041e-04	7.184207e-02
5.212253692365378e-04	5.313231e-02
5.309909942365378e-04	3.156057e-02
5.407566192365378e-04	1.176400e-02
5.419773223615378e-04	9.327289e-03
5.444187286115377e-04	4.556858e-03
5.450290801740377e-04	3.387329e-03
5.462497832990378e-04	1.048749e-03
5.465549590802877e-04	4.682029e-04
5.471653106427877e-04	-6.915804e-04
5.483860137677878e-04	-3.000325e-03
5.506565985792575e-04	-7.248846e-03
5.546230186200591e-04	-1.453006e-02
5.586868959510899e-04	-2.181151e-02
5.668146506131514e-04	-3.585464e-02
5.765802756131514e-04	-5.185582e-02
5.863459006131513e-04	-6.695872e-02
5.961115256131513e-04	-8.121309e-02
6.058771506131513e-04	-9.466212e-02
6.156427756131513e-04	-1.073460e-01
6.254084006131513e-04	-1.193019e-01
6.351740256131513e-04	-1.305629e-01
6.449396506131513e-04	-1.411603e-01
6.547052756131513e-04	-1.511223e-01
6.644709006131513e-04	-1.604747e-01
6.656916037381513e-04	-1.615970e-01
6.681330099881514e-04	-1.638169e-01
6.687433615506514e-04	-1.643634e-01
6.699640646756513e-04	-1.654544e-01
6.724054709256513e-04	-1.676109e-01
6.772882834256513e-04	-1.718175e-01
6.870539084256513e-04	-1.798203e-01
6.968195334256513e-04	-1.872891e-01
7.065851584256513e-04	-1.942443e-01
7.163507834256513e-04	-2.007020e-01
7.261164084256513e-04	-2.066799e-01
7.358820334256513e-04	-2.121913e-01
7.456476584256513e-04	-2.172519e-01
7.554132834256514e-04	-2.218730e-01
7.651789084256514e-04	-2.260680e-01
7.749445334256514e-04	-2.298466e-01
7.847101584256514e-04	-2.332205e-01
7.944757834256513e-04	-2.361977e-01
8.042414084256513e-04	-2.387884e-01
8.140070334256513e-04	-2.409992e-01
8.237726584256513e-04	-2.428385e-01
8.335382834256513e-04	-2.443113e-01
8.433039084256513e-04	-2.454242e-01
8.530695334256513e-04	-2.461800e-01
8.628351584256513e-04	-2.465830e-01
8.726007834256514e-04	-2.466329e-01
8.823664084256514e-04	-2.463302e-01
8.921320334256514e-04	-2.456696e-01
9.018976584256514e-04	-2.446445e-01
9.116632834256514e-04	-2.432403e-01
9.214289084256513e-04	-2.414362e-01
9.311945334256513e-04	-2.391960e-01
9.409601584256513e-04	-2.364639e-01
9.507257834256513e-04	-2.331430e-01
9.604914084256513e-04	-2.290618e-01
9.702570334256513e-04	-2.238718e-01
9.800226584256513e-04	-2.167462e-01
9.897882834256513e-04	-2.044898e-01
9.995539084256514e-04	-1.791776e-01
1.000774611550651e-03	-1.745630e-01
1.003216017800651e-03	-1.647647e-01
1.003826369363151e-03	-1.621091e-01
1.005047072488151e-03	-1.566745e-01
1.005352248269401e-03	-1.552702e-01
1.005962599831901e-03	-1.524300e-01
1.007183302956901e-03	-1.465722e-01
1.007488478738151e-03	-1.450695e-01
1.008098830300651e-03	-1.420346e-01
1.009319533425651e-03	-1.358314e-01
1.010977775502917e-03	-1.271456e-01
1.012811856704717e-03	-1.172940e-01
1.016480019108315e-03	-9.850010e-02
1.021039561355808e-03	-8.156108e-02
1.029248693975725e-03	-6.171741e-02
1.039014318975725e-03	-4.020207e-02
1.048779943975725e-03	-2.019967e-02
1.058545568975725e-03	-1.432692e-03
1.068311193975725e-03	1.623958e-02
1.078076818975725e-03	3.289177e-02
1.087842443975725e-03	4.860498e-02
1.097608068975725e-03	6.341776e-02
1.107373693975725e-03	7.739574e-02
1.117139318975725e-03	9.056336e-02
1.126904943975725e-03	1.029787e-01
1.136670568975725e-03	1.146582e-01
1.146436193975725e-03	1.256540e-01
1.156201818975725e-03	1.359756e-01
1.165967443975725e-03	1.456682e-01
1.175733068975725e-03	1.547443e-01
1.185498693975725e-03	1.632416e-01
1.195264318975725e-03	1.711698e-01
1.205029943975725e-03	1.785621e-01
1.214795568975725e-03	1.854247e-01
1.224561193975725e-03	1.917880e-01
1.234326818975725e-03	1.976555e-01
1.244092443975725e-03	2.030552e-01
1.253858068975725e-03	2.079884e-01
1.263623693975725e-03	2.124808e-01
1.273389318975725e-03	2.165317e-01
1.283154943975725e-03	2.201649e-01
1.292920568975725e-03	2.233780e-01
1.302686193975725e-03	2.261928e-01
1.312451818975725e-03	2.286054e-01
1.322217443975725e-03	2.306355e-01
1.331983068975725e-03	2.322773e-01
1.341748693975725e-03	2.335484e-01
1.351514318975725e-03	2.344406e-01
1.361279943975725e-03	2.349681e-01
1.371045568975725e-03	2.351195e-01
1.380811193975725e-03	2.349039e-01
1.390576818975725e-03	2.343037e-01
1.400342443975725e-03	2.333189e-01
1.410108068975725e-03	2.319196e-01
1.419873693975725e-03	2.300865e-01
1.429639318975725e-03	2.277595e-01
1.439404943975725e-03	2.248674e-01
1.449170568975725e-03	2.212555e-01
1.458936193975725e-03	2.166541e-01
1.468701818975725e-03	2.104228e-01
1.478467443975725e-03	2.003719e-01
1.488233068975725e-03	1.799048e-01
1.497998693975725e-03	1.423328e-01
1.499219397100725e-03	1.362540e-01
1.501660803350725e-03	1.237599e-01
1.502271154913225e-03	1.205155e-01
1.503491858038225e-03	1.139582e-01
1.505933264288225e-03	1.008094e-01
1.509125859784235e-03	8.538626e-02
1.513339693590150e-03	7.132450e-02
1.521767361201981e-03	5.149347e-02
1.531532986201981e-03	3.016067e-02
1.541298611201981e-03	1.044769e-02
1.542519314326981e-03	8.051588e-03
1.544960720576981e-03	3.326702e-03
1.545571072139481e-03	2.164094e-03
1.545723660030106e-03	1.873556e-03
1.546028835811356e-03	1.292792e-03
1.546639187373856e-03	1.328926e-04
1.546791775264481e-03	-1.564564e-04
1.547096951045731e-03	-7.342725e-04
1.547707302608231e-03	-1.885940e-03
1.548928005733231e-03	-4.176543e-03
1.551369411983231e-03	-8.706731e-03
1.555828821978383e-03	-1.681009e-02
1.564747641968687e-03	-3.237991e-02
1.574513266968687e-03	-4.850733e-02
1.584278891968687e-03	-6.373022e-02
1.594044516968687e-03	-7.809951e-02
1.603810141968687e-03	-9.165911e-02
1.613575766968687e-03	-1.044497e-01
1.623341391968687e-03	-1.165088e-01
1.633107016968687e-03	-1.278698e-01
1.642872641968687e-03	-1.385645e-01
1.652638266968687e-03	-1.486209e-01
1.662403891968687e-03	-1.580660e-01
1.663624595093687e-03	-1.592000e-01
1.666066001343687e-03	-1.614491e-01
1.666676352906187e-03	-1.620042e-01
1.667897056031187e-03	-1.631074e-01
1.670338462281187e-03	-1.652797e-01
1.670948813843687e-03	-1.658208e-01
1.672169516968687e-03	-1.668930e-01
1.674610923218687e-03	-1.690091e-01
1.679493735718687e-03	-1.731390e-01
1.689259360718687e-03	-1.809910e-01
1.699024985718687e-03	-1.883173e-01
1.708790610718687e-03	-1.951342e-01
1.718556235718687e-03	-2.014609e-01
1.728321860718687e-03	-2.073110e-01
1.738087485718687e-03	-2.127012e-01
1.747853110718687e-03	-2.176430e-01
1.757618735718687e-03	-2.221510e-01
1.767384360718687e-03	-2.262348e-01
1.777149985718687e-03	-2.299073e-01
1.786915610718687e-03	-2.331765e-01
1.796681235718687e-03	-2.360533e-01
1.806446860718687e-03	-2.385446e-01
1.816212485718687e-03	-2.406596e-01
1.825978110718687e-03	-2.424036e-01
1.835743735718687e-03	-2.437840e-01
1.845509360718687e-03	-2.448042e-01
1.855274985718687e-03	-2.454696e-01
1.865040610718687e-03	-2.457809e-01
1.874806235718687e-03	-2.457402e-01
1.884571860718687e-03	-2.453441e-01
1.894337485718687e-03	-2.445890e-01
1.904103110718687e-03	-2.434642e-01
1.913868735718687e-03	-2.419553e-01
1.923634360718687e-03	-2.400353e-01
1.933399985718687e-03	-2.376649e-01
1.943165610718687e-03	-2.347762e-01
1.952931235718687e-03	-2.312562e-01
1.962696860718687e-03	-2.268918e-01
1.972462485718687e-03	-2.212379e-01
1.982228110718687e-03	-2.131544e-01
1.991993735718687e-03	-1.978874e-01
2.001759360718687e-03	-1.670955e-01
2.002980063843687e-03	-1.617466e-01
2.003285239624937e-03	-1.603939e-01
2.003895591187437e-03	-1.576585e-01
2.005116294312437e-03	-1.520092e-01
2.005421470093687e-03	-1.505502e-01
2.006031821656187e-03	-1.476061e-01
2.007252524781187e-03	-1.415693e-01
2.007507798921501e-03	-1.402770e-01
2.008018347202131e-03	-1.376785e-01
2.009039443763390e-03	-1.323941e-01
2.011081636885907e-03	-1.215356e-01
2.014444110650717e-03	-1.036936e-01
2.020364198288791e-03	-8.052114e-02
2.030129823288791e-03	-5.711488e-02
2.039895448288791e-03	-3.600568e-02
2.049661073288791e-03	-1.624413e-02
2.059426698288791e-03	2.327797e-03
2.069192323288791e-03	1.981333e-02
2.078957948288791e-03	3.629991e-02
2.088723573288791e-03	5.185292e-02
2.098489198288791e-03	6.652053e-02
2.108254823288791e-03	8.035780e-02
2.118020448288791e-03	9.339516e-02
2.127786073288791e-03	1.056856e-01
2.137551698288791e-03	1.172483e-01
2.147317323288791e-03	1.281327e-01
2.157082948288791e-03	1.383479e-01
2.166848573288791e-03	1.479434e-01
2.176614198288791e-03	1.569218e-01
2.186379823288791e-03	1.653329e-01
2.196145448288791e-03	1.731728e-01
2.205911073288791e-03	1.804873e-01
2.215676698288791e-03	1.872696e-01
2.225442323288791e-03	1.935627e-01
2.235207948288791e-03	1.993571e-01
2.244973573288791e-03	2.046933e-01
2.254739198288791e-03	2.095595e-01
2.264504823288791e-03	2.139942e-01
2.274270448288791e-03	2.179837e-01
2.284036073288791e-03	2.215643e-01
2.293801698288791e-03	2.247210e-01
2.303567323288791e-03	2.274878e-01
2.313332948288791e-03	2.298484e-01
2.323098573288791e-03	2.318345e-01
2.332864198288791e-03	2.334285e-01
2.342629823288791e-03	2.346592e-01
2.352395448288791e-03	2.355072e-01
2.362161073288791e-03	2.359977e-01
2.371926698288791e-03	2.361082e-01
2.381692323288791e-03	2.358585e-01
2.391457948288791e-03	2.352204e-01
2.401223573288791e-03	2.342042e-01
2.410989198288791e-03	2.327695e-01
2.420754823288791e-03	2.309069e-01
2.430520448288791e-03	2.285462e-01
2.440286073288791e-03	2.256253e-01
2.450051698288791e-03	2.219790e-01
2.459817323288791e-03	2.173445e-01
2.469582948288791e-03	2.110662e-01
2.479348573288791e-03	2.009309e-01
2.489114198288791e-03	1.802706e-01
2.498879823288791e-03	1.424773e-01
2.500100526413791e-03	1.363764e-01
2.502541932663791e-03	1.238446e-01
2.503152284226291e-03	1.205926e-01
2.504372987351291e-03	1.140227e-01
2.506814393601291e-03	1.008793e-01
2.509977274085385e-03	8.569142e-02
2.514246220813423e-03	7.160616e-02
2.522784114269499e-03	5.158244e-02
2.532549739269499e-03	3.026588e-02
2.542315364269499e-03	1.058673e-02
2.543536067394499e-03	8.189805e-03
2.545977473644499e-03	3.468614e-03
2.546587825206999e-03	2.307528e-03
2.547808528331999e-03	-9.060968e-06
2.548113704113249e-03	-5.855634e-04
2.548724055675749e-03	-1.736705e-03
2.548876643566374e-03	-2.024003e-03
2.549181819347624e-03	-2.597599e-03
2.549792170910124e-03	-3.740351e-03
2.551012874035124e-03	-6.013422e-03
2.553454280285124e-03	-1.050912e-02
2.557342007600187e-03	-1.753234e-02
2.565117462230312e-03	-3.109631e-02
2.574883087230312e-03	-4.726694e-02
2.584648712230312e-03	-6.252944e-02
2.594414337230312e-03	-7.693531e-02
2.604179962230312e-03	-9.052846e-02
2.613945587230312e-03	-1.033499e-01
2.623711212230312e-03	-1.154374e-01
2.633476837230312e-03	-1.268244e-01
2.643242462230312e-03	-1.375427e-01
2.653008087230312e-03	-1.476207e-01
2.662773712230312e-03	-1.570853e-01
2.663994415355312e-03	-1.582218e-01
2.666435821605312e-03	-1.604757e-01
2.667046173167812e-03	-1.610322e-01
2.668266876292812e-03	-1.621400e-01
2.668572052074062e-03	-1.624149e-01
2.669182403636562e-03	-1.629615e-01
2.670403106761562e-03	-1.640468e-01
2.670708282542812e-03	-1.643190e-01
2.671318634105312e-03	-1.648597e-01
2.672539337230312e-03	-1.659329e-01
2.674980743480312e-03	-1.680541e-01
2.679863555980312e-03	-1.721911e-01
2.689629180980312e-03	-1.800584e-01
2.699394805980312e-03	-1.873967e-01
2.709160430980312e-03	-1.942257e-01
2.718926055980312e-03	-2.005614e-01
2.728691680980312e-03	-2.064208e-01
2.738457305980312e-03	-2.118174e-01
2.748222930980312e-03	-2.167659e-01
2.757988555980312e-03	-2.212778e-01
2.767754180980312e-03	-2.253660e-01
2.777519805980312e-03	-2.290401e-01
2.787285430980312e-03	-2.323114e-01
2.797051055980312e-03	-2.351880e-01
2.806816680980312e-03	-2.376793e-01
2.816582305980312e-03	-2.397920e-01
2.836113555980312e-03	-2.429100e-01
2.855644805980312e-03	-2.445849e-01
2.875176055980312e-03	-2.448396e-01
2.894707305980312e-03	-2.436656e-01
2.904472930980312e-03	-2.425262e-01
2.914238555980312e-03	-2.409981e-01
2.924004180980312e-03	-2.390554e-01
2.933769805980312e-03	-2.366542e-01
2.943535430980312e-03	-2.337251e-01
2.953301055980312e-03	-2.301456e-01
2.963066680980312e-03	-2.256884e-01
2.972832305980312e-03	-2.198640e-01
2.982597930980312e-03	-2.113936e-01
2.992363555980312e-03	-1.948655e-01
3.002129180980312e-03	-1.621160e-01
3.003349884105312e-03	-1.565424e-01
3.003655059886562e-03	-1.551344e-01
3.004265411449062e-03	-1.522876e-01
3.005486114574062e-03	-1.464187e-01
3.005791290355312e-03	-1.449139e-01
3.006401641917812e-03	-1.418749e-01
3.007622345042812e-03	-1.356647e-01
3.009265468994621e-03	-1.270500e-01
3.011107362055272e-03	-1.171385e-01
3.014791148176574e-03	-9.809557e-02
3.019257900737963e-03	-8.112782e-02
3.027769082108135e-03	-6.040182e-02
3.037534707108135e-03	-3.896816e-02
3.047300332108135e-03	-1.894584e-02
3.057065957108135e-03	-2.187391e-04
3.066831582108135e-03	1.746483e-02
3.076597207108135e-03	3.409192e-02
3.086362832108135e-03	4.981443e-02
3.096128457108135e-03	6.461153e-02
3.105894082108135e-03	7.859945e-02
3.115659707108134e-03	9.175855e-02
3.125425332108135e-03	1.041855e-01
3.135190957108134e-03	1.158625e-01
3.144956582108135e-03	1.268722e-01
3.154722207108134e-03	1.371958e-01
3.164487832108135e-03	1.469057e-01
3.174253457108134e-03	1.559878e-01
3.184019082108135e-03	1.645052e-01
3.193784707108134e-03	1.724438e-01
3.203550332108135e-03	1.798585e-01
3.213315957108135e-03	1.867353e-01
3.223081582108135e-03	1.931235e-01
3.232847207108135e-03	1.990089e-01
3.242612832108135e-03	2.044358e-01
3.252378457108135e-03	2.093901e-01
3.262144082108135e-03	2.139119e-01
3.271909707108135e-03	2.179872e-01
3.281675332108135e-03	2.216521e-01
3.291440957108135e-03	2.248927e-01
3.301206582108135e-03	2.277415e-01
3.310972207108135e-03	2.301848e-01
3.320737832108135e-03	2.322516e-01
3.330503457108135e-03	2.339278e-01
3.340269082108135e-03	2.352388e-01
3.350034707108135e-03	2.361697e-01
3.359800332108135e-03	2.367417e-01
3.369565957108135e-03	2.369377e-01
3.379331582108134e-03	2.367733e-01
3.389097207108135e-03	2.362268e-01
3.398862832108134e-03	2.353049e-01
3.408628457108135e-03	2.339752e-01
3.418394082108134e-03	2.322269e-01
3.428159707108135e-03	2.300021e-01
3.437925332108134e-03	2.272456e-01
3.447690957108135e-03	2.238215e-01
3.457456582108135e-03	2.195166e-01
3.467222207108135e-03	2.138303e-01
3.476987832108135e-03	2.055051e-01
3.486753457108135e-03	1.891603e-01
3.496519082108135e-03	1.566130e-01
3.497739785233135e-03	1.510579e-01
3.500181191483135e-03	1.395146e-01
3.500791543045635e-03	1.364724e-01
3.502012246170635e-03	1.302981e-01
3.502317421951884e-03	1.287218e-01
3.502927773514385e-03	1.255496e-01
3.504148476639385e-03	1.190948e-01
3.504453652420635e-03	1.174516e-01
3.505064003983135e-03	1.141592e-01
3.506284707108135e-03	1.075501e-01
3.508726113358135e-03	9.476714e-02
3.512149981516533e-03	8.035264e-02
3.518997717833330e-03	6.201933e-02
3.528763342833330e-03	4.042531e-02
3.538528967833330e-03	1.978585e-02
3.548294592833330e-03	8.860911e-04
3.549515295958330e-03	-1.475460e-03
3.549820471739580e-03	-2.057037e-03
3.550430823302080e-03	-3.210918e-03
3.551651526427080e-03	-5.482960e-03
3.551847113526663e-03	-5.845413e-03
3.552238287725829e-03	-6.569977e-03
3.553020636124162e-03	-8.013616e-03
3.554585332920827e-03	-1.088014e-02
3.557616618485778e-03	-1.635646e-02
3.563543845193231e-03	-2.677991e-02
3.573309470193230e-03	-4.317090e-02
3.583075095193231e-03	-5.863937e-02
3.592840720193230e-03	-7.323966e-02
3.602606345193231e-03	-8.701579e-02
3.612371970193231e-03	-1.000107e-01
3.622137595193231e-03	-1.122621e-01
3.631903220193231e-03	-1.238049e-01
3.641668845193230e-03	-1.346708e-01
3.651434470193231e-03	-1.448895e-01
3.661200095193230e-03	-1.544879e-01
3.670965720193231e-03	-1.634833e-01
3.672186423318230e-03	-1.645556e-01
3.674627829568231e-03	-1.666893e-01
3.679510642068231e-03	-1.708527e-01
3.689276267068230e-03	-1.787686e-01
3.699041892068231e-03	-1.861541e-01
3.708807517068230e-03	-1.930265e-01
3.718573142068231e-03	-1.994044e-01
3.728338767068230e-03	-2.053025e-01
3.738104392068231e-03	-2.107371e-01
3.747870017068230e-03	-2.157201e-01
3.757635642068231e-03	-2.202663e-01
3.767401267068230e-03	-2.243855e-01
3.777166892068231e-03	-2.280904e-01
3.786932517068230e-03	-2.313895e-01
3.796698142068231e-03	-2.342938e-01
3.806463767068230e-03	-2.368101e-01
3.816229392068231e-03	-2.389478e-01
3.825995017068231e-03	-2.407120e-01
3.835760642068231e-03	-2.421105e-01
3.845526267068231e-03	-2.431465e-01
3.855291892068230e-03	-2.438253e-01
3.865057517068231e-03	-2.441476e-01
3.874823142068230e-03	-2.441152e-01
3.884588767068231e-03	-2.437245e-01
3.894354392068230e-03	-2.429715e-01
3.904120017068231e-03	-2.418448e-01
3.913885642068231e-03	-2.403291e-01
3.923651267068231e-03	-2.383959e-01
3.933416892068230e-03	-2.360032e-01
3.943182517068230e-03	-2.330787e-01
3.952948142068231e-03	-2.295005e-01
3.962713767068231e-03	-2.250359e-01
3.972479392068230e-03	-2.191886e-01
3.982245017068230e-03	-2.103709e-01
3.992010642068231e-03	-1.935177e-01
4.001776267068231e-03	-1.606391e-01
4.002996970193230e-03	-1.550277e-01
4.003302145974480e-03	-1.536095e-01
4.003912497536980e-03	-1.507406e-01
4.005133200661980e-03	-1.448380e-01
4.005438376443231e-03	-1.433242e-01
4.006048728005730e-03	-1.402694e-01
4.007269431130731e-03	-1.340323e-01
4.009091185934252e-03	-1.244318e-01
4.011024709160480e-03	-1.139953e-01
4.014891755612934e-03	-9.452776e-02
4.020573482906581e-03	-7.522690e-02
4.028079791373851e-03	-5.801120e-02
4.037845416373852e-03	-3.647910e-02
4.047611041373852e-03	-1.677769e-02
4.057376666373852e-03	1.979895e-03
4.067142291373851e-03	1.944889e-02
4.076907916373852e-03	3.607322e-02
4.086673541373852e-03	5.163054e-02
4.096439166373852e-03	6.641154e-02
4.106204791373851e-03	8.026448e-02
4.115970416373852e-03	9.340200e-02
4.125736041373852e-03	1.057163e-01
4.135501666373852e-03	1.173689e-01
4.145267291373851e-03	1.282819e-01
4.155032916373852e-03	1.385805e-01
4.164798541373852e-03	1.482081e-01
4.174564166373852e-03	1.572651e-01
4.184329791373852e-03	1.657117e-01
4.194095416373851e-03	1.736261e-01
4.203861041373852e-03	1.809792e-01
4.213626666373852e-03	1.878332e-01
4.223392291373852e-03	1.941677e-01
4.233157916373851e-03	2.000313e-01
4.242923541373852e-03	2.054113e-01
4.252689166373852e-03	2.103451e-01
4.262454791373852e-03	2.148258e-01
4.272220416373851e-03	2.188818e-01
4.281986041373852e-03	2.225107e-01
4.291751666373852e-03	2.257331e-01
4.301517291373852e-03	2.285505e-01
4.311282916373851e-03	2.309767e-01
4.321048541373852e-03	2.330161e-01
4.330814166373852e-03	2.346763e-01
4.340579791373852e-03	2.359635e-01
4.350345416373851e-03	2.368796e-01
4.360111041373852e-03	2.374312e-01
4.369876666373852e-03	2.376137e-01
4.379642291373852e-03	2.374320e-01
4.389407916373851e-03	2.368736e-01
4.399173541373852e-03	2.359373e-01
4.408939166373852e-03	2.345979e-01
4.418704791373852e-03	2.328387e-01
4.428470416373852e-03	2.306075e-01
4.438236041373851e-03	2.278448e-01
4.448001666373852e-03	2.244210e-01
4.457767291373852e-03	2.201210e-01
4.467532916373852e-03	2.144575e-01
4.477298541373851e-03	2.061937e-01
4.487064166373852e-03	1.900895e-01
4.496829791373852e-03	1.578826e-01
4.498050494498852e-03	1.523606e-01
4.500491900748852e-03	1.408873e-01
4.501102252311351e-03	1.378607e-01
4.502322955436352e-03	1.317153e-01
4.504764361686352e-03	1.189445e-01
4.505374713248852e-03	1.156445e-01
4.506595416373852e-03	1.090330e-01
4.509036822623852e-03	9.617137e-02
4.513046104454453e-03	7.945744e-02
4.521064668115654e-03	5.877830e-02
4.529148831773532e-03	4.108759e-02
4.538914456773532e-03	2.044288e-02
4.548680081773532e-03	1.521033e-03
4.549900784898532e-03	-8.419555e-04
4.550205960679782e-03	-1.423899e-03
4.550816312242282e-03	-2.576866e-03
4.550968900132907e-03	-2.862071e-03
4.551274075914157e-03	-3.431967e-03
4.551884427476657e-03	-4.569576e-03
4.552037015367282e-03	-4.853461e-03
4.552342191148532e-03	-5.420278e-03
4.552952542711032e-03	-6.549818e-03
4.554173245836032e-03	-8.796612e-03
4.556614652086032e-03	-1.324055e-02
4.560745283323970e-03	-2.061190e-02
4.569006545799845e-03	-3.481865e-02
4.578772170799845e-03	-5.073686e-02
4.588537795799845e-03	-6.576010e-02
4.598303420799845e-03	-7.993792e-02
4.608069045799845e-03	-9.331314e-02
4.617834670799845e-03	-1.059257e-01
4.627600295799845e-03	-1.178123e-01
4.637365920799845e-03	-1.290059e-01
4.647131545799845e-03	-1.395375e-01
4.656897170799845e-03	-1.494349e-01
4.666662795799845e-03	-1.587243e-01
4.667883498924845e-03	-1.598390e-01
4.670324905174845e-03	-1.620487e-01
4.675207717674845e-03	-1.663397e-01
4.676428420799845e-03	-1.673930e-01
4.678869827049845e-03	-1.694727e-01
4.683752639549845e-03	-1.735274e-01
4.693518264549845e-03	-1.812337e-01
4.703283889549845e-03	-1.884148e-01
4.713049514549845e-03	-1.950905e-01
4.722815139549845e-03	-2.012761e-01
4.732580764549845e-03	-2.069885e-01
4.742346389549845e-03	-2.122407e-01
4.752112014549845e-03	-2.170476e-01
4.761877639549845e-03	-2.214201e-01
4.771643264549845e-03	-2.253711e-01
4.781408889549845e-03	-2.289098e-01
4.791174514549845e-03	-2.320474e-01
4.800940139549845e-03	-2.347915e-01
4.810705764549845e-03	-2.371517e-01
4.820471389549845e-03	-2.391341e-01
4.830237014549845e-03	-2.407464e-01
4.840002639549845e-03	-2.419930e-01
4.849768264549845e-03	-2.428793e-01
4.859533889549845e-03	-2.434074e-01
4.869299514549845e-03	-2.435797e-01
4.879065139549845e-03	-2.433945e-01
4.888830764549845e-03	-2.428493e-01
4.898596389549845e-03	-2.419357e-01
4.908362014549845e-03	-2.406415e-01
4.918127639549845e-03	-2.389450e-01
4.927893264549845e-03	-2.368130e-01
4.937658889549845e-03	-2.341901e-01
4.947424514549845e-03	-2.309853e-01
4.957190139549845e-03	-2.270332e-01
4.966955764549845e-03	-2.220070e-01
4.976721389549845e-03	-2.151373e-01
4.986487014549845e-03	-2.035323e-01
4.996252639549845e-03	-1.795509e-01
4.997473342674845e-03	-1.751386e-01
4.999914748924845e-03	-1.657196e-01
5.000525100487345e-03	-1.631493e-01
5.001745803612345e-03	-1.578792e-01
5.002050979393595e-03	-1.565139e-01
5.002661330956095e-03	-1.537528e-01
5.003882034081095e-03	-1.480434e-01
5.004187209862345e-03	-1.465730e-01
5.004797561424845e-03	-1.436050e-01
5.004950149315470e-03	-1.428534e-01
5.005255325096720e-03	-1.413433e-01
5.005865676659220e-03	-1.382895e-01
5.007086379784220e-03	-1.320472e-01
5.008754178994306e-03	-1.232670e-01
5.012037921240622e-03	-1.057489e-01
5.017075095133203e-03	-8.404004e-02
5.026840720133203e-03	-5.909196e-02
5.036606345133202e-03	-3.808646e-02
5.046371970133202e-03	-1.783271e-02
5.056137595133203e-03	6.681567e-04
5.065903220133203e-03	1.849657e-02
5.075668845133202e-03	3.497825e-02
5.085434470133202e-03	5.079832e-02
5.095200095133203e-03	6.549143e-02
5.104965720133203e-03	7.955242e-02
5.114731345133202e-03	9.263361e-02
5.124496970133202e-03	1.051191e-01
5.134262595133202e-03	1.167377e-01
5.144028220133203e-03	1.277956e-01
5.153793845133202e-03	1.380732e-01
5.163559470133202e-03	1.478269e-01
5.173325095133202e-03	1.568736e-01
5.183090720133203e-03	1.654304e-01
5.192856345133202e-03	1.733433e-01
5.202621970133202e-03	1.807938e-01
5.212387595133202e-03	1.876527e-01
5.222153220133203e-03	1.940742e-01
5.231918845133202e-03	1.999484e-01
5.241684470133202e-03	2.054069e-01
5.251450095133202e-03	2.103560e-01
5.261215720133203e-03	2.149081e-01
5.270981345133203e-03	2.189833e-01
5.280746970133202e-03	2.226775e-01
5.290512595133202e-03	2.259227e-01
5.300278220133203e-03	2.288004e-01
5.310043845133203e-03	2.312527e-01
5.319809470133202e-03	2.333483e-01
5.329575095133202e-03	2.350378e-01
5.339340720133203e-03	2.363782e-01
5.349106345133203e-03	2.373267e-01
5.358871970133202e-03	2.379296e-01
5.368637595133202e-03	2.381484e-01
5.378403220133202e-03	2.380180e-01
5.388168845133203e-03	2.375010e-01
5.397934470133202e-03	2.366191e-01
5.407700095133202e-03	2.353293e-01
5.417465720133202e-03	2.336333e-01
5.427231345133203e-03	2.314680e-01
5.436996970133202e-03	2.287925e-01
5.446762595133202e-03	2.254758e-01
5.456528220133202e-03	2.213396e-01
5.466293845133203e-03	2.159449e-01
5.476059470133202e-03	2.082740e-01
5.485825095133202e-03	1.940140e-01
5.495590720133202e-03	1.648623e-01
5.496811423258203e-03	1.597161e-01
5.499252829508202e-03	1.489150e-01
5.504135642008202e-03	1.247711e-01
5.505356345133203e-03	1.182166e-01
5.507797751383202e-03	1.050706e-01
5.512680563883202e-03	8.272774e-02
5.518159122008105e-03	6.693867e-02
5.527924747008106e-03	4.503998e-02
5.537690372008105e-03	2.408882e-02
5.547455997008105e-03	4.987369e-03
5.548676700133105e-03	2.592338e-03
5.551118106383105e-03	-2.047322e-03
5.551728457945605e-03	-3.178774e-03
5.551881045836230e-03	-3.462016e-03
5.552186221617480e-03	-4.028837e-03
5.552262515562793e-03	-4.170600e-03
5.552415103453417e-03	-4.454045e-03
5.552720279234668e-03	-5.021563e-03
5.552796573179981e-03	-5.163181e-03
5.552949161070605e-03	-5.445975e-03
5.553254336851855e-03	-6.010651e-03
5.553864688414355e-03	-7.137198e-03
5.555085391539355e-03	-9.377445e-03
5.557526797789356e-03	-1.380894e-02
5.562409610289355e-03	-2.247828e-02
5.572175235289355e-03	-3.907647e-02
5.581940860289355e-03	-5.473848e-02
5.591706485289355e-03	-6.951959e-02
5.601472110289355e-03	-8.346731e-02
5.611237735289355e-03	-9.662363e-02
5.621003360289355e-03	-1.090271e-01
5.630768985289355e-03	-1.207139e-01
5.640534610289356e-03	-1.317159e-01
5.650300235289355e-03	-1.420637e-01
5.660065860289355e-03	-1.517843e-01
5.669831485289355e-03	-1.609022e-01
5.671052188414356e-03	-1.619937e-01
5.673493594664355e-03	-1.641496e-01
5.674103946226855e-03	-1.646865e-01
5.675324649351855e-03	-1.657503e-01
5.677766055601855e-03	-1.678497e-01
5.682648868101855e-03	-1.719460e-01
5.692414493101855e-03	-1.797301e-01
5.702180118101855e-03	-1.869874e-01
5.711945743101855e-03	-1.937344e-01
5.721711368101855e-03	-1.999900e-01
5.731476993101855e-03	-2.057680e-01
5.741242618101855e-03	-2.110851e-01
5.751008243101855e-03	-2.159527e-01
5.760773868101855e-03	-2.203854e-01
5.770539493101855e-03	-2.243928e-01
5.780305118101855e-03	-2.279877e-01
5.790070743101855e-03	-2.311780e-01
5.799836368101855e-03	-2.339747e-01
5.809601993101855e-03	-2.363844e-01
5.819367618101855e-03	-2.384163e-01
5.829133243101855e-03	-2.400753e-01
5.838898868101856e-03	-2.413687e-01
5.848664493101855e-03	-2.422994e-01
5.858430118101855e-03	-2.428722e-01
5.868195743101855e-03	-2.430872e-01
5.877961368101856e-03	-2.429454e-01
5.887726993101855e-03	-2.424419e-01
5.897492618101855e-03	-2.415712e-01
5.907258243101855e-03	-2.403195e-01
5.917023868101856e-03	-2.386678e-01
5.926789493101855e-03	-2.365821e-01
5.936555118101855e-03	-2.340111e-01
5.946320743101855e-03	-2.308653e-01
5.956086368101855e-03	-2.269891e-01
5.965851993101855e-03	-2.220718e-01
5.975617618101855e-03	-2.153993e-01
5.985383243101855e-03	-2.043468e-01
5.995148868101855e-03	-1.816066e-01
5.996369571226855e-03	-1.773924e-01
5.998810977476855e-03	-1.683475e-01
5.999421329039355e-03	-1.658620e-01
6.000642032164355e-03	-1.607555e-01
6.000947207945606e-03	-1.594290e-01
6.001557559508105e-03	-1.567445e-01
6.002778262633105e-03	-1.511888e-01
6.003083438414355e-03	-1.497513e-01
6.003693789976855e-03	-1.468497e-01
6.004914493101855e-03	-1.408909e-01
6.005169867310315e-03	-1.396135e-01
6.005680615727234e-03	-1.370436e-01
6.006702112561072e-03	-1.318116e-01
6.008745106228750e-03	-1.210351e-01
6.012357001203149e-03	-1.019413e-01
6.018008523384139e-03	-7.957897e-02
6.027774148384140e-03	-5.606385e-02
6.037539773384139e-03	-3.491950e-02
6.047305398384139e-03	-1.507170e-02
6.057071023384139e-03	3.461952e-03
6.066836648384140e-03	2.100331e-02
6.076602273384140e-03	3.747228e-02
6.086367898384139e-03	5.307116e-02
6.096133523384139e-03	6.773319e-02
6.105899148384140e-03	8.161259e-02
6.115664773384140e-03	9.465536e-02
6.125430398384139e-03	1.069868e-01
6.135196023384139e-03	1.185619e-01
6.144961648384139e-03	1.294881e-01
6.154727273384140e-03	1.397212e-01
6.164492898384139e-03	1.493607e-01
6.174258523384139e-03	1.583626e-01
6.184024148384139e-03	1.668194e-01
6.193789773384140e-03	1.746878e-01
6.203555398384139e-03	1.820501e-01
6.213321023384139e-03	1.888659e-01
6.223086648384139e-03	1.952087e-01
6.232852273384140e-03	2.010409e-01
6.242617898384139e-03	2.064289e-01
6.252383523384139e-03	2.113372e-01
6.262149148384139e-03	2.158258e-01
6.271914773384140e-03	2.198613e-01
6.281680398384139e-03	2.234982e-01
6.291446023384139e-03	2.267048e-01
6.301211648384139e-03	2.295304e-01
6.310977273384140e-03	2.319450e-01
6.320742898384140e-03	2.339930e-01
6.330508523384139e-03	2.356456e-01
6.340274148384139e-03	2.369423e-01
6.350039773384140e-03	2.378547e-01
6.359805398384140e-03	2.384171e-01
6.369571023384139e-03	2.386000e-01
6.379336648384139e-03	2.384314e-01
6.389102273384139e-03	2.378783e-01
6.398867898384140e-03	2.369592e-01
6.408633523384139e-03	2.356320e-01
6.418399148384139e-03	2.338974e-01
6.428164773384139e-03	2.316905e-01
6.437930398384140e-03	2.289696e-01
6.447696023384139e-03	2.255983e-01
6.457461648384139e-03	2.213910e-01
6.467227273384139e-03	2.158868e-01
6.476992898384140e-03	2.079975e-01
6.486758523384139e-03	1.930845e-01
6.496524148384139e-03	1.628035e-01
6.497744851509139e-03	1.575104e-01
6.500186257759139e-03	1.464505e-01
6.500796609321640e-03	1.435144e-01
6.502017312446639e-03	1.375414e-01
6.504458718696639e-03	1.250523e-01
6.505069070259139e-03	1.218096e-01
6.506289773384139e-03	1.152580e-01
6.508731179634139e-03	1.021637e-01
6.512053758421110e-03	8.646908e-02
6.516104912937607e-03	7.331564e-02
6.524207221970598e-03	5.419881e-02
6.533972846970599e-03	3.280184e-02
6.543738471970598e-03	1.303373e-02
6.544959175095598e-03	1.062910e-02
6.547400581345598e-03	5.890051e-03
6.552283393845598e-03	-3.343430e-03
6.562049018845598e-03	-2.102320e-02
6.563269721970598e-03	-2.315095e-02
6.565711128220598e-03	-2.737752e-02
6.570593940720598e-03	-3.564918e-02
6.580359565720598e-03	-5.149012e-02
6.590125190720599e-03	-6.643948e-02
6.599890815720598e-03	-8.054648e-02
6.609656440720598e-03	-9.385340e-02
6.619422065720598e-03	-1.064000e-01
6.629187690720599e-03	-1.182227e-01
6.638953315720598e-03	-1.293541e-01
6.648718940720598e-03	-1.398252e-01
6.658484565720598e-03	-1.496637e-01
6.668250190720598e-03	-1.588952e-01
6.669470893845598e-03	-1.600028e-01
6.671912300095598e-03	-1.621968e-01
6.676795112595598e-03	-1.664593e-01
6.678015815720599e-03	-1.675060e-01
6.680457221970598e-03	-1.695717e-01
6.685340034470598e-03	-1.735988e-01
6.695105659470599e-03	-1.812505e-01
6.704871284470598e-03	-1.883780e-01
6.714636909470598e-03	-1.950008e-01
6.724402534470598e-03	-2.011342e-01
6.734168159470599e-03	-2.067950e-01
6.743933784470598e-03	-2.119962e-01
6.753699409470598e-03	-2.167524e-01
6.763465034470598e-03	-2.210748e-01
6.773230659470599e-03	-2.249758e-01
6.782996284470598e-03	-2.284649e-01
6.792761909470598e-03	-2.315530e-01
6.802527534470598e-03	-2.342479e-01
6.812293159470599e-03	-2.365587e-01
6.822058784470598e-03	-2.384918e-01
6.831824409470598e-03	-2.400544e-01
6.841590034470598e-03	-2.412509e-01
6.851355659470598e-03	-2.420865e-01
6.861121284470599e-03	-2.425631e-01
6.870886909470598e-03	-2.426824e-01
6.880652534470598e-03	-2.424426e-01
6.890418159470598e-03	-2.418400e-01
6.900183784470599e-03	-2.408653e-01
6.909949409470598e-03	-2.395050e-01
6.919715034470598e-03	-2.377347e-01
6.929480659470598e-03	-2.355174e-01
6.939246284470599e-03	-2.327912e-01
6.949011909470598e-03	-2.294524e-01
6.958777534470598e-03	-2.253097e-01
6.968543159470598e-03	-2.199720e-01
6.978308784470599e-03	-2.124736e-01
6.988074409470598e-03	-1.989235e-01
6.997840034470598e-03	-1.710336e-01
6.999060737595598e-03	-1.660525e-01
7.001502143845598e-03	-1.555711e-01
7.002112495408099e-03	-1.527613e-01
7.003333198533098e-03	-1.470158e-01
7.003638374314348e-03	-1.455390e-01
7.004248725876848e-03	-1.425558e-01
7.005469429001848e-03	-1.364450e-01
7.007099126035137e-03	-1.280179e-01
7.008965815621559e-03	-1.180619e-01
7.012233664802628e-03	-1.008015e-01
7.016545689994945e-03	-8.275721e-02
7.025169740379577e-03	-6.074049e-02
7.034935365379577e-03	-3.956440e-02
7.044700990379577e-03	-1.923200e-02
7.054466615379577e-03	-5.806950e-04
7.064232240379577e-03	1.731377e-02
7.073997865379577e-03	3.391643e-02
7.083763490379577e-03	4.980091e-02
7.093529115379577e-03	6.459892e-02
7.103294740379577e-03	7.872244e-02
7.113060365379577e-03	9.189931e-02
7.122825990379577e-03	1.044440e-01
7.132591615379577e-03	1.161475e-01
7.142357240379577e-03	1.272644e-01
7.152122865379577e-03	1.376214e-01
7.161888490379577e-03	1.474311e-01
7.171654115379577e-03	1.565527e-01
7.181419740379577e-03	1.651636e-01
7.191185365379577e-03	1.731467e-01
7.200950990379577e-03	1.806504e-01
7.210716615379577e-03	1.875765e-01
7.220482240379577e-03	1.940500e-01
7.230247865379577e-03	1.999885e-01
7.240013490379577e-03	2.054982e-01
7.249779115379577e-03	2.105092e-01
7.259544740379577e-03	2.151120e-01
7.269310365379577e-03	2.192473e-01
7.279075990379577e-03	2.229919e-01
7.288841615379577e-03	2.262957e-01
7.298607240379577e-03	2.292238e-01
7.308372865379577e-03	2.317336e-01
7.318138490379577e-03	2.338800e-01
7.327904115379577e-03	2.356265e-01
7.337669740379577e-03	2.370185e-01
7.347435365379577e-03	2.380245e-01
7.357200990379577e-03	2.386808e-01
7.366966615379577e-03	2.389587e-01
7.376732240379577e-03	2.388851e-01
7.386497865379577e-03	2.384312e-01
7.396263490379577e-03	2.376126e-01
7.406029115379577e-03	2.363947e-01
7.415794740379577e-03	2.347754e-01
7.425560365379577e-03	2.327013e-01
7.435325990379577e-03	2.301334e-01
7.445091615379577e-03	2.269589e-01
7.454857240379577e-03	2.230223e-01
7.464622865379577e-03	2.179598e-01
7.474388490379577e-03	2.109647e-01
7.484154115379577e-03	1.988328e-01
7.493919740379577e-03	1.737054e-01
7.503685365379577e-03	1.311498e-01
7.504906068504577e-03	1.246559e-01
7.507347474754577e-03	1.114843e-01
7.511480194562657e-03	9.057641e-02
7.515930293673060e-03	7.472151e-02
7.521707153614892e-03	6.084057e-02
7.531472778614891e-03	3.893805e-02
7.541238403614892e-03	1.877402e-02
7.551004028614892e-03	-2.214432e-04
7.552224731739892e-03	-2.490377e-03
7.552529907521141e-03	-3.057711e-03
7.553140259083642e-03	-4.191943e-03
7.553292846974266e-03	-4.475124e-03
7.553598022755517e-03	-5.040911e-03
7.554208374318016e-03	-6.169453e-03
7.554360962208641e-03	-6.451388e-03
7.554666137989892e-03	-7.014234e-03
7.555276489552391e-03	-8.135106e-03
7.556497192677392e-03	-1.036495e-02
7.558938598927391e-03	-1.477550e-02
7.562491882291569e-03	-2.107987e-02
7.569598449019924e-03	-3.329319e-02
7.579364074019925e-03	-4.925568e-02
7.589129699019924e-03	-6.431942e-02
7.598895324019924e-03	-7.853426e-02
7.608660949019924e-03	-9.194327e-02
7.618426574019925e-03	-1.045865e-01
7.628192199019924e-03	-1.165011e-01
7.637957824019924e-03	-1.277197e-01
7.647723449019924e-03	-1.382740e-01
7.657489074019925e-03	-1.481916e-01
7.667254699019924e-03	-1.574990e-01
7.668475402144924e-03	-1.586159e-01
7.670916808394925e-03	-1.608307e-01
7.671527159957424e-03	-1.613770e-01
7.671679747848050e-03	-1.615132e-01
7.671984923629300e-03	-1.617849e-01
7.672595275191799e-03	-1.623254e-01
7.673815978316800e-03	-1.634010e-01
7.676257384566799e-03	-1.655323e-01
7.681140197066799e-03	-1.696830e-01
7.690905822066800e-03	-1.775800e-01
7.700671447066799e-03	-1.849400e-01
7.710437072066799e-03	-1.917906e-01
7.720202697066799e-03	-1.981402e-01
7.729968322066800e-03	-2.040139e-01
7.739733947066799e-03	-2.094175e-01
7.749499572066799e-03	-2.143738e-01
7.759265197066799e-03	-2.188865e-01
7.769030822066800e-03	-2.229764e-01
7.778796447066800e-03	-2.266457e-01
7.788562072066799e-03	-2.299131e-01
7.798327697066799e-03	-2.327792e-01
7.808093322066800e-03	-2.352613e-01
7.817858947066799e-03	-2.373583e-01
7.827624572066800e-03	-2.390855e-01
7.837390197066800e-03	-2.404404e-01
7.847155822066800e-03	-2.414359e-01
7.856921447066800e-03	-2.420673e-01
7.866687072066799e-03	-2.423443e-01
7.876452697066799e-03	-2.422590e-01
7.886218322066799e-03	-2.418160e-01
7.895983947066799e-03	-2.410014e-01
7.905749572066799e-03	-2.398105e-01
7.915515197066800e-03	-2.382169e-01
7.925280822066800e-03	-2.361965e-01
7.935046447066800e-03	-2.336924e-01
7.944812072066799e-03	-2.306276e-01
7.954577697066799e-03	-2.268482e-01
7.964343322066799e-03	-2.220731e-01
7.974108947066799e-03	-2.156442e-01
7.983874572066799e-03	-2.052581e-01
7.993640197066800e-03	-1.841099e-01
7.994860900191799e-03	-1.801612e-01
7.997302306441799e-03	-1.716207e-01
7.997912658004300e-03	-1.692510e-01
7.999133361129299e-03	-1.643684e-01
8.001574767379300e-03	-1.537995e-01
8.002185118941799e-03	-1.509654e-01
8.003405822066800e-03	-1.451776e-01
8.003710997848050e-03	-1.436913e-01
8.004321349410549e-03	-1.406884e-01
8.005542052535550e-03	-1.345455e-01
8.007321555204344e-03	-1.252860e-01
8.009247275101708e-03	-1.149729e-01
8.013098714896435e-03	-9.529811e-02
8.018586356369931e-03	-7.580861e-02
8.026189917348932e-03	-5.801343e-02
8.035955542348934e-03	-3.648284e-02
8.045721167348934e-03	-1.669986e-02
8.055486792348934e-03	2.092729e-03
8.065252417348933e-03	1.962485e-02
8.075018042348933e-03	3.628398e-02
8.084783667348933e-03	5.189737e-02
8.094549292348933e-03	6.671409e-02
8.104314917348933e-03	8.062098e-02
8.114080542348934e-03	9.379414e-02
8.123846167348934e-03	1.061584e-01
8.133611792348934e-03	1.178490e-01
8.143377417348933e-03	1.288110e-01
8.153143042348933e-03	1.391484e-01
8.162908667348933e-03	1.488246e-01
8.172674292348933e-03	1.579215e-01
8.182439917348933e-03	1.664165e-01
8.192205542348934e-03	1.743720e-01
8.201971167348934e-03	1.817737e-01
8.211736792348934e-03	1.886699e-01
8.221502417348934e-03	1.950534e-01
8.231268042348933e-03	2.009606e-01
8.241033667348933e-03	2.063900e-01
8.250799292348933e-03	2.113689e-01
8.260564917348933e-03	2.158997e-01
8.270330542348932e-03	2.200020e-01
8.280096167348934e-03	2.236820e-01
8.289861792348934e-03	2.269522e-01
8.299627417348934e-03	2.298218e-01
8.309393042348933e-03	2.322977e-01
8.319158667348933e-03	2.343907e-01
8.328924292348933e-03	2.361028e-01
8.338689917348933e-03	2.374460e-01
8.348455542348933e-03	2.384171e-01
8.358221167348934e-03	2.390281e-01
8.367986792348934e-03	2.392704e-01
8.377752417348934e-03	2.391540e-01
8.387518042348933e-03	2.386633e-01
8.397283667348933e-03	2.378026e-01
8.407049292348933e-03	2.365453e-01
8.416814917348933e-03	2.348818e-01
8.426580542348933e-03	2.327626e-01
8.436346167348934e-03	2.301417e-01
8.446111792348934e-03	2.269061e-01
8.455877417348934e-03	2.228866e-01
8.465643042348934e-03	2.177016e-01
8.475408667348933e-03	2.104675e-01
8.485174292348933e-03	1.976520e-01
8.494939917348933e-03	1.710884e-01
8.496160620473934e-03	1.662820e-01
8.498602026723933e-03	1.561331e-01
8.503484839223934e-03	1.329947e-01
8.504705542348933e-03	1.266138e-01
8.505010718130184e-03	1.250096e-01
8.505621069692684e-03	1.217820e-01
8.506841772817684e-03	1.152305e-01
8.509283179067684e-03	1.021570e-01
8.512243494902634e-03	8.799917e-02
8.516614039050201e-03	7.359342e-02
8.525200723442329e-03	5.342413e-02
8.534966348442330e-03	3.209797e-02
8.544731973442330e-03	1.241902e-02
8.545952676567329e-03	1.001442e-02
8.548394082817330e-03	5.286791e-03
8.553276895317329e-03	-3.915842e-03
8.553429483207954e-03	-4.200264e-03
8.553734658989204e-03	-4.767991e-03
8.554345010551705e-03	-5.897576e-03
8.555565713676704e-03	-8.147611e-03
8.555797316572179e-03	-8.568837e-03
8.556260522363126e-03	-9.412477e-03
8.556376323810864e-03	-9.623590e-03
8.556607926706337e-03	-1.004547e-02
8.557071132497287e-03	-1.088775e-02
8.557997544079184e-03	-1.256601e-02
8.559850367242976e-03	-1.589336e-02
8.562061389092325e-03	-1.981479e-02
8.566483432791022e-03	-2.750343e-02
8.573341341069508e-03	-3.903340e-02
8.583106966069507e-03	-5.466200e-02
8.592872591069507e-03	-6.941125e-02
8.602638216069507e-03	-8.332677e-02
8.612403841069507e-03	-9.645138e-02
8.622169466069507e-03	-1.088244e-01
8.631935091069506e-03	-1.204804e-01
8.641700716069508e-03	-1.314524e-01
8.651466341069508e-03	-1.417698e-01
8.661231966069508e-03	-1.514608e-01
8.670997591069507e-03	-1.605486e-01
8.672218294194508e-03	-1.616364e-01
8.674659700444507e-03	-1.637849e-01
8.675270052007007e-03	-1.643199e-01
8.676490755132008e-03	-1.653800e-01
8.678932161382007e-03	-1.674720e-01
8.683814973882008e-03	-1.715535e-01
8.693580598882008e-03	-1.793078e-01
8.703346223882007e-03	-1.865354e-01
8.713111848882007e-03	-1.932525e-01
8.722877473882007e-03	-1.994782e-01
8.732643098882007e-03	-2.052261e-01
8.742408723882007e-03	-2.105129e-01
8.752174348882006e-03	-2.153501e-01
8.761939973882008e-03	-2.197521e-01
8.771705598882008e-03	-2.237286e-01
8.781471223882007e-03	-2.272923e-01
8.791236848882007e-03	-2.304512e-01
8.801002473882007e-03	-2.332162e-01
8.810768098882007e-03	-2.355937e-01
8.820533723882007e-03	-2.375929e-01
8.830299348882006e-03	-2.392187e-01
8.840064973882008e-03	-2.404782e-01
8.849830598882008e-03	-2.413742e-01
8.859596223882008e-03	-2.419112e-01
8.869361848882007e-03	-2.420889e-01
8.879127473882007e-03	-2.419080e-01
8.888893098882007e-03	-2.413631e-01
8.898658723882007e-03	-2.404477e-01
8.908424348882006e-03	-2.391467e-01
8.918189973882006e-03	-2.374393e-01
8.927955598882008e-03	-2.352883e-01
8.937721223882008e-03	-2.326372e-01
8.947486848882007e-03	-2.293866e-01
8.957252473882007e-03	-2.253606e-01
8.967018098882007e-03	-2.201991e-01
8.976783723882007e-03	-2.130411e-01
8.986549348882007e-03	-2.005160e-01
8.996314973882006e-03	-1.745782e-01
8.997535677007007e-03	-1.698698e-01
8.999977083257006e-03	-1.598970e-01
9.000587434819508e-03	-1.572025e-01
9.001808137944507e-03	-1.516901e-01
9.002113313725756e-03	-1.502633e-01
9.002723665288257e-03	-1.473814e-01
9.003944368413256e-03	-1.414603e-01
9.004209767796648e-03	-1.401396e-01
9.004740566563432e-03	-1.374818e-01
9.005802164096998e-03	-1.320660e-01
9.007925359164132e-03	-1.208882e-01
9.010707793616542e-03	-1.059785e-01
9.016272662521363e-03	-8.218174e-02
9.026038287521363e-03	-5.750950e-02
9.035803912521364e-03	-3.652086e-02
9.045569537521364e-03	-1.634517e-02
9.055335162521364e-03	2.140701e-03
9.065100787521364e-03	1.991037e-02
9.074866412521363e-03	3.637527e-02
9.084632037521363e-03	5.215070e-02
9.094397662521363e-03	6.683255e-02
9.104163287521363e-03	8.085576e-02
9.113928912521363e-03	9.392533e-02
9.123694537521364e-03	1.063829e-01
9.133460162521364e-03	1.179906e-01
9.143225787521364e-03	1.290286e-01
9.152991412521364e-03	1.392982e-01
9.162757037521363e-03	1.490381e-01
9.172522662521363e-03	1.580795e-01
9.182288287521363e-03	1.666275e-01
9.192053912521363e-03	1.745381e-01
9.201819537521364e-03	1.819840e-01
9.211585162521364e-03	1.888435e-01
9.221350787521364e-03	1.952641e-01
9.231116412521364e-03	2.011416e-01
9.240882037521363e-03	2.066025e-01
9.250647662521363e-03	2.115573e-01
9.260413287521363e-03	2.161148e-01
9.270178912521363e-03	2.201981e-01
9.279944537521364e-03	2.239007e-01
9.289710162521364e-03	2.271563e-01
9.299475787521364e-03	2.300450e-01
9.309241412521364e-03	2.325099e-01
9.319007037521363e-03	2.346192e-01
9.328772662521363e-03	2.363237e-01
9.338538287521363e-03	2.376808e-01
9.348303912521363e-03	2.386472e-01
9.358069537521363e-03	2.392702e-01
9.367835162521364e-03	2.395106e-01
9.377600787521364e-03	2.394050e-01
9.387366412521364e-03	2.389149e-01
9.397132037521364e-03	2.380647e-01
9.406897662521363e-03	2.368108e-01
9.416663287521363e-03	2.351589e-01
9.426428912521363e-03	2.330470e-01
9.436194537521363e-03	2.304418e-01
9.445960162521364e-03	2.272209e-01
9.455725787521364e-03	2.232303e-01
9.465491412521364e-03	2.180858e-01
9.475257037521364e-03	2.109466e-01
9.485022662521363e-03	1.983912e-01
9.494788287521363e-03	1.724172e-01
9.496008990646364e-03	1.677024e-01
9.498450396896363e-03	1.577043e-01
9.503333209396364e-03	1.348012e-01
9.504553912521363e-03	1.284627e-01
9.504859088302613e-03	1.268687e-01
9.505469439865114e-03	1.236622e-01
9.505622027755739e-03	1.228535e-01
9.505927203536988e-03	1.212303e-01
9.506537555099488e-03	1.179577e-01
9.507758258224489e-03	1.113720e-01
9.510199664474488e-03	9.845785e-02
9.512934192773142e-03	8.601806e-02
9.518403249370451e-03	6.953475e-02
9.528168874370451e-03	4.742593e-02
9.537934499370451e-03	2.641162e-02
9.547700124370451e-03	7.180939e-03
9.557465749370450e-03	-1.120376e-02
9.558686452495451e-03	-1.335404e-02
9.561127858745451e-03	-1.769857e-02
9.566010671245451e-03	-2.624597e-02
9.575776296245451e-03	-4.257808e-02
9.585541921245451e-03	-5.800727e-02
9.595307546245451e-03	-7.255219e-02
9.605073171245451e-03	-8.628722e-02
9.614838796245452e-03	-9.922807e-02
9.624604421245452e-03	-1.114367e-01
9.634370046245452e-03	-1.229257e-01
9.644135671245451e-03	-1.337470e-01
9.653901296245451e-03	-1.439115e-01
9.663666921245451e-03	-1.534635e-01
9.664887624370452e-03	-1.546084e-01
9.667329030620451e-03	-1.568818e-01
9.672211843120452e-03	-1.613184e-01
9.672364431011077e-03	-1.614533e-01
9.672669606792327e-03	-1.617234e-01
9.673279958354826e-03	-1.622622e-01
9.674500661479827e-03	-1.633374e-01
9.676942067729826e-03	-1.654606e-01
9.681824880229827e-03	-1.696022e-01
9.691590505229827e-03	-1.774747e-01
9.701356130229826e-03	-1.848149e-01
9.711121755229826e-03	-1.916415e-01
9.720887380229826e-03	-1.979718e-01
9.730653005229826e-03	-2.038219e-01
9.740418630229826e-03	-2.092065e-01
9.750184255229825e-03	-2.141397e-01
9.759949880229827e-03	-2.186335e-01
9.769715505229827e-03	-2.227006e-01
9.779481130229827e-03	-2.263510e-01
9.789246755229826e-03	-2.295957e-01
9.799012380229826e-03	-2.324430e-01
9.808778005229826e-03	-2.349024e-01
9.818543630229826e-03	-2.369804e-01
9.828309255229825e-03	-2.386847e-01
9.838074880229827e-03	-2.400201e-01
9.847840505229827e-03	-2.409922e-01
9.857606130229827e-03	-2.416033e-01
9.867371755229826e-03	-2.418560e-01
9.877137380229826e-03	-2.417489e-01
9.886903005229826e-03	-2.412796e-01
9.896668630229826e-03	-2.404403e-01
9.906434255229826e-03	-2.392193e-01
9.916199880229827e-03	-2.375956e-01
9.925965505229827e-03	-2.355371e-01
9.935731130229827e-03	-2.329904e-01
9.945496755229826e-03	-2.298679e-01
9.955262380229826e-03	-2.260111e-01
9.965028005229826e-03	-2.211103e-01
9.974793630229826e-03	-2.144452e-01
9.984559255229826e-03	-2.033731e-01
9.994324880229825e-03	-1.805593e-01
1.000000000000000e-02	-1.591047e-01
