time	V(n012)
Step Information: Rgain=1  (Step: 1/11)
0.000000000000000e+00	4.500003e-14
5.000000058430487e-08	3.766608e-09
1.000000011686097e-07	3.532269e-07
2.000000023372195e-07	1.161118e-05
4.000000046744390e-07	1.299574e-04
8.000000093488779e-07	6.268264e-04
1.600000018697756e-06	1.881571e-03
3.200000037395512e-06	4.543981e-03
6.400000074791024e-06	9.772174e-03
1.280000014958205e-05	1.996901e-02
2.144781233384221e-05	3.314821e-02
3.121343733384221e-05	4.722573e-02
4.097906233384221e-05	6.042911e-02
5.074468733384221e-05	7.277098e-02
6.051031233384222e-05	8.423588e-02
7.027593733384222e-05	9.483386e-02
8.004156233384221e-05	1.045522e-01
8.980718733384221e-05	1.133997e-01
9.957281233384222e-05	1.213670e-01
1.093384373338422e-04	1.284627e-01
1.191040623338422e-04	1.346815e-01
1.288696873338422e-04	1.400323e-01
1.386353123338422e-04	1.445155e-01
1.484009373338422e-04	1.481409e-01
1.581665623338422e-04	1.509142e-01
1.679321873338422e-04	1.528477e-01
1.776978123338422e-04	1.539522e-01
1.874634373338422e-04	1.542428e-01
1.972290623338422e-04	1.537353e-01
2.069946873338422e-04	1.524476e-01
2.167603123338422e-04	1.504003e-01
2.265259373338422e-04	1.476137e-01
2.362915623338422e-04	1.441128e-01
2.460571873338422e-04	1.399198e-01
2.558228123338422e-04	1.350632e-01
2.570435154588422e-04	1.344105e-01
2.594849217088422e-04	1.330789e-01
2.600952732713422e-04	1.327379e-01
2.613159763963422e-04	1.320510e-01
2.637573826463422e-04	1.306468e-01
2.686401951463422e-04	1.277249e-01
2.772067208732819e-04	1.222390e-01
2.869723458732819e-04	1.154490e-01
2.967379708732819e-04	1.081169e-01
3.065035958732819e-04	1.002762e-01
3.162692208732819e-04	9.196120e-02
3.260348458732819e-04	8.320820e-02
3.358004708732819e-04	7.405455e-02
3.455660958732819e-04	6.453938e-02
3.553317208732819e-04	5.470283e-02
3.650973458732819e-04	4.458645e-02
3.748629708732819e-04	3.423254e-02
3.846285958732819e-04	2.368441e-02
3.956149239982819e-04	1.164255e-02
3.980563302482819e-04	8.948683e-03
3.986666818107819e-04	8.273751e-03
3.998873849357819e-04	6.923249e-03
4.023287911857819e-04	4.217854e-03
4.029391427482819e-04	3.541220e-03
4.041598458732819e-04	2.186720e-03
4.044650216545319e-04	1.848012e-03
4.050753732170319e-04	1.170320e-03
4.062960763420319e-04	-1.861947e-04
4.087374825920319e-04	-2.901689e-03
4.136202950920319e-04	-8.339499e-03
4.181246397748657e-04	-1.336027e-02
4.271333291405334e-04	-2.339647e-02
4.368989541405334e-04	-3.423500e-02
4.466645791405334e-04	-4.498727e-02
4.564302041405334e-04	-5.561089e-02
4.661958291405333e-04	-6.606280e-02
4.759614541405333e-04	-7.630196e-02
4.857270791405334e-04	-8.628730e-02
4.954927041405334e-04	-9.597973e-02
5.052583291405334e-04	-1.053406e-01
5.150239541405334e-04	-1.143334e-01
5.247895791405334e-04	-1.229224e-01
5.345552041405334e-04	-1.310740e-01
5.443208291405334e-04	-1.387558e-01
5.540864541405333e-04	-1.459377e-01
5.638520791405333e-04	-1.525911e-01
5.650727822655334e-04	-1.533819e-01
5.675141885155333e-04	-1.549429e-01
5.723970010155333e-04	-1.579548e-01
5.725495889061583e-04	-1.580465e-01
5.728547646874084e-04	-1.582296e-01
5.734651162499084e-04	-1.585945e-01
5.746858193749083e-04	-1.593170e-01
5.771272256249084e-04	-1.607347e-01
5.820100381249084e-04	-1.634600e-01
5.917756631249084e-04	-1.684615e-01
6.015412881249084e-04	-1.728455e-01
6.113069131249084e-04	-1.765937e-01
6.210725381249083e-04	-1.796918e-01
6.308381631249083e-04	-1.821269e-01
6.406037881249083e-04	-1.838899e-01
6.503694131249083e-04	-1.849738e-01
6.601350381249083e-04	-1.853751e-01
6.699006631249084e-04	-1.850928e-01
6.796662881249084e-04	-1.841291e-01
6.894319131249084e-04	-1.824888e-01
6.991975381249084e-04	-1.801796e-01
7.089631631249084e-04	-1.772116e-01
7.187287881249084e-04	-1.735974e-01
7.284944131249084e-04	-1.693513e-01
7.382600381249083e-04	-1.644902e-01
7.480256631249083e-04	-1.590320e-01
7.577912881249083e-04	-1.529965e-01
7.590119912499084e-04	-1.522030e-01
7.614533974999084e-04	-1.505916e-01
7.663362099999084e-04	-1.472574e-01
7.675569131249083e-04	-1.464053e-01
7.699983193749084e-04	-1.446761e-01
7.748811318749084e-04	-1.411095e-01
7.846467568749084e-04	-1.336018e-01
7.944123818749084e-04	-1.256028e-01
8.041780068749083e-04	-1.171468e-01
8.139436318749083e-04	-1.082579e-01
8.237092568749083e-04	-9.897235e-02
8.334748818749083e-04	-8.931951e-02
8.432405068749083e-04	-7.933787e-02
8.530061318749084e-04	-6.906139e-02
8.627717568749084e-04	-5.853074e-02
8.725373818749084e-04	-4.778361e-02
8.823030068749084e-04	-3.686231e-02
8.920686318749084e-04	-2.580716e-02
9.018342568749084e-04	-1.466138e-02
9.115998818749084e-04	-3.466809e-03
9.213655068749084e-04	7.733208e-03
9.311311318749083e-04	1.889627e-02
9.408967568749083e-04	2.997957e-02
9.506623818749083e-04	4.094104e-02
9.604280068749083e-04	5.173904e-02
9.701936318749084e-04	6.233251e-02
9.799592568749084e-04	7.268152e-02
9.897248818749084e-04	8.274665e-02
9.994905068749084e-04	9.249022e-02
1.009256131874908e-03	1.018750e-01
1.019021756874908e-03	1.108660e-01
1.028787381874908e-03	1.194288e-01
1.038553006874908e-03	1.275315e-01
1.048318631874908e-03	1.351429e-01
1.058084256874908e-03	1.422341e-01
1.067849881874908e-03	1.487788e-01
1.077615506874908e-03	1.547513e-01
1.087381131874908e-03	1.601300e-01
1.097146756874908e-03	1.648932e-01
1.106912381874908e-03	1.690237e-01
1.116678006874908e-03	1.725050e-01
1.126443631874908e-03	1.753247e-01
1.136209256874908e-03	1.774715e-01
1.145974881874908e-03	1.789384e-01
1.155740506874908e-03	1.797197e-01
1.165506131874908e-03	1.798140e-01
1.175271756874908e-03	1.792212e-01
1.185037381874908e-03	1.779455e-01
1.194803006874908e-03	1.759925e-01
1.204568631874908e-03	1.733717e-01
1.214334256874908e-03	1.700936e-01
1.224099881874908e-03	1.661724e-01
1.233865506874908e-03	1.616231e-01
1.243631131874908e-03	1.564639e-01
1.253396756874908e-03	1.507136e-01
1.263162381874908e-03	1.443941e-01
1.272928006874908e-03	1.375277e-01
1.274148709999908e-03	1.366333e-01
1.276590116249908e-03	1.348212e-01
1.281472928749908e-03	1.310923e-01
1.291238553749908e-03	1.232690e-01
1.301004178749908e-03	1.149727e-01
1.310769803749908e-03	1.062364e-01
1.320535428749908e-03	9.708882e-02
1.330301053749908e-03	8.756536e-02
1.340066678749908e-03	7.769930e-02
1.349832303749908e-03	6.752839e-02
1.359597928749908e-03	5.708994e-02
1.369363553749908e-03	4.642357e-02
1.379129178749908e-03	3.556971e-02
1.388894803749908e-03	2.456933e-02
1.398660428749908e-03	1.346494e-02
1.408426053749908e-03	2.298191e-03
1.418191678749908e-03	-8.887467e-03
1.427957303749908e-03	-2.005022e-02
1.437722928749908e-03	-3.114658e-02
1.447488553749908e-03	-4.213539e-02
1.457254178749908e-03	-5.297366e-02
1.467019803749908e-03	-6.362160e-02
1.476785428749908e-03	-7.403740e-02
1.486551053749908e-03	-8.418313e-02
1.496316678749908e-03	-9.401877e-02
1.506082303749908e-03	-1.035087e-01
1.515847928749908e-03	-1.126154e-01
1.525613553749908e-03	-1.213061e-01
1.535379178749908e-03	-1.295459e-01
1.545144803749908e-03	-1.373054e-01
1.554910428749908e-03	-1.445534e-01
1.564676053749908e-03	-1.512638e-01
1.574441678749908e-03	-1.574090e-01
1.575662381874908e-03	-1.581339e-01
1.578103788124908e-03	-1.595607e-01
1.582986600624908e-03	-1.622997e-01
1.592752225624908e-03	-1.673235e-01
1.602517850624908e-03	-1.717221e-01
1.612283475624908e-03	-1.754780e-01
1.622049100624908e-03	-1.785776e-01
1.631814725624908e-03	-1.810083e-01
1.641580350624908e-03	-1.827624e-01
1.651345975624908e-03	-1.838323e-01
1.661111600624908e-03	-1.842164e-01
1.670877225624908e-03	-1.839128e-01
1.680642850624908e-03	-1.829257e-01
1.690408475624908e-03	-1.812587e-01
1.700174100624908e-03	-1.789217e-01
1.709939725624908e-03	-1.759234e-01
1.719705350624908e-03	-1.722784e-01
1.729470975624908e-03	-1.680000e-01
1.739236600624908e-03	-1.631066e-01
1.749002225624908e-03	-1.576152e-01
1.750222928749908e-03	-1.568887e-01
1.752664334999908e-03	-1.554101e-01
1.757547147499908e-03	-1.523369e-01
1.758767850624908e-03	-1.515486e-01
1.761209256874908e-03	-1.499464e-01
1.761819608437408e-03	-1.495386e-01
1.763040311562408e-03	-1.487189e-01
1.765481717812408e-03	-1.470529e-01
1.770364530312408e-03	-1.436208e-01
1.780130155312408e-03	-1.363656e-01
1.789895780312408e-03	-1.286086e-01
1.799661405312408e-03	-1.203772e-01
1.809427030312408e-03	-1.117002e-01
1.819192655312408e-03	-1.026087e-01
1.828958280312408e-03	-9.313486e-02
1.838723905312408e-03	-8.331352e-02
1.848489530312408e-03	-7.318053e-02
1.858255155312408e-03	-6.277386e-02
1.868020780312408e-03	-5.213234e-02
1.877786405312408e-03	-4.129657e-02
1.887552030312408e-03	-3.030750e-02
1.897317655312408e-03	-1.920744e-02
1.907083280312408e-03	-8.038546e-03
1.916848905312408e-03	3.156098e-03
1.926614530312408e-03	1.433401e-02
1.936380155312408e-03	2.545213e-02
1.946145780312408e-03	3.646841e-02
1.955911405312408e-03	4.734057e-02
1.965677030312408e-03	5.802764e-02
1.975442655312409e-03	6.848874e-02
1.985208280312408e-03	7.868458e-02
1.994973905312409e-03	8.857624e-02
2.004739530312408e-03	9.812663e-02
2.014505155312409e-03	1.072993e-01
2.024270780312408e-03	1.160600e-01
2.034036405312409e-03	1.243751e-01
2.043802030312408e-03	1.322134e-01
2.053567655312409e-03	1.395447e-01
2.063333280312408e-03	1.463419e-01
2.073098905312409e-03	1.525783e-01
2.082864530312408e-03	1.582310e-01
2.092630155312409e-03	1.632777e-01
2.102395780312408e-03	1.676999e-01
2.112161405312408e-03	1.714799e-01
2.121927030312408e-03	1.746041e-01
2.131692655312408e-03	1.770600e-01
2.141458280312408e-03	1.788393e-01
2.151223905312408e-03	1.799349e-01
2.160989530312408e-03	1.803442e-01
2.170755155312408e-03	1.800659e-01
2.180520780312408e-03	1.791029e-01
2.190286405312408e-03	1.774595e-01
2.200052030312408e-03	1.751440e-01
2.209817655312408e-03	1.721659e-01
2.219583280312409e-03	1.685384e-01
2.229348905312408e-03	1.642756e-01
2.239114530312409e-03	1.593948e-01
2.248880155312408e-03	1.539139e-01
2.258645780312409e-03	1.478540e-01
2.268411405312408e-03	1.412366e-01
2.278177030312409e-03	1.340860e-01
2.279397733437408e-03	1.331573e-01
2.281839139687408e-03	1.312765e-01
2.286721952187409e-03	1.274124e-01
2.296487577187408e-03	1.193330e-01
2.306242006009399e-03	1.108043e-01
2.316007631009399e-03	1.018446e-01
2.325773256009399e-03	9.248941e-02
2.335538881009399e-03	8.277855e-02
2.345304506009399e-03	7.274281e-02
2.355070131009399e-03	6.242389e-02
2.364835756009399e-03	5.185677e-02
2.374601381009399e-03	4.108465e-02
2.384367006009399e-03	3.014557e-02
2.394132631009399e-03	1.908373e-02
2.403898256009399e-03	7.939111e-03
2.405118959134399e-03	6.545424e-03
2.407560365384399e-03	3.752791e-03
2.408170716946899e-03	3.053950e-03
2.409391420071899e-03	1.656186e-03
2.411832826321899e-03	-1.140763e-03
2.411909120267211e-03	-1.228189e-03
2.412061708157836e-03	-1.403015e-03
2.412366883939086e-03	-1.752612e-03
2.412977235501586e-03	-2.451861e-03
2.414197938626586e-03	-3.850360e-03
2.416639344876586e-03	-6.647036e-03
2.421522157376586e-03	-1.223668e-02
2.431287782376587e-03	-2.338280e-02
2.441053407376586e-03	-3.444907e-02
2.450819032376586e-03	-4.539248e-02
2.460584657376586e-03	-5.617224e-02
2.470350282376586e-03	-6.674678e-02
2.480115907376586e-03	-7.707660e-02
2.489881532376586e-03	-8.712208e-02
2.499647157376586e-03	-9.684564e-02
2.509412782376586e-03	-1.062101e-01
2.519178407376586e-03	-1.151803e-01
2.528944032376586e-03	-1.237221e-01
2.538709657376586e-03	-1.318031e-01
2.548475282376586e-03	-1.393926e-01
2.558240907376586e-03	-1.464619e-01
2.568006532376586e-03	-1.529837e-01
2.569227235501586e-03	-1.537568e-01
2.571668641751586e-03	-1.552816e-01
2.576551454251586e-03	-1.582177e-01
2.577772157376586e-03	-1.589266e-01
2.580213563626586e-03	-1.603222e-01
2.585096376126586e-03	-1.629963e-01
2.594862001126587e-03	-1.678888e-01
2.604627626126586e-03	-1.721512e-01
2.614393251126587e-03	-1.757687e-01
2.624158876126586e-03	-1.787263e-01
2.633924501126587e-03	-1.810137e-01
2.643690126126586e-03	-1.826221e-01
2.653455751126586e-03	-1.835463e-01
2.663221376126586e-03	-1.837835e-01
2.672987001126586e-03	-1.833341e-01
2.682752626126586e-03	-1.822013e-01
2.692518251126586e-03	-1.803908e-01
2.702283876126586e-03	-1.779114e-01
2.712049501126586e-03	-1.747740e-01
2.721815126126586e-03	-1.709920e-01
2.731580751126586e-03	-1.665804e-01
2.741346376126586e-03	-1.615569e-01
2.751112001126586e-03	-1.559398e-01
2.752332704251586e-03	-1.551979e-01
2.754774110501586e-03	-1.536884e-01
2.759656923001586e-03	-1.505539e-01
2.760877626126586e-03	-1.497508e-01
2.763319032376586e-03	-1.481189e-01
2.768201844876586e-03	-1.447439e-01
2.775137746215146e-03	-1.397270e-01
2.784903371215146e-03	-1.322218e-01
2.794668996215146e-03	-1.242306e-01
2.804434621215146e-03	-1.157765e-01
2.823965871215146e-03	-9.761024e-02
2.833731496215146e-03	-8.796272e-02
2.843497121215146e-03	-7.798404e-02
2.853262746215146e-03	-6.771304e-02
2.863028371215146e-03	-5.718663e-02
2.872793996215146e-03	-4.644572e-02
2.882559621215146e-03	-3.553020e-02
2.892325246215146e-03	-2.448238e-02
2.902090871215146e-03	-1.334402e-02
2.911856496215146e-03	-2.158061e-03
2.921622121215146e-03	9.032876e-03
2.931387746215146e-03	2.018595e-02
2.941153371215146e-03	3.125853e-02
2.950918996215146e-03	4.220863e-02
2.960684621215146e-03	5.299432e-02
2.970450246215146e-03	6.357501e-02
2.980215871215146e-03	7.391018e-02
2.989981496215146e-03	8.396117e-02
2.999747121215146e-03	9.368943e-02
3.009512746215146e-03	1.030587e-01
3.019278371215146e-03	1.120330e-01
3.029043996215146e-03	1.205791e-01
3.038809621215146e-03	1.286637e-01
3.048575246215146e-03	1.362571e-01
3.058340871215146e-03	1.433291e-01
3.068106496215146e-03	1.498547e-01
3.077872121215146e-03	1.558069e-01
3.087637746215146e-03	1.611654e-01
3.097403371215146e-03	1.659073e-01
3.107168996215146e-03	1.700168e-01
3.116934621215146e-03	1.734761e-01
3.126700246215146e-03	1.762741e-01
3.136465871215146e-03	1.783983e-01
3.146231496215146e-03	1.798431e-01
3.155997121215146e-03	1.806015e-01
3.165762746215146e-03	1.806736e-01
3.175528371215146e-03	1.800582e-01
3.185293996215146e-03	1.787609e-01
3.195059621215146e-03	1.767860e-01
3.204825246215146e-03	1.741444e-01
3.214590871215146e-03	1.708456e-01
3.224356496215146e-03	1.669051e-01
3.234122121215146e-03	1.623368e-01
3.243887746215146e-03	1.571600e-01
3.253653371215146e-03	1.513925e-01
3.263418996215146e-03	1.450574e-01
3.273184621215146e-03	1.381757e-01
3.274405324340146e-03	1.372796e-01
3.276846730590146e-03	1.354639e-01
3.281729543090146e-03	1.317281e-01
3.291495168090146e-03	1.238917e-01
3.301260793090146e-03	1.155830e-01
3.311026418090146e-03	1.068353e-01
3.320792043090146e-03	9.767696e-02
3.330557668090146e-03	8.814369e-02
3.340323293090146e-03	7.826851e-02
3.350088918090146e-03	6.808943e-02
3.359854543090146e-03	5.764347e-02
3.369620168090146e-03	4.697063e-02
3.379385793090146e-03	3.611102e-02
3.389151418090146e-03	2.510598e-02
3.398917043090146e-03	1.399772e-02
3.408682668090146e-03	2.828235e-03
3.409903371215146e-03	1.432850e-03
3.412344777465146e-03	-1.362456e-03
3.412955129027646e-03	-2.061635e-03
3.414175832152646e-03	-3.459942e-03
3.416617238402646e-03	-6.256863e-03
3.421500050902646e-03	-1.184690e-02
3.431265675902646e-03	-2.299395e-02
3.441031300902646e-03	-3.406127e-02
3.450796925902646e-03	-4.500585e-02
3.460562550902646e-03	-5.578689e-02
3.470328175902646e-03	-6.636280e-02
3.480093800902646e-03	-7.669412e-02
3.489859425902646e-03	-8.674116e-02
3.499625050902646e-03	-9.646641e-02
3.509390675902646e-03	-1.058326e-01
3.519156300902646e-03	-1.148047e-01
3.528921925902646e-03	-1.233483e-01
3.538687550902646e-03	-1.314314e-01
3.548453175902646e-03	-1.390230e-01
3.558218800902646e-03	-1.460944e-01
3.567984425902646e-03	-1.526184e-01
3.577750050902646e-03	-1.585697e-01
3.578970754027646e-03	-1.592692e-01
3.581412160277646e-03	-1.606467e-01
3.586294972777646e-03	-1.632840e-01
3.596060597777646e-03	-1.681012e-01
3.605826222777646e-03	-1.722861e-01
3.615591847777646e-03	-1.758244e-01
3.625357472777646e-03	-1.787013e-01
3.635123097777646e-03	-1.809071e-01
3.644888722777646e-03	-1.824329e-01
3.654654347777646e-03	-1.832742e-01
3.664419972777646e-03	-1.834283e-01
3.674185597777646e-03	-1.828962e-01
3.683951222777646e-03	-1.816810e-01
3.693716847777646e-03	-1.797892e-01
3.703482472777646e-03	-1.772296e-01
3.713248097777646e-03	-1.740132e-01
3.723013722777646e-03	-1.701538e-01
3.732779347777646e-03	-1.656670e-01
3.742544972777646e-03	-1.605700e-01
3.752310597777646e-03	-1.548819e-01
3.753531300902646e-03	-1.541311e-01
3.755972707152646e-03	-1.526040e-01
3.760855519652646e-03	-1.494351e-01
3.761985704822652e-03	-1.486839e-01
3.764246075162665e-03	-1.471598e-01
3.768766815842690e-03	-1.440162e-01
3.777808297202740e-03	-1.373963e-01
3.787573922202739e-03	-1.297547e-01
3.797339547202740e-03	-1.216344e-01
3.807105172202739e-03	-1.130593e-01
3.816870797202740e-03	-1.040639e-01
3.826636422202739e-03	-9.467703e-02
3.836402047202740e-03	-8.493554e-02
3.855933297202740e-03	-6.452852e-02
3.865698922202739e-03	-5.393953e-02
3.875464547202740e-03	-4.314719e-02
3.885230172202739e-03	-3.219165e-02
3.894995797202740e-03	-2.111539e-02
3.904761422202739e-03	-9.960298e-03
3.914527047202739e-03	1.230617e-03
3.924292672202740e-03	1.241478e-02
3.934058297202740e-03	2.354934e-02
3.943823922202739e-03	3.459182e-02
3.953589547202739e-03	4.550032e-02
3.963355172202739e-03	5.623316e-02
3.973120797202740e-03	6.674989e-02
3.982886422202740e-03	7.701033e-02
3.992652047202739e-03	8.697604e-02
4.002417672202739e-03	9.660885e-02
4.012183297202740e-03	1.058728e-01
4.021948922202740e-03	1.147324e-01
4.031714547202739e-03	1.231547e-01
4.041480172202739e-03	1.311071e-01
4.051245797202740e-03	1.385598e-01
4.061011422202740e-03	1.454841e-01
4.070777047202739e-03	1.518543e-01
4.080542672202739e-03	1.576455e-01
4.090308297202740e-03	1.628363e-01
4.100073922202740e-03	1.674061e-01
4.109839547202739e-03	1.713381e-01
4.119605172202739e-03	1.746167e-01
4.129370797202740e-03	1.772302e-01
4.139136422202740e-03	1.791682e-01
4.148902047202739e-03	1.804244e-01
4.158667672202739e-03	1.809941e-01
4.168433297202740e-03	1.808768e-01
4.178198922202740e-03	1.800732e-01
4.187964547202739e-03	1.785887e-01
4.197730172202739e-03	1.764295e-01
4.207495797202739e-03	1.736059e-01
4.217261422202740e-03	1.701293e-01
4.227027047202740e-03	1.660147e-01
4.236792672202739e-03	1.612775e-01
4.246558297202739e-03	1.559367e-01
4.256323922202740e-03	1.500115e-01
4.266089547202740e-03	1.435243e-01
4.275855172202739e-03	1.364976e-01
4.277075875327739e-03	1.355840e-01
4.279517281577739e-03	1.337333e-01
4.284400094077739e-03	1.299287e-01
4.294165719077739e-03	1.219609e-01
4.303931344077740e-03	1.135287e-01
4.313696969077740e-03	1.046659e-01
4.323462594077739e-03	9.540137e-02
4.333228219077739e-03	8.577128e-02
4.342993844077740e-03	7.580899e-02
4.352759469077740e-03	6.555308e-02
4.362525094077739e-03	5.504077e-02
4.372290719077739e-03	4.431253e-02
4.382056344077740e-03	3.340859e-02
4.391821969077740e-03	2.237065e-02
4.401587594077739e-03	1.124093e-02
4.402808297202739e-03	9.848019e-03
4.405249703452740e-03	7.057058e-03
4.410132515952740e-03	1.464186e-03
4.411353219077739e-03	6.883706e-05
4.413794625327740e-03	-2.726835e-03
4.414404976890239e-03	-3.425825e-03
4.415625680015240e-03	-4.824088e-03
4.418067086265239e-03	-7.620858e-03
4.422157971118440e-03	-1.230334e-02
4.426440137337962e-03	-1.719715e-02
4.435004469777002e-03	-2.694729e-02
4.444770094777002e-03	-3.797358e-02
4.454535719777002e-03	-4.886140e-02
4.464301344777002e-03	-5.956968e-02
4.474066969777002e-03	-7.005760e-02
4.483832594777002e-03	-8.028559e-02
4.493598219777002e-03	-9.021482e-02
4.503363844777003e-03	-9.980778e-02
4.513129469777002e-03	-1.090282e-01
4.522895094777002e-03	-1.178410e-01
4.532660719777002e-03	-1.262130e-01
4.542426344777003e-03	-1.341123e-01
4.552191969777002e-03	-1.415090e-01
4.561957594777002e-03	-1.483748e-01
4.571723219777002e-03	-1.546836e-01
4.572943922902003e-03	-1.554295e-01
4.575385329152002e-03	-1.568993e-01
4.575995680714502e-03	-1.572596e-01
4.577216383839502e-03	-1.579753e-01
4.579657790089503e-03	-1.593776e-01
4.580268141652002e-03	-1.597220e-01
4.581488844777003e-03	-1.604054e-01
4.583930251027002e-03	-1.617423e-01
4.588813063527002e-03	-1.643026e-01
4.598578688527003e-03	-1.689590e-01
4.608344313527002e-03	-1.729804e-01
4.618109938527002e-03	-1.763501e-01
4.627875563527002e-03	-1.790565e-01
4.637641188527002e-03	-1.810886e-01
4.647406813527002e-03	-1.824398e-01
4.657172438527002e-03	-1.831052e-01
4.666938063527002e-03	-1.830837e-01
4.676703688527002e-03	-1.823761e-01
4.686469313527003e-03	-1.809871e-01
4.696234938527002e-03	-1.789233e-01
4.706000563527002e-03	-1.761942e-01
4.715766188527002e-03	-1.728116e-01
4.725531813527003e-03	-1.687897e-01
4.735297438527002e-03	-1.641443e-01
4.745063063527002e-03	-1.588936e-01
4.754828688527002e-03	-1.530564e-01
4.756049391652003e-03	-1.522870e-01
4.758490797902002e-03	-1.507235e-01
4.763373610402002e-03	-1.474834e-01
4.771301552958236e-03	-1.419398e-01
4.779542050131776e-03	-1.358080e-01
4.789307675131776e-03	-1.280816e-01
4.799073300131775e-03	-1.198767e-01
4.808838925131776e-03	-1.112263e-01
4.818604550131776e-03	-1.021578e-01
4.828370175131776e-03	-9.270652e-02
4.838135800131775e-03	-8.290463e-02
4.847901425131776e-03	-7.279013e-02
4.857667050131776e-03	-6.239907e-02
4.867432675131776e-03	-5.177180e-02
4.877198300131775e-03	-4.094752e-02
4.886963925131775e-03	-2.996819e-02
4.896729550131776e-03	-1.887517e-02
4.906495175131776e-03	-7.711287e-03
4.916260800131775e-03	3.481013e-03
4.926026425131775e-03	1.465882e-02
4.935792050131776e-03	2.577942e-02
4.945557675131776e-03	3.680056e-02
4.955323300131776e-03	4.768008e-02
4.965088925131775e-03	5.837692e-02
4.974854550131776e-03	6.885017e-02
4.984620175131776e-03	7.906055e-02
4.994385800131776e-03	8.896898e-02
5.004151425131775e-03	9.853843e-02
5.013917050131776e-03	1.077322e-01
5.023682675131776e-03	1.165161e-01
5.033448300131776e-03	1.248562e-01
5.043213925131775e-03	1.327216e-01
5.052979550131776e-03	1.400814e-01
5.062745175131776e-03	1.469090e-01
5.072510800131776e-03	1.531768e-01
5.082276425131775e-03	1.588628e-01
5.092042050131776e-03	1.639433e-01
5.101807675131776e-03	1.684008e-01
5.111573300131776e-03	1.722165e-01
5.121338925131775e-03	1.753775e-01
5.131104550131775e-03	1.778702e-01
5.140870175131776e-03	1.796871e-01
5.150635800131776e-03	1.808202e-01
5.160401425131775e-03	1.812674e-01
5.170167050131775e-03	1.810266e-01
5.179932675131776e-03	1.801013e-01
5.189698300131776e-03	1.784949e-01
5.199463925131776e-03	1.762166e-01
5.209229550131775e-03	1.732749e-01
5.218995175131776e-03	1.696837e-01
5.228760800131776e-03	1.654562e-01
5.238526425131776e-03	1.606104e-01
5.248292050131775e-03	1.551636e-01
5.258057675131776e-03	1.491371e-01
5.267823300131776e-03	1.425518e-01
5.277588925131776e-03	1.354324e-01
5.278809628256775e-03	1.345073e-01
5.281251034506776e-03	1.326343e-01
5.281861386069276e-03	1.321595e-01
5.283082089194276e-03	1.312060e-01
5.285523495444275e-03	1.292743e-01
5.290406307944276e-03	1.253214e-01
5.297692483421966e-03	1.192038e-01
5.307458108421966e-03	1.106131e-01
5.317223733421966e-03	1.016010e-01
5.326989358421966e-03	9.220085e-02
5.336754983421966e-03	8.244623e-02
5.346520608421966e-03	7.237376e-02
5.356286233421966e-03	6.202034e-02
5.366051858421966e-03	5.142540e-02
5.375817483421965e-03	4.062851e-02
5.385583108421966e-03	2.967115e-02
5.395348733421966e-03	1.859467e-02
5.405114358421966e-03	7.441785e-03
5.406335061546965e-03	6.047131e-03
5.408776467796966e-03	3.253141e-03
5.409386819359466e-03	2.554065e-03
5.410607522484466e-03	1.155830e-03
5.410912698265716e-03	8.062391e-04
5.411523049828216e-03	1.070278e-04
5.411675637718841e-03	-6.778811e-05
5.411980813500090e-03	-4.174264e-04
5.412591165062591e-03	-1.116784e-03
5.412743752953216e-03	-1.291700e-03
5.413048928734466e-03	-1.641450e-03
5.413659280296966e-03	-2.340747e-03
5.414879983421965e-03	-3.739448e-03
5.417321389671966e-03	-6.536345e-03
5.420859310538393e-03	-1.058719e-02
5.427935152271248e-03	-1.867319e-02
5.437700777271248e-03	-2.977360e-02
5.447466402271247e-03	-4.076616e-02
5.457232027271247e-03	-5.160884e-02
5.466997652271247e-03	-6.226069e-02
5.476763277271248e-03	-7.268115e-02
5.486528902271247e-03	-8.283091e-02
5.496294527271247e-03	-9.267139e-02
5.506060152271247e-03	-1.021655e-01
5.515825777271248e-03	-1.112772e-01
5.525591402271247e-03	-1.199721e-01
5.535357027271247e-03	-1.282172e-01
5.545122652271247e-03	-1.359811e-01
5.554888277271248e-03	-1.432345e-01
5.564653902271247e-03	-1.499496e-01
5.574419527271247e-03	-1.561007e-01
5.575640230396247e-03	-1.568264e-01
5.578081636646247e-03	-1.582554e-01
5.582964449146247e-03	-1.609959e-01
5.584185152271247e-03	-1.616566e-01
5.586626558521247e-03	-1.629539e-01
5.591509371021247e-03	-1.654281e-01
5.601274996021247e-03	-1.699125e-01
5.611040621021248e-03	-1.737553e-01
5.620806246021248e-03	-1.769444e-01
5.630571871021247e-03	-1.794658e-01
5.640337496021247e-03	-1.813118e-01
5.650103121021247e-03	-1.824744e-01
5.659868746021248e-03	-1.829514e-01
5.669634371021247e-03	-1.827408e-01
5.679399996021247e-03	-1.818457e-01
5.689165621021247e-03	-1.802702e-01
5.698931246021248e-03	-1.780225e-01
5.708696871021247e-03	-1.751123e-01
5.718462496021247e-03	-1.715524e-01
5.728228121021247e-03	-1.673572e-01
5.737993746021248e-03	-1.625432e-01
5.747759371021247e-03	-1.571289e-01
5.748980074146247e-03	-1.564116e-01
5.751421480396248e-03	-1.549515e-01
5.752031831958747e-03	-1.545791e-01
5.753252535083748e-03	-1.538298e-01
5.755693941333747e-03	-1.523031e-01
5.756304292896247e-03	-1.519158e-01
5.757524996021247e-03	-1.511360e-01
5.759966402271248e-03	-1.495475e-01
5.760576753833747e-03	-1.491450e-01
5.761797456958748e-03	-1.483348e-01
5.764238863208747e-03	-1.466862e-01
5.769121675708747e-03	-1.432885e-01
5.778887300708748e-03	-1.360990e-01
5.788652925708748e-03	-1.284044e-01
5.798418550708747e-03	-1.202313e-01
5.808184175708747e-03	-1.116090e-01
5.817949800708747e-03	-1.025679e-01
5.827715425708748e-03	-9.314062e-02
5.837481050708747e-03	-8.336148e-02
5.847246675708747e-03	-7.326640e-02
5.857012300708747e-03	-6.289305e-02
5.866777925708748e-03	-5.228022e-02
5.876543550708747e-03	-4.146827e-02
5.886309175708747e-03	-3.049810e-02
5.896074800708747e-03	-1.941184e-02
5.905840425708748e-03	-8.251606e-03
5.915606050708747e-03	2.939635e-03
5.925371675708747e-03	1.411940e-02
5.935137300708747e-03	2.524465e-02
5.944902925708748e-03	3.627334e-02
5.954668550708747e-03	4.716314e-02
5.964434175708747e-03	5.787302e-02
5.974199800708747e-03	6.836201e-02
5.983965425708748e-03	7.859071e-02
5.993731050708748e-03	8.852006e-02
6.003496675708747e-03	9.811284e-02
6.013262300708747e-03	1.073324e-01
6.023027925708748e-03	1.161443e-01
6.042559175708747e-03	1.324123e-01
6.052324800708747e-03	1.398064e-01
6.062090425708747e-03	1.466699e-01
6.071856050708748e-03	1.529755e-01
6.081621675708747e-03	1.587005e-01
6.091387300708747e-03	1.638217e-01
6.101152925708747e-03	1.683208e-01
6.110918550708748e-03	1.721794e-01
6.120684175708747e-03	1.753839e-01
6.130449800708747e-03	1.779211e-01
6.140215425708747e-03	1.797827e-01
6.149981050708748e-03	1.809611e-01
6.159746675708747e-03	1.814535e-01
6.169512300708747e-03	1.812581e-01
6.179277925708747e-03	1.803777e-01
6.189043550708748e-03	1.788161e-01
6.198809175708747e-03	1.765818e-01
6.208574800708747e-03	1.736836e-01
6.218340425708747e-03	1.701348e-01
6.228106050708748e-03	1.659491e-01
6.237871675708748e-03	1.611438e-01
6.247637300708747e-03	1.557364e-01
6.257402925708747e-03	1.497479e-01
6.267168550708748e-03	1.431992e-01
6.276934175708748e-03	1.361148e-01
6.278154878833747e-03	1.351939e-01
6.280596285083748e-03	1.333293e-01
6.281206636646247e-03	1.328566e-01
6.282427339771248e-03	1.319074e-01
6.284868746021247e-03	1.299842e-01
6.289751558521247e-03	1.260471e-01
6.299517183521247e-03	1.178214e-01
6.309282808521248e-03	1.091492e-01
6.319048433521247e-03	1.000625e-01
6.328814058521247e-03	9.059318e-02
6.338579683521247e-03	8.077662e-02
6.348345308521248e-03	7.064842e-02
6.358110933521247e-03	6.024698e-02
6.367876558521247e-03	4.961080e-02
6.377642183521247e-03	3.878077e-02
6.387407808521248e-03	2.779745e-02
6.397173433521247e-03	1.670336e-02
6.406939058521247e-03	5.540249e-03
6.408159761646247e-03	4.145042e-03
6.410601167896247e-03	1.350045e-03
6.411211519458748e-03	6.508129e-04
6.412432222583747e-03	-7.476509e-04
6.414873628833747e-03	-3.545521e-03
6.414949922779059e-03	-3.632916e-03
6.415102510669685e-03	-3.807673e-03
6.415407686450935e-03	-4.157239e-03
6.416018038013435e-03	-4.856524e-03
6.417238741138435e-03	-6.254965e-03
6.419680147388434e-03	-9.050866e-03
6.423556368790624e-03	-1.348578e-02
6.431308811595003e-03	-2.233119e-02
6.441074436595003e-03	-3.339954e-02
6.450840061595004e-03	-4.434546e-02
6.460605686595003e-03	-5.512730e-02
6.470371311595003e-03	-6.570419e-02
6.480136936595003e-03	-7.603601e-02
6.489902561595004e-03	-8.608368e-02
6.499668186595003e-03	-9.580913e-02
6.509433811595003e-03	-1.051756e-01
6.519199436595003e-03	-1.141476e-01
6.528965061595004e-03	-1.226912e-01
6.538730686595003e-03	-1.307740e-01
6.548496311595003e-03	-1.383654e-01
6.558261936595003e-03	-1.454363e-01
6.568027561595004e-03	-1.519599e-01
6.569248264720003e-03	-1.527333e-01
6.571689670970003e-03	-1.542586e-01
6.576572483470003e-03	-1.571959e-01
6.577793186595004e-03	-1.579055e-01
6.580234592845003e-03	-1.593011e-01
6.580844944407503e-03	-1.596430e-01
6.582065647532503e-03	-1.603217e-01
6.584507053782503e-03	-1.616502e-01
6.589389866282503e-03	-1.641929e-01
6.599155491282503e-03	-1.688136e-01
6.608921116282503e-03	-1.727983e-01
6.618686741282504e-03	-1.761307e-01
6.628452366282503e-03	-1.787990e-01
6.638217991282503e-03	-1.807927e-01
6.647983616282503e-03	-1.821051e-01
6.657749241282504e-03	-1.827316e-01
6.667514866282503e-03	-1.826711e-01
6.677280491282503e-03	-1.819248e-01
6.687046116282503e-03	-1.804973e-01
6.696811741282504e-03	-1.783954e-01
6.706577366282503e-03	-1.756288e-01
6.716342991282503e-03	-1.722092e-01
6.726108616282503e-03	-1.681510e-01
6.735874241282504e-03	-1.634702e-01
6.745639866282504e-03	-1.581849e-01
6.746860569407503e-03	-1.574834e-01
6.749301975657504e-03	-1.560547e-01
6.754184788157504e-03	-1.530801e-01
6.755405491282503e-03	-1.523161e-01
6.757846897532504e-03	-1.507621e-01
6.762729710032504e-03	-1.475400e-01
6.770009755126267e-03	-1.424891e-01
6.777714545643387e-03	-1.368206e-01
6.787480170643387e-03	-1.291863e-01
6.797245795643387e-03	-1.210682e-01
6.807011420643387e-03	-1.124990e-01
6.816777045643387e-03	-1.035057e-01
6.826542670643387e-03	-9.412356e-02
6.836308295643387e-03	-8.438427e-02
6.846073920643387e-03	-7.432562e-02
6.855839545643387e-03	-6.398337e-02
6.865605170643387e-03	-5.339761e-02
6.875370795643387e-03	-4.260736e-02
6.885136420643387e-03	-3.165439e-02
6.894902045643387e-03	-2.057996e-02
6.904667670643387e-03	-9.426761e-03
6.914433295643387e-03	1.762745e-03
6.924198920643387e-03	1.294575e-02
6.933964545643387e-03	2.407943e-02
6.943730170643387e-03	3.512155e-02
6.953495795643387e-03	4.602980e-02
6.963261420643387e-03	5.676307e-02
6.973027045643387e-03	6.728023e-02
6.982792670643387e-03	7.754190e-02
6.992558295643387e-03	8.750871e-02
7.002323920643387e-03	9.714351e-02
7.012089545643387e-03	1.064093e-01
7.021855170643387e-03	1.152715e-01
7.031620795643387e-03	1.236961e-01
7.041386420643387e-03	1.316518e-01
7.051152045643387e-03	1.391074e-01
7.060917670643387e-03	1.460356e-01
7.070683295643387e-03	1.524090e-01
7.080448920643387e-03	1.582044e-01
7.090214545643387e-03	1.633987e-01
7.099980170643387e-03	1.679730e-01
7.109745795643387e-03	1.719088e-01
7.119511420643387e-03	1.751920e-01
7.129277045643387e-03	1.778093e-01
7.139042670643387e-03	1.797519e-01
7.148808295643387e-03	1.810119e-01
7.158573920643387e-03	1.815862e-01
7.168339545643387e-03	1.814726e-01
7.178105170643387e-03	1.806737e-01
7.187870795643387e-03	1.791929e-01
7.197636420643387e-03	1.770383e-01
7.207402045643387e-03	1.742187e-01
7.217167670643387e-03	1.707470e-01
7.226933295643387e-03	1.666364e-01
7.236698920643387e-03	1.619043e-01
7.246464545643387e-03	1.565679e-01
7.256230170643387e-03	1.506479e-01
7.265995795643387e-03	1.441651e-01
7.275761420643387e-03	1.371438e-01
7.276982123768387e-03	1.362305e-01
7.279423530018387e-03	1.343811e-01
7.284306342518387e-03	1.305790e-01
7.294071967518387e-03	1.226157e-01
7.303837592518387e-03	1.141880e-01
7.313603217518387e-03	1.053293e-01
7.323368842518387e-03	9.606860e-02
7.333134467518387e-03	8.644171e-02
7.342900092518387e-03	7.648241e-02
7.352665717518387e-03	6.622871e-02
7.362431342518387e-03	5.571833e-02
7.372196967518387e-03	4.499124e-02
7.381962592518387e-03	3.408813e-02
7.391728217518387e-03	2.305027e-02
7.401493842518387e-03	1.192030e-02
7.411259467518387e-03	7.400587e-04
7.412480170643387e-03	-6.558318e-04
7.414921576893387e-03	-3.451928e-03
7.415531928455887e-03	-4.150915e-03
7.416752631580887e-03	-5.549097e-03
7.419194037830887e-03	-8.345507e-03
7.424076850330887e-03	-1.393212e-02
7.428703682526136e-03	-1.921481e-02
7.437957346916635e-03	-2.972943e-02
7.447722971916636e-03	-4.071954e-02
7.457488596916636e-03	-5.155841e-02
7.467254221916636e-03	-6.220563e-02
7.477019846916635e-03	-7.262022e-02
7.486785471916636e-03	-8.276325e-02
7.496551096916636e-03	-9.259591e-02
7.506316721916636e-03	-1.020813e-01
7.516082346916635e-03	-1.111833e-01
7.525847971916636e-03	-1.198677e-01
7.535613596916636e-03	-1.281014e-01
7.545379221916636e-03	-1.358532e-01
7.555144846916636e-03	-1.430937e-01
7.564910471916635e-03	-1.497952e-01
7.574676096916636e-03	-1.559321e-01
7.575896800041636e-03	-1.566560e-01
7.578338206291636e-03	-1.580815e-01
7.583221018791636e-03	-1.608145e-01
7.584441721916636e-03	-1.614734e-01
7.586883128166636e-03	-1.627669e-01
7.591765940666636e-03	-1.652335e-01
7.601531565666636e-03	-1.697023e-01
7.611297190666636e-03	-1.735292e-01
7.621062815666635e-03	-1.767022e-01
7.630828440666636e-03	-1.792071e-01
7.640594065666636e-03	-1.810365e-01
7.650359690666636e-03	-1.821825e-01
7.660125315666635e-03	-1.826427e-01
7.669890940666636e-03	-1.824154e-01
7.679656565666636e-03	-1.815036e-01
7.689422190666636e-03	-1.799116e-01
7.699187815666635e-03	-1.776475e-01
7.708953440666636e-03	-1.747212e-01
7.718719065666636e-03	-1.711453e-01
7.728484690666636e-03	-1.669343e-01
7.738250315666636e-03	-1.621050e-01
7.748015940666635e-03	-1.566756e-01
7.749236643791636e-03	-1.559565e-01
7.751678050041635e-03	-1.544926e-01
7.752288401604136e-03	-1.541193e-01
7.753509104729136e-03	-1.533681e-01
7.755950510979136e-03	-1.518376e-01
7.756560862541635e-03	-1.514494e-01
7.757781565666636e-03	-1.506678e-01
7.760222971916635e-03	-1.490757e-01
7.765105784416635e-03	-1.457894e-01
7.771333399746658e-03	-1.414022e-01
7.781099024746658e-03	-1.340962e-01
7.790864649746658e-03	-1.262906e-01
7.800630274746658e-03	-1.180132e-01
7.810395899746658e-03	-1.092931e-01
7.820161524746658e-03	-1.001616e-01
7.829927149746658e-03	-9.065152e-02
7.839692774746658e-03	-8.079761e-02
7.849458399746658e-03	-7.063632e-02
7.859224024746658e-03	-6.020539e-02
7.868989649746657e-03	-4.954428e-02
7.878755274746657e-03	-3.869314e-02
7.888520899746659e-03	-2.769355e-02
7.898286524746658e-03	-1.658723e-02
7.908052149746658e-03	-5.416941e-03
7.917817774746658e-03	5.774940e-03
7.927583399746658e-03	1.694526e-02
7.937349024746658e-03	2.805177e-02
7.947114649746657e-03	3.905178e-02
7.956880274746657e-03	4.990381e-02
7.966645899746659e-03	6.056628e-02
7.976411524746659e-03	7.099913e-02
7.986177149746658e-03	8.116247e-02
7.995942774746658e-03	9.101819e-02
8.005708399746658e-03	1.005287e-01
8.015474024746658e-03	1.096582e-01
8.025239649746658e-03	1.183721e-01
8.035005274746657e-03	1.266374e-01
8.044770899746657e-03	1.344227e-01
8.054536524746659e-03	1.416981e-01
8.064302149746658e-03	1.484368e-01
8.074067774746658e-03	1.546119e-01
8.083833399746658e-03	1.602012e-01
8.093599024746658e-03	1.651821e-01
8.103364649746658e-03	1.695368e-01
8.113130274746657e-03	1.732473e-01
8.122895899746657e-03	1.763007e-01
8.132661524746659e-03	1.786845e-01
8.142427149746658e-03	1.803908e-01
8.152192774746658e-03	1.814128e-01
8.161958399746658e-03	1.817483e-01
8.171724024746658e-03	1.813962e-01
8.181489649746658e-03	1.803600e-01
8.191255274746657e-03	1.786442e-01
8.201020899746657e-03	1.762576e-01
8.210786524746659e-03	1.732099e-01
8.220552149746659e-03	1.695148e-01
8.230317774746658e-03	1.651865e-01
8.240083399746658e-03	1.602427e-01
8.249849024746658e-03	1.547013e-01
8.259614649746658e-03	1.485838e-01
8.269380274746658e-03	1.419115e-01
8.279145899746657e-03	1.347090e-01
8.280366602871658e-03	1.337740e-01
8.282808009121657e-03	1.318809e-01
8.283418360684159e-03	1.314012e-01
8.284639063809158e-03	1.304377e-01
8.287080470059159e-03	1.284866e-01
8.291963282559158e-03	1.244957e-01
8.298932382845996e-03	1.185971e-01
8.308698007845998e-03	1.099514e-01
8.318463632845998e-03	1.008882e-01
8.328229257845998e-03	9.144122e-02
8.337994882845997e-03	8.164415e-02
8.347760507845997e-03	7.153375e-02
8.357526132845997e-03	6.114718e-02
8.367291757845997e-03	5.052395e-02
8.377057382845996e-03	3.970382e-02
8.386823007845998e-03	2.872836e-02
8.396588632845998e-03	1.763904e-02
8.406354257845998e-03	6.478582e-03
8.407574960970996e-03	5.083373e-03
8.410016367220998e-03	2.288481e-03
8.410626718783497e-03	1.589246e-03
8.411847421908498e-03	1.907347e-04
8.412152597689748e-03	-1.589088e-04
8.412762949252247e-03	-8.582147e-04
8.412915537142872e-03	-1.033050e-03
8.413220712924122e-03	-1.382725e-03
8.413831064486623e-03	-2.082172e-03
8.413983652377248e-03	-2.257087e-03
8.414288828158497e-03	-2.606836e-03
8.414899179720997e-03	-3.306161e-03
8.416119882845997e-03	-4.704842e-03
8.418561289095997e-03	-7.501451e-03
8.422302470562932e-03	-1.178380e-02
8.429784833496804e-03	-2.032815e-02
8.439550458496804e-03	-3.141245e-02
8.449316083496803e-03	-4.238091e-02
8.459081708496803e-03	-5.319173e-02
8.468847333496803e-03	-6.380396e-02
8.478612958496803e-03	-7.417731e-02
8.488378583496804e-03	-8.427256e-02
8.498144208496804e-03	-9.405144e-02
8.507909833496804e-03	-1.034770e-01
8.517675458496804e-03	-1.125136e-01
8.527441083496803e-03	-1.211269e-01
8.537206708496803e-03	-1.292844e-01
8.546972333496803e-03	-1.369551e-01
8.556737958496803e-03	-1.441098e-01
8.566503583496804e-03	-1.507213e-01
8.576269208496804e-03	-1.567641e-01
8.577489911621803e-03	-1.574760e-01
8.577795087403053e-03	-1.576532e-01
8.578405438965554e-03	-1.580060e-01
8.579626142090553e-03	-1.587031e-01
8.582067548340554e-03	-1.600695e-01
8.586950360840553e-03	-1.626888e-01
8.596715985840553e-03	-1.674667e-01
8.606481610840554e-03	-1.716124e-01
8.616247235840554e-03	-1.751098e-01
8.626012860840554e-03	-1.779458e-01
8.635778485840554e-03	-1.801096e-01
8.645544110840554e-03	-1.815935e-01
8.655309735840553e-03	-1.823926e-01
8.665075360840553e-03	-1.825045e-01
8.674840985840553e-03	-1.819303e-01
8.684606610840553e-03	-1.806732e-01
8.694372235840554e-03	-1.787399e-01
8.704137860840554e-03	-1.761390e-01
8.713903485840554e-03	-1.728821e-01
8.723669110840554e-03	-1.689825e-01
8.733434735840553e-03	-1.644562e-01
8.743200360840553e-03	-1.593204e-01
8.752965985840553e-03	-1.535943e-01
8.754186688965554e-03	-1.528385e-01
8.756628095215553e-03	-1.513018e-01
8.761510907715554e-03	-1.481146e-01
8.762731610840553e-03	-1.472985e-01
8.765173017090554e-03	-1.456411e-01
8.770055829590553e-03	-1.422152e-01
8.779821454590553e-03	-1.349781e-01
8.789587079590554e-03	-1.272345e-01
8.799352704590554e-03	-1.190183e-01
8.809118329590554e-03	-1.103530e-01
8.828649579590554e-03	-9.181071e-02
8.838415204590553e-03	-8.200032e-02
8.857946454590553e-03	-6.147898e-02
8.867712079590553e-03	-5.084524e-02
8.877477704590554e-03	-4.001701e-02
8.887243329590554e-03	-2.903422e-02
8.897008954590554e-03	-1.793978e-02
8.906774579590554e-03	-6.775354e-03
8.916540204590553e-03	4.415837e-03
8.926305829590553e-03	1.559137e-02
8.936071454590553e-03	2.670837e-02
8.945837079590553e-03	3.772457e-02
8.955602704590554e-03	4.859807e-02
8.965368329590554e-03	5.928747e-02
8.975133954590554e-03	6.975240e-02
8.984899579590554e-03	7.995296e-02
8.994665204590553e-03	8.985087e-02
9.004430829590553e-03	9.940831e-02
9.014196454590553e-03	1.085895e-01
9.033727704590554e-03	1.256850e-01
9.043493329590554e-03	1.335345e-01
9.053258954590554e-03	1.408780e-01
9.063024579590554e-03	1.476881e-01
9.072790204590554e-03	1.539380e-01
9.082555829590553e-03	1.596050e-01
9.092321454590553e-03	1.646663e-01
9.102087079590553e-03	1.691036e-01
9.111852704590553e-03	1.728989e-01
9.121618329590554e-03	1.760386e-01
9.131383954590554e-03	1.785102e-01
9.141149579590554e-03	1.803051e-01
9.150915204590554e-03	1.814165e-01
9.160680829590553e-03	1.818415e-01
9.170446454590553e-03	1.815789e-01
9.180212079590553e-03	1.806315e-01
9.189977704590553e-03	1.790038e-01
9.199743329590554e-03	1.767040e-01
9.209508954590554e-03	1.737419e-01
9.219274579590554e-03	1.701304e-01
9.229040204590554e-03	1.658838e-01
9.238805829590553e-03	1.610192e-01
9.248571454590553e-03	1.555548e-01
9.258337079590553e-03	1.495113e-01
9.268102704590553e-03	1.429102e-01
9.277868329590554e-03	1.357756e-01
9.279089032715553e-03	1.348488e-01
9.281530438965553e-03	1.329721e-01
9.282140790528054e-03	1.324965e-01
9.283361493653053e-03	1.315413e-01
9.285802899903054e-03	1.296062e-01
9.290685712403053e-03	1.256463e-01
9.299141671336495e-03	1.185118e-01
9.308907296336495e-03	1.098566e-01
9.318672921336495e-03	1.007851e-01
9.328438546336495e-03	9.133007e-02
9.338204171336495e-03	8.152602e-02
9.347969796336494e-03	7.140914e-02
9.357735421336494e-03	6.101715e-02
9.367501046336496e-03	5.038907e-02
9.377266671336495e-03	3.956518e-02
9.387032296336495e-03	2.858658e-02
9.396797921336495e-03	1.749524e-02
9.406563546336495e-03	6.333424e-03
9.416329171336495e-03	-4.856064e-03
9.417549874461495e-03	-6.251790e-03
9.419991280711495e-03	-9.045881e-03
9.424874093211496e-03	-1.463215e-02
9.434639718211495e-03	-2.575786e-02
9.444405343211495e-03	-3.679084e-02
9.454170968211495e-03	-4.768543e-02
9.463936593211495e-03	-5.840340e-02
9.473702218211495e-03	-6.890142e-02
9.483467843211494e-03	-7.914198e-02
9.493233468211494e-03	-8.908442e-02
9.502999093211496e-03	-9.869269e-02
9.512764718211495e-03	-1.079291e-01
9.522530343211495e-03	-1.167599e-01
9.532295968211495e-03	-1.251506e-01
9.542061593211495e-03	-1.330701e-01
9.551827218211495e-03	-1.404879e-01
9.561592843211494e-03	-1.473762e-01
9.571358468211494e-03	-1.537082e-01
9.572579171336495e-03	-1.544571e-01
9.575020577586494e-03	-1.559330e-01
9.575630929148995e-03	-1.562948e-01
9.576851632273994e-03	-1.570138e-01
9.579293038523996e-03	-1.584230e-01
9.579903390086495e-03	-1.587685e-01
9.581124093211496e-03	-1.594547e-01
9.583565499461495e-03	-1.607980e-01
9.588448311961494e-03	-1.633707e-01
9.598213936961494e-03	-1.680531e-01
9.607979561961496e-03	-1.721008e-01
9.617745186961495e-03	-1.754979e-01
9.627510811961495e-03	-1.782318e-01
9.637276436961495e-03	-1.802922e-01
9.647042061961495e-03	-1.816718e-01
9.656807686961495e-03	-1.823660e-01
9.666573311961494e-03	-1.823730e-01
9.676338936961494e-03	-1.816941e-01
9.686104561961496e-03	-1.803333e-01
9.695870186961495e-03	-1.782973e-01
9.705635811961495e-03	-1.755953e-01
9.715401436961495e-03	-1.722393e-01
9.725167061961495e-03	-1.682428e-01
9.734932686961495e-03	-1.636220e-01
9.744698311961494e-03	-1.583945e-01
9.754463936961494e-03	-1.525793e-01
9.755684640086495e-03	-1.518127e-01
9.758126046336494e-03	-1.502545e-01
9.763008858836495e-03	-1.470248e-01
9.772774483836495e-03	-1.401666e-01
9.782090723040733e-03	-1.331343e-01
9.791856348040733e-03	-1.252807e-01
9.801621973040733e-03	-1.169557e-01
9.811387598040733e-03	-1.081932e-01
9.821153223040733e-03	-9.902078e-02
9.830918848040732e-03	-8.947477e-02
9.840684473040732e-03	-7.958741e-02
9.850450098040734e-03	-6.939743e-02
9.860215723040733e-03	-5.894108e-02
9.869981348040733e-03	-4.825921e-02
9.879746973040733e-03	-3.739113e-02
9.889512598040733e-03	-2.637917e-02
9.899278223040733e-03	-1.526464e-02
9.909043848040732e-03	-4.090603e-03
9.918809473040732e-03	7.100643e-03
9.928575098040734e-03	1.826604e-02
9.938340723040734e-03	2.936316e-02
9.948106348040733e-03	4.034967e-02
9.957871973040733e-03	5.118373e-02
9.967637598040733e-03	6.182437e-02
9.977403223040733e-03	7.223100e-02
9.987168848040733e-03	8.236451e-02
9.996934473040732e-03	9.218620e-02
1.000000000000000e-02	9.519901e-02
Step Information: Rgain=4.9009K  (Step: 2/11)
0.000000000000000e+00	4.500003e-14
5.000000058430487e-08	2.628306e-09
1.000000011686097e-07	2.607794e-07
2.000000023372195e-07	8.930873e-06
4.000000046744390e-07	1.060998e-04
8.000000093488779e-07	5.832536e-04
1.600000018697756e-06	2.184992e-03
3.200000037395512e-06	6.660738e-03
6.400000074791024e-06	1.682506e-02
1.280000014958205e-05	3.700463e-02
1.896811830522049e-05	5.568546e-02
2.873374330522049e-05	8.386817e-02
3.849936830522049e-05	1.101872e-01
4.826499330522049e-05	1.344885e-01
5.803061830522049e-05	1.563654e-01
6.779624330522049e-05	1.752051e-01
7.756186830522049e-05	1.902404e-01
8.732749330522048e-05	2.011958e-01
9.709311830522049e-05	2.082864e-01
1.068587433052205e-04	2.122802e-01
1.166243683052205e-04	2.140305e-01
1.263899933052205e-04	2.141753e-01
1.361556183052205e-04	2.131626e-01
1.459212433052205e-04	2.112962e-01
1.556868683052205e-04	2.087886e-01
1.654524933052205e-04	2.057911e-01
1.752181183052205e-04	2.024074e-01
1.849837433052205e-04	1.987165e-01
1.947493683052205e-04	1.947694e-01
2.045149933052205e-04	1.906086e-01
2.142806183052205e-04	1.862576e-01
2.240462433052205e-04	1.817391e-01
2.338118683052205e-04	1.770612e-01
2.435774933052205e-04	1.722344e-01
2.533431183052205e-04	1.672571e-01
2.631087433052205e-04	1.621308e-01
2.728743683052205e-04	1.568461e-01
2.826399933052205e-04	1.513959e-01
2.924056183052205e-04	1.457611e-01
3.021712433052205e-04	1.399268e-01
3.119368683052205e-04	1.338586e-01
3.131575714302205e-04	1.330835e-01
3.155989776802205e-04	1.315201e-01
3.204817901802205e-04	1.283300e-01
3.302474151802205e-04	1.217149e-01
3.400130401802205e-04	1.147197e-01
3.497786651802205e-04	1.072509e-01
3.595442901802205e-04	9.917562e-02
3.693099151802205e-04	9.031773e-02
3.790755401802205e-04	8.041437e-02
3.888411651802205e-04	6.911448e-02
3.986067901802205e-04	5.594958e-02
4.083724151802205e-04	4.041626e-02
4.181380401802205e-04	2.213486e-02
4.279036651802205e-04	1.342518e-03
4.376692901802205e-04	-2.124789e-02
4.474349151802205e-04	-4.475988e-02
4.572005401802205e-04	-6.843058e-02
4.669661651802205e-04	-9.183668e-02
4.767317901802205e-04	-1.147211e-01
4.864974151802205e-04	-1.369483e-01
4.962630401802205e-04	-1.584152e-01
4.974837433052205e-04	-1.610325e-01
4.999251495552204e-04	-1.662221e-01
5.005355011177205e-04	-1.675142e-01
5.017562042427205e-04	-1.700856e-01
5.041976104927205e-04	-1.751847e-01
5.090804229927205e-04	-1.852122e-01
5.188460479927205e-04	-2.045300e-01
5.286116729927205e-04	-2.227415e-01
5.383772979927205e-04	-2.395831e-01
5.481429229927205e-04	-2.545841e-01
5.579085479927205e-04	-2.669805e-01
5.676741729927205e-04	-2.759228e-01
5.774397979927205e-04	-2.810143e-01
5.872054229927205e-04	-2.825136e-01
5.969710479927205e-04	-2.815197e-01
6.067366729927206e-04	-2.786707e-01
6.165022979927205e-04	-2.745261e-01
6.262679229927205e-04	-2.696216e-01
6.360335479927205e-04	-2.641508e-01
6.457991729927205e-04	-2.583637e-01
6.555647979927205e-04	-2.523294e-01
6.653304229927205e-04	-2.461808e-01
6.750960479927205e-04	-2.399329e-01
6.848616729927205e-04	-2.336592e-01
6.946272979927205e-04	-2.273514e-01
7.043929229927205e-04	-2.210514e-01
7.141585479927205e-04	-2.147408e-01
7.239241729927205e-04	-2.084431e-01
7.336897979927206e-04	-2.021357e-01
7.434554229927205e-04	-1.958309e-01
7.532210479927205e-04	-1.895040e-01
7.629866729927205e-04	-1.831588e-01
7.727522979927205e-04	-1.767694e-01
7.825179229927205e-04	-1.703319e-01
7.922835479927205e-04	-1.638162e-01
8.020491729927205e-04	-1.572112e-01
8.032698761177205e-04	-1.563790e-01
8.057112823677205e-04	-1.547064e-01
8.105940948677205e-04	-1.513290e-01
8.118147979927205e-04	-1.504800e-01
8.142562042427205e-04	-1.487716e-01
8.148665558052205e-04	-1.483424e-01
8.160872589302205e-04	-1.474825e-01
8.185286651802205e-04	-1.457542e-01
8.234114776802205e-04	-1.422634e-01
8.331771026802205e-04	-1.351210e-01
8.429427276802205e-04	-1.277134e-01
8.527083526802205e-04	-1.199609e-01
8.624739776802205e-04	-1.117590e-01
8.722396026802205e-04	-1.029603e-01
8.820052276802205e-04	-9.335830e-02
8.917708526802205e-04	-8.265991e-02
9.015364776802206e-04	-7.046017e-02
9.113021026802205e-04	-5.623892e-02
9.210677276802205e-04	-3.941052e-02
9.308333526802205e-04	-1.979467e-02
9.405989776802205e-04	2.259857e-03
9.503646026802205e-04	2.590211e-02
9.601302276802205e-04	5.011085e-02
9.698958526802205e-04	7.422136e-02
9.796614776802204e-04	9.783071e-02
9.894271026802204e-04	1.207435e-01
9.991927276802204e-04	1.428312e-01
1.008958352680220e-03	1.640120e-01
1.018723977680220e-03	1.842041e-01
1.028489602680220e-03	2.033244e-01
1.038255227680220e-03	2.212285e-01
1.048020852680220e-03	2.376794e-01
1.057786477680220e-03	2.522264e-01
1.067552102680220e-03	2.641792e-01
1.077317727680220e-03	2.727596e-01
1.087083352680221e-03	2.776152e-01
1.096848977680221e-03	2.790722e-01
1.106614602680221e-03	2.779005e-01
1.116380227680221e-03	2.748933e-01
1.126145852680221e-03	2.706579e-01
1.135911477680221e-03	2.655984e-01
1.145677102680221e-03	2.599925e-01
1.155442727680221e-03	2.540229e-01
1.165208352680221e-03	2.478197e-01
1.174973977680221e-03	2.414653e-01
1.184739602680221e-03	2.350208e-01
1.194505227680221e-03	2.285206e-01
1.204270852680221e-03	2.219918e-01
1.214036477680221e-03	2.154451e-01
1.223802102680220e-03	2.088897e-01
1.233567727680220e-03	2.023232e-01
1.243333352680220e-03	1.957446e-01
1.253098977680220e-03	1.891436e-01
1.262864602680220e-03	1.825119e-01
1.272630227680220e-03	1.758328e-01
1.282395852680220e-03	1.690912e-01
1.292161477680220e-03	1.622619e-01
1.301927102680220e-03	1.553222e-01
1.311692727680220e-03	1.482363e-01
1.321458352680220e-03	1.409626e-01
1.331223977680221e-03	1.334465e-01
1.340989602680221e-03	1.256111e-01
1.350755227680221e-03	1.173632e-01
1.360520852680221e-03	1.085751e-01
1.370286477680221e-03	9.905157e-02
1.380052102680221e-03	8.853085e-02
1.389817727680221e-03	7.665910e-02
1.399583352680221e-03	6.296085e-02
1.409348977680221e-03	4.692668e-02
1.419114602680221e-03	2.816569e-02
1.428880227680221e-03	6.913013e-03
1.430100930805221e-03	4.107814e-03
1.430406106586471e-03	3.404991e-03
1.431016458148971e-03	1.995319e-03
1.431169046039595e-03	1.641366e-03
1.431474221820846e-03	9.325298e-04
1.432084573383345e-03	-4.925090e-04
1.432103646869674e-03	-5.371597e-04
1.432141793842330e-03	-6.263439e-04
1.432218087787642e-03	-8.043960e-04
1.432370675678267e-03	-1.161023e-03
1.432675851459517e-03	-1.876344e-03
1.433286203022017e-03	-3.311802e-03
1.434506906147017e-03	-6.199413e-03
1.436948312397017e-03	-1.203109e-02
1.441096148138096e-03	-2.207508e-02
1.449391819620254e-03	-4.244755e-02
1.459157444620254e-03	-6.648617e-02
1.468923069620254e-03	-9.018275e-02
1.478688694620254e-03	-1.133120e-01
1.488454319620254e-03	-1.357366e-01
1.498219944620254e-03	-1.573638e-01
1.499440647745254e-03	-1.599988e-01
1.499745823526504e-03	-1.606565e-01
1.500356175089004e-03	-1.619690e-01
1.500508762979629e-03	-1.622959e-01
1.500813938760879e-03	-1.629469e-01
1.501424290323379e-03	-1.642489e-01
1.502644993448379e-03	-1.668495e-01
1.505086399698379e-03	-1.720017e-01
1.509969212198379e-03	-1.821340e-01
1.519734837198379e-03	-2.016388e-01
1.529500462198379e-03	-2.200167e-01
1.539266087198379e-03	-2.370026e-01
1.549031712198379e-03	-2.521375e-01
1.558797337198379e-03	-2.646610e-01
1.568562962198379e-03	-2.737373e-01
1.578328587198379e-03	-2.788735e-01
1.588094212198379e-03	-2.806682e-01
1.597859837198379e-03	-2.796861e-01
1.607625462198379e-03	-2.769284e-01
1.617391087198379e-03	-2.729514e-01
1.627156712198379e-03	-2.680783e-01
1.636922337198379e-03	-2.627187e-01
1.646687962198379e-03	-2.569608e-01
1.656453587198379e-03	-2.510109e-01
1.666219212198379e-03	-2.448865e-01
1.675984837198379e-03	-2.387024e-01
1.685750462198379e-03	-2.324475e-01
1.695516087198379e-03	-2.261875e-01
1.705281712198379e-03	-2.199007e-01
1.715047337198379e-03	-2.136248e-01
1.724812962198379e-03	-2.073347e-01
1.734578587198379e-03	-2.010510e-01
1.744344212198379e-03	-1.947480e-01
1.754109837198379e-03	-1.884346e-01
1.763875462198379e-03	-1.820844e-01
1.773641087198379e-03	-1.756994e-01
1.783406712198379e-03	-1.692496e-01
1.793172337198379e-03	-1.627284e-01
1.802937962198379e-03	-1.561015e-01
1.804158665323379e-03	-1.552677e-01
1.806600071573379e-03	-1.535904e-01
1.807210423135879e-03	-1.531686e-01
1.808431126260879e-03	-1.523234e-01
1.810872532510879e-03	-1.506242e-01
1.811482884073379e-03	-1.501983e-01
1.812703587198379e-03	-1.493441e-01
1.815144993448379e-03	-1.476263e-01
1.820027805948379e-03	-1.441600e-01
1.825844856774970e-03	-1.399664e-01
1.835610481774970e-03	-1.327407e-01
1.845376106774970e-03	-1.252247e-01
1.855141731774970e-03	-1.173306e-01
1.864907356774970e-03	-1.089415e-01
1.874672981774970e-03	-9.989244e-02
1.884438606774970e-03	-8.995088e-02
1.894204231774970e-03	-7.878895e-02
1.903969856774970e-03	-6.596156e-02
1.913735481774970e-03	-5.092645e-02
1.923501106774970e-03	-3.315322e-02
1.933266731774970e-03	-1.264494e-02
1.943032356774970e-03	1.002912e-02
1.952797981774970e-03	3.394043e-02
1.962563606774970e-03	5.815068e-02
1.972329231774970e-03	8.211326e-02
1.982094856774970e-03	1.055006e-01
1.991860481774970e-03	1.281549e-01
2.001626106774970e-03	1.499598e-01
2.011391731774970e-03	1.708439e-01
2.021157356774970e-03	1.907185e-01
2.030922981774970e-03	2.094920e-01
2.040688606774970e-03	2.269886e-01
2.050454231774970e-03	2.429164e-01
2.060219856774970e-03	2.567320e-01
2.069985481774970e-03	2.676719e-01
2.079751106774970e-03	2.750337e-01
2.089516731774970e-03	2.786991e-01
2.099282356774970e-03	2.791870e-01
2.109047981774970e-03	2.773286e-01
2.118813606774970e-03	2.738623e-01
2.128579231774970e-03	2.693276e-01
2.138344856774970e-03	2.640733e-01
2.148110481774970e-03	2.583466e-01
2.157876106774969e-03	2.523042e-01
2.167641731774970e-03	2.460636e-01
2.177407356774970e-03	2.396935e-01
2.187172981774970e-03	2.332501e-01
2.196938606774970e-03	2.267600e-01
2.206704231774970e-03	2.202491e-01
2.216469856774970e-03	2.137227e-01
2.226235481774970e-03	2.071906e-01
2.236001106774970e-03	2.006465e-01
2.245766731774970e-03	1.940904e-01
2.255532356774970e-03	1.875091e-01
2.265297981774970e-03	1.808956e-01
2.275063606774970e-03	1.742304e-01
2.284829231774970e-03	1.674998e-01
2.294594856774970e-03	1.606758e-01
2.304360481774970e-03	1.537366e-01
2.314126106774970e-03	1.466433e-01
2.323891731774970e-03	1.393545e-01
2.325112434899970e-03	1.384289e-01
2.327553841149970e-03	1.365631e-01
2.332436653649970e-03	1.327728e-01
2.333657356774970e-03	1.318164e-01
2.336098763024970e-03	1.298853e-01
2.340981575524969e-03	1.259435e-01
2.350747200524970e-03	1.177566e-01
2.360512825524970e-03	1.090371e-01
2.370278450524970e-03	9.960423e-02
2.380044075524970e-03	8.919551e-02
2.389809700524970e-03	7.747178e-02
2.399575325524970e-03	6.395831e-02
2.409340950524970e-03	4.814533e-02
2.419106575524970e-03	2.960529e-02
2.428872200524970e-03	8.526866e-03
2.430092903649970e-03	5.737287e-03
2.432534309899969e-03	9.729098e-05
2.433144661462470e-03	-1.333623e-03
2.433297249353095e-03	-1.691694e-03
2.433602425134345e-03	-2.408437e-03
2.434212776696845e-03	-3.846089e-03
2.435433479821845e-03	-6.738100e-03
2.437874886071845e-03	-1.257895e-02
2.442757698571845e-03	-2.443225e-02
2.452523323571845e-03	-4.847121e-02
2.462288948571845e-03	-7.247464e-02
2.472054573571845e-03	-9.605212e-02
2.481820198571845e-03	-1.190197e-01
2.491585823571845e-03	-1.412462e-01
2.501351448571845e-03	-1.626433e-01
2.502572151696845e-03	-1.652378e-01
2.505013557946845e-03	-1.704057e-01
2.509896370446845e-03	-1.805636e-01
2.517739927218635e-03	-1.963582e-01
2.527505552218635e-03	-2.150333e-01
2.537271177218635e-03	-2.324045e-01
2.547036802218635e-03	-2.480782e-01
2.556802427218635e-03	-2.613834e-01
2.566568052218635e-03	-2.714638e-01
2.576333677218635e-03	-2.777451e-01
2.586099302218635e-03	-2.803750e-01
2.595864927218635e-03	-2.799906e-01
2.605630552218635e-03	-2.776929e-01
2.615396177218635e-03	-2.739895e-01
2.625161802218635e-03	-2.693070e-01
2.634927427218635e-03	-2.640519e-01
2.644693052218635e-03	-2.583672e-01
2.654458677218635e-03	-2.524465e-01
2.664224302218635e-03	-2.463401e-01
2.673989927218635e-03	-2.401511e-01
2.683755552218635e-03	-2.338887e-01
2.693521177218635e-03	-2.276094e-01
2.703286802218635e-03	-2.213043e-01
2.713052427218635e-03	-2.150045e-01
2.722818052218635e-03	-2.086930e-01
2.732583677218635e-03	-2.023859e-01
2.742349302218635e-03	-1.960626e-01
2.752114927218635e-03	-1.897291e-01
2.761880552218635e-03	-1.833629e-01
2.771646177218635e-03	-1.769620e-01
2.781411802218635e-03	-1.705005e-01
2.791177427218635e-03	-1.639701e-01
2.800943052218635e-03	-1.573397e-01
2.802163755343635e-03	-1.565060e-01
2.804605161593635e-03	-1.548285e-01
2.809487974093635e-03	-1.514382e-01
2.810708677218635e-03	-1.505864e-01
2.813150083468635e-03	-1.488717e-01
2.813760435031135e-03	-1.484410e-01
2.814981138156135e-03	-1.475779e-01
2.817422544406135e-03	-1.458431e-01
2.822305356906135e-03	-1.423388e-01
2.832070981906135e-03	-1.351669e-01
2.841836606906135e-03	-1.277259e-01
2.851602231906135e-03	-1.199346e-01
2.861367856906135e-03	-1.116869e-01
2.871133481906135e-03	-1.028327e-01
2.880899106906135e-03	-9.316233e-02
2.890664731906135e-03	-8.237821e-02
2.900430356906135e-03	-7.007141e-02
2.910195981906135e-03	-5.572166e-02
2.919961606906135e-03	-3.875653e-02
2.929727231906135e-03	-1.902542e-02
2.939492856906135e-03	3.091468e-03
2.949258481906135e-03	2.673895e-02
2.959024106906135e-03	5.091877e-02
2.968789731906135e-03	7.499070e-02
2.978555356906135e-03	9.856612e-02
2.988320981906135e-03	1.214557e-01
2.998086606906135e-03	1.435326e-01
3.007852231906135e-03	1.647159e-01
3.017617856906135e-03	1.849220e-01
3.027383481906135e-03	2.040665e-01
3.037149106906135e-03	2.219992e-01
3.046914731906135e-03	2.384742e-01
3.056680356906135e-03	2.530236e-01
3.066445981906135e-03	2.649301e-01
3.076211606906135e-03	2.734125e-01
3.085977231906135e-03	2.781480e-01
3.095742856906135e-03	2.794954e-01
3.105508481906135e-03	2.782480e-01
3.115274106906135e-03	2.751975e-01
3.125039731906135e-03	2.709451e-01
3.134805356906135e-03	2.658856e-01
3.144570981906135e-03	2.602932e-01
3.154336606906135e-03	2.543456e-01
3.164102231906135e-03	2.481718e-01
3.173867856906135e-03	2.418511e-01
3.183633481906135e-03	2.354444e-01
3.193399106906135e-03	2.289844e-01
3.203164731906135e-03	2.224986e-01
3.212930356906135e-03	2.159964e-01
3.222695981906135e-03	2.094876e-01
3.232461606906135e-03	2.029691e-01
3.242227231906135e-03	1.964406e-01
3.251992856906135e-03	1.898915e-01
3.261758481906135e-03	1.833144e-01
3.271524106906135e-03	1.766928e-01
3.281289731906135e-03	1.700126e-01
3.291055356906135e-03	1.632496e-01
3.300820981906135e-03	1.563827e-01
3.310586606906135e-03	1.493777e-01
3.320352231906135e-03	1.421963e-01
3.330117856906135e-03	1.347869e-01
3.331338560031135e-03	1.338432e-01
3.333779966281135e-03	1.319411e-01
3.338662778781135e-03	1.280660e-01
3.348428403781135e-03	1.200263e-01
3.358194028781135e-03	1.115047e-01
3.367959653781135e-03	1.023248e-01
3.377725278781135e-03	9.226182e-02
3.387490903781135e-03	8.099579e-02
3.397256528781135e-03	6.809508e-02
3.407022153781135e-03	5.304137e-02
3.416787778781135e-03	3.533482e-02
3.426553403781135e-03	1.497847e-02
3.436319028781135e-03	-7.498343e-03
3.437539731906135e-03	-1.042499e-02
3.439981138156135e-03	-1.630724e-02
3.444863950656135e-03	-2.822208e-02
3.454629575656135e-03	-5.230143e-02
3.464395200656135e-03	-7.626840e-02
3.474160825656135e-03	-9.976520e-02
3.483926450656135e-03	-1.226226e-01
3.493692075656135e-03	-1.447179e-01
3.503457700656135e-03	-1.659551e-01
3.504678403781135e-03	-1.685301e-01
3.507119810031135e-03	-1.736569e-01
3.512002622531135e-03	-1.837287e-01
3.521768247531135e-03	-2.031012e-01
3.531533872531135e-03	-2.213197e-01
3.541299497531135e-03	-2.381166e-01
3.551065122531135e-03	-2.530142e-01
3.560830747531135e-03	-2.652527e-01
3.570596372531135e-03	-2.740121e-01
3.580361997531135e-03	-2.789433e-01
3.590127622531135e-03	-2.804386e-01
3.599893247531135e-03	-2.793145e-01
3.609658872531135e-03	-2.763925e-01
3.619424497531135e-03	-2.722720e-01
3.629190122531135e-03	-2.673561e-01
3.638955747531135e-03	-2.619109e-01
3.648721372531135e-03	-2.561202e-01
3.658486997531135e-03	-2.501052e-01
3.668252622531135e-03	-2.439512e-01
3.678018247531135e-03	-2.377123e-01
3.687783872531135e-03	-2.314269e-01
3.697549497531135e-03	-2.251169e-01
3.707315122531135e-03	-2.187970e-01
3.717080747531135e-03	-2.124724e-01
3.726846372531135e-03	-2.061455e-01
3.736611997531135e-03	-1.998122e-01
3.746377622531135e-03	-1.934675e-01
3.756143247531135e-03	-1.871014e-01
3.765908872531135e-03	-1.807036e-01
3.775674497531135e-03	-1.742593e-01
3.785440122531135e-03	-1.677515e-01
3.795205747531135e-03	-1.611608e-01
3.804971372531135e-03	-1.544621e-01
3.806192075656135e-03	-1.536176e-01
3.808633481906135e-03	-1.519170e-01
3.813516294406135e-03	-1.484779e-01
3.814576403544629e-03	-1.477284e-01
3.816696621821617e-03	-1.462202e-01
3.820937058375592e-03	-1.431737e-01
3.829417931483544e-03	-1.369639e-01
3.839183556483544e-03	-1.295714e-01
3.848949181483544e-03	-1.218500e-01
3.858714806483544e-03	-1.136960e-01
3.868480431483544e-03	-1.049735e-01
3.878246056483544e-03	-9.548434e-02
3.888011681483544e-03	-8.495502e-02
3.897777306483544e-03	-7.299984e-02
3.907542931483544e-03	-5.912223e-02
3.917308556483545e-03	-4.278057e-02
3.927074181483544e-03	-2.360702e-02
3.936839806483544e-03	-1.918605e-03
3.946605431483544e-03	2.145797e-02
3.956371056483545e-03	4.559181e-02
3.966136681483544e-03	6.971166e-02
3.975902306483544e-03	9.341740e-02
3.985667931483544e-03	1.164677e-01
3.995433556483545e-03	1.387406e-01
3.996654259608544e-03	1.414559e-01
3.999095665858544e-03	1.468611e-01
4.003978478358545e-03	1.575027e-01
4.013744103358544e-03	1.780689e-01
4.023509728358544e-03	1.976159e-01
4.033275353358544e-03	2.160112e-01
4.043040978358545e-03	2.330579e-01
4.052806603358544e-03	2.483652e-01
4.062572228358544e-03	2.613004e-01
4.072337853358544e-03	2.710441e-01
4.082103478358544e-03	2.770652e-01
4.091869103358545e-03	2.794985e-01
4.101634728358544e-03	2.790471e-01
4.111400353358544e-03	2.765394e-01
4.121165978358544e-03	2.726535e-01
4.130931603358545e-03	2.678432e-01
4.140697228358544e-03	2.624214e-01
4.150462853358544e-03	2.565905e-01
4.160228478358544e-03	2.504975e-01
4.169994103358545e-03	2.442330e-01
4.179759728358544e-03	2.378667e-01
4.189525353358544e-03	2.314365e-01
4.199290978358544e-03	2.249746e-01
4.209056603358545e-03	2.184928e-01
4.218822228358544e-03	2.120039e-01
4.228587853358544e-03	2.055059e-01
4.238353478358544e-03	1.990006e-01
4.248119103358545e-03	1.924779e-01
4.257884728358544e-03	1.859325e-01
4.267650353358544e-03	1.793482e-01
4.277415978358544e-03	1.727134e-01
4.287181603358545e-03	1.660057e-01
4.296947228358544e-03	1.592053e-01
4.306712853358544e-03	1.522794e-01
4.316478478358544e-03	1.451992e-01
4.326244103358544e-03	1.379112e-01
4.336009728358545e-03	1.303626e-01
4.337230431483544e-03	1.293999e-01
4.339671837733545e-03	1.274515e-01
4.344554650233545e-03	1.234796e-01
4.352594487950273e-03	1.167043e-01
4.362360112950273e-03	1.079700e-01
4.372125737950273e-03	9.850724e-02
4.381891362950273e-03	8.805023e-02
4.391656987950274e-03	7.624350e-02
4.401422612950273e-03	6.261092e-02
4.411188237950273e-03	4.663096e-02
4.420953862950273e-03	2.789955e-02
4.430719487950274e-03	6.639357e-03
4.431940191075273e-03	3.831331e-03
4.434381597325273e-03	-1.844622e-03
4.439264409825274e-03	-1.347988e-02
4.439395130040760e-03	-1.379560e-02
4.439656570471732e-03	-1.442728e-02
4.440179451333677e-03	-1.569244e-02
4.441225213057567e-03	-1.822961e-02
4.443316736505347e-03	-2.332878e-02
4.447499783400908e-03	-3.360102e-02
4.455865877192029e-03	-5.425376e-02
4.465631502192029e-03	-7.819758e-02
4.475397127192028e-03	-1.016547e-01
4.485162752192028e-03	-1.244526e-01
4.494928377192029e-03	-1.464782e-01
4.504694002192029e-03	-1.676281e-01
4.505914705317028e-03	-1.701926e-01
4.508356111567029e-03	-1.752970e-01
4.513238924067029e-03	-1.853213e-01
4.523004549067029e-03	-2.045887e-01
4.532770174067028e-03	-2.226834e-01
4.542535799067029e-03	-2.393260e-01
4.552301424067029e-03	-2.540201e-01
4.562067049067029e-03	-2.659932e-01
4.571832674067028e-03	-2.744444e-01
4.581598299067028e-03	-2.790793e-01
4.591363924067029e-03	-2.803354e-01
4.601129549067029e-03	-2.790397e-01
4.610895174067028e-03	-2.759994e-01
4.620660799067028e-03	-2.717961e-01
4.630426424067029e-03	-2.668209e-01
4.640192049067029e-03	-2.613319e-01
4.649957674067028e-03	-2.555079e-01
4.659723299067028e-03	-2.494667e-01
4.669488924067029e-03	-2.432911e-01
4.679254549067029e-03	-2.370336e-01
4.689020174067028e-03	-2.307315e-01
4.698785799067028e-03	-2.244058e-01
4.708551424067029e-03	-2.180705e-01
4.718317049067029e-03	-2.117305e-01
4.728082674067029e-03	-2.053876e-01
4.737848299067028e-03	-1.990376e-01
4.747613924067029e-03	-1.926749e-01
4.757379549067029e-03	-1.862895e-01
4.767145174067029e-03	-1.798705e-01
4.776910799067028e-03	-1.734027e-01
4.786676424067029e-03	-1.668687e-01
4.796442049067029e-03	-1.602483e-01
4.806207674067029e-03	-1.535146e-01
4.807428377192028e-03	-1.526645e-01
4.809869783442029e-03	-1.509530e-01
4.814752595942029e-03	-1.474939e-01
4.815890420287705e-03	-1.466845e-01
4.818166068979059e-03	-1.450552e-01
4.822717366361767e-03	-1.417598e-01
4.831819961127182e-03	-1.350265e-01
4.841585586127182e-03	-1.275345e-01
4.851351211127182e-03	-1.196873e-01
4.861116836127182e-03	-1.113714e-01
4.870882461127182e-03	-1.024367e-01
4.880648086127182e-03	-9.266370e-02
4.890413711127182e-03	-8.175078e-02
4.900179336127182e-03	-6.927732e-02
4.909944961127182e-03	-5.472261e-02
4.919710586127182e-03	-3.752705e-02
4.929476211127182e-03	-1.758661e-02
4.939241836127182e-03	4.669286e-03
4.949007461127182e-03	2.836896e-02
4.958773086127182e-03	5.254009e-02
4.968538711127182e-03	7.657388e-02
4.978304336127182e-03	1.001016e-01
4.988069961127182e-03	1.229436e-01
4.997835586127181e-03	1.449756e-01
5.007601211127182e-03	1.661192e-01
5.017366836127182e-03	1.862885e-01
5.027132461127182e-03	2.053973e-01
5.036898086127181e-03	2.232873e-01
5.046663711127182e-03	2.396994e-01
5.056429336127182e-03	2.541394e-01
5.066194961127182e-03	2.658667e-01
5.075960586127182e-03	2.741062e-01
5.085726211127182e-03	2.785878e-01
5.095491836127182e-03	2.797226e-01
5.105257461127182e-03	2.783262e-01
5.115023086127182e-03	2.751814e-01
5.124788711127182e-03	2.708743e-01
5.134554336127182e-03	2.657863e-01
5.144319961127182e-03	2.601844e-01
5.154085586127182e-03	2.542396e-01
5.163851211127182e-03	2.480780e-01
5.173616836127182e-03	2.417752e-01
5.183382461127182e-03	2.353913e-01
5.193148086127182e-03	2.289568e-01
5.202913711127182e-03	2.224992e-01
5.212679336127182e-03	2.160261e-01
5.222444961127182e-03	2.095483e-01
5.232210586127182e-03	2.030610e-01
5.241976211127181e-03	1.965652e-01
5.251741836127182e-03	1.900489e-01
5.261507461127182e-03	1.835061e-01
5.271273086127182e-03	1.769193e-01
5.281038711127181e-03	1.702760e-01
5.290804336127182e-03	1.635511e-01
5.300569961127182e-03	1.567256e-01
5.310335586127182e-03	1.497648e-01
5.320101211127182e-03	1.426329e-01
5.329866836127182e-03	1.352786e-01
5.339632461127182e-03	1.276385e-01
5.349398086127182e-03	1.196197e-01
5.359163711127182e-03	1.111154e-01
5.368929336127182e-03	1.019610e-01
5.378694961127182e-03	9.192205e-02
5.388460586127182e-03	8.067160e-02
5.398226211127182e-03	6.778789e-02
5.407991836127182e-03	5.273926e-02
5.417757461127182e-03	3.502947e-02
5.427523086127182e-03	1.465280e-02
5.428743789252182e-03	1.193467e-02
5.431185195502182e-03	6.423326e-03
5.431795547064682e-03	5.020753e-03
5.433016250189682e-03	2.201907e-03
5.435457656439682e-03	-3.513657e-03
5.436068008002182e-03	-4.959102e-03
5.437288711127182e-03	-7.859617e-03
5.439730117377182e-03	-1.371802e-02
5.444612929877182e-03	-2.560330e-02
5.451477937972170e-03	-4.252004e-02
5.461243562972170e-03	-6.659933e-02
5.471009187972170e-03	-9.032925e-02
5.480774812972170e-03	-1.134648e-01
5.490540437972170e-03	-1.358760e-01
5.500306062972170e-03	-1.574653e-01
5.501526766097170e-03	-1.600943e-01
5.501831941878419e-03	-1.607504e-01
5.502442293440920e-03	-1.620602e-01
5.502594881331545e-03	-1.623866e-01
5.502900057112795e-03	-1.630372e-01
5.503510408675295e-03	-1.643338e-01
5.503662996565920e-03	-1.646597e-01
5.503968172347170e-03	-1.653091e-01
5.504578523909670e-03	-1.666035e-01
5.505799227034670e-03	-1.691827e-01
5.508240633284670e-03	-1.742951e-01
5.513123445784670e-03	-1.843379e-01
5.522889070784670e-03	-2.036442e-01
5.532654695784670e-03	-2.217846e-01
5.542420320784670e-03	-2.384896e-01
5.552185945784670e-03	-2.532791e-01
5.561951570784669e-03	-2.653954e-01
5.571717195784670e-03	-2.740294e-01
5.581482820784670e-03	-2.788497e-01
5.591248445784670e-03	-2.801584e-01
5.601014070784669e-03	-2.790411e-01
5.610779695784670e-03	-2.761187e-01
5.620545320784670e-03	-2.719316e-01
5.630310945784670e-03	-2.669979e-01
5.640076570784669e-03	-2.615058e-01
5.649842195784670e-03	-2.556989e-01
5.659607820784670e-03	-2.496450e-01
5.669373445784670e-03	-2.434735e-01
5.679139070784670e-03	-2.371996e-01
5.688904695784670e-03	-2.308949e-01
5.698670320784670e-03	-2.245517e-01
5.708435945784670e-03	-2.182103e-01
5.718201570784670e-03	-2.118530e-01
5.727967195784670e-03	-2.055020e-01
5.737732820784670e-03	-1.991353e-01
5.747498445784670e-03	-1.927636e-01
5.757264070784670e-03	-1.863623e-01
5.767029695784670e-03	-1.799335e-01
5.776795320784670e-03	-1.734504e-01
5.786560945784670e-03	-1.669058e-01
5.796326570784670e-03	-1.602701e-01
5.806092195784669e-03	-1.535249e-01
5.807312898909670e-03	-1.526723e-01
5.809754305159670e-03	-1.509569e-01
5.814637117659669e-03	-1.474909e-01
5.815757728260170e-03	-1.466919e-01
5.817998949461169e-03	-1.450840e-01
5.822481391863167e-03	-1.418324e-01
5.831446276667164e-03	-1.351907e-01
5.841211901667163e-03	-1.276894e-01
5.850977526667163e-03	-1.198331e-01
5.860743151667164e-03	-1.115080e-01
5.870508776667164e-03	-1.025641e-01
5.880274401667164e-03	-9.278202e-02
5.890040026667163e-03	-8.186011e-02
5.899805651667164e-03	-6.937835e-02
5.909571276667164e-03	-5.481702e-02
5.919336901667164e-03	-3.761872e-02
5.929102526667163e-03	-1.768073e-02
5.938868151667164e-03	4.568011e-03
5.948633776667164e-03	2.825881e-02
5.958399401667164e-03	5.242283e-02
5.968165026667163e-03	7.645296e-02
5.977930651667164e-03	9.998120e-02
5.987696276667164e-03	1.228278e-01
5.997461901667164e-03	1.448684e-01
6.007227526667163e-03	1.660245e-01
6.016993151667164e-03	1.862099e-01
6.026758776667164e-03	2.053383e-01
6.036524401667164e-03	2.232511e-01
6.046290026667163e-03	2.396885e-01
6.056055651667164e-03	2.541549e-01
6.065821276667164e-03	2.659070e-01
6.075586901667164e-03	2.741665e-01
6.085352526667163e-03	2.786624e-01
6.095118151667163e-03	2.798072e-01
6.104883776667164e-03	2.784191e-01
6.114649401667164e-03	2.752822e-01
6.124415026667164e-03	2.709832e-01
6.134180651667163e-03	2.659037e-01
6.143946276667164e-03	2.603107e-01
6.153711901667164e-03	2.543751e-01
6.163477526667164e-03	2.482230e-01
6.173243151667163e-03	2.419300e-01
6.183008776667164e-03	2.355563e-01
6.192774401667164e-03	2.291321e-01
6.202540026667164e-03	2.226851e-01
6.212305651667163e-03	2.162230e-01
6.222071276667164e-03	2.097564e-01
6.231836901667164e-03	2.032808e-01
6.241602526667164e-03	1.967970e-01
6.251368151667163e-03	1.902933e-01
6.261133776667164e-03	1.837637e-01
6.270899401667164e-03	1.771910e-01
6.280665026667164e-03	1.705627e-01
6.290430651667163e-03	1.638543e-01
6.300196276667164e-03	1.570467e-01
6.309961901667164e-03	1.501062e-01
6.319727526667164e-03	1.429974e-01
6.329493151667163e-03	1.356701e-01
6.339258776667164e-03	1.280625e-01
6.349024401667164e-03	1.200829e-01
6.358790026667164e-03	1.116278e-01
6.368555651667164e-03	1.025362e-01
6.378321276667163e-03	9.257983e-02
6.388086901667164e-03	8.143879e-02
6.397852526667164e-03	6.869910e-02
6.407618151667164e-03	5.383149e-02
6.417383776667163e-03	3.632372e-02
6.427149401667164e-03	1.612948e-02
6.436915026667164e-03	-6.253021e-03
6.446680651667164e-03	-2.996294e-02
6.456446276667163e-03	-5.407610e-02
6.466211901667164e-03	-7.803786e-02
6.475977526667164e-03	-1.015033e-01
6.485743151667164e-03	-1.243073e-01
6.495508776667163e-03	-1.463300e-01
6.505274401667164e-03	-1.674730e-01
6.506495104792164e-03	-1.700359e-01
6.508936511042163e-03	-1.751372e-01
6.513819323542164e-03	-1.851541e-01
6.523504772372591e-03	-2.042496e-01
6.533270397372591e-03	-2.223334e-01
6.543036022372591e-03	-2.389691e-01
6.552801647372591e-03	-2.536700e-01
6.562567272372591e-03	-2.656742e-01
6.572332897372591e-03	-2.741816e-01
6.582098522372591e-03	-2.788815e-01
6.591864147372591e-03	-2.801928e-01
6.601629772372591e-03	-2.789336e-01
6.611395397372591e-03	-2.759126e-01
6.621161022372591e-03	-2.717161e-01
6.630926647372591e-03	-2.667391e-01
6.640692272372591e-03	-2.612424e-01
6.650457897372591e-03	-2.554062e-01
6.660223522372591e-03	-2.493499e-01
6.669989147372591e-03	-2.431569e-01
6.679754772372591e-03	-2.368806e-01
6.689520397372591e-03	-2.305584e-01
6.699286022372591e-03	-2.242117e-01
6.709051647372591e-03	-2.178548e-01
6.718817272372591e-03	-2.114925e-01
6.728582897372591e-03	-2.051269e-01
6.738348522372591e-03	-1.987534e-01
6.748114147372591e-03	-1.923667e-01
6.757879772372591e-03	-1.859564e-01
6.767645397372591e-03	-1.795116e-01
6.777411022372591e-03	-1.730166e-01
6.787176647372591e-03	-1.664538e-01
6.796942272372591e-03	-1.598024e-01
6.806707897372591e-03	-1.530340e-01
6.807928600497591e-03	-1.521789e-01
6.810370006747591e-03	-1.504582e-01
6.815252819247591e-03	-1.469800e-01
6.816473522372591e-03	-1.461068e-01
6.818914928622591e-03	-1.443481e-01
6.823797741122591e-03	-1.407869e-01
6.833563366122591e-03	-1.334925e-01
6.843328991122591e-03	-1.259040e-01
6.853094616122591e-03	-1.179361e-01
6.862860241122591e-03	-1.094662e-01
6.872625866122591e-03	-1.003309e-01
6.882391491122591e-03	-9.029106e-02
6.892157116122591e-03	-7.901952e-02
6.901922741122591e-03	-6.606721e-02
6.911688366122591e-03	-5.090133e-02
6.921453991122591e-03	-3.301105e-02
6.931219616122591e-03	-1.243066e-02
6.940985241122591e-03	1.025803e-02
6.950750866122591e-03	3.414006e-02
6.960516491122591e-03	5.830934e-02
6.970282116122591e-03	8.223896e-02
6.980047741122591e-03	1.056122e-01
6.989813366122591e-03	1.282740e-01
6.999578991122591e-03	1.501087e-01
7.009344616122591e-03	1.710442e-01
7.019110241122591e-03	1.909902e-01
7.028875866122591e-03	2.098523e-01
7.038641491122591e-03	2.274489e-01
7.048407116122591e-03	2.434759e-01
7.058172741122591e-03	2.573682e-01
7.067938366122591e-03	2.683373e-01
7.077703991122591e-03	2.756760e-01
7.087469616122591e-03	2.792915e-01
7.097235241122591e-03	2.797348e-01
7.107000866122591e-03	2.778544e-01
7.116766491122591e-03	2.743898e-01
7.126532116122591e-03	2.698749e-01
7.136297741122591e-03	2.646537e-01
7.146063366122591e-03	2.589701e-01
7.155828991122591e-03	2.529779e-01
7.165594616122591e-03	2.467932e-01
7.175360241122591e-03	2.404831e-01
7.185125866122591e-03	2.341032e-01
7.194891491122591e-03	2.276793e-01
7.204657116122591e-03	2.212371e-01
7.214422741122591e-03	2.147817e-01
7.224188366122591e-03	2.083229e-01
7.233953991122591e-03	2.018545e-01
7.243719616122591e-03	1.953771e-01
7.253485241122591e-03	1.888776e-01
7.263250866122591e-03	1.823502e-01
7.273016491122591e-03	1.757761e-01
7.282782116122591e-03	1.691432e-01
7.292547741122591e-03	1.624253e-01
7.302313366122591e-03	1.556032e-01
7.312078991122591e-03	1.486411e-01
7.321844616122591e-03	1.415027e-01
7.331610241122591e-03	1.341349e-01
7.332830944247591e-03	1.331967e-01
7.335272350497591e-03	1.313050e-01
7.335882702060091e-03	1.308279e-01
7.337103405185091e-03	1.298709e-01
7.339544811435091e-03	1.279373e-01
7.344427623935091e-03	1.240041e-01
7.353141461811896e-03	1.167177e-01
7.362907086811896e-03	1.080419e-01
7.372672711811896e-03	9.864439e-02
7.382438336811896e-03	8.827105e-02
7.392203961811896e-03	7.656470e-02
7.401969586811896e-03	6.305728e-02
7.411735211811896e-03	4.721714e-02
7.421500836811896e-03	2.862160e-02
7.431266461811896e-03	7.458042e-03
7.432487164936896e-03	4.658342e-03
7.434928571186896e-03	-1.003457e-03
7.435538922749396e-03	-2.439391e-03
7.436759625874396e-03	-5.322404e-03
7.437064801655646e-03	-6.047774e-03
7.437675153218146e-03	-7.500435e-03
7.438895856343146e-03	-1.041964e-02
7.441337262593146e-03	-1.630957e-02
7.445562257905399e-03	-2.662280e-02
7.453990332156726e-03	-4.741774e-02
7.463755957156726e-03	-7.146826e-02
7.473521582156726e-03	-9.509589e-02
7.483287207156726e-03	-1.180961e-01
7.493052832156726e-03	-1.403416e-01
7.494273535281726e-03	-1.430579e-01
7.496714941531727e-03	-1.484632e-01
7.501597754031726e-03	-1.591076e-01
7.502818457156726e-03	-1.617250e-01
7.505259863406726e-03	-1.669117e-01
7.505870214969226e-03	-1.682027e-01
7.507090918094226e-03	-1.707710e-01
7.509532324344226e-03	-1.758607e-01
7.514415136844226e-03	-1.858559e-01
7.524180761844226e-03	-2.050562e-01
7.533946386844226e-03	-2.230719e-01
7.543712011844226e-03	-2.396222e-01
7.553477636844226e-03	-2.542128e-01
7.563243261844226e-03	-2.660680e-01
7.573008886844227e-03	-2.744036e-01
7.582774511844226e-03	-2.789414e-01
7.592540136844226e-03	-2.800238e-01
7.602305761844226e-03	-2.787425e-01
7.612071386844226e-03	-2.757056e-01
7.621837011844226e-03	-2.714388e-01
7.631602636844226e-03	-2.664466e-01
7.641368261844226e-03	-2.609111e-01
7.651133886844226e-03	-2.550701e-01
7.660899511844226e-03	-2.489887e-01
7.670665136844226e-03	-2.427939e-01
7.680430761844226e-03	-2.364995e-01
7.690196386844226e-03	-2.301758e-01
7.699962011844226e-03	-2.238144e-01
7.709727636844226e-03	-2.174552e-01
7.719493261844226e-03	-2.110797e-01
7.729258886844226e-03	-2.047101e-01
7.739024511844226e-03	-1.983237e-01
7.748790136844226e-03	-1.919310e-01
7.758555761844226e-03	-1.855071e-01
7.768321386844226e-03	-1.790537e-01
7.778087011844226e-03	-1.725435e-01
7.787852636844226e-03	-1.659686e-01
7.797618261844226e-03	-1.592986e-01
7.807383886844226e-03	-1.525122e-01
7.808604589969226e-03	-1.516534e-01
7.811045996219226e-03	-1.499266e-01
7.815928808719227e-03	-1.464375e-01
7.823451863455703e-03	-1.409721e-01
7.831326601504698e-03	-1.351060e-01
7.841092226504698e-03	-1.275790e-01
7.850857851504698e-03	-1.196903e-01
7.860623476504697e-03	-1.113300e-01
7.870389101504697e-03	-1.023401e-01
7.880154726504697e-03	-9.250325e-02
7.889920351504697e-03	-8.150871e-02
7.899685976504698e-03	-6.893655e-02
7.909451601504698e-03	-5.426141e-02
7.919217226504698e-03	-3.693920e-02
7.928982851504698e-03	-1.688848e-02
7.938748476504697e-03	5.431978e-03
7.948514101504697e-03	2.914901e-02
7.958279726504697e-03	5.330678e-02
7.968045351504697e-03	7.731567e-02
7.977810976504697e-03	1.008178e-01
7.987576601504698e-03	1.236381e-01
7.997342226504698e-03	1.456541e-01
8.007107851504698e-03	1.667878e-01
8.016873476504698e-03	1.869526e-01
8.026639101504697e-03	2.060603e-01
8.036404726504697e-03	2.239486e-01
8.046170351504697e-03	2.403490e-01
8.055935976504697e-03	2.547526e-01
8.065701601504698e-03	2.664025e-01
8.075467226504698e-03	2.745270e-01
8.085232851504698e-03	2.788840e-01
8.094998476504698e-03	2.799147e-01
8.104764101504697e-03	2.784471e-01
8.114529726504697e-03	2.752606e-01
8.124295351504697e-03	2.709326e-01
8.134060976504697e-03	2.658384e-01
8.143826601504698e-03	2.602402e-01
8.153592226504698e-03	2.543064e-01
8.163357851504698e-03	2.481607e-01
8.173123476504698e-03	2.418775e-01
8.182889101504697e-03	2.355157e-01
8.192654726504697e-03	2.291053e-01
8.202420351504697e-03	2.226730e-01
8.212185976504697e-03	2.162266e-01
8.221951601504697e-03	2.097760e-01
8.231717226504698e-03	2.033172e-01
8.241482851504698e-03	1.968502e-01
8.251248476504698e-03	1.903640e-01
8.261014101504698e-03	1.838521e-01
8.270779726504697e-03	1.772978e-01
8.280545351504697e-03	1.706884e-01
8.290310976504697e-03	1.640000e-01
8.300076601504697e-03	1.572134e-01
8.309842226504698e-03	1.502959e-01
8.319607851504698e-03	1.432121e-01
8.329373476504698e-03	1.359131e-01
8.339139101504698e-03	1.283380e-01
8.348904726504697e-03	1.203971e-01
8.358670351504697e-03	1.119886e-01
8.368435976504697e-03	1.029556e-01
8.378201601504697e-03	9.307379e-02
8.387967226504698e-03	8.203049e-02
8.397732851504698e-03	6.941709e-02
8.407498476504698e-03	5.470747e-02
8.417264101504698e-03	3.737482e-02
8.427029726504697e-03	1.733921e-02
8.428250429629698e-03	1.465640e-02
8.430691835879698e-03	9.210535e-03
8.435574648379697e-03	-2.067549e-03
8.435727236270323e-03	-2.427120e-03
8.436032412051573e-03	-3.146743e-03
8.436642763614072e-03	-4.589650e-03
8.437863466739073e-03	-7.491524e-03
8.438168642520323e-03	-8.220542e-03
8.438778994082822e-03	-9.680463e-03
8.439999697207823e-03	-1.261343e-02
8.442441103457822e-03	-1.852610e-02
8.446612626409460e-03	-2.873529e-02
8.454955672312733e-03	-4.933668e-02
8.464721297312733e-03	-7.336817e-02
8.474486922312733e-03	-9.695402e-02
8.484252547312733e-03	-1.198981e-01
8.495238875437733e-03	-1.447851e-01
8.497680281687733e-03	-1.501724e-01
8.502563094187733e-03	-1.607782e-01
8.502715682078358e-03	-1.611053e-01
8.503020857859608e-03	-1.617593e-01
8.503631209422107e-03	-1.630625e-01
8.504851912547108e-03	-1.656527e-01
8.505157088328358e-03	-1.663016e-01
8.505767439890859e-03	-1.675933e-01
8.506988143015858e-03	-1.701631e-01
8.509429549265857e-03	-1.752596e-01
8.514312361765858e-03	-1.852652e-01
8.524077986765858e-03	-2.044911e-01
8.533843611765858e-03	-2.225349e-01
8.543609236765858e-03	-2.391259e-01
8.553374861765857e-03	-2.537729e-01
8.563140486765859e-03	-2.657197e-01
8.572906111765859e-03	-2.741681e-01
8.582671736765858e-03	-2.788186e-01
8.592437361765858e-03	-2.799920e-01
8.602202986765858e-03	-2.787755e-01
8.611968611765858e-03	-2.757796e-01
8.621734236765858e-03	-2.715392e-01
8.631499861765857e-03	-2.665615e-01
8.641265486765859e-03	-2.610347e-01
8.651031111765859e-03	-2.551960e-01
8.660796736765859e-03	-2.491151e-01
8.670562361765858e-03	-2.429169e-01
8.680327986765858e-03	-2.366191e-01
8.690093611765858e-03	-2.302895e-01
8.699859236765858e-03	-2.239230e-01
8.709624861765857e-03	-2.175567e-01
8.719390486765859e-03	-2.111754e-01
8.729156111765859e-03	-2.047984e-01
8.738921736765859e-03	-1.984059e-01
8.748687361765858e-03	-1.920058e-01
8.758452986765858e-03	-1.855759e-01
8.768218611765858e-03	-1.791152e-01
8.777984236765858e-03	-1.725981e-01
8.787749861765858e-03	-1.660168e-01
8.797515486765857e-03	-1.593411e-01
8.807281111765859e-03	-1.525474e-01
8.808501814890858e-03	-1.516879e-01
8.810943221140859e-03	-1.499595e-01
8.815826033640858e-03	-1.464667e-01
8.823115630253998e-03	-1.411676e-01
8.830808463892033e-03	-1.354375e-01
8.840574088892033e-03	-1.279158e-01
8.850339713892033e-03	-1.200356e-01
8.860105338892033e-03	-1.116881e-01
8.869870963892032e-03	-1.027169e-01
8.879636588892032e-03	-9.290736e-02
8.889402213892032e-03	-8.195201e-02
8.899167838892033e-03	-6.943511e-02
8.908933463892033e-03	-5.483415e-02
8.918699088892033e-03	-3.760131e-02
8.928464713892033e-03	-1.763883e-02
8.938230338892033e-03	4.615632e-03
8.947995963892032e-03	2.829863e-02
8.957761588892032e-03	5.244914e-02
8.967527213892032e-03	7.646783e-02
8.977292838892034e-03	9.999004e-02
8.987058463892033e-03	1.228372e-01
8.996824088892033e-03	1.448856e-01
9.006589713892033e-03	1.660560e-01
9.016355338892033e-03	1.862623e-01
9.026120963892032e-03	2.054171e-01
9.035886588892032e-03	2.233607e-01
9.045652213892032e-03	2.398299e-01
9.055417838892034e-03	2.543239e-01
9.065183463892033e-03	2.660909e-01
9.074949088892033e-03	2.743497e-01
9.084714713892033e-03	2.788343e-01
9.094480338892033e-03	2.799674e-01
9.104245963892033e-03	2.785729e-01
9.114011588892032e-03	2.754368e-01
9.123777213892032e-03	2.711438e-01
9.133542838892032e-03	2.660746e-01
9.143308463892033e-03	2.604947e-01
9.153074088892033e-03	2.545746e-01
9.162839713892033e-03	2.484395e-01
9.172605338892033e-03	2.421651e-01
9.182370963892033e-03	2.358106e-01
9.192136588892032e-03	2.294068e-01
9.201902213892032e-03	2.229806e-01
9.211667838892032e-03	2.165403e-01
9.221433463892034e-03	2.100958e-01
9.231199088892033e-03	2.036433e-01
9.240964713892033e-03	1.971831e-01
9.250730338892033e-03	1.907043e-01
9.260495963892033e-03	1.842004e-01
9.270261588892032e-03	1.776550e-01
9.280027213892032e-03	1.710556e-01
9.289792838892032e-03	1.643786e-01
9.299558463892034e-03	1.576051e-01
9.309324088892033e-03	1.507029e-01
9.319089713892033e-03	1.436371e-01
9.328855338892033e-03	1.363599e-01
9.338620963892033e-03	1.288117e-01
9.348386588892033e-03	1.209047e-01
9.358152213892032e-03	1.125385e-01
9.367917838892032e-03	1.035614e-01
9.377683463892032e-03	9.375300e-02
9.387449088892033e-03	8.280942e-02
9.397214713892033e-03	7.032829e-02
9.406980338892033e-03	5.578930e-02
9.416745963892033e-03	3.865280e-02
9.426511588892033e-03	1.880350e-02
9.436277213892032e-03	-3.344099e-03
9.446042838892032e-03	-2.695248e-02
9.447263542017033e-03	-2.995410e-02
9.449704948267032e-03	-3.597032e-02
9.454587760767033e-03	-4.804308e-02
9.464353385767033e-03	-7.208562e-02
9.474119010767033e-03	-9.570848e-02
9.483884635767032e-03	-1.186880e-01
9.493650260767032e-03	-1.409116e-01
9.494870963892033e-03	-1.436241e-01
9.497312370142032e-03	-1.490220e-01
9.502195182642033e-03	-1.596510e-01
9.502347770532658e-03	-1.599791e-01
9.502652946313908e-03	-1.606350e-01
9.503263297876407e-03	-1.619440e-01
9.503415885767032e-03	-1.622702e-01
9.503721061548284e-03	-1.629211e-01
9.503797355493596e-03	-1.630833e-01
9.503949943384221e-03	-1.634067e-01
9.504255119165471e-03	-1.640546e-01
9.504865470727970e-03	-1.653523e-01
9.506086173852971e-03	-1.679342e-01
9.508527580102970e-03	-1.730561e-01
9.513410392602971e-03	-1.831131e-01
9.523176017602971e-03	-2.024513e-01
9.532941642602970e-03	-2.206258e-01
9.542707267602970e-03	-2.373854e-01
9.552472892602970e-03	-2.522681e-01
9.562238517602970e-03	-2.645449e-01
9.572004142602970e-03	-2.733974e-01
9.581769767602969e-03	-2.783664e-01
9.591535392602971e-03	-2.800273e-01
9.601301017602971e-03	-2.790236e-01
9.611066642602971e-03	-2.761129e-01
9.620832267602970e-03	-2.720160e-01
9.630597892602970e-03	-2.670752e-01
9.640363517602970e-03	-2.616179e-01
9.650129142602970e-03	-2.557832e-01
9.659894767602970e-03	-2.497368e-01
9.669660392602971e-03	-2.435294e-01
9.679426017602971e-03	-2.372486e-01
9.689191642602971e-03	-2.309052e-01
9.698957267602970e-03	-2.245470e-01
9.708722892602970e-03	-2.181664e-01
9.718488517602970e-03	-2.117894e-01
9.728254142602970e-03	-2.053996e-01
9.738019767602970e-03	-1.990100e-01
9.747785392602971e-03	-1.925997e-01
9.757551017602971e-03	-1.861728e-01
9.767316642602971e-03	-1.797043e-01
9.777082267602970e-03	-1.731934e-01
9.786847892602970e-03	-1.666085e-01
9.796613517602970e-03	-1.599397e-01
9.806379142602970e-03	-1.531485e-01
9.807599845727970e-03	-1.522923e-01
9.810041251977970e-03	-1.505669e-01
9.814924064477971e-03	-1.470783e-01
9.816144767602970e-03	-1.462026e-01
9.818586173852971e-03	-1.444386e-01
9.823468986352970e-03	-1.408666e-01
9.833234611352970e-03	-1.335499e-01
9.843000236352970e-03	-1.259369e-01
9.852765861352971e-03	-1.179420e-01
9.862531486352971e-03	-1.094412e-01
9.872297111352971e-03	-1.002694e-01
9.882062736352970e-03	-9.018531e-02
9.891828361352970e-03	-7.885907e-02
9.901593986352970e-03	-6.583939e-02
9.911359611352970e-03	-5.059453e-02
9.921125236352970e-03	-3.262380e-02
9.930890861352971e-03	-1.197942e-02
9.940656486352971e-03	1.074262e-02
9.950422111352971e-03	3.462915e-02
9.960187736352970e-03	5.878702e-02
9.969953361352970e-03	8.269995e-02
9.979718986352970e-03	1.060572e-01
9.989484611352970e-03	1.287061e-01
9.999250236352970e-03	1.505318e-01
1.000000000000000e-02	1.521737e-01
Step Information: Rgain=9.8008K  (Step: 3/11)
0.000000000000000e+00	4.500004e-14
5.000000058430487e-08	2.353448e-09
1.000000011686097e-07	2.367033e-07
2.000000023372195e-07	8.187836e-06
4.000000046744390e-07	9.865293e-05
8.000000093488779e-07	5.606780e-04
1.600000018697756e-06	2.247621e-03
3.200000037395512e-06	7.574721e-03
6.400000074791024e-06	2.139681e-02
1.208905652143738e-05	4.782629e-02
1.796835720581920e-05	7.436085e-02
2.773398220581920e-05	1.158068e-01
3.749960720581920e-05	1.523495e-01
4.726523220581920e-05	1.798994e-01
5.703085720581920e-05	1.961842e-01
6.679648220581919e-05	2.050412e-01
7.656210720581920e-05	2.087209e-01
8.632773220581920e-05	2.095159e-01
9.609335720581919e-05	2.091708e-01
1.058589822058192e-04	2.077325e-01
1.156246072058192e-04	2.057326e-01
1.253902322058192e-04	2.031470e-01
1.351558572058192e-04	2.003050e-01
1.449214822058192e-04	1.971301e-01
1.546871072058192e-04	1.938274e-01
1.644527322058192e-04	1.903136e-01
1.742183572058192e-04	1.867276e-01
1.839839822058192e-04	1.829925e-01
1.937496072058192e-04	1.792068e-01
2.035152322058192e-04	1.753031e-01
2.132808572058192e-04	1.713536e-01
2.230464822058192e-04	1.673007e-01
2.328121072058192e-04	1.631994e-01
2.425777322058192e-04	1.589990e-01
2.523433572058192e-04	1.547415e-01
2.621089822058192e-04	1.503836e-01
2.718746072058192e-04	1.459568e-01
2.816402322058192e-04	1.414227e-01
2.914058572058192e-04	1.368042e-01
3.011714822058192e-04	1.320648e-01
3.109371072058192e-04	1.272178e-01
3.207027322058192e-04	1.222248e-01
3.304683572058192e-04	1.170962e-01
3.402339822058192e-04	1.117808e-01
3.499996072058192e-04	1.062718e-01
3.597652322058192e-04	1.005050e-01
3.695308572058192e-04	9.444169e-02
3.792964822058192e-04	8.797834e-02
3.890621072058192e-04	8.100888e-02
3.988277322058192e-04	7.332711e-02
4.085933572058192e-04	6.464881e-02
4.183589822058192e-04	5.445895e-02
4.281246072058192e-04	4.182031e-02
4.378902322058192e-04	2.527249e-02
4.391109353308192e-04	2.282175e-02
4.415523415808192e-04	1.765893e-02
4.464351540808192e-04	5.851685e-03
4.465877419714442e-04	5.451452e-03
4.468929177526942e-04	4.647570e-03
4.475032693151942e-04	3.015562e-03
4.487239724401942e-04	-3.516504e-04
4.489503873747370e-04	-9.890224e-04
4.494032172438227e-04	-2.274744e-03
4.495164247110941e-04	-2.600041e-03
4.497428396456369e-04	-3.252803e-03
4.501956695147225e-04	-4.571962e-03
4.511013292528939e-04	-7.262753e-03
4.529126487292365e-04	-1.284603e-02
4.549398393336555e-04	-1.940010e-02
4.589942205424935e-04	-3.335534e-02
4.656238558594309e-04	-5.792653e-02
4.753894808594309e-04	-9.573173e-02
4.851551058594309e-04	-1.332736e-01
4.949207308594310e-04	-1.695095e-01
4.961414339844309e-04	-1.739079e-01
4.985828402344310e-04	-1.826648e-01
5.034656527344310e-04	-1.998600e-01
5.104225935780349e-04	-2.235436e-01
5.201882185780349e-04	-2.545082e-01
5.299538435780349e-04	-2.802789e-01
5.397194685780349e-04	-2.963494e-01
5.494850935780349e-04	-3.021336e-01
5.592507185780349e-04	-3.017155e-01
5.690163435780349e-04	-2.981088e-01
5.787819685780349e-04	-2.928480e-01
5.885475935780350e-04	-2.865824e-01
5.983132185780350e-04	-2.798115e-01
6.080788435780349e-04	-2.728493e-01
6.178444685780349e-04	-2.657943e-01
6.276100935780349e-04	-2.587744e-01
6.373757185780349e-04	-2.518130e-01
6.471413435780349e-04	-2.449709e-01
6.569069685780349e-04	-2.382401e-01
6.666725935780349e-04	-2.316497e-01
6.764382185780349e-04	-2.251798e-01
6.862038435780349e-04	-2.188434e-01
6.959694685780349e-04	-2.126167e-01
7.057350935780349e-04	-2.065046e-01
7.155007185780350e-04	-2.004829e-01
7.252663435780350e-04	-1.945518e-01
7.350319685780349e-04	-1.886884e-01
7.447975935780349e-04	-1.828904e-01
7.545632185780349e-04	-1.771364e-01
7.643288435780349e-04	-1.714223e-01
7.740944685780349e-04	-1.657279e-01
7.838600935780349e-04	-1.600478e-01
7.936257185780349e-04	-1.543621e-01
7.948464217030349e-04	-1.536533e-01
7.972878279530349e-04	-1.522290e-01
8.021706404530350e-04	-1.493668e-01
8.033913435780349e-04	-1.486536e-01
8.058327498280349e-04	-1.472202e-01
8.107155623280349e-04	-1.443453e-01
8.190599307659920e-04	-1.394083e-01
8.288255557659919e-04	-1.335735e-01
8.385911807659919e-04	-1.276592e-01
8.483568057659919e-04	-1.216365e-01
8.581224307659919e-04	-1.154740e-01
8.678880557659919e-04	-1.091259e-01
8.776536807659919e-04	-1.025349e-01
8.874193057659919e-04	-9.561662e-02
8.971849307659919e-04	-8.825349e-02
9.069505557659919e-04	-8.026480e-02
9.167161807659919e-04	-7.137046e-02
9.264818057659920e-04	-6.110513e-02
9.362474307659920e-04	-4.866908e-02
9.460130557659920e-04	-3.248846e-02
9.557786807659919e-04	-1.048216e-02
9.655443057659919e-04	1.918826e-02
9.753099307659919e-04	5.531250e-02
9.850755557659920e-04	9.369810e-02
9.948411807659920e-04	1.315405e-01
9.960618838909920e-04	1.361668e-01
9.985032901409919e-04	1.453628e-01
1.003386102640992e-03	1.634616e-01
1.010861222681422e-03	1.903188e-01
1.018874106305052e-03	2.178590e-01
1.028639731305052e-03	2.490128e-01
1.038405356305052e-03	2.752879e-01
1.048170981305052e-03	2.923385e-01
1.057936606305052e-03	2.999755e-01
1.067702231305052e-03	3.000367e-01
1.077467856305052e-03	2.958069e-01
1.087233481305052e-03	2.902960e-01
1.096999106305052e-03	2.839448e-01
1.106764731305052e-03	2.771747e-01
1.116530356305052e-03	2.700649e-01
1.126295981305052e-03	2.629189e-01
1.136061606305052e-03	2.557214e-01
1.145827231305052e-03	2.486288e-01
1.155592856305052e-03	2.415939e-01
1.165358481305052e-03	2.347065e-01
1.175124106305052e-03	2.279143e-01
1.184889731305052e-03	2.212707e-01
1.194655356305052e-03	2.147267e-01
1.204420981305052e-03	2.083140e-01
1.214186606305052e-03	2.019897e-01
1.223952231305052e-03	1.957718e-01
1.233717856305052e-03	1.896237e-01
1.243483481305052e-03	1.835541e-01
1.253249106305052e-03	1.775326e-01
1.263014731305052e-03	1.715617e-01
1.272780356305052e-03	1.656142e-01
1.282545981305052e-03	1.596879e-01
1.292311606305052e-03	1.537583e-01
1.302077231305052e-03	1.478177e-01
1.311842856305052e-03	1.418420e-01
1.321608481305052e-03	1.358175e-01
1.322829184430052e-03	1.350603e-01
1.325270590680052e-03	1.335417e-01
1.330153403180052e-03	1.304862e-01
1.339919028180052e-03	1.242891e-01
1.349684653180052e-03	1.179626e-01
1.359450278180052e-03	1.114529e-01
1.369215903180052e-03	1.047052e-01
1.378981528180052e-03	9.762782e-02
1.388747153180052e-03	9.010796e-02
1.398512778180052e-03	8.195589e-02
1.408278403180052e-03	7.289408e-02
1.418044028180052e-03	6.244661e-02
1.427809653180052e-03	4.973396e-02
1.437575278180052e-03	3.339673e-02
1.447340903180052e-03	1.126899e-02
1.448561606305052e-03	7.948440e-03
1.451003012555052e-03	1.022254e-03
1.451613364117552e-03	-8.110430e-04
1.452834067242552e-03	-4.540212e-03
1.455275473492552e-03	-1.236738e-02
1.460158285992552e-03	-2.929083e-02
1.467727797299847e-03	-5.780147e-02
1.477493422299847e-03	-9.604074e-02
1.487259047299847e-03	-1.337675e-01
1.497024672299847e-03	-1.701156e-01
1.498245375424847e-03	-1.745222e-01
1.500686781674847e-03	-1.832934e-01
1.505569594174847e-03	-2.005040e-01
1.512429992226307e-03	-2.238440e-01
1.522195617226307e-03	-2.546116e-01
1.531961242226307e-03	-2.797160e-01
1.541726867226307e-03	-2.947463e-01
1.551492492226307e-03	-2.998069e-01
1.561258117226307e-03	-2.990978e-01
1.571023742226307e-03	-2.953857e-01
1.580789367226307e-03	-2.901227e-01
1.590554992226307e-03	-2.839041e-01
1.600320617226307e-03	-2.772114e-01
1.610086242226307e-03	-2.703301e-01
1.619851867226307e-03	-2.633650e-01
1.629617492226307e-03	-2.564295e-01
1.639383117226307e-03	-2.495537e-01
1.649148742226307e-03	-2.427891e-01
1.658914367226307e-03	-2.361339e-01
1.668679992226307e-03	-2.296104e-01
1.678445617226307e-03	-2.232042e-01
1.688211242226307e-03	-2.169234e-01
1.697976867226307e-03	-2.107487e-01
1.707742492226307e-03	-2.046810e-01
1.717508117226307e-03	-1.987001e-01
1.727273742226307e-03	-1.928030e-01
1.737039367226307e-03	-1.869702e-01
1.746804992226307e-03	-1.811966e-01
1.756570617226307e-03	-1.754636e-01
1.766336242226307e-03	-1.697648e-01
1.776101867226307e-03	-1.640822e-01
1.785867492226307e-03	-1.584085e-01
1.795633117226307e-03	-1.527226e-01
1.796853820351307e-03	-1.520119e-01
1.799295226601307e-03	-1.505848e-01
1.804178039101307e-03	-1.477212e-01
1.805398742226307e-03	-1.470071e-01
1.807840148476307e-03	-1.455730e-01
1.812722960976307e-03	-1.426940e-01
1.822488585976307e-03	-1.368996e-01
1.832254210976307e-03	-1.310350e-01
1.842019835976307e-03	-1.250794e-01
1.851785460976307e-03	-1.190008e-01
1.861551085976307e-03	-1.127642e-01
1.871316710976307e-03	-1.063173e-01
1.881082335976307e-03	-9.959418e-02
1.890847960976307e-03	-9.249594e-02
1.900613585976307e-03	-8.488274e-02
1.910379210976307e-03	-7.653525e-02
1.920144835976307e-03	-6.710676e-02
1.929910460976307e-03	-5.600864e-02
1.939676085976307e-03	-4.210448e-02
1.949441710976307e-03	-2.370248e-02
1.959207335976307e-03	1.532652e-03
1.968972960976307e-03	3.445738e-02
1.978738585976307e-03	7.204708e-02
1.988504210976307e-03	1.103889e-01
1.998269835976307e-03	1.476472e-01
1.999490539101307e-03	1.521882e-01
2.001931945351307e-03	1.612151e-01
2.006814757851307e-03	1.789443e-01
2.016580382851307e-03	2.130105e-01
2.026346007851307e-03	2.446865e-01
2.036111632851307e-03	2.719711e-01
2.045877257851307e-03	2.906438e-01
2.055642882851307e-03	2.996546e-01
2.065408507851307e-03	3.005511e-01
2.075174132851307e-03	2.966858e-01
2.084939757851307e-03	2.913131e-01
2.094705382851307e-03	2.850879e-01
2.104471007851307e-03	2.783863e-01
2.114236632851307e-03	2.713266e-01
2.124002257851307e-03	2.642013e-01
2.133767882851307e-03	2.570217e-01
2.143533507851307e-03	2.499335e-01
2.153299132851307e-03	2.429047e-01
2.163064757851307e-03	2.360174e-01
2.172830382851307e-03	2.292280e-01
2.182596007851307e-03	2.225852e-01
2.192361632851307e-03	2.160446e-01
2.202127257851307e-03	2.096356e-01
2.211892882851307e-03	2.033172e-01
2.221658507851307e-03	1.971069e-01
2.231424132851307e-03	1.909683e-01
2.241189757851307e-03	1.849111e-01
2.250955382851307e-03	1.789034e-01
2.260721007851307e-03	1.729492e-01
2.270486632851307e-03	1.670204e-01
2.280252257851307e-03	1.611165e-01
2.290017882851307e-03	1.552116e-01
2.299783507851307e-03	1.493005e-01
2.309549132851307e-03	1.433578e-01
2.319314757851307e-03	1.373712e-01
2.329080382851307e-03	1.313145e-01
2.338846007851307e-03	1.251602e-01
2.348611632851307e-03	1.188774e-01
2.358377257851307e-03	1.124254e-01
2.368142882851307e-03	1.057437e-01
2.377908507851307e-03	9.875397e-02
2.387674132851307e-03	9.134497e-02
2.397439757851307e-03	8.334754e-02
2.407205382851307e-03	7.450279e-02
2.416971007851307e-03	6.438420e-02
2.426736632851307e-03	5.219800e-02
2.436502257851307e-03	3.672070e-02
2.446267882851307e-03	1.589048e-02
2.456033507851307e-03	-1.240112e-02
2.457254210976307e-03	-1.652365e-02
2.459695617226307e-03	-2.497757e-02
2.464578429726307e-03	-4.290112e-02
2.474344054726307e-03	-8.075849e-02
2.484109679726307e-03	-1.189062e-01
2.493875304726307e-03	-1.558475e-01
2.495096007851307e-03	-1.603543e-01
2.495401183632557e-03	-1.614787e-01
2.496011535195057e-03	-1.637232e-01
2.496164123085682e-03	-1.642822e-01
2.496469298866932e-03	-1.653935e-01
2.497079650429432e-03	-1.676151e-01
2.497232238320057e-03	-1.681731e-01
2.497537414101307e-03	-1.692852e-01
2.498147765663807e-03	-1.715018e-01
2.499368468788807e-03	-1.759166e-01
2.501809875038807e-03	-1.846657e-01
2.506692687538807e-03	-2.018321e-01
2.516458312538807e-03	-2.345704e-01
2.526223937538807e-03	-2.638870e-01
2.535989562538807e-03	-2.859890e-01
2.545755187538807e-03	-2.973271e-01
2.555520812538807e-03	-2.999775e-01
2.565286437538807e-03	-2.980530e-01
2.575052062538807e-03	-2.936581e-01
2.584817687538807e-03	-2.880196e-01
2.594583312538807e-03	-2.815907e-01
2.604348937538807e-03	-2.747993e-01
2.614114562538807e-03	-2.678560e-01
2.623880187538807e-03	-2.608762e-01
2.633645812538807e-03	-2.539352e-01
2.643411437538807e-03	-2.470764e-01
2.653177062538807e-03	-2.403266e-01
2.662942687538807e-03	-2.336971e-01
2.672708312538807e-03	-2.271929e-01
2.682473937538807e-03	-2.208110e-01
2.692239562538807e-03	-2.145467e-01
2.702005187538807e-03	-2.083905e-01
2.711770812538807e-03	-2.023333e-01
2.721536437538807e-03	-1.963631e-01
2.731302062538807e-03	-1.904692e-01
2.741067687538807e-03	-1.846385e-01
2.750833312538807e-03	-1.788601e-01
2.760598937538807e-03	-1.731204e-01
2.770364562538807e-03	-1.674083e-01
2.780130187538807e-03	-1.617096e-01
2.789895812538807e-03	-1.560128e-01
2.791116515663807e-03	-1.553022e-01
2.793557921913807e-03	-1.538767e-01
2.794168273476307e-03	-1.535197e-01
2.795388976601307e-03	-1.528050e-01
2.797830382851307e-03	-1.513724e-01
2.802713195351307e-03	-1.485015e-01
2.803896031315802e-03	-1.478070e-01
2.806261703244793e-03	-1.464135e-01
2.810993047102774e-03	-1.436174e-01
2.820455734818737e-03	-1.379928e-01
2.830221359818737e-03	-1.321229e-01
2.839986984818737e-03	-1.261659e-01
2.849752609818737e-03	-1.200913e-01
2.859518234818738e-03	-1.138648e-01
2.869283859818737e-03	-1.074364e-01
2.879049484818738e-03	-1.007427e-01
2.888815109818737e-03	-9.368967e-02
2.898580734818738e-03	-8.614463e-02
2.908346359818737e-03	-7.790135e-02
2.918111984818738e-03	-6.863533e-02
2.927877609818737e-03	-5.780009e-02
2.937643234818738e-03	-4.444683e-02
2.947408859818737e-03	-2.672504e-02
2.957174484818737e-03	-2.467649e-03
2.966940109818737e-03	2.944104e-02
2.976705734818737e-03	6.667206e-02
2.986471359818737e-03	1.050481e-01
2.996236984818737e-03	1.425094e-01
2.997457687943737e-03	1.470776e-01
2.999899094193737e-03	1.561648e-01
3.004781906693737e-03	1.740188e-01
3.014547531693737e-03	2.083824e-01
3.024313156693737e-03	2.404914e-01
3.034078781693737e-03	2.686342e-01
3.043844406693737e-03	2.887700e-01
3.053610031693737e-03	2.991230e-01
3.063375656693737e-03	3.008823e-01
3.073141281693738e-03	2.974220e-01
3.082906906693737e-03	2.921826e-01
3.092672531693738e-03	2.860854e-01
3.102438156693737e-03	2.794482e-01
3.112203781693738e-03	2.724433e-01
3.121969406693737e-03	2.653345e-01
3.131735031693738e-03	2.581767e-01
3.141500656693737e-03	2.510887e-01
3.151266281693738e-03	2.440691e-01
3.161031906693737e-03	2.371773e-01
3.170797531693737e-03	2.303931e-01
3.180563156693737e-03	2.237462e-01
3.190328781693737e-03	2.172107e-01
3.200094406693737e-03	2.108003e-01
3.209860031693737e-03	2.044888e-01
3.219625656693737e-03	1.982808e-01
3.229391281693737e-03	1.921518e-01
3.239156906693737e-03	1.861010e-01
3.248922531693737e-03	1.801063e-01
3.258688156693737e-03	1.741629e-01
3.268453781693737e-03	1.682510e-01
3.278219406693737e-03	1.623629e-01
3.287985031693737e-03	1.564798e-01
3.297750656693737e-03	1.505902e-01
3.307516281693737e-03	1.446757e-01
3.317281906693738e-03	1.387203e-01
3.327047531693737e-03	1.327008e-01
3.328268234818737e-03	1.319459e-01
3.330709641068737e-03	1.304278e-01
3.335592453568737e-03	1.273630e-01
3.345358078568738e-03	1.211524e-01
3.355123703568737e-03	1.147864e-01
3.364889328568738e-03	1.082185e-01
3.374654953568737e-03	1.013739e-01
3.384420578568738e-03	9.416251e-02
3.394186203568737e-03	8.643530e-02
3.403951828568737e-03	7.798134e-02
3.413717453568737e-03	6.844705e-02
3.423483078568737e-03	5.725510e-02
3.433248703568737e-03	4.327454e-02
3.443014328568737e-03	2.485027e-02
3.444235031693737e-03	2.211317e-02
3.446676437943737e-03	1.635459e-02
3.451559250443737e-03	3.255844e-03
3.452779953568737e-03	-3.619405e-04
3.455221359818737e-03	-7.869518e-03
3.455831711381237e-03	-9.842299e-03
3.457052414506237e-03	-1.384576e-02
3.459493820756237e-03	-2.218331e-02
3.464376633256237e-03	-3.991716e-02
3.472891454869205e-03	-7.275787e-02
3.482657079869205e-03	-1.110112e-01
3.492422704869205e-03	-1.482543e-01
3.493643407994205e-03	-1.528007e-01
3.496084814244205e-03	-1.618405e-01
3.496695165806705e-03	-1.640792e-01
3.497915868931705e-03	-1.685186e-01
3.498221044712955e-03	-1.696333e-01
3.498831396275455e-03	-1.718505e-01
3.500052099400455e-03	-1.762597e-01
3.502493505650455e-03	-1.850036e-01
3.507376318150455e-03	-2.021522e-01
3.517141943150455e-03	-2.348499e-01
3.526907568150455e-03	-2.640999e-01
3.536673193150455e-03	-2.861110e-01
3.546438818150455e-03	-2.973597e-01
3.556204443150455e-03	-2.999569e-01
3.565970068150455e-03	-2.979953e-01
3.575735693150455e-03	-2.935757e-01
3.585501318150455e-03	-2.879139e-01
3.595266943150455e-03	-2.814676e-01
3.605032568150455e-03	-2.746573e-01
3.614798193150455e-03	-2.676988e-01
3.624563818150455e-03	-2.607017e-01
3.634329443150455e-03	-2.537463e-01
3.644095068150455e-03	-2.468708e-01
3.653860693150455e-03	-2.401070e-01
3.663626318150455e-03	-2.334609e-01
3.673391943150455e-03	-2.269429e-01
3.683157568150455e-03	-2.205446e-01
3.692923193150455e-03	-2.142663e-01
3.702688818150455e-03	-2.080937e-01
3.712454443150455e-03	-2.020224e-01
3.722220068150455e-03	-1.960358e-01
3.731985693150455e-03	-1.901275e-01
3.741751318150455e-03	-1.842802e-01
3.751516943150455e-03	-1.784870e-01
3.761282568150455e-03	-1.727303e-01
3.771048193150455e-03	-1.670024e-01
3.780813818150455e-03	-1.612861e-01
3.790579443150455e-03	-1.555727e-01
3.791800146275455e-03	-1.548594e-01
3.794241552525455e-03	-1.534288e-01
3.799124365025455e-03	-1.505547e-01
3.800345068150455e-03	-1.498377e-01
3.802786474400455e-03	-1.483976e-01
3.807669286900455e-03	-1.455099e-01
3.814961253956999e-03	-1.411805e-01
3.824726878957000e-03	-1.353321e-01
3.834492503957000e-03	-1.294100e-01
3.844258128957000e-03	-1.233857e-01
3.854023753957000e-03	-1.172297e-01
3.863789378957000e-03	-1.108982e-01
3.873555003957000e-03	-1.043373e-01
3.883320628957000e-03	-9.746803e-02
3.893086253957000e-03	-9.018145e-02
3.902851878957000e-03	-8.231118e-02
3.912617503957000e-03	-7.360248e-02
3.922383128956999e-03	-6.363589e-02
3.932148753957000e-03	-5.169777e-02
3.941914378957000e-03	-3.638734e-02
3.951680003957000e-03	-1.575529e-02
3.961445628956999e-03	1.231276e-02
3.971211253957000e-03	4.739590e-02
3.980976878957000e-03	8.559249e-02
3.990742503957000e-03	1.236500e-01
3.991963207081999e-03	1.283157e-01
3.994404613332000e-03	1.375996e-01
3.999287425832000e-03	1.558705e-01
4.006106261523383e-03	1.807113e-01
4.014651595101466e-03	2.105767e-01
4.024417220101465e-03	2.425254e-01
4.034182845101466e-03	2.703041e-01
4.043948470101466e-03	2.897693e-01
4.053714095101466e-03	2.994728e-01
4.063479720101465e-03	3.008171e-01
4.073245345101466e-03	2.971569e-01
4.083010970101466e-03	2.918746e-01
4.092776595101466e-03	2.857285e-01
4.102542220101466e-03	2.790857e-01
4.112307845101466e-03	2.720693e-01
4.122073470101466e-03	2.649794e-01
4.131839095101466e-03	2.578276e-01
4.141604720101466e-03	2.507668e-01
4.151370345101466e-03	2.437601e-01
4.161135970101466e-03	2.368978e-01
4.170901595101466e-03	2.301289e-01
4.180667220101466e-03	2.235111e-01
4.190432845101465e-03	2.169914e-01
4.200198470101466e-03	2.106086e-01
4.209964095101466e-03	2.043124e-01
4.219729720101466e-03	1.981301e-01
4.229495345101465e-03	1.920155e-01
4.239260970101466e-03	1.859884e-01
4.249026595101466e-03	1.800072e-01
4.258792220101466e-03	1.740857e-01
4.268557845101465e-03	1.681862e-01
4.278323470101466e-03	1.623184e-01
4.288089095101466e-03	1.564476e-01
4.297854720101466e-03	1.505776e-01
4.307620345101465e-03	1.446756e-01
4.317385970101466e-03	1.387386e-01
4.318606673226466e-03	1.379934e-01
4.321048079476465e-03	1.364977e-01
4.325930891976466e-03	1.334917e-01
4.327151595101466e-03	1.327396e-01
4.329593001351465e-03	1.312280e-01
4.330203352913966e-03	1.308489e-01
4.331424056038966e-03	1.300894e-01
4.333865462288966e-03	1.285628e-01
4.338748274788966e-03	1.254926e-01
4.348081169935442e-03	1.195343e-01
4.357846794935442e-03	1.131391e-01
4.367612419935442e-03	1.065248e-01
4.377378044935442e-03	9.961842e-02
4.387143669935442e-03	9.231370e-02
4.396909294935442e-03	8.445558e-02
4.406674919935442e-03	7.580263e-02
4.416440544935442e-03	6.596673e-02
4.426206169935442e-03	5.428723e-02
4.435971794935442e-03	3.948231e-02
4.445737419935442e-03	1.972104e-02
4.446958123060442e-03	1.677555e-02
4.449399529310442e-03	1.058642e-02
4.454282341810442e-03	-3.420106e-03
4.455503044935442e-03	-7.265794e-03
4.457944451185442e-03	-1.520735e-02
4.462827263685442e-03	-3.237509e-02
4.472592888685442e-03	-6.966075e-02
4.482358513685442e-03	-1.079952e-01
4.492124138685442e-03	-1.453294e-01
4.493344841810442e-03	-1.498925e-01
4.495786248060442e-03	-1.589669e-01
4.496396599622942e-03	-1.612151e-01
4.496549187513567e-03	-1.617766e-01
4.496854363294817e-03	-1.628985e-01
4.497464714857317e-03	-1.651348e-01
4.498685417982317e-03	-1.695668e-01
4.498990593763567e-03	-1.706808e-01
4.499600945326067e-03	-1.728950e-01
4.500821648451067e-03	-1.772968e-01
4.503263054701067e-03	-1.860262e-01
4.508145867201067e-03	-2.031416e-01
4.517911492201067e-03	-2.357505e-01
4.527677117201067e-03	-2.648381e-01
4.537442742201067e-03	-2.865596e-01
4.547208367201067e-03	-2.975031e-01
4.556973992201067e-03	-2.999179e-01
4.566739617201067e-03	-2.978573e-01
4.576505242201067e-03	-2.934843e-01
4.586270867201067e-03	-2.877027e-01
4.596036492201067e-03	-2.811857e-01
4.605802117201067e-03	-2.743821e-01
4.615567742201067e-03	-2.673917e-01
4.625333367201067e-03	-2.603987e-01
4.635098992201067e-03	-2.534190e-01
4.644864617201067e-03	-2.465464e-01
4.654630242201067e-03	-2.397626e-01
4.664395867201067e-03	-2.331176e-01
4.674161492201067e-03	-2.265819e-01
4.683927117201067e-03	-2.201825e-01
4.693692742201067e-03	-2.138879e-01
4.703458367201067e-03	-2.077123e-01
4.713223992201067e-03	-2.016254e-01
4.722989617201067e-03	-1.956339e-01
4.732755242201067e-03	-1.897103e-01
4.742520867201067e-03	-1.838564e-01
4.752286492201067e-03	-1.780478e-01
4.762052117201067e-03	-1.722828e-01
4.771817742201067e-03	-1.665389e-01
4.781583367201067e-03	-1.608124e-01
4.791348992201067e-03	-1.550819e-01
4.792569695326067e-03	-1.543677e-01
4.795011101576067e-03	-1.529331e-01
4.799893914076067e-03	-1.500496e-01
4.801114617201067e-03	-1.493311e-01
4.803556023451067e-03	-1.478872e-01
4.808438835951067e-03	-1.449915e-01
4.816338343857906e-03	-1.402858e-01
4.826103968857906e-03	-1.344143e-01
4.835869593857906e-03	-1.284649e-01
4.845635218857906e-03	-1.224086e-01
4.855400843857906e-03	-1.162139e-01
4.865166468857906e-03	-1.098347e-01
4.874932093857906e-03	-1.032139e-01
4.884697718857906e-03	-9.626715e-02
4.894463343857906e-03	-8.887718e-02
4.904228968857905e-03	-8.086400e-02
4.913994593857906e-03	-7.194906e-02
4.923760218857906e-03	-6.167021e-02
4.933525843857906e-03	-4.923455e-02
4.943291468857905e-03	-3.308530e-02
4.953057093857906e-03	-1.116246e-02
4.962822718857906e-03	1.837361e-02
4.972588343857906e-03	5.437601e-02
4.982353968857905e-03	9.271271e-02
4.992119593857906e-03	1.305721e-01
4.993340296982906e-03	1.352046e-01
4.995781703232905e-03	1.444150e-01
5.000664515732906e-03	1.625502e-01
5.008051921185475e-03	1.891776e-01
5.016010549303437e-03	2.166658e-01
5.025776174303436e-03	2.480602e-01
5.035541799303437e-03	2.746954e-01
5.045307424303437e-03	2.921853e-01
5.055073049303437e-03	3.001665e-01
5.064838674303436e-03	3.004344e-01
5.074604299303437e-03	2.963117e-01
5.084369924303437e-03	2.908771e-01
5.094135549303437e-03	2.846031e-01
5.103901174303436e-03	2.779008e-01
5.113666799303437e-03	2.708553e-01
5.123432424303437e-03	2.637694e-01
5.133198049303437e-03	2.566314e-01
5.142963674303436e-03	2.495966e-01
5.152729299303436e-03	2.426199e-01
5.162494924303437e-03	2.357902e-01
5.172260549303437e-03	2.290562e-01
5.182026174303436e-03	2.224709e-01
5.191791799303436e-03	2.159857e-01
5.201557424303437e-03	2.096325e-01
5.211323049303437e-03	2.033680e-01
5.221088674303436e-03	1.972111e-01
5.230854299303436e-03	1.911245e-01
5.240619924303437e-03	1.851182e-01
5.250385549303437e-03	1.791607e-01
5.260151174303437e-03	1.732552e-01
5.269916799303436e-03	1.673755e-01
5.279682424303437e-03	1.615198e-01
5.289448049303437e-03	1.556640e-01
5.299213674303437e-03	1.498019e-01
5.308979299303436e-03	1.439101e-01
5.318744924303437e-03	1.379766e-01
5.328510549303437e-03	1.319748e-01
5.329731252428437e-03	1.312226e-01
5.332172658678437e-03	1.297089e-01
5.337055471178437e-03	1.266506e-01
5.346821096178437e-03	1.204549e-01
5.356586721178436e-03	1.140978e-01
5.366352346178437e-03	1.075375e-01
5.376117971178437e-03	1.006931e-01
5.385883596178437e-03	9.347717e-02
5.395649221178436e-03	8.573353e-02
5.405414846178436e-03	7.725004e-02
5.415180471178437e-03	6.765977e-02
5.424946096178437e-03	5.637152e-02
5.434711721178436e-03	4.221345e-02
5.444477346178436e-03	2.348944e-02
5.445698049303437e-03	2.070354e-02
5.448139455553436e-03	1.484371e-02
5.453022268053436e-03	1.524484e-03
5.454242971178437e-03	-2.150274e-03
5.456684377428436e-03	-9.768386e-03
5.457294728990937e-03	-1.176750e-02
5.458515432115937e-03	-1.582234e-02
5.460956838365937e-03	-2.425367e-02
5.465839650865937e-03	-4.213108e-02
5.474271072349463e-03	-7.475625e-02
5.484036697349463e-03	-1.129962e-01
5.493802322349463e-03	-1.501737e-01
5.495023025474464e-03	-1.547093e-01
5.497464431724463e-03	-1.637250e-01
5.497540725669776e-03	-1.640041e-01
5.497693313560400e-03	-1.645613e-01
5.497998489341651e-03	-1.656709e-01
5.498608840904150e-03	-1.678928e-01
5.499829544029151e-03	-1.723286e-01
5.502270950279151e-03	-1.811122e-01
5.506538616055218e-03	-1.962105e-01
5.515073947607353e-03	-2.252546e-01
5.524839572607353e-03	-2.557830e-01
5.534605197607353e-03	-2.804734e-01
5.544370822607353e-03	-2.950301e-01
5.554136447607353e-03	-2.997552e-01
5.563902072607353e-03	-2.988590e-01
5.573667697607353e-03	-2.950136e-01
5.583433322607353e-03	-2.896575e-01
5.593198947607353e-03	-2.833577e-01
5.602964572607353e-03	-2.766016e-01
5.612730197607353e-03	-2.696549e-01
5.622495822607353e-03	-2.626349e-01
5.632261447607353e-03	-2.556401e-01
5.642027072607353e-03	-2.487103e-01
5.651792697607353e-03	-2.418893e-01
5.661558322607353e-03	-2.351840e-01
5.671323947607353e-03	-2.286046e-01
5.681089572607352e-03	-2.221478e-01
5.690855197607353e-03	-2.158108e-01
5.700620822607353e-03	-2.095848e-01
5.710386447607353e-03	-2.034605e-01
5.720152072607352e-03	-1.974272e-01
5.729917697607353e-03	-1.914728e-01
5.739683322607353e-03	-1.855859e-01
5.749448947607353e-03	-1.797536e-01
5.759214572607353e-03	-1.739642e-01
5.768980197607353e-03	-1.682046e-01
5.778745822607353e-03	-1.624622e-01
5.788511447607353e-03	-1.567241e-01
5.789732150732353e-03	-1.560085e-01
5.792173556982353e-03	-1.545731e-01
5.792783908544853e-03	-1.542139e-01
5.794004611669853e-03	-1.534949e-01
5.796446017919852e-03	-1.520532e-01
5.797056369482353e-03	-1.516929e-01
5.798277072607353e-03	-1.509712e-01
5.800718478857353e-03	-1.495255e-01
5.801328830419853e-03	-1.491644e-01
5.802549533544853e-03	-1.484411e-01
5.804990939794853e-03	-1.469925e-01
5.809873752294853e-03	-1.440894e-01
5.819639377294853e-03	-1.382469e-01
5.829405002294853e-03	-1.323404e-01
5.839170627294853e-03	-1.263455e-01
5.848936252294852e-03	-1.202338e-01
5.858701877294853e-03	-1.139676e-01
5.868467502294853e-03	-1.074984e-01
5.878233127294853e-03	-1.007588e-01
5.887998752294852e-03	-9.365503e-02
5.897764377294853e-03	-8.604882e-02
5.907530002294853e-03	-7.773007e-02
5.917295627294853e-03	-6.836288e-02
5.927061252294853e-03	-5.738460e-02
5.936826877294853e-03	-4.370878e-02
5.946592502294853e-03	-2.571162e-02
5.956358127294853e-03	-1.069624e-03
5.966123752294853e-03	3.129352e-02
5.975889377294853e-03	6.863523e-02
5.985655002294853e-03	1.069953e-01
5.995420627294853e-03	1.443803e-01
5.996641330419853e-03	1.489417e-01
5.999082736669853e-03	1.580120e-01
6.003965549169853e-03	1.758366e-01
6.013731174169853e-03	2.101399e-01
6.023496799169853e-03	2.421599e-01
6.033262424169853e-03	2.700527e-01
6.043028049169853e-03	2.896600e-01
6.052793674169853e-03	2.994951e-01
6.062559299169852e-03	3.009143e-01
6.072324924169853e-03	2.973024e-01
6.082090549169853e-03	2.920407e-01
6.091856174169853e-03	2.859268e-01
6.101621799169852e-03	2.793019e-01
6.111387424169853e-03	2.723128e-01
6.121153049169853e-03	2.652378e-01
6.130918674169853e-03	2.581110e-01
6.140684299169853e-03	2.510644e-01
6.150449924169853e-03	2.440816e-01
6.160215549169853e-03	2.372335e-01
6.169981174169853e-03	2.304883e-01
6.179746799169853e-03	2.238850e-01
6.189512424169853e-03	2.173887e-01
6.199278049169853e-03	2.110210e-01
6.209043674169853e-03	2.047482e-01
6.218809299169853e-03	1.985816e-01
6.228574924169853e-03	1.924906e-01
6.238340549169853e-03	1.864801e-01
6.248106174169853e-03	1.805228e-01
6.257871799169853e-03	1.746190e-01
6.267637424169853e-03	1.687445e-01
6.277403049169853e-03	1.628960e-01
6.287168674169853e-03	1.570514e-01
6.296934299169853e-03	1.512032e-01
6.306699924169852e-03	1.453298e-01
6.316465549169853e-03	1.394181e-01
6.326231174169853e-03	1.334450e-01
6.327451877294853e-03	1.326960e-01
6.329893283544853e-03	1.311904e-01
6.330503635107352e-03	1.308125e-01
6.331724338232353e-03	1.300559e-01
6.334165744482353e-03	1.285350e-01
6.339048556982353e-03	1.254757e-01
6.348814181982353e-03	1.192609e-01
6.358579806982353e-03	1.128826e-01
6.368345431982353e-03	1.062848e-01
6.378111056982353e-03	9.939375e-02
6.387876681982353e-03	9.210514e-02
6.397642306982353e-03	8.426239e-02
6.407407931982353e-03	7.562610e-02
6.417173556982353e-03	6.580687e-02
6.426939181982353e-03	5.414619e-02
6.436704806982353e-03	3.936085e-02
6.446470431982353e-03	1.961932e-02
6.456236056982353e-03	-7.286383e-03
6.466001681982353e-03	-4.146842e-02
6.475767306982353e-03	-7.938638e-02
6.485532931982353e-03	-1.175491e-01
6.495298556982353e-03	-1.545633e-01
6.496519260107353e-03	-1.590738e-01
6.496824435888603e-03	-1.601992e-01
6.497434787451102e-03	-1.624466e-01
6.498655490576103e-03	-1.669103e-01
6.498960666357353e-03	-1.680170e-01
6.499571017919853e-03	-1.702341e-01
6.500791721044853e-03	-1.746541e-01
6.503233127294853e-03	-1.834097e-01
6.508115939794853e-03	-2.005894e-01
6.517881564794853e-03	-2.333575e-01
6.527647189794853e-03	-2.627892e-01
6.537412814794853e-03	-2.852228e-01
6.547178439794853e-03	-2.969818e-01
6.556944064794853e-03	-2.998794e-01
6.566709689794853e-03	-2.980608e-01
6.576475314794853e-03	-2.937029e-01
6.586240939794853e-03	-2.880649e-01
6.596006564794853e-03	-2.816132e-01
6.605772189794853e-03	-2.747865e-01
6.615537814794853e-03	-2.678009e-01
6.625303439794853e-03	-2.607745e-01
6.635069064794853e-03	-2.537839e-01
6.644834689794853e-03	-2.468742e-01
6.654600314794853e-03	-2.400723e-01
6.664365939794853e-03	-2.333907e-01
6.674131564794853e-03	-2.268341e-01
6.683897189794853e-03	-2.204004e-01
6.693662814794853e-03	-2.140842e-01
6.703428439794852e-03	-2.078769e-01
6.713194064794853e-03	-2.017688e-01
6.722959689794853e-03	-1.957483e-01
6.732725314794853e-03	-1.898043e-01
6.742490939794852e-03	-1.839236e-01
6.752256564794853e-03	-1.780958e-01
6.762022189794853e-03	-1.723062e-01
6.771787814794853e-03	-1.665442e-01
6.781553439794853e-03	-1.607948e-01
6.791319064794853e-03	-1.550460e-01
6.792539767919853e-03	-1.543285e-01
6.794981174169852e-03	-1.528881e-01
6.799863986669853e-03	-1.499948e-01
6.801084689794853e-03	-1.492737e-01
6.803526096044852e-03	-1.478248e-01
6.808408908544853e-03	-1.449191e-01
6.816481315077740e-03	-1.400933e-01
6.826246940077740e-03	-1.342000e-01
6.836012565077740e-03	-1.282276e-01
6.845778190077740e-03	-1.221464e-01
6.855543815077740e-03	-1.159242e-01
6.865309440077740e-03	-1.095139e-01
6.875075065077741e-03	-1.028564e-01
6.884840690077740e-03	-9.586502e-02
6.894606315077740e-03	-8.841845e-02
6.904371940077740e-03	-8.033015e-02
6.914137565077741e-03	-7.131010e-02
6.923903190077740e-03	-6.087557e-02
6.933668815077740e-03	-4.819582e-02
6.943434440077740e-03	-3.164215e-02
6.953200065077741e-03	-9.119382e-03
6.962965690077740e-03	2.104814e-02
6.972731315077740e-03	5.739650e-02
6.982496940077740e-03	9.575506e-02
6.992262565077741e-03	1.335198e-01
6.993483268202740e-03	1.381375e-01
6.995924674452740e-03	1.473170e-01
7.000807486952741e-03	1.653956e-01
7.008031312285741e-03	1.913479e-01
7.016519727326078e-03	2.205212e-01
7.026285352326077e-03	2.515469e-01
7.036050977326077e-03	2.773710e-01
7.045816602326078e-03	2.935669e-01
7.055582227326078e-03	3.004957e-01
7.065347852326077e-03	3.001559e-01
7.075113477326077e-03	2.957897e-01
7.084879102326078e-03	2.902731e-01
7.094644727326078e-03	2.839286e-01
7.104410352326077e-03	2.772028e-01
7.114175977326077e-03	2.701489e-01
7.123941602326078e-03	2.630779e-01
7.133707227326078e-03	2.559574e-01
7.143472852326077e-03	2.489507e-01
7.153238477326077e-03	2.420013e-01
7.163004102326078e-03	2.352035e-01
7.172769727326078e-03	2.284997e-01
7.182535352326077e-03	2.219461e-01
7.192300977326077e-03	2.154908e-01
7.202066602326078e-03	2.091666e-01
7.211832227326078e-03	2.029301e-01
7.221597852326078e-03	1.968003e-01
7.231363477326077e-03	1.907394e-01
7.241129102326078e-03	1.847572e-01
7.250894727326078e-03	1.788230e-01
7.260660352326078e-03	1.729392e-01
7.270425977326077e-03	1.670806e-01
7.280191602326077e-03	1.612437e-01
7.289957227326078e-03	1.554069e-01
7.299722852326078e-03	1.495617e-01
7.309488477326077e-03	1.436871e-01
7.319254102326077e-03	1.377694e-01
7.329019727326078e-03	1.317825e-01
7.330240430451078e-03	1.310326e-01
7.332681836701078e-03	1.295228e-01
7.337564649201078e-03	1.264717e-01
7.347330274201078e-03	1.202910e-01
7.357095899201077e-03	1.139483e-01
7.366861524201077e-03	1.074029e-01
7.376627149201078e-03	1.005736e-01
7.386392774201078e-03	9.337404e-02
7.396158399201077e-03	8.564798e-02
7.405924024201077e-03	7.718503e-02
7.415689649201078e-03	6.761947e-02
7.425455274201078e-03	5.636386e-02
7.435220899201078e-03	4.225172e-02
7.444986524201077e-03	2.359274e-02
7.454752149201078e-03	-1.913171e-03
7.455972852326078e-03	-5.707813e-03
7.456278028107327e-03	-6.664255e-03
7.456888379669828e-03	-8.593519e-03
7.458109082794828e-03	-1.255032e-02
7.460550489044828e-03	-2.081281e-02
7.465433301544828e-03	-3.844460e-02
7.475198926544828e-03	-7.612428e-02
7.484964551544827e-03	-1.143923e-01
7.494730176544827e-03	-1.515038e-01
7.495950879669828e-03	-1.560338e-01
7.498392285919827e-03	-1.650340e-01
7.498468579865140e-03	-1.653092e-01
7.498621167755765e-03	-1.658589e-01
7.498926343537015e-03	-1.669727e-01
7.499536695099515e-03	-1.691942e-01
7.500757398224515e-03	-1.736185e-01
7.503198804474515e-03	-1.823872e-01
7.508081616974515e-03	-1.995892e-01
7.517847241974515e-03	-2.324211e-01
7.527612866974515e-03	-2.619791e-01
7.537378491974515e-03	-2.846876e-01
7.547144116974515e-03	-2.967671e-01
7.556909741974515e-03	-2.998647e-01
7.566675366974515e-03	-2.981413e-01
7.576440991974515e-03	-2.939523e-01
7.586206616974515e-03	-2.882479e-01
7.595972241974515e-03	-2.817573e-01
7.605737866974515e-03	-2.749561e-01
7.615503491974515e-03	-2.679506e-01
7.625269116974515e-03	-2.609325e-01
7.635034741974515e-03	-2.539208e-01
7.644800366974515e-03	-2.470126e-01
7.654565991974515e-03	-2.401913e-01
7.664331616974515e-03	-2.335076e-01
7.674097241974515e-03	-2.269336e-01
7.683862866974515e-03	-2.204958e-01
7.693628491974515e-03	-2.141642e-01
7.703394116974515e-03	-2.079518e-01
7.713159741974515e-03	-2.018303e-01
7.722925366974515e-03	-1.958042e-01
7.732690991974515e-03	-1.898480e-01
7.742456616974515e-03	-1.839622e-01
7.752222241974515e-03	-1.781234e-01
7.761987866974515e-03	-1.723283e-01
7.771753491974515e-03	-1.665567e-01
7.781519116974515e-03	-1.608017e-01
7.791284741974515e-03	-1.550438e-01
7.792505445099515e-03	-1.543258e-01
7.794946851349515e-03	-1.528845e-01
7.799829663849515e-03	-1.499869e-01
7.801050366974515e-03	-1.492652e-01
7.803491773224515e-03	-1.478145e-01
7.808374585724515e-03	-1.449053e-01
7.816750428409302e-03	-1.398912e-01
7.826516053409302e-03	-1.339885e-01
7.836281678409301e-03	-1.280056e-01
7.846047303409301e-03	-1.219127e-01
7.855812928409301e-03	-1.156769e-01
7.865578553409301e-03	-1.092504e-01
7.875344178409301e-03	-1.025731e-01
7.885109803409300e-03	-9.555671e-02
7.894875428409302e-03	-8.807729e-02
7.904641053409302e-03	-7.994409e-02
7.914406678409302e-03	-7.085962e-02
7.924172303409301e-03	-6.032769e-02
7.933937928409301e-03	-4.749270e-02
7.943703553409301e-03	-3.067935e-02
7.953469178409301e-03	-7.773705e-03
7.963234803409300e-03	2.278606e-02
7.973000428409300e-03	5.933976e-02
7.982766053409302e-03	9.770580e-02
7.992531678409302e-03	1.354091e-01
7.993752381534300e-03	1.400163e-01
7.996193787784302e-03	1.491780e-01
8.001076600284301e-03	1.672153e-01
8.008067558206419e-03	1.922867e-01
8.017401753049260e-03	2.242208e-01
8.027167378049260e-03	2.548468e-01
8.036933003049262e-03	2.797969e-01
8.046698628049262e-03	2.947301e-01
8.056464253049261e-03	3.006811e-01
8.066229878049261e-03	2.998103e-01
8.075995503049261e-03	2.952319e-01
8.085761128049261e-03	2.896340e-01
8.095526753049261e-03	2.832147e-01
8.105292378049260e-03	2.764628e-01
8.115058003049260e-03	2.693910e-01
8.124823628049262e-03	2.623284e-01
8.134589253049261e-03	2.552130e-01
8.144354878049261e-03	2.482266e-01
8.154120503049261e-03	2.412910e-01
8.163886128049261e-03	2.345168e-01
8.173651753049261e-03	2.278294e-01
8.183417378049260e-03	2.212988e-01
8.193183003049260e-03	2.148595e-01
8.202948628049262e-03	2.085567e-01
8.212714253049262e-03	2.023347e-01
8.222479878049261e-03	1.962222e-01
8.232245503049261e-03	1.901735e-01
8.242011128049261e-03	1.842063e-01
8.251776753049261e-03	1.782819e-01
8.261542378049260e-03	1.724101e-01
8.271308003049260e-03	1.665588e-01
8.281073628049262e-03	1.607310e-01
8.290839253049262e-03	1.548991e-01
8.300604878049261e-03	1.490598e-01
8.310370503049261e-03	1.431874e-01
8.320136128049261e-03	1.372723e-01
8.329901753049261e-03	1.312846e-01
8.331122456174261e-03	1.305348e-01
8.333563862424261e-03	1.290244e-01
8.338446674924262e-03	1.259713e-01
8.348212299924261e-03	1.197871e-01
8.357589068197403e-03	1.136920e-01
8.367354693197403e-03	1.071429e-01
8.377120318197403e-03	1.003102e-01
8.386885943197402e-03	9.309854e-02
8.396651568197402e-03	8.536235e-02
8.406417193197402e-03	7.686675e-02
8.416182818197403e-03	6.727576e-02
8.425948443197403e-03	5.597464e-02
8.435714068197403e-03	4.175618e-02
8.445479693197403e-03	2.294543e-02
8.446700396322403e-03	2.014121e-02
8.449141802572403e-03	1.424558e-02
8.454024615072402e-03	8.515112e-04
8.455245318197403e-03	-2.843068e-03
8.455550493978652e-03	-3.774275e-03
8.456160845541153e-03	-5.654247e-03
8.456313433431778e-03	-6.131499e-03
8.456618609213028e-03	-7.089954e-03
8.457228960775528e-03	-9.030271e-03
8.458449663900528e-03	-1.300537e-02
8.460891070150528e-03	-2.129349e-02
8.464489178020810e-03	-3.419994e-02
8.471685393761376e-03	-6.159826e-02
8.481451018761375e-03	-9.991196e-02
8.491216643761375e-03	-1.375542e-01
8.500982268761375e-03	-1.737185e-01
8.502202971886376e-03	-1.780995e-01
8.504644378136375e-03	-1.868145e-01
8.509527190636374e-03	-2.038966e-01
8.517704934934530e-03	-2.313041e-01
8.527470559934530e-03	-2.610054e-01
8.537236184934530e-03	-2.840416e-01
8.547001809934529e-03	-2.965094e-01
8.556767434934529e-03	-2.998503e-01
8.566533059934529e-03	-2.982478e-01
8.576298684934529e-03	-2.940055e-01
8.586064309934530e-03	-2.884230e-01
8.595829934934530e-03	-2.819963e-01
8.605595559934530e-03	-2.751717e-01
8.615361184934530e-03	-2.681822e-01
8.625126809934529e-03	-2.611415e-01
8.634892434934529e-03	-2.541358e-01
8.644658059934529e-03	-2.472058e-01
8.654423684934529e-03	-2.403850e-01
8.664189309934529e-03	-2.336815e-01
8.673954934934530e-03	-2.271051e-01
8.683720559934530e-03	-2.206500e-01
8.693486184934530e-03	-2.143146e-01
8.703251809934530e-03	-2.080872e-01
8.713017434934529e-03	-2.019611e-01
8.722783059934529e-03	-1.959222e-01
8.732548684934529e-03	-1.899615e-01
8.742314309934529e-03	-1.840645e-01
8.752079934934530e-03	-1.782210e-01
8.761845559934530e-03	-1.724164e-01
8.771611184934530e-03	-1.666397e-01
8.781376809934530e-03	-1.608766e-01
8.791142434934529e-03	-1.551146e-01
8.792363138059530e-03	-1.543956e-01
8.794804544309530e-03	-1.529520e-01
8.799687356809530e-03	-1.500522e-01
8.800908059934529e-03	-1.493295e-01
8.803349466184529e-03	-1.478773e-01
8.808232278684529e-03	-1.449653e-01
8.816275202004098e-03	-1.401468e-01
8.826040827004097e-03	-1.342412e-01
8.835806452004097e-03	-1.282563e-01
8.845572077004097e-03	-1.221625e-01
8.855337702004097e-03	-1.159271e-01
8.865103327004097e-03	-1.095027e-01
8.874868952004098e-03	-1.028297e-01
8.884634577004098e-03	-9.582058e-02
8.894400202004098e-03	-8.835285e-02
8.904165827004097e-03	-8.023803e-02
8.913931452004097e-03	-7.118265e-02
8.923697077004097e-03	-6.069796e-02
8.933462702004097e-03	-4.794209e-02
8.943228327004097e-03	-3.126616e-02
8.952993952004096e-03	-8.568082e-03
8.962759577004098e-03	2.177440e-02
8.972525202004098e-03	5.820986e-02
8.982290827004098e-03	9.656755e-02
8.992056452004097e-03	1.343052e-01
8.993277155129098e-03	1.389188e-01
8.995718561379097e-03	1.480912e-01
9.000601373879097e-03	1.661548e-01
9.007611695040295e-03	1.913340e-01
9.016423269417061e-03	2.215972e-01
9.026188894417060e-03	2.525268e-01
9.035954519417060e-03	2.781168e-01
9.045720144417060e-03	2.939493e-01
9.055485769417060e-03	3.005901e-01
9.065251394417060e-03	3.000928e-01
9.075017019417059e-03	2.956666e-01
9.084782644417059e-03	2.901336e-01
9.094548269417061e-03	2.837745e-01
9.104313894417061e-03	2.770493e-01
9.114079519417060e-03	2.699985e-01
9.123845144417060e-03	2.629389e-01
9.133610769417060e-03	2.558286e-01
9.143376394417060e-03	2.488369e-01
9.153142019417060e-03	2.419005e-01
9.162907644417059e-03	2.351189e-01
9.172673269417061e-03	2.284289e-01
9.182438894417061e-03	2.218912e-01
9.192204519417060e-03	2.154497e-01
9.201970144417060e-03	2.091409e-01
9.211735769417060e-03	2.029177e-01
9.221501394417060e-03	1.968024e-01
9.231267019417060e-03	1.907543e-01
9.241032644417059e-03	1.847858e-01
9.250798269417059e-03	1.788639e-01
9.260563894417061e-03	1.729931e-01
9.270329519417060e-03	1.671464e-01
9.280095144417060e-03	1.613221e-01
9.289860769417060e-03	1.554971e-01
9.299626394417060e-03	1.496644e-01
9.309392019417060e-03	1.438020e-01
9.319157644417059e-03	1.378973e-01
9.328923269417059e-03	1.319238e-01
9.330143972542060e-03	1.311755e-01
9.332585378792059e-03	1.296693e-01
9.337468191292060e-03	1.266258e-01
9.347233816292060e-03	1.204602e-01
9.356999441292060e-03	1.141353e-01
9.366765066292060e-03	1.076096e-01
9.376530691292059e-03	1.008045e-01
9.386296316292061e-03	9.363431e-02
9.396061941292061e-03	8.594683e-02
9.405827566292060e-03	7.753560e-02
9.415593191292060e-03	6.804472e-02
9.425358816292060e-03	5.690186e-02
9.435124441292060e-03	4.297435e-02
9.444890066292060e-03	2.460783e-02
9.454655691292059e-03	-5.087311e-04
9.455876394417060e-03	-4.252228e-03
9.456181570198310e-03	-5.195983e-03
9.456791921760809e-03	-7.101745e-03
9.458012624885810e-03	-1.101052e-02
9.459704484886275e-03	-1.663178e-02
9.463088204887202e-03	-2.847037e-02
9.466774738168864e-03	-4.209092e-02
9.472312147999182e-03	-6.340571e-02
9.482077772999182e-03	-1.016912e-01
9.491843397999182e-03	-1.392924e-01
9.493064101124183e-03	-1.438801e-01
9.495505507374182e-03	-1.530092e-01
9.496016353052835e-03	-1.549054e-01
9.497038044410138e-03	-1.586883e-01
9.497293467249465e-03	-1.596306e-01
9.497804312928118e-03	-1.615127e-01
9.498826004285421e-03	-1.652609e-01
9.500869387000030e-03	-1.726670e-01
9.501380232678682e-03	-1.745198e-01
9.502401924035985e-03	-1.781991e-01
9.504445306750596e-03	-1.854944e-01
9.508532072179813e-03	-1.998532e-01
9.516705603038246e-03	-2.274760e-01
9.526471228038246e-03	-2.576854e-01
9.536236853038246e-03	-2.817705e-01
9.546002478038246e-03	-2.955536e-01
9.555768103038246e-03	-2.997522e-01
9.565533728038247e-03	-2.985802e-01
9.575299353038247e-03	-2.945741e-01
9.585064978038247e-03	-2.891186e-01
9.594830603038246e-03	-2.827570e-01
9.604596228038246e-03	-2.759588e-01
9.614361853038246e-03	-2.689805e-01
9.624127478038246e-03	-2.619357e-01
9.633893103038246e-03	-2.549207e-01
9.643658728038245e-03	-2.479748e-01
9.653424353038247e-03	-2.411372e-01
9.663189978038247e-03	-2.344146e-01
9.672955603038247e-03	-2.278197e-01
9.682721228038246e-03	-2.213458e-01
9.692486853038246e-03	-2.149929e-01
9.702252478038246e-03	-2.087488e-01
9.712018103038246e-03	-2.026073e-01
9.721783728038245e-03	-1.965545e-01
9.731549353038247e-03	-1.905810e-01
9.741314978038247e-03	-1.846729e-01
9.751080603038247e-03	-1.788194e-01
9.760846228038246e-03	-1.730067e-01
9.770611853038246e-03	-1.672231e-01
9.780377478038246e-03	-1.614544e-01
9.790143103038246e-03	-1.556881e-01
9.791363806163246e-03	-1.549691e-01
9.793805212413246e-03	-1.535256e-01
9.798688024913247e-03	-1.506259e-01
9.799908728038246e-03	-1.499027e-01
9.802350134288247e-03	-1.484500e-01
9.807232946788246e-03	-1.455373e-01
9.814505639883410e-03	-1.411821e-01
9.824271264883409e-03	-1.352836e-01
9.834036889883411e-03	-1.293103e-01
9.843802514883411e-03	-1.232330e-01
9.853568139883410e-03	-1.170207e-01
9.863333764883410e-03	-1.106279e-01
9.873099389883410e-03	-1.039981e-01
9.882865014883410e-03	-9.704866e-02
9.892630639883410e-03	-8.966465e-02
9.902396264883409e-03	-8.167018e-02
9.912161889883411e-03	-7.279420e-02
9.921927514883411e-03	-6.258807e-02
9.931693139883411e-03	-5.028473e-02
9.941458764883410e-03	-3.437948e-02
9.951224389883410e-03	-1.285107e-02
9.960990014883410e-03	1.622446e-02
9.970755639883410e-03	5.192836e-02
9.980521264883409e-03	9.020898e-02
9.990286889883409e-03	1.281312e-01
9.991501028647983e-03	1.327511e-01
9.993929306177131e-03	1.419402e-01
9.998785861235426e-03	1.600345e-01
1.000000000000000e-02	1.644965e-01
Step Information: Rgain=14.7007K  (Step: 4/11)
0.000000000000000e+00	4.500004e-14
5.000000058430487e-08	2.214609e-09
1.000000011686097e-07	2.254187e-07
2.000000023372195e-07	7.833622e-06
4.000000046744390e-07	9.498081e-05
8.000000093488779e-07	5.480652e-04
1.600000018697756e-06	2.269863e-03
3.200000037395512e-06	8.072071e-03
6.400000074791024e-06	2.449313e-02
1.202011634037730e-05	5.796818e-02
1.786612845215818e-05	9.274115e-02
2.763175345215818e-05	1.447567e-01
2.885245657715818e-05	1.503739e-01
3.129386282715818e-05	1.608097e-01
3.617667532715818e-05	1.769176e-01
4.560974793479879e-05	1.941481e-01
5.537537293479879e-05	2.015572e-01
6.514099793479879e-05	2.048811e-01
7.490662293479879e-05	2.053961e-01
8.467224793479878e-05	2.045280e-01
9.443787293479879e-05	2.028876e-01
1.042034979347988e-04	2.006792e-01
1.139691229347988e-04	1.980886e-01
1.237347479347988e-04	1.952160e-01
1.335003729347988e-04	1.921526e-01
1.432659979347988e-04	1.889367e-01
1.530316229347988e-04	1.856144e-01
1.627972479347988e-04	1.821982e-01
1.725628729347988e-04	1.787129e-01
1.823284979347988e-04	1.751594e-01
1.920941229347988e-04	1.715513e-01
2.018597479347988e-04	1.678839e-01
2.116253729347988e-04	1.641652e-01
2.213909979347988e-04	1.603877e-01
2.311566229347988e-04	1.565563e-01
2.409222479347988e-04	1.526625e-01
2.506878729347988e-04	1.487089e-01
2.604534979347988e-04	1.446865e-01
2.702191229347988e-04	1.405965e-01
2.799847479347988e-04	1.364299e-01
2.897503729347988e-04	1.321867e-01
2.995159979347988e-04	1.278501e-01
3.092816229347988e-04	1.234268e-01
3.190472479347988e-04	1.188967e-01
3.288128729347988e-04	1.142584e-01
3.385784979347988e-04	1.094881e-01
3.483441229347988e-04	1.045772e-01
3.581097479347988e-04	9.949178e-02
3.678753729347988e-04	9.420783e-02
3.776409979347988e-04	8.867019e-02
3.874066229347988e-04	8.282179e-02
3.971722479347988e-04	7.655744e-02
4.069378729347988e-04	6.973808e-02
4.167034979347988e-04	6.211984e-02
4.264691229347988e-04	5.331137e-02
4.362347479347988e-04	4.250231e-02
4.460003729347988e-04	2.827947e-02
4.557659979347988e-04	7.552425e-03
4.569867010597988e-04	4.242026e-03
4.572918768410488e-04	3.399944e-03
4.579022284035488e-04	1.685031e-03
4.591229315285488e-04	-1.928919e-03
4.615643377785488e-04	-9.861665e-03
4.664471502785488e-04	-2.850755e-02
4.756119449141025e-04	-7.181912e-02
4.853775699141025e-04	-1.236782e-01
4.940802328943010e-04	-1.695248e-01
4.950650769529450e-04	-1.745717e-01
4.970347650702330e-04	-1.846377e-01
5.009741413048090e-04	-2.044652e-01
5.056596252148816e-04	-2.274227e-01
5.121579063396268e-04	-2.575217e-01
5.219235313396268e-04	-2.933006e-01
5.316891563396268e-04	-3.093542e-01
5.414547813396268e-04	-3.110497e-01
5.512204063396268e-04	-3.077728e-01
5.609860313396268e-04	-3.019038e-01
5.707516563396268e-04	-2.951628e-01
5.805172813396268e-04	-2.876700e-01
5.902829063396269e-04	-2.800731e-01
6.000485313396269e-04	-2.723642e-01
6.098141563396269e-04	-2.648137e-01
6.195797813396269e-04	-2.573320e-01
6.293454063396269e-04	-2.500825e-01
6.391110313396268e-04	-2.429665e-01
6.488766563396268e-04	-2.360895e-01
6.586422813396268e-04	-2.293590e-01
6.684079063396268e-04	-2.228470e-01
6.781735313396268e-04	-2.164714e-01
6.879391563396268e-04	-2.102834e-01
6.977047813396268e-04	-2.042120e-01
7.074704063396269e-04	-1.982944e-01
7.172360313396269e-04	-1.924702e-01
7.270016563396269e-04	-1.867668e-01
7.367672813396269e-04	-1.811331e-01
7.465329063396269e-04	-1.755893e-01
7.562985313396269e-04	-1.700927e-01
7.660641563396268e-04	-1.646573e-01
7.758297813396268e-04	-1.592475e-01
7.855954063396268e-04	-1.538716e-01
7.868161094646269e-04	-1.532004e-01
7.892575157146268e-04	-1.518550e-01
7.941403282146268e-04	-1.491626e-01
7.953610313396268e-04	-1.484921e-01
7.978024375896269e-04	-1.471469e-01
8.026852500896269e-04	-1.444551e-01
8.124508750896269e-04	-1.390659e-01
8.222165000896268e-04	-1.336554e-01
8.319821250896268e-04	-1.282107e-01
8.417477500896268e-04	-1.227139e-01
8.515133750896268e-04	-1.171470e-01
8.612790000896268e-04	-1.114845e-01
8.710446250896268e-04	-1.056970e-01
8.808102500896268e-04	-9.974301e-02
8.905758750896269e-04	-9.356850e-02
9.003415000896269e-04	-8.709484e-02
9.101071250896269e-04	-8.020898e-02
9.198727500896269e-04	-7.273524e-02
9.296383750896269e-04	-6.439109e-02
9.394040000896269e-04	-5.468541e-02
9.491696250896268e-04	-4.270030e-02
9.589352500896268e-04	-2.630955e-02
9.687008750896268e-04	-1.757727e-03
9.784665000896269e-04	3.579181e-02
9.882321250896269e-04	8.505612e-02
9.979977500896269e-04	1.376376e-01
9.992184532146269e-04	1.441003e-01
1.001659859464627e-03	1.569599e-01
1.006542671964627e-03	1.822251e-01
1.012868796167827e-03	2.139356e-01
1.022023892308498e-03	2.566751e-01
1.031789517308498e-03	2.916863e-01
1.041555142308498e-03	3.069873e-01
1.051320767308498e-03	3.081938e-01
1.061086392308497e-03	3.050227e-01
1.070852017308497e-03	2.989537e-01
1.080617642308497e-03	2.917841e-01
1.090383267308497e-03	2.842299e-01
1.100148892308498e-03	2.764838e-01
1.109914517308498e-03	2.687083e-01
1.119680142308498e-03	2.610015e-01
1.129445767308498e-03	2.534293e-01
1.139211392308498e-03	2.460201e-01
1.148977017308498e-03	2.387936e-01
1.158742642308498e-03	2.317513e-01
1.168508267308498e-03	2.248934e-01
1.178273892308498e-03	2.182100e-01
1.188039517308498e-03	2.116930e-01
1.197805142308498e-03	2.053278e-01
1.207570767308498e-03	1.991029e-01
1.217336392308498e-03	1.930026e-01
1.227102017308498e-03	1.870143e-01
1.236867642308498e-03	1.811226e-01
1.246633267308498e-03	1.753149e-01
1.256398892308498e-03	1.695763e-01
1.266164517308498e-03	1.638950e-01
1.275930142308498e-03	1.582564e-01
1.285695767308498e-03	1.526489e-01
1.295461392308498e-03	1.470580e-01
1.305227017308497e-03	1.414711e-01
1.314992642308497e-03	1.358733e-01
1.324758267308497e-03	1.302499e-01
1.334523892308497e-03	1.245738e-01
1.344289517308498e-03	1.188401e-01
1.354055142308498e-03	1.130078e-01
1.363820767308498e-03	1.070572e-01
1.373586392308498e-03	1.009319e-01
1.383352017308498e-03	9.458685e-02
1.393117642308498e-03	8.792652e-02
1.402883267308498e-03	8.084213e-02
1.412648892308498e-03	7.313435e-02
1.422414517308498e-03	6.451036e-02
1.432180142308498e-03	5.442614e-02
1.441945767308498e-03	4.177299e-02
1.451711392308498e-03	2.449903e-02
1.461477017308498e-03	-1.554022e-03
1.471242642308498e-03	-4.095021e-02
1.481008267308498e-03	-9.095431e-02
1.490773892308498e-03	-1.434128e-01
1.491994595433498e-03	-1.498508e-01
1.494436001683498e-03	-1.626583e-01
1.495046353245998e-03	-1.658289e-01
1.496267056370998e-03	-1.721148e-01
1.496572232152248e-03	-1.736969e-01
1.497182583714748e-03	-1.768392e-01
1.498403286839748e-03	-1.830836e-01
1.500844693089748e-03	-1.954632e-01
1.505727505589747e-03	-2.196688e-01
1.515493130589747e-03	-2.643356e-01
1.525258755589747e-03	-2.961119e-01
1.535024380589748e-03	-3.077316e-01
1.544790005589748e-03	-3.078258e-01
1.554555630589748e-03	-3.040130e-01
1.564321255589748e-03	-2.979440e-01
1.574086880589748e-03	-2.911632e-01
1.583852505589748e-03	-2.837240e-01
1.593618130589748e-03	-2.762316e-01
1.603383755589748e-03	-2.686387e-01
1.613149380589748e-03	-2.612202e-01
1.622915005589748e-03	-2.538648e-01
1.632680630589748e-03	-2.467459e-01
1.642446255589748e-03	-2.397480e-01
1.652211880589748e-03	-2.329892e-01
1.661977505589748e-03	-2.263621e-01
1.671743130589748e-03	-2.199519e-01
1.681508755589748e-03	-2.136632e-01
1.691274380589748e-03	-2.075601e-01
1.701040005589748e-03	-2.015593e-01
1.710805630589748e-03	-1.957105e-01
1.720571255589748e-03	-1.899416e-01
1.730336880589748e-03	-1.842922e-01
1.740102505589748e-03	-1.787000e-01
1.749868130589747e-03	-1.731967e-01
1.759633755589747e-03	-1.677290e-01
1.769399380589747e-03	-1.623216e-01
1.779165005589748e-03	-1.569290e-01
1.780385708714747e-03	-1.562629e-01
1.782827114964748e-03	-1.549227e-01
1.787709927464748e-03	-1.522356e-01
1.788930630589748e-03	-1.515658e-01
1.791372036839748e-03	-1.502220e-01
1.796254849339748e-03	-1.475324e-01
1.804327267242467e-03	-1.430880e-01
1.812672354422338e-03	-1.384841e-01
1.822437979422338e-03	-1.330761e-01
1.832203604422338e-03	-1.276298e-01
1.841969229422338e-03	-1.221304e-01
1.851734854422338e-03	-1.165563e-01
1.861500479422338e-03	-1.108843e-01
1.871266104422338e-03	-1.050814e-01
1.881031729422338e-03	-9.910734e-02
1.890797354422338e-03	-9.290359e-02
1.900562979422338e-03	-8.639051e-02
1.910328604422338e-03	-7.944777e-02
1.920094229422338e-03	-7.189246e-02
1.929859854422338e-03	-6.342359e-02
1.939625479422338e-03	-5.351847e-02
1.949391104422338e-03	-4.107374e-02
1.959156729422338e-03	-2.407794e-02
1.968922354422338e-03	1.636703e-03
1.978687979422338e-03	4.078520e-02
1.988453604422338e-03	9.080084e-02
1.998219229422338e-03	1.433229e-01
1.999439932547338e-03	1.497569e-01
2.001881338797338e-03	1.625554e-01
2.006764151297338e-03	1.876846e-01
2.015005182277940e-03	2.284297e-01
2.024770807277940e-03	2.715306e-01
2.034536432277940e-03	2.997167e-01
2.044302057277939e-03	3.085378e-01
2.054067682277940e-03	3.086160e-01
2.063833307277939e-03	3.035362e-01
2.073598932277940e-03	2.963003e-01
2.083364557277939e-03	2.891910e-01
2.093130182277940e-03	2.814211e-01
2.102895807277939e-03	2.738060e-01
2.112661432277940e-03	2.659491e-01
2.122427057277939e-03	2.584103e-01
2.132192682277940e-03	2.508262e-01
2.141958307277939e-03	2.435838e-01
2.151723932277940e-03	2.363751e-01
2.161489557277939e-03	2.294855e-01
2.171255182277940e-03	2.226569e-01
2.181020807277939e-03	2.161078e-01
2.190786432277940e-03	2.096228e-01
2.200552057277939e-03	2.033729e-01
2.210317682277940e-03	1.971784e-01
2.220083307277940e-03	1.911754e-01
2.229848932277940e-03	1.852138e-01
2.239614557277940e-03	1.794029e-01
2.249380182277940e-03	1.736172e-01
2.259145807277940e-03	1.679448e-01
2.268911432277940e-03	1.622806e-01
2.278677057277940e-03	1.566947e-01
2.288442682277939e-03	1.510990e-01
2.298208307277940e-03	1.455493e-01
2.307973932277939e-03	1.399690e-01
2.317739557277940e-03	1.344013e-01
2.318960260402939e-03	1.336990e-01
2.321401666652940e-03	1.322972e-01
2.326284479152940e-03	1.294895e-01
2.336050104152939e-03	1.238281e-01
2.345815729152940e-03	1.181059e-01
2.355581354152939e-03	1.122818e-01
2.365346979152940e-03	1.063351e-01
2.375112604152939e-03	1.002108e-01
2.384878229152940e-03	9.385940e-02
2.394643854152939e-03	8.718634e-02
2.404409479152940e-03	8.007568e-02
2.414175104152939e-03	7.232502e-02
2.423940729152940e-03	6.362563e-02
2.433706354152940e-03	5.341233e-02
2.443471979152940e-03	4.051047e-02
2.453237604152940e-03	2.275170e-02
2.463003229152940e-03	-4.195168e-03
2.472768854152940e-03	-4.463553e-02
2.482534479152940e-03	-9.513722e-02
2.492300104152940e-03	-1.475372e-01
2.493520807277940e-03	-1.539556e-01
2.493825983059189e-03	-1.555580e-01
2.494436334621689e-03	-1.587577e-01
2.495657037746690e-03	-1.651281e-01
2.495962213527940e-03	-1.667095e-01
2.496572565090440e-03	-1.698452e-01
2.496725152981064e-03	-1.706389e-01
2.497030328762315e-03	-1.722182e-01
2.497640680324814e-03	-1.753579e-01
2.498861383449815e-03	-1.816165e-01
2.501302789699815e-03	-1.940084e-01
2.506185602199815e-03	-2.182590e-01
2.515951227199815e-03	-2.631151e-01
2.525716852199815e-03	-2.954598e-01
2.535482477199815e-03	-3.076196e-01
2.545248102199815e-03	-3.079015e-01
2.555013727199815e-03	-3.041553e-01
2.564779352199815e-03	-2.981118e-01
2.574544977199815e-03	-2.913317e-01
2.584310602199815e-03	-2.838853e-01
2.594076227199814e-03	-2.763728e-01
2.603841852199815e-03	-2.687626e-01
2.613607477199814e-03	-2.613183e-01
2.623373102199815e-03	-2.539423e-01
2.633138727199814e-03	-2.467959e-01
2.642904352199815e-03	-2.397767e-01
2.652669977199814e-03	-2.329904e-01
2.662435602199815e-03	-2.263423e-01
2.672201227199814e-03	-2.199055e-01
2.681966852199815e-03	-2.135966e-01
2.691732477199814e-03	-2.074680e-01
2.701498102199815e-03	-2.014479e-01
2.711263727199814e-03	-1.955748e-01
2.721029352199815e-03	-1.897876e-01
2.730794977199814e-03	-1.841149e-01
2.740560602199815e-03	-1.785052e-01
2.750326227199815e-03	-1.729797e-01
2.760091852199815e-03	-1.674947e-01
2.769857477199815e-03	-1.620662e-01
2.779623102199815e-03	-1.566569e-01
2.780843805324815e-03	-1.559873e-01
2.783285211574814e-03	-1.546422e-01
2.788168024074815e-03	-1.519446e-01
2.789388727199815e-03	-1.512722e-01
2.791830133449814e-03	-1.499235e-01
2.796712945949814e-03	-1.472244e-01
2.806478570949815e-03	-1.418277e-01
2.815442819886535e-03	-1.368608e-01
2.825208444886535e-03	-1.314252e-01
2.834974069886535e-03	-1.259463e-01
2.844739694886535e-03	-1.204087e-01
2.854505319886535e-03	-1.147887e-01
2.864270944886535e-03	-1.090615e-01
2.874036569886535e-03	-1.031902e-01
2.883802194886535e-03	-9.713005e-02
2.893567819886535e-03	-9.081505e-02
2.903333444886535e-03	-8.415426e-02
2.913099069886535e-03	-7.700787e-02
2.922864694886535e-03	-6.915983e-02
2.932630319886535e-03	-6.024631e-02
2.942395944886535e-03	-4.961840e-02
2.952161569886535e-03	-3.585228e-02
2.961927194886535e-03	-1.633377e-02
2.971692819886535e-03	1.379490e-02
2.981458444886535e-03	5.759873e-02
2.991224069886535e-03	1.094118e-01
2.992444773011535e-03	1.160097e-01
2.994886179261535e-03	1.291434e-01
2.999768991761535e-03	1.550221e-01
3.006441730958293e-03	1.894726e-01
3.016207355958293e-03	2.373209e-01
3.025066370896073e-03	2.753080e-01
3.034831995896073e-03	3.013728e-01
3.044597620896073e-03	3.087032e-01
3.054363245896073e-03	3.080934e-01
3.064128870896073e-03	3.028559e-01
3.073894495896073e-03	2.956833e-01
3.083660120896073e-03	2.885190e-01
3.093425745896073e-03	2.807630e-01
3.103191370896073e-03	2.731407e-01
3.112956995896073e-03	2.653211e-01
3.122722620896073e-03	2.577989e-01
3.132488245896073e-03	2.502570e-01
3.142253870896073e-03	2.430405e-01
3.152019495896073e-03	2.358729e-01
3.161785120896073e-03	2.290122e-01
3.171550745896073e-03	2.222216e-01
3.181316370896073e-03	2.157016e-01
3.191081995896073e-03	2.092505e-01
3.200847620896073e-03	2.030285e-01
3.210613245896073e-03	1.968633e-01
3.220378870896073e-03	1.908867e-01
3.230144495896073e-03	1.849512e-01
3.239910120896073e-03	1.791645e-01
3.249675745896073e-03	1.734018e-01
3.259441370896073e-03	1.677515e-01
3.269206995896073e-03	1.621076e-01
3.278972620896073e-03	1.565422e-01
3.288738245896073e-03	1.509650e-01
3.298503870896073e-03	1.454336e-01
3.308269495896073e-03	1.398706e-01
3.318035120896073e-03	1.343189e-01
3.319255824021073e-03	1.336199e-01
3.321697230271073e-03	1.322223e-01
3.326580042771073e-03	1.294230e-01
3.336345667771073e-03	1.237773e-01
3.346111292771073e-03	1.180714e-01
3.355876917771073e-03	1.122644e-01
3.365642542771073e-03	1.063345e-01
3.375408167771073e-03	1.002298e-01
3.385173792771073e-03	9.389742e-02
3.394939417771073e-03	8.724998e-02
3.404705042771073e-03	8.016313e-02
3.414470667771073e-03	7.245374e-02
3.424236292771073e-03	6.380989e-02
3.434001917771073e-03	5.366897e-02
3.443767542771073e-03	4.090065e-02
3.453533167771073e-03	2.337377e-02
3.454753870896073e-03	2.066973e-02
3.457195277146073e-03	1.486445e-02
3.462078089646073e-03	8.772985e-04
3.462230677536698e-03	3.880277e-04
3.462535853317948e-03	-5.971582e-04
3.463146204880448e-03	-2.611388e-03
3.464366908005448e-03	-6.823753e-03
3.464575112416199e-03	-7.564961e-03
3.464991521237702e-03	-9.063695e-03
3.465095623443078e-03	-9.444275e-03
3.465303827853830e-03	-1.020885e-02
3.465720236675333e-03	-1.175930e-02
3.466553054318339e-03	-1.494346e-02
3.468218689604351e-03	-2.163617e-02
3.469979684689465e-03	-2.916750e-02
3.473501674859695e-03	-4.547235e-02
3.479794954887417e-03	-7.749679e-02
3.489560579887416e-03	-1.297607e-01
3.493222689262416e-03	-1.492583e-01
3.496889979751474e-03	-1.684499e-01
3.497440992246008e-03	-1.712824e-01
3.498543017235077e-03	-1.769526e-01
3.500747067213215e-03	-1.882047e-01
3.505155167169491e-03	-2.102838e-01
3.509714026035718e-03	-2.324102e-01
3.518831743768171e-03	-2.723108e-01
3.528597368768171e-03	-3.000447e-01
3.538362993768171e-03	-3.083365e-01
3.548128618768171e-03	-3.073034e-01
3.557894243768171e-03	-3.028996e-01
3.567659868768171e-03	-2.966698e-01
3.577425493768171e-03	-2.896284e-01
3.587191118768171e-03	-2.820889e-01
3.596956743768171e-03	-2.745534e-01
3.606722368768171e-03	-2.669376e-01
3.616487993768171e-03	-2.595077e-01
3.626253618768171e-03	-2.521499e-01
3.636019243768171e-03	-2.450310e-01
3.645784868768171e-03	-2.380363e-01
3.655550493768171e-03	-2.312787e-01
3.665316118768171e-03	-2.246537e-01
3.675081743768171e-03	-2.182418e-01
3.684847368768171e-03	-2.119513e-01
3.694612993768171e-03	-2.058420e-01
3.704378618768171e-03	-1.998345e-01
3.714144243768171e-03	-1.939743e-01
3.723909868768171e-03	-1.881935e-01
3.733675493768171e-03	-1.825275e-01
3.743441118768171e-03	-1.769179e-01
3.753206743768171e-03	-1.713934e-01
3.762972368768171e-03	-1.659031e-01
3.772737993768171e-03	-1.604696e-01
3.782503618768171e-03	-1.550484e-01
3.783724321893171e-03	-1.543779e-01
3.786165728143171e-03	-1.530285e-01
3.791048540643171e-03	-1.503192e-01
3.792269243768171e-03	-1.496459e-01
3.794710650018171e-03	-1.482934e-01
3.799593462518171e-03	-1.455873e-01
3.807682274676287e-03	-1.411032e-01
3.817447899676287e-03	-1.356732e-01
3.827213524676287e-03	-1.302147e-01
3.836979149676287e-03	-1.247093e-01
3.846744774676287e-03	-1.191407e-01
3.856510399676287e-03	-1.134837e-01
3.866276024676287e-03	-1.077116e-01
3.876041649676287e-03	-1.017851e-01
3.885807274676287e-03	-9.565513e-02
3.895572899676287e-03	-8.924956e-02
3.905338524676287e-03	-8.246742e-02
3.915104149676287e-03	-7.515226e-02
3.924869774676287e-03	-6.705816e-02
3.934635399676287e-03	-5.776427e-02
3.944401024676287e-03	-4.650349e-02
3.954166649676287e-03	-3.154571e-02
3.963932274676287e-03	-9.743368e-03
3.973697899676287e-03	2.397354e-02
3.983463524676287e-03	7.073314e-02
3.993229149676287e-03	1.231679e-01
3.994449852801287e-03	1.297085e-01
3.996891259051287e-03	1.427195e-01
4.001774071551287e-03	1.683261e-01
4.008919255534393e-03	2.046724e-01
4.015506101155164e-03	2.366439e-01
4.025271726155163e-03	2.780052e-01
4.035037351155164e-03	3.025617e-01
4.044802976155164e-03	3.087676e-01
4.054568601155164e-03	3.076995e-01
4.064334226155163e-03	3.023327e-01
4.074099851155163e-03	2.952187e-01
4.083865476155164e-03	2.879933e-01
4.093631101155164e-03	2.802677e-01
4.103396726155163e-03	2.726251e-01
4.113162351155163e-03	2.648506e-01
4.122927976155164e-03	2.573280e-01
4.132693601155164e-03	2.498327e-01
4.142459226155163e-03	2.426241e-01
4.152224851155163e-03	2.355009e-01
4.161990476155164e-03	2.286517e-01
4.171756101155164e-03	2.219016e-01
4.181521726155163e-03	2.153943e-01
4.191287351155163e-03	2.089796e-01
4.201052976155164e-03	2.027704e-01
4.210818601155164e-03	1.966382e-01
4.220584226155163e-03	1.906735e-01
4.230349851155163e-03	1.847668e-01
4.240115476155164e-03	1.789914e-01
4.249881101155164e-03	1.732541e-01
4.259646726155164e-03	1.676146e-01
4.269412351155163e-03	1.619931e-01
4.279177976155164e-03	1.564380e-01
4.288943601155164e-03	1.508807e-01
4.298709226155164e-03	1.453593e-01
4.308474851155163e-03	1.398141e-01
4.318240476155163e-03	1.342734e-01
4.328006101155164e-03	1.286814e-01
4.337771726155164e-03	1.230519e-01
4.347537351155163e-03	1.173403e-01
4.357302976155163e-03	1.115419e-01
4.367068601155164e-03	1.056020e-01
4.376834226155164e-03	9.949420e-02
4.386599851155163e-03	9.314167e-02
4.396365476155163e-03	8.647265e-02
4.406131101155164e-03	7.934525e-02
4.415896726155164e-03	7.157353e-02
4.425662351155163e-03	6.281786e-02
4.435427976155163e-03	5.251316e-02
4.445193601155164e-03	3.941079e-02
4.454959226155164e-03	2.127199e-02
4.464724851155163e-03	-6.401563e-03
4.474490476155163e-03	-4.764978e-02
4.484256101155164e-03	-9.851123e-02
4.494021726155164e-03	-1.508613e-01
4.495242429280163e-03	-1.572579e-01
4.495547605061413e-03	-1.588552e-01
4.496157956623914e-03	-1.620450e-01
4.496310544514538e-03	-1.628410e-01
4.496615720295789e-03	-1.644310e-01
4.497226071858288e-03	-1.675953e-01
4.498446774983288e-03	-1.738761e-01
4.498751950764539e-03	-1.754532e-01
4.499362302327038e-03	-1.785889e-01
4.500583005452039e-03	-1.848215e-01
4.503024411702038e-03	-1.971721e-01
4.507907224202038e-03	-2.213051e-01
4.517672849202039e-03	-2.656750e-01
4.527438474202039e-03	-2.968066e-01
4.537204099202038e-03	-3.078590e-01
4.546969724202038e-03	-3.077300e-01
4.556735349202039e-03	-3.037871e-01
4.566500974202039e-03	-2.976373e-01
4.576266599202039e-03	-2.907868e-01
4.586032224202038e-03	-2.832956e-01
4.595797849202039e-03	-2.757530e-01
4.605563474202039e-03	-2.681172e-01
4.615329099202039e-03	-2.606544e-01
4.625094724202038e-03	-2.532592e-01
4.634860349202038e-03	-2.460985e-01
4.644625974202039e-03	-2.390618e-01
4.654391599202039e-03	-2.322619e-01
4.664157224202038e-03	-2.255959e-01
4.673922849202038e-03	-2.191449e-01
4.683688474202039e-03	-2.128170e-01
4.693454099202039e-03	-2.066729e-01
4.703219724202038e-03	-2.006325e-01
4.712985349202038e-03	-1.947424e-01
4.722750974202039e-03	-1.889334e-01
4.732516599202039e-03	-1.832421e-01
4.742282224202038e-03	-1.776091e-01
4.752047849202038e-03	-1.720631e-01
4.761813474202039e-03	-1.665538e-01
4.771579099202039e-03	-1.611028e-01
4.781344724202038e-03	-1.556664e-01
4.791110349202038e-03	-1.502502e-01
4.792331052327039e-03	-1.495713e-01
4.794772458577038e-03	-1.482145e-01
4.799655271077038e-03	-1.455037e-01
4.808037084750204e-03	-1.408456e-01
4.817802709750204e-03	-1.354041e-01
4.827568334750205e-03	-1.299313e-01
4.837333959750205e-03	-1.244128e-01
4.847099584750205e-03	-1.188278e-01
4.856865209750204e-03	-1.131546e-01
4.866630834750204e-03	-1.073622e-01
4.876396459750205e-03	-1.014136e-01
4.886162084750205e-03	-9.525530e-02
4.895927709750204e-03	-8.881601e-02
4.905693334750204e-03	-8.198837e-02
4.915458959750205e-03	-7.461294e-02
4.925224584750205e-03	-6.643056e-02
4.934990209750204e-03	-5.700279e-02
4.944755834750204e-03	-4.551737e-02
4.954521459750205e-03	-3.013592e-02
4.964287084750205e-03	-7.529913e-03
4.974052709750204e-03	2.734624e-02
4.983818334750204e-03	7.491960e-02
4.993583959750205e-03	1.274404e-01
4.994804662875205e-03	1.339605e-01
4.997246069125204e-03	1.469252e-01
5.002128881625205e-03	1.724488e-01
5.008323694943650e-03	2.039068e-01
5.015381184363321e-03	2.381414e-01
5.025146809363321e-03	2.791501e-01
5.034912434363320e-03	3.030333e-01
5.044678059363320e-03	3.087894e-01
5.054443684363321e-03	3.075480e-01
5.064209309363321e-03	3.021292e-01
5.073974934363320e-03	2.950433e-01
5.083740559363320e-03	2.877949e-01
5.093506184363321e-03	2.800902e-01
5.103271809363321e-03	2.724416e-01
5.113037434363320e-03	2.646943e-01
5.122803059363320e-03	2.571736e-01
5.132568684363321e-03	2.497064e-01
5.142334309363321e-03	2.425032e-01
5.152099934363320e-03	2.354070e-01
5.161865559363320e-03	2.285646e-01
5.171631184363320e-03	2.218399e-01
5.181396809363321e-03	2.153396e-01
5.191162434363321e-03	2.089481e-01
5.200928059363320e-03	2.027466e-01
5.210693684363320e-03	1.966359e-01
5.220459309363321e-03	1.906787e-01
5.230224934363321e-03	1.847918e-01
5.239990559363320e-03	1.790238e-01
5.249756184363320e-03	1.733047e-01
5.259521809363321e-03	1.676723e-01
5.269287434363321e-03	1.620677e-01
5.279053059363320e-03	1.565199e-01
5.288818684363320e-03	1.509784e-01
5.298584309363321e-03	1.454649e-01
5.308349934363321e-03	1.399345e-01
5.309570637488320e-03	1.392485e-01
5.312012043738321e-03	1.378675e-01
5.316894856238321e-03	1.350951e-01
5.318115559363320e-03	1.344043e-01
5.320556965613321e-03	1.330168e-01
5.325439778113321e-03	1.302317e-01
5.335205403113320e-03	1.246204e-01
5.344971028113320e-03	1.189489e-01
5.354736653113321e-03	1.131851e-01
5.364502278113321e-03	1.073032e-01
5.374267903113321e-03	1.012567e-01
5.384033528113320e-03	9.499669e-02
5.393799153113320e-03	8.843995e-02
5.403564778113321e-03	8.147884e-02
5.413330403113321e-03	7.393528e-02
5.423096028113320e-03	6.553507e-02
5.432861653113320e-03	5.579185e-02
5.442627278113321e-03	4.371364e-02
5.452392903113321e-03	2.749399e-02
5.462158528113320e-03	3.330304e-03
5.463379231238320e-03	-5.571280e-04
5.463684407019571e-03	-1.544064e-03
5.464294758582070e-03	-3.551652e-03
5.465515461707071e-03	-7.770118e-03
5.465553608679727e-03	-7.906358e-03
5.465629902625039e-03	-8.179225e-03
5.465782490515664e-03	-8.727702e-03
5.466087666296914e-03	-9.836447e-03
5.466698017859414e-03	-1.210020e-02
5.467918720984414e-03	-1.680942e-02
5.470360127234414e-03	-2.692532e-02
5.475242939734414e-03	-4.958209e-02
5.485008564734414e-03	-1.004260e-01
5.494774189734414e-03	-1.527920e-01
5.495994892859415e-03	-1.591779e-01
5.496300068640664e-03	-1.607711e-01
5.496910420203165e-03	-1.639528e-01
5.497063008093789e-03	-1.647465e-01
5.497368183875039e-03	-1.663304e-01
5.497444477820352e-03	-1.667244e-01
5.497597065710976e-03	-1.675077e-01
5.497902241492227e-03	-1.690777e-01
5.498512593054727e-03	-1.722321e-01
5.499733296179727e-03	-1.785011e-01
5.502174702429727e-03	-1.909329e-01
5.506689525067700e-03	-2.134538e-01
5.515719170343645e-03	-2.557678e-01
5.525484795343645e-03	-2.911933e-01
5.535250420343646e-03	-3.067166e-01
5.545016045343645e-03	-3.082773e-01
5.554781670343645e-03	-3.050181e-01
5.564547295343645e-03	-2.991953e-01
5.574312920343646e-03	-2.925169e-01
5.584078545343645e-03	-2.850842e-01
5.593844170343645e-03	-2.775507e-01
5.603609795343645e-03	-2.698926e-01
5.613375420343646e-03	-2.623929e-01
5.623141045343645e-03	-2.549483e-01
5.632906670343645e-03	-2.477355e-01
5.642672295343645e-03	-2.406427e-01
5.652437920343646e-03	-2.337889e-01
5.662203545343645e-03	-2.270686e-01
5.671969170343645e-03	-2.205674e-01
5.681734795343645e-03	-2.141906e-01
5.691500420343646e-03	-2.080025e-01
5.701266045343645e-03	-2.019198e-01
5.711031670343645e-03	-1.959923e-01
5.720797295343645e-03	-1.901478e-01
5.730562920343646e-03	-1.844264e-01
5.740328545343646e-03	-1.787647e-01
5.750094170343645e-03	-1.731949e-01
5.759859795343645e-03	-1.676629e-01
5.769625420343645e-03	-1.621938e-01
5.779391045343646e-03	-1.567413e-01
5.780611748468645e-03	-1.560676e-01
5.783053154718646e-03	-1.547124e-01
5.787935967218646e-03	-1.519947e-01
5.789156670343645e-03	-1.513173e-01
5.791598076593646e-03	-1.499587e-01
5.796480889093646e-03	-1.472405e-01
5.805560746690490e-03	-1.421880e-01
5.815165245780816e-03	-1.368303e-01
5.824930870780816e-03	-1.313579e-01
5.834696495780816e-03	-1.258422e-01
5.844462120780816e-03	-1.202671e-01
5.854227745780816e-03	-1.146083e-01
5.863993370780816e-03	-1.088399e-01
5.873758995780816e-03	-1.029239e-01
5.883524620780816e-03	-9.681362e-02
5.893290245780817e-03	-9.044035e-02
5.903055870780816e-03	-8.370882e-02
5.912821495780816e-03	-7.647223e-02
5.922587120780816e-03	-6.850207e-02
5.932352745780816e-03	-5.941105e-02
5.942118370780816e-03	-4.850208e-02
5.951883995780816e-03	-3.422793e-02
5.961649620780816e-03	-1.375434e-02
5.971415245780816e-03	1.789941e-02
5.981180870780816e-03	6.302183e-02
5.990946495780816e-03	1.151561e-01
5.992167198905816e-03	1.217313e-01
5.994608605155816e-03	1.348179e-01
5.999491417655816e-03	1.605876e-01
6.005219643318155e-03	1.900914e-01
6.014102240910026e-03	2.337839e-01
6.023002674081590e-03	2.726610e-01
6.032768299081590e-03	3.002418e-01
6.042533924081591e-03	3.086570e-01
6.052299549081591e-03	3.085503e-01
6.062065174081590e-03	3.034673e-01
6.071830799081590e-03	2.962866e-01
6.081596424081591e-03	2.892120e-01
6.091362049081591e-03	2.814828e-01
6.101127674081590e-03	2.739161e-01
6.110893299081590e-03	2.661082e-01
6.120658924081590e-03	2.586246e-01
6.130424549081591e-03	2.510915e-01
6.140190174081591e-03	2.439067e-01
6.149955799081590e-03	2.367491e-01
6.159721424081590e-03	2.299172e-01
6.169487049081591e-03	2.231391e-01
6.179252674081591e-03	2.166471e-01
6.189018299081590e-03	2.102114e-01
6.198783924081590e-03	2.040177e-01
6.208549549081591e-03	1.978713e-01
6.218315174081591e-03	1.919234e-01
6.228080799081590e-03	1.860090e-01
6.237846424081590e-03	1.802523e-01
6.247612049081591e-03	1.745129e-01
6.257377674081591e-03	1.688943e-01
6.267143299081590e-03	1.632770e-01
6.276908924081590e-03	1.577453e-01
6.286674549081591e-03	1.521982e-01
6.296440174081591e-03	1.467035e-01
6.306205799081590e-03	1.411752e-01
6.315971424081590e-03	1.356654e-01
6.317192127206591e-03	1.349704e-01
6.319633533456590e-03	1.335827e-01
6.324516345956590e-03	1.308070e-01
6.334281970956590e-03	1.252094e-01
6.344047595956591e-03	1.195564e-01
6.353813220956591e-03	1.138120e-01
6.363578845956590e-03	1.079558e-01
6.373344470956590e-03	1.019386e-01
6.383110095956591e-03	9.571772e-02
6.392875720956591e-03	8.920959e-02
6.402641345956590e-03	8.231603e-02
6.412406970956590e-03	7.486500e-02
6.422172595956591e-03	6.660346e-02
6.431938220956591e-03	5.707610e-02
6.441703845956590e-03	4.537828e-02
6.451469470956590e-03	2.986308e-02
6.461235095956591e-03	7.026806e-03
6.462455799081591e-03	3.363033e-03
6.464897205331590e-03	-4.474106e-03
6.465507556894090e-03	-6.618025e-03
6.466728260019090e-03	-1.102590e-02
6.469169666269091e-03	-2.056380e-02
6.474052478769090e-03	-4.226314e-02
6.481728775508924e-03	-8.125506e-02
6.491494400508924e-03	-1.336534e-01
6.492715103633925e-03	-1.401539e-01
6.495569336447379e-03	-1.552511e-01
6.496394989574288e-03	-1.595806e-01
6.496601402856014e-03	-1.606594e-01
6.497014229419469e-03	-1.628148e-01
6.497117436060333e-03	-1.633530e-01
6.497323849342060e-03	-1.644282e-01
6.497736675905514e-03	-1.665729e-01
6.497839882546378e-03	-1.671060e-01
6.498046295828105e-03	-1.681631e-01
6.498097899148536e-03	-1.684294e-01
6.498201105789400e-03	-1.689640e-01
6.498407519071128e-03	-1.700300e-01
6.498820345634581e-03	-1.721599e-01
6.499645998761490e-03	-1.764097e-01
6.501297305015308e-03	-1.848511e-01
6.504599917522942e-03	-2.015106e-01
6.511205142538211e-03	-2.337019e-01
6.520970767538212e-03	-2.757319e-01
6.530736392538212e-03	-3.015547e-01
6.540502017538211e-03	-3.084429e-01
6.550267642538211e-03	-3.069593e-01
6.560033267538212e-03	-3.022841e-01
6.569798892538212e-03	-2.959321e-01
6.579564517538211e-03	-2.888032e-01
6.589330142538211e-03	-2.812277e-01
6.599095767538212e-03	-2.736508e-01
6.608861392538212e-03	-2.660194e-01
6.618627017538212e-03	-2.585664e-01
6.628392642538211e-03	-2.511992e-01
6.638158267538211e-03	-2.440641e-01
6.647923892538212e-03	-2.370603e-01
6.657689517538212e-03	-2.302884e-01
6.667455142538211e-03	-2.236523e-01
6.677220767538211e-03	-2.172258e-01
6.686986392538212e-03	-2.109214e-01
6.696752017538212e-03	-2.047961e-01
6.706517642538211e-03	-1.987716e-01
6.716283267538211e-03	-1.928938e-01
6.726048892538212e-03	-1.870931e-01
6.735814517538212e-03	-1.814074e-01
6.745580142538211e-03	-1.757754e-01
6.755345767538211e-03	-1.702287e-01
6.765111392538212e-03	-1.647128e-01
6.774877017538212e-03	-1.592546e-01
6.784642642538211e-03	-1.538038e-01
6.785863345663211e-03	-1.531292e-01
6.788304751913212e-03	-1.517696e-01
6.793187564413211e-03	-1.490459e-01
6.794408267538211e-03	-1.483683e-01
6.796849673788212e-03	-1.470089e-01
6.801732486288212e-03	-1.442873e-01
6.811498111288211e-03	-1.388393e-01
6.821263736288211e-03	-1.333692e-01
6.831029361288212e-03	-1.278643e-01
6.840794986288212e-03	-1.223048e-01
6.850560611288211e-03	-1.166723e-01
6.860326236288211e-03	-1.109387e-01
6.870091861288212e-03	-1.050734e-01
6.879857486288212e-03	-9.903063e-02
6.889623111288211e-03	-9.275252e-02
6.899388736288211e-03	-8.615239e-02
6.909154361288212e-03	-7.910615e-02
6.918919986288212e-03	-7.141723e-02
6.928685611288211e-03	-6.276671e-02
6.938451236288211e-03	-5.258921e-02
6.948216861288212e-03	-3.968334e-02
6.957982486288212e-03	-2.184484e-02
6.967748111288211e-03	5.346394e-03
6.977513736288211e-03	4.615175e-02
6.987279361288212e-03	9.688908e-02
6.997044986288212e-03	1.492819e-01
6.998265689413211e-03	1.556877e-01
7.000707095663212e-03	1.684239e-01
7.005589908163212e-03	1.934292e-01
7.015224675717609e-03	2.404104e-01
7.024990300717609e-03	2.809031e-01
7.034755925717609e-03	3.037151e-01
7.044521550717609e-03	3.088234e-01
7.054287175717609e-03	3.073096e-01
7.064052800717609e-03	3.018301e-01
7.073818425717609e-03	2.947643e-01
7.083584050717609e-03	2.874982e-01
7.093349675717609e-03	2.798074e-01
7.103115300717609e-03	2.721658e-01
7.112880925717609e-03	2.644433e-01
7.122646550717609e-03	2.569405e-01
7.132412175717609e-03	2.495003e-01
7.142177800717609e-03	2.423192e-01
7.151943425717609e-03	2.352495e-01
7.161709050717609e-03	2.284304e-01
7.171474675717609e-03	2.217305e-01
7.181240300717609e-03	2.152537e-01
7.191005925717609e-03	2.088854e-01
7.200771550717609e-03	2.027058e-01
7.210537175717609e-03	1.966162e-01
7.220302800717609e-03	1.906801e-01
7.230068425717609e-03	1.848125e-01
7.239834050717609e-03	1.790644e-01
7.249599675717609e-03	1.733631e-01
7.259365300717609e-03	1.677497e-01
7.269130925717609e-03	1.621618e-01
7.278896550717609e-03	1.566321e-01
7.288662175717609e-03	1.511066e-01
7.298427800717609e-03	1.456108e-01
7.308193425717609e-03	1.400965e-01
7.317959050717609e-03	1.345816e-01
7.319179753842609e-03	1.338889e-01
7.321621160092609e-03	1.325032e-01
7.326503972592609e-03	1.297253e-01
7.336269597592609e-03	1.241239e-01
7.346035222592609e-03	1.184634e-01
7.355800847592609e-03	1.127058e-01
7.365566472592609e-03	1.068305e-01
7.375332097592609e-03	1.007855e-01
7.385097722592609e-03	9.452574e-02
7.394863347592609e-03	8.796237e-02
7.404628972592609e-03	8.098994e-02
7.414394597592609e-03	7.342253e-02
7.424160222592609e-03	6.498317e-02
7.433925847592609e-03	5.516814e-02
7.443691472592609e-03	4.295608e-02
7.453457097592609e-03	2.647093e-02
7.463222722592609e-03	1.802464e-03
7.464443425717609e-03	-2.170781e-03
7.464748601498859e-03	-3.179278e-03
7.465358953061359e-03	-5.230239e-03
7.465511540951984e-03	-5.756538e-03
7.465816716733235e-03	-6.817277e-03
7.466427068295734e-03	-8.986404e-03
7.467647771420734e-03	-1.351614e-02
7.470089177670734e-03	-2.330047e-02
7.473602534159079e-03	-3.892615e-02
7.480629247135770e-03	-7.408626e-02
7.490394872135770e-03	-1.263617e-01
7.491615575260770e-03	-1.329014e-01
7.494056981510770e-03	-1.459060e-01
7.495685847604869e-03	-1.544979e-01
7.497857669063669e-03	-1.658527e-01
7.497908614682843e-03	-1.661154e-01
7.498010505921191e-03	-1.666379e-01
7.498214288397887e-03	-1.676844e-01
7.498621853351278e-03	-1.697949e-01
7.499436983258061e-03	-1.739958e-01
7.501067243071626e-03	-1.823539e-01
7.504184307776704e-03	-1.981242e-01
7.509212031319203e-03	-2.229203e-01
7.518977656319203e-03	-2.670005e-01
7.528743281319202e-03	-2.974860e-01
7.538508906319202e-03	-3.079712e-01
7.548274531319203e-03	-3.076392e-01
7.558040156319203e-03	-3.035793e-01
7.567805781319202e-03	-2.973724e-01
7.577571406319202e-03	-2.904687e-01
7.587337031319203e-03	-2.829501e-01
7.597102656319203e-03	-2.753749e-01
7.606868281319202e-03	-2.677210e-01
7.616633906319202e-03	-2.602319e-01
7.626399531319203e-03	-2.528217e-01
7.636165156319203e-03	-2.456372e-01
7.645930781319202e-03	-2.385861e-01
7.655696406319202e-03	-2.317633e-01
7.665462031319203e-03	-2.250827e-01
7.675227656319203e-03	-2.186083e-01
7.684993281319203e-03	-2.122649e-01
7.694758906319202e-03	-2.060980e-01
7.704524531319202e-03	-2.000414e-01
7.714290156319203e-03	-1.941280e-01
7.724055781319203e-03	-1.883019e-01
7.733821406319202e-03	-1.825868e-01
7.743587031319202e-03	-1.769359e-01
7.753352656319203e-03	-1.713655e-01
7.763118281319203e-03	-1.658371e-01
7.772883906319202e-03	-1.603605e-01
7.782649531319202e-03	-1.549042e-01
7.783870234444203e-03	-1.542271e-01
7.786311640694202e-03	-1.528667e-01
7.786921992256703e-03	-1.525258e-01
7.788142695381702e-03	-1.518439e-01
7.790584101631703e-03	-1.504812e-01
7.795466914131703e-03	-1.477552e-01
7.803539288581109e-03	-1.432520e-01
7.811851200974833e-03	-1.386071e-01
7.821616825974834e-03	-1.331308e-01
7.831382450974833e-03	-1.276166e-01
7.841148075974833e-03	-1.220492e-01
7.850913700974833e-03	-1.164054e-01
7.860679325974833e-03	-1.106613e-01
7.870444950974833e-03	-1.047811e-01
7.880210575974832e-03	-9.872245e-02
7.889976200974834e-03	-9.242241e-02
7.899741825974834e-03	-8.579599e-02
7.909507450974834e-03	-7.871229e-02
7.919273075974833e-03	-7.097251e-02
7.929038700974833e-03	-6.224389e-02
7.938804325974833e-03	-5.194303e-02
7.948569950974833e-03	-3.881192e-02
7.958335575974832e-03	-2.054835e-02
7.968101200974834e-03	7.392769e-03
7.977866825974834e-03	4.900065e-02
7.987632450974834e-03	1.000574e-01
7.997398075974833e-03	1.523691e-01
7.998618779099834e-03	1.587587e-01
8.001060185349834e-03	1.714604e-01
8.005942997849833e-03	1.963901e-01
8.015708622849834e-03	2.437341e-01
8.025474247849834e-03	2.833160e-01
8.035239872849834e-03	3.045952e-01
8.045005497849833e-03	3.088031e-01
8.054771122849833e-03	3.069231e-01
8.064536747849833e-03	3.013358e-01
8.074302372849833e-03	2.942847e-01
8.084067997849833e-03	2.869709e-01
8.093833622849832e-03	2.792923e-01
8.103599247849834e-03	2.716379e-01
8.113364872849834e-03	2.639421e-01
8.123130497849834e-03	2.564418e-01
8.132896122849833e-03	2.490309e-01
8.142661747849833e-03	2.418585e-01
8.152427372849833e-03	2.348168e-01
8.162192997849833e-03	2.280084e-01
8.171958622849832e-03	2.213339e-01
8.181724247849834e-03	2.148680e-01
8.191489872849834e-03	2.085220e-01
8.201255497849834e-03	2.023527e-01
8.211021122849833e-03	1.962822e-01
8.220786747849833e-03	1.903551e-01
8.230552372849833e-03	1.845037e-01
8.240317997849833e-03	1.787635e-01
8.250083622849833e-03	1.730758e-01
8.259849247849834e-03	1.674690e-01
8.269614872849834e-03	1.618923e-01
8.279380497849834e-03	1.563681e-01
8.289146122849833e-03	1.508517e-01
8.298911747849833e-03	1.453602e-01
8.308677372849833e-03	1.398531e-01
8.318442997849833e-03	1.343414e-01
8.319663700974833e-03	1.336498e-01
8.322105107224833e-03	1.322656e-01
8.326987919724834e-03	1.294891e-01
8.336753544724834e-03	1.238913e-01
8.346519169724833e-03	1.182330e-01
8.356284794724833e-03	1.124771e-01
8.366050419724833e-03	1.066006e-01
8.375816044724833e-03	1.005559e-01
8.385581669724832e-03	9.429055e-02
8.395347294724834e-03	8.772365e-02
8.405112919724834e-03	8.074258e-02
8.414878544724834e-03	7.315847e-02
8.424644169724833e-03	6.469399e-02
8.434409794724833e-03	5.483412e-02
8.444175419724833e-03	4.254100e-02
8.453941044724833e-03	2.589638e-02
8.463706669724833e-03	9.302278e-04
8.464927372849833e-03	-3.093134e-03
8.465232548631083e-03	-4.114195e-03
8.465308842576395e-03	-4.370464e-03
8.465461430467020e-03	-4.885111e-03
8.465766606248270e-03	-5.927920e-03
8.465842900193584e-03	-6.192268e-03
8.465995488084209e-03	-6.722924e-03
8.466300663865459e-03	-7.795751e-03
8.466911015427958e-03	-9.990902e-03
8.468131718552959e-03	-1.457226e-02
8.470573124802958e-03	-2.445732e-02
8.475425209177849e-03	-4.660333e-02
8.485129377927631e-03	-9.682047e-02
8.494895002927631e-03	-1.492683e-01
8.496115706052632e-03	-1.556741e-01
8.496420881833881e-03	-1.572732e-01
8.497031233396381e-03	-1.604659e-01
8.498251936521381e-03	-1.668216e-01
8.498290083494037e-03	-1.670177e-01
8.498366377439349e-03	-1.674069e-01
8.498518965329976e-03	-1.681871e-01
8.498824141111225e-03	-1.697666e-01
8.499434492673725e-03	-1.729117e-01
8.500655195798726e-03	-1.791825e-01
8.503096602048725e-03	-1.915973e-01
8.507979414548724e-03	-2.159006e-01
8.517745039548726e-03	-2.610302e-01
8.527510664548725e-03	-2.942880e-01
8.537276289548725e-03	-3.073967e-01
8.547041914548725e-03	-3.079988e-01
8.556807539548725e-03	-3.043531e-01
8.566573164548725e-03	-2.983281e-01
8.576338789548724e-03	-2.915308e-01
8.586104414548724e-03	-2.840426e-01
8.595870039548726e-03	-2.764760e-01
8.605635664548725e-03	-2.688060e-01
8.615401289548725e-03	-2.612973e-01
8.625166914548725e-03	-2.538559e-01
8.634932539548725e-03	-2.466421e-01
8.644698164548725e-03	-2.395565e-01
8.654463789548724e-03	-2.327029e-01
8.664229414548724e-03	-2.259893e-01
8.673995039548726e-03	-2.194866e-01
8.683760664548726e-03	-2.131141e-01
8.693526289548725e-03	-2.069213e-01
8.703291914548725e-03	-2.008395e-01
8.713057539548725e-03	-1.949048e-01
8.722823164548725e-03	-1.890581e-01
8.732588789548724e-03	-1.833256e-01
8.742354414548724e-03	-1.776582e-01
8.752120039548724e-03	-1.720742e-01
8.761885664548726e-03	-1.665331e-01
8.771651289548725e-03	-1.610465e-01
8.781416914548725e-03	-1.555812e-01
8.782637617673724e-03	-1.549035e-01
8.785079023923725e-03	-1.535428e-01
8.789961836423724e-03	-1.508122e-01
8.791182539548725e-03	-1.501331e-01
8.793623945798724e-03	-1.487696e-01
8.798506758298725e-03	-1.460419e-01
8.806342395110125e-03	-1.416652e-01
8.816108020110125e-03	-1.361958e-01
8.825873645110125e-03	-1.307000e-01
8.835639270110125e-03	-1.251589e-01
8.845404895110124e-03	-1.195558e-01
8.855170520110124e-03	-1.138653e-01
8.864936145110124e-03	-1.080604e-01
8.874701770110124e-03	-1.021010e-01
8.884467395110123e-03	-9.593798e-02
8.894233020110125e-03	-8.949813e-02
8.903998645110125e-03	-8.267955e-02
8.913764270110125e-03	-7.532398e-02
8.923529895110124e-03	-6.718270e-02
8.933295520110124e-03	-5.782931e-02
8.943061145110124e-03	-4.648568e-02
8.952826770110124e-03	-3.139383e-02
8.962592395110124e-03	-9.364274e-03
8.972358020110125e-03	2.465689e-02
8.982123645110125e-03	7.161182e-02
8.991889270110125e-03	1.240579e-01
8.993109973235124e-03	1.305936e-01
8.995551379485125e-03	1.435947e-01
9.000434191985124e-03	1.691904e-01
9.006640908404109e-03	2.008385e-01
9.013594894679807e-03	2.347879e-01
9.023360519679807e-03	2.766426e-01
9.033126144679807e-03	3.020433e-01
9.042891769679807e-03	3.088054e-01
9.052657394679808e-03	3.079961e-01
9.062423019679808e-03	3.027236e-01
9.072188644679808e-03	2.956327e-01
9.081954269679808e-03	2.884720e-01
9.091719894679808e-03	2.807809e-01
9.101485519679807e-03	2.731848e-01
9.111251144679807e-03	2.654370e-01
9.121016769679807e-03	2.579523e-01
9.130782394679808e-03	2.504824e-01
9.140548019679808e-03	2.433082e-01
9.150313644679808e-03	2.362108e-01
9.160079269679808e-03	2.293946e-01
9.169844894679808e-03	2.226715e-01
9.179610519679807e-03	2.161968e-01
9.189376144679807e-03	2.098104e-01
9.199141769679807e-03	2.036338e-01
9.208907394679808e-03	1.975313e-01
9.218673019679808e-03	1.915996e-01
9.228438644679808e-03	1.857240e-01
9.238204269679808e-03	1.799823e-01
9.247969894679808e-03	1.742775e-01
9.257735519679807e-03	1.686726e-01
9.267501144679807e-03	1.630854e-01
9.277266769679807e-03	1.575664e-01
9.287032394679807e-03	1.520456e-01
9.296798019679808e-03	1.465636e-01
9.306563644679808e-03	1.410586e-01
9.316329269679808e-03	1.355619e-01
9.326094894679808e-03	1.300171e-01
9.335860519679808e-03	1.244406e-01
9.345626144679807e-03	1.187847e-01
9.355391769679807e-03	1.130538e-01
9.365157394679807e-03	1.071893e-01
9.374923019679808e-03	1.011755e-01
9.384688644679808e-03	9.493636e-02
9.394454269679808e-03	8.841568e-02
9.404219894679808e-03	8.148316e-02
9.413985519679808e-03	7.398657e-02
9.423751144679807e-03	6.563461e-02
9.433516769679807e-03	5.597213e-02
9.443282394679807e-03	4.400748e-02
9.453048019679808e-03	2.800772e-02
9.462813644679808e-03	4.208755e-03
9.464034347804807e-03	3.823310e-04
9.466475754054808e-03	-7.785216e-03
9.466552048000121e-03	-8.058151e-03
9.466704635890746e-03	-8.606359e-03
9.467009811671995e-03	-9.714250e-03
9.467620163234495e-03	-1.197490e-02
9.468840866359495e-03	-1.667612e-02
9.471282272609495e-03	-2.677289e-02
9.476165085109496e-03	-4.940004e-02
9.485930710109496e-03	-1.002325e-01
9.495696335109495e-03	-1.526121e-01
9.496917038234496e-03	-1.589986e-01
9.497222214015746e-03	-1.605920e-01
9.497832565578245e-03	-1.637741e-01
9.497985153468870e-03	-1.645679e-01
9.498290329250120e-03	-1.661526e-01
9.498366623195432e-03	-1.665474e-01
9.498519211086057e-03	-1.673330e-01
9.498824386867308e-03	-1.688995e-01
9.498900680812621e-03	-1.692955e-01
9.499053268703246e-03	-1.700851e-01
9.499358444484495e-03	-1.716587e-01
9.499968796046995e-03	-1.748016e-01
9.501189499171996e-03	-1.810569e-01
9.503630905421995e-03	-1.934489e-01
9.508513717921996e-03	-2.176891e-01
9.518279342921996e-03	-2.625654e-01
9.528044967921995e-03	-2.951385e-01
9.537810592921995e-03	-3.075669e-01
9.547576217921995e-03	-3.079108e-01
9.557341842921995e-03	-3.041569e-01
9.567107467921995e-03	-2.981896e-01
9.576873092921994e-03	-2.912717e-01
9.586638717921996e-03	-2.837199e-01
9.596404342921996e-03	-2.761745e-01
9.606169967921995e-03	-2.684816e-01
9.615935592921995e-03	-2.609916e-01
9.625701217921995e-03	-2.535352e-01
9.635466842921995e-03	-2.463388e-01
9.645232467921995e-03	-2.392425e-01
9.654998092921994e-03	-2.324039e-01
9.664763717921996e-03	-2.256818e-01
9.674529342921996e-03	-2.191915e-01
9.684294967921996e-03	-2.128114e-01
9.694060592921995e-03	-2.066288e-01
9.703826217921995e-03	-2.005401e-01
9.713591842921995e-03	-1.946129e-01
9.723357467921995e-03	-1.887592e-01
9.733123092921995e-03	-1.830322e-01
9.742888717921994e-03	-1.773578e-01
9.752654342921996e-03	-1.717776e-01
9.762419967921996e-03	-1.662287e-01
9.772185592921995e-03	-1.607445e-01
9.781951217921995e-03	-1.552707e-01
9.783171921046996e-03	-1.545947e-01
9.785613327296995e-03	-1.532335e-01
9.790496139796994e-03	-1.504995e-01
9.791716842921995e-03	-1.498204e-01
9.794158249171995e-03	-1.484559e-01
9.799041061671995e-03	-1.457262e-01
9.807086585481578e-03	-1.412282e-01
9.816852210481578e-03	-1.357530e-01
9.826617835481577e-03	-1.302501e-01
9.836383460481577e-03	-1.247005e-01
9.846149085481579e-03	-1.190872e-01
9.855914710481578e-03	-1.133842e-01
9.865680335481578e-03	-1.075638e-01
9.875445960481578e-03	-1.015851e-01
9.885211585481578e-03	-9.539706e-02
9.894977210481578e-03	-8.892440e-02
9.904742835481577e-03	-8.206122e-02
9.914508460481577e-03	-7.464278e-02
9.924274085481579e-03	-6.640847e-02
9.934039710481578e-03	-5.690897e-02
9.943805335481578e-03	-4.531784e-02
9.953570960481578e-03	-2.975070e-02
9.963336585481578e-03	-6.818152e-03
9.973102210481578e-03	2.849521e-02
9.982867835481577e-03	7.633973e-02
9.992633460481577e-03	1.288709e-01
9.993554277921380e-03	1.337902e-01
9.995395912800987e-03	1.435859e-01
9.999079182560197e-03	1.629496e-01
1.000000000000000e-02	1.677389e-01
Step Information: Rgain=19.6006K  (Step: 5/11)
0.000000000000000e+00	4.500004e-14
5.000000058430487e-08	2.154359e-09
1.000000011686097e-07	2.188026e-07
2.000000023372195e-07	7.621597e-06
4.000000046744390e-07	9.273680e-05
8.000000093488779e-07	5.397792e-04
1.600000018697756e-06	2.278781e-03
3.200000037395512e-06	8.378572e-03
6.400000074791024e-06	2.669340e-02
1.208274096187065e-05	6.686001e-02
1.799179835847347e-05	1.097309e-01
1.918794989473987e-05	1.179756e-01
2.158025296727266e-05	1.338597e-01
2.217832873540586e-05	1.375841e-01
2.337448027167226e-05	1.448015e-01
2.576678334420505e-05	1.576888e-01
3.006122726057137e-05	1.748210e-01
3.448687157623538e-05	1.858554e-01
4.333816020756341e-05	1.962627e-01
5.310378520756341e-05	2.012360e-01
6.286941020756340e-05	2.026269e-01
7.263503520756341e-05	2.018275e-01
8.240066020756341e-05	2.006558e-01
9.216628520756340e-05	1.984896e-01
1.019319102075634e-04	1.962088e-01
1.116975352075634e-04	1.933597e-01
1.214631602075634e-04	1.905440e-01
1.312287852075634e-04	1.873734e-01
1.409944102075634e-04	1.842787e-01
1.507600352075634e-04	1.809394e-01
1.605256602075634e-04	1.776795e-01
1.702912852075634e-04	1.742354e-01
1.800569102075634e-04	1.708585e-01
1.898225352075634e-04	1.673318e-01
1.995881602075634e-04	1.638537e-01
2.093537852075634e-04	1.602459e-01
2.191194102075634e-04	1.566668e-01
2.288850352075634e-04	1.529697e-01
2.386506602075634e-04	1.492818e-01
2.484162852075634e-04	1.454823e-01
2.581819102075634e-04	1.416745e-01
2.679475352075634e-04	1.377582e-01
2.777131602075634e-04	1.338169e-01
2.789338633325634e-04	1.333109e-01
2.813752695825634e-04	1.323047e-01
2.862580820825634e-04	1.302842e-01
2.960237070825634e-04	1.261809e-01
3.057893320825634e-04	1.220012e-01
3.155549570825634e-04	1.177296e-01
3.253205820825634e-04	1.133661e-01
3.350862070825634e-04	1.088937e-01
3.448518320825634e-04	1.043060e-01
3.546174570825634e-04	9.958032e-02
3.643830820825634e-04	9.469987e-02
3.741487070825634e-04	8.962876e-02
3.839143320825634e-04	8.432949e-02
3.936799570825634e-04	7.873636e-02
4.034455820825634e-04	7.276424e-02
4.132112070825634e-04	6.627116e-02
4.229768320825634e-04	5.903988e-02
4.327424570825634e-04	5.068581e-02
4.425080820825634e-04	4.042875e-02
4.522737070825634e-04	2.678602e-02
4.620393320825634e-04	6.132502e-03
4.718049570825634e-04	-2.919791e-02
4.730256602075634e-04	-3.516418e-02
4.754670664575634e-04	-4.781811e-02
4.803498789575634e-04	-7.670142e-02
4.901155039575635e-04	-1.412082e-01
4.913362070825634e-04	-1.495332e-01
4.937776133325634e-04	-1.660734e-01
4.938539072778759e-04	-1.665810e-01
4.940064951685009e-04	-1.675904e-01
4.943116709497509e-04	-1.696318e-01
4.949220225122509e-04	-1.737124e-01
4.961427256372509e-04	-1.818286e-01
4.983334755866442e-04	-1.962697e-01
5.014390739358014e-04	-2.164134e-01
5.076502706341159e-04	-2.549466e-01
5.174158956341159e-04	-3.008642e-01
5.271815206341159e-04	-3.161638e-01
5.369471456341160e-04	-3.148061e-01
5.467127706341160e-04	-3.103719e-01
5.564783956341160e-04	-3.032605e-01
5.662440206341159e-04	-2.958670e-01
5.760096456341159e-04	-2.876953e-01
5.857752706341159e-04	-2.797366e-01
5.955408956341159e-04	-2.715962e-01
6.053065206341159e-04	-2.638345e-01
6.150721456341159e-04	-2.560731e-01
6.248377706341159e-04	-2.487073e-01
6.346033956341159e-04	-2.414137e-01
6.443690206341159e-04	-2.344861e-01
6.541346456341159e-04	-2.276510e-01
6.639002706341160e-04	-2.211390e-01
6.736658956341160e-04	-2.147159e-01
6.834315206341159e-04	-2.085659e-01
6.931971456341159e-04	-2.024924e-01
7.029627706341159e-04	-1.966439e-01
7.127283956341159e-04	-1.908550e-01
7.224940206341159e-04	-1.852471e-01
7.322596456341159e-04	-1.796809e-01
7.420252706341159e-04	-1.742561e-01
7.517908956341159e-04	-1.688557e-01
7.615565206341159e-04	-1.635614e-01
7.713221456341159e-04	-1.582755e-01
7.725428487591159e-04	-1.576298e-01
7.749842550091160e-04	-1.563244e-01
7.798670675091159e-04	-1.537081e-01
7.810877706341160e-04	-1.530587e-01
7.835291768841159e-04	-1.517531e-01
7.884119893841159e-04	-1.491408e-01
7.896326925091159e-04	-1.484914e-01
7.920740987591159e-04	-1.471888e-01
7.969569112591159e-04	-1.445847e-01
8.067225362591159e-04	-1.393834e-01
8.164881612591160e-04	-1.341787e-01
8.262537862591160e-04	-1.289605e-01
8.360194112591160e-04	-1.237142e-01
8.457850362591159e-04	-1.184269e-01
8.555506612591159e-04	-1.130796e-01
8.653162862591159e-04	-1.076528e-01
8.750819112591159e-04	-1.021183e-01
8.946131612591159e-04	-9.057656e-02
9.043787862591159e-04	-8.445539e-02
9.141444112591159e-04	-7.798091e-02
9.239100362591159e-04	-7.100628e-02
9.336756612591160e-04	-6.329248e-02
9.434412862591160e-04	-5.442926e-02
9.532069112591160e-04	-4.364009e-02
9.629725362591160e-04	-2.905791e-02
9.727381612591159e-04	-6.741406e-03
9.825037862591160e-04	3.132991e-02
9.922694112591160e-04	8.876807e-02
1.002035036259116e-03	1.550772e-01
1.003255739384116e-03	1.633224e-01
1.005697145634116e-03	1.797003e-01
1.010579958134116e-03	2.117440e-01
1.019407074307063e-03	2.654061e-01
1.029172699307063e-03	3.044932e-01
1.038938324307063e-03	3.150544e-01
1.048703949307062e-03	3.115361e-01
1.058469574307062e-03	3.058401e-01
1.068235199307062e-03	2.987636e-01
1.078000824307062e-03	2.908047e-01
1.087766449307062e-03	2.827151e-01
1.097532074307062e-03	2.744890e-01
1.107297699307062e-03	2.664356e-01
1.117063324307062e-03	2.584649e-01
1.126828949307063e-03	2.507564e-01
1.136594574307063e-03	2.432077e-01
1.146360199307063e-03	2.359308e-01
1.156125824307063e-03	2.288296e-01
1.165891449307063e-03	2.219784e-01
1.175657074307063e-03	2.152926e-01
1.185422699307063e-03	2.088229e-01
1.195188324307063e-03	2.024971e-01
1.204953949307063e-03	1.963507e-01
1.214719574307063e-03	1.903228e-01
1.224485199307063e-03	1.844382e-01
1.234250824307063e-03	1.786464e-01
1.244016449307063e-03	1.729643e-01
1.253782074307063e-03	1.673502e-01
1.263547699307063e-03	1.618153e-01
1.273313324307063e-03	1.563250e-01
1.283078949307063e-03	1.508856e-01
1.292844574307062e-03	1.454682e-01
1.302610199307062e-03	1.400743e-01
1.312375824307062e-03	1.346794e-01
1.313596527432063e-03	1.340082e-01
1.316037933682063e-03	1.326614e-01
1.320920746182062e-03	1.299582e-01
1.330686371182062e-03	1.245318e-01
1.340451996182063e-03	1.190705e-01
1.350217621182063e-03	1.135485e-01
1.359983246182063e-03	1.079468e-01
1.369748871182063e-03	1.022305e-01
1.379514496182063e-03	9.636511e-02
1.389280121182063e-03	9.029247e-02
1.399045746182063e-03	8.394119e-02
1.408811371182063e-03	7.719567e-02
1.418576996182063e-03	6.988758e-02
1.428342621182063e-03	6.173011e-02
1.438108246182063e-03	5.222612e-02
1.447873871182063e-03	4.028147e-02
1.457639496182063e-03	2.373612e-02
1.458860199307063e-03	2.114173e-02
1.461301605557063e-03	1.551870e-02
1.461911957119563e-03	1.395569e-02
1.463132660244563e-03	1.071820e-02
1.465574066494563e-03	3.511709e-03
1.466184418057063e-03	1.522388e-03
1.466337005947688e-03	1.020402e-03
1.466642181728937e-03	7.429690e-06
1.467252533291438e-03	-2.074482e-03
1.468473236416438e-03	-6.476601e-03
1.470914642666437e-03	-1.627475e-02
1.474597025908781e-03	-3.366344e-02
1.481961792393468e-03	-7.659467e-02
1.491727417393468e-03	-1.419217e-01
1.492948120518468e-03	-1.502564e-01
1.495389526768468e-03	-1.668133e-01
1.495999878330968e-03	-1.708837e-01
1.496152466221593e-03	-1.719026e-01
1.496457642002843e-03	-1.739418e-01
1.497067993565343e-03	-1.780140e-01
1.498288696690343e-03	-1.861160e-01
1.500730102940343e-03	-2.021533e-01
1.504782093372766e-03	-2.281702e-01
1.512886074237613e-03	-2.752505e-01
1.522651699237613e-03	-3.079294e-01
1.532417324237613e-03	-3.134782e-01
1.542182949237613e-03	-3.105446e-01
1.551948574237613e-03	-3.048948e-01
1.561714199237613e-03	-2.977726e-01
1.571479824237613e-03	-2.901044e-01
1.581245449237613e-03	-2.820876e-01
1.591011074237613e-03	-2.741908e-01
1.600776699237613e-03	-2.662904e-01
1.610542324237613e-03	-2.586516e-01
1.620307949237613e-03	-2.511300e-01
1.630073574237613e-03	-2.439015e-01
1.639839199237613e-03	-2.368255e-01
1.649604824237613e-03	-2.300286e-01
1.659370449237613e-03	-2.233828e-01
1.669136074237613e-03	-2.169847e-01
1.678901699237613e-03	-2.107203e-01
1.688667324237613e-03	-2.046663e-01
1.698432949237613e-03	-1.987226e-01
1.708198574237613e-03	-1.929519e-01
1.717964199237613e-03	-1.872666e-01
1.727729824237613e-03	-1.817192e-01
1.737495449237613e-03	-1.762333e-01
1.747261074237613e-03	-1.708529e-01
1.757026699237613e-03	-1.655123e-01
1.766792324237613e-03	-1.602481e-01
1.776557949237613e-03	-1.550023e-01
1.777778652362613e-03	-1.543568e-01
1.780220058612613e-03	-1.530548e-01
1.785102871112613e-03	-1.504430e-01
1.786323574237613e-03	-1.497944e-01
1.788764980487613e-03	-1.484920e-01
1.793647792987613e-03	-1.458892e-01
1.801927278364079e-03	-1.414836e-01
1.811692903364079e-03	-1.362866e-01
1.821458528364079e-03	-1.310808e-01
1.831224153364079e-03	-1.258514e-01
1.840989778364079e-03	-1.205866e-01
1.850755403364079e-03	-1.152685e-01
1.860521028364079e-03	-1.098794e-01
1.870286653364080e-03	-1.043934e-01
1.880052278364080e-03	-9.878089e-02
1.889817903364080e-03	-9.299859e-02
1.899583528364080e-03	-8.699008e-02
1.909349153364080e-03	-8.067124e-02
1.919114778364080e-03	-7.391931e-02
1.928880403364080e-03	-6.653813e-02
1.938646028364080e-03	-5.820202e-02
1.948411653364080e-03	-4.831669e-02
1.958177278364079e-03	-3.553896e-02
1.967942903364080e-03	-1.711652e-02
1.977708528364079e-03	1.349424e-02
1.987474153364080e-03	6.370416e-02
1.997239778364079e-03	1.281411e-01
1.998460481489080e-03	1.365264e-01
2.000901887739080e-03	1.531906e-01
2.001512239301579e-03	1.573280e-01
2.002732942426580e-03	1.655704e-01
2.005174348676580e-03	1.818983e-01
2.010057161176579e-03	2.138713e-01
2.019822786176580e-03	2.721453e-01
2.029588411176579e-03	3.073442e-01
2.039354036176580e-03	3.149616e-01
2.049119661176579e-03	3.110081e-01
2.058885286176579e-03	3.050367e-01
2.068650911176580e-03	2.979002e-01
2.078416536176579e-03	2.898763e-01
2.088182161176580e-03	2.818166e-01
2.097947786176579e-03	2.735876e-01
2.107713411176580e-03	2.655898e-01
2.117479036176579e-03	2.576409e-01
2.127244661176580e-03	2.499937e-01
2.137010286176579e-03	2.424760e-01
2.146775911176580e-03	2.352586e-01
2.156541536176579e-03	2.281909e-01
2.166307161176580e-03	2.213946e-01
2.176072786176579e-03	2.147415e-01
2.185838411176580e-03	2.083213e-01
2.195604036176579e-03	2.020263e-01
2.205369661176580e-03	1.959238e-01
2.215135286176579e-03	1.899240e-01
2.224900911176580e-03	1.840782e-01
2.234666536176579e-03	1.783118e-01
2.244432161176580e-03	1.726637e-01
2.254197786176579e-03	1.670728e-01
2.263963411176580e-03	1.615677e-01
2.273729036176579e-03	1.560984e-01
2.283494661176580e-03	1.506852e-01
2.293260286176579e-03	1.452868e-01
2.303025911176579e-03	1.399169e-01
2.312791536176580e-03	1.345404e-01
2.322557161176579e-03	1.291622e-01
2.332322786176580e-03	1.237468e-01
2.342088411176579e-03	1.183018e-01
2.351854036176580e-03	1.127871e-01
2.361619661176579e-03	1.071944e-01
2.371385286176580e-03	1.014798e-01
2.381150911176579e-03	9.561417e-02
2.390916536176580e-03	8.953328e-02
2.400682161176579e-03	8.316658e-02
2.410447786176580e-03	7.639231e-02
2.420213411176579e-03	6.903634e-02
2.429979036176580e-03	6.079746e-02
2.439744661176579e-03	5.115139e-02
2.449510286176580e-03	3.892569e-02
2.459275911176579e-03	2.179773e-02
2.460496614301580e-03	1.909325e-02
2.462938020551580e-03	1.321259e-02
2.467820833051579e-03	-1.492735e-03
2.467973420942204e-03	-2.019410e-03
2.468278596723454e-03	-3.082125e-03
2.468888948285954e-03	-5.267997e-03
2.470109651410955e-03	-9.890387e-03
2.472551057660954e-03	-2.016156e-02
2.477433870160954e-03	-4.482664e-02
2.487199495160955e-03	-1.058906e-01
2.488420198285954e-03	-1.142863e-01
2.490861604535954e-03	-1.310332e-01
2.495744417035955e-03	-1.641812e-01
2.495882792031835e-03	-1.651085e-01
2.496159542023597e-03	-1.669554e-01
2.496713042007120e-03	-1.706492e-01
2.496851417003001e-03	-1.715765e-01
2.497128166994763e-03	-1.734258e-01
2.497681666978286e-03	-1.771125e-01
2.498788666945333e-03	-1.844580e-01
2.501002666879426e-03	-1.990182e-01
2.505430666747613e-03	-2.274960e-01
2.514286666483987e-03	-2.783663e-01
2.524052291483987e-03	-3.089802e-01
2.533817916483987e-03	-3.133840e-01
2.543583541483987e-03	-3.102797e-01
2.553349166483987e-03	-3.044123e-01
2.563114791483987e-03	-2.972644e-01
2.572880416483987e-03	-2.895188e-01
2.582646041483987e-03	-2.815133e-01
2.592411666483987e-03	-2.735718e-01
2.602177291483987e-03	-2.656883e-01
2.611942916483987e-03	-2.580207e-01
2.621708541483987e-03	-2.505147e-01
2.631474166483987e-03	-2.432647e-01
2.641239791483987e-03	-2.362007e-01
2.651005416483987e-03	-2.293857e-01
2.660771041483987e-03	-2.227480e-01
2.670536666483987e-03	-2.163330e-01
2.680302291483987e-03	-2.100726e-01
2.690067916483987e-03	-2.040022e-01
2.699833541483987e-03	-1.980588e-01
2.709599166483987e-03	-1.922717e-01
2.719364791483987e-03	-1.865835e-01
2.729130416483987e-03	-1.810194e-01
2.738896041483987e-03	-1.755275e-01
2.748661666483987e-03	-1.701303e-01
2.758427291483987e-03	-1.647806e-01
2.768192916483987e-03	-1.594989e-01
2.777958541483987e-03	-1.542412e-01
2.779179244608987e-03	-1.535922e-01
2.781620650858987e-03	-1.522838e-01
2.786503463358987e-03	-1.496640e-01
2.787724166483987e-03	-1.490131e-01
2.790165572733987e-03	-1.477070e-01
2.795048385233987e-03	-1.450963e-01
2.804814010233987e-03	-1.398825e-01
2.814579635233987e-03	-1.346663e-01
2.824345260233987e-03	-1.294375e-01
2.834110885233987e-03	-1.241814e-01
2.843876510233987e-03	-1.188850e-01
2.853642135233987e-03	-1.135294e-01
2.863407760233987e-03	-1.080951e-01
2.873173385233987e-03	-1.025541e-01
2.882939010233987e-03	-9.687309e-02
2.892704635233987e-03	-9.100379e-02
2.902470260233987e-03	-8.488167e-02
2.912235885233987e-03	-7.841006e-02
2.922001510233987e-03	-7.144444e-02
2.931767135233987e-03	-6.375010e-02
2.941532760233987e-03	-5.492542e-02
2.951298385233987e-03	-4.421309e-02
2.961064010233987e-03	-2.980315e-02
2.970829635233987e-03	-7.882571e-03
2.980595260233987e-03	2.946030e-02
2.990360885233987e-03	8.628521e-02
3.000126510233987e-03	1.525076e-01
3.001347213358987e-03	1.607704e-01
3.003788619608987e-03	1.771861e-01
3.008671432108987e-03	2.093250e-01
3.017317139141399e-03	2.623867e-01
3.027082764141399e-03	3.032125e-01
3.036848389141399e-03	3.138199e-01
3.046614014141399e-03	3.115628e-01
3.056379639141399e-03	3.066984e-01
3.066145264141399e-03	2.993486e-01
3.075910889141398e-03	2.916205e-01
3.085676514141399e-03	2.833611e-01
3.095442139141398e-03	2.753399e-01
3.105207764141399e-03	2.671569e-01
3.114973389141398e-03	2.593381e-01
3.124739014141399e-03	2.515315e-01
3.134504639141398e-03	2.441038e-01
3.144270264141399e-03	2.367534e-01
3.154035889141398e-03	2.297529e-01
3.163801514141399e-03	2.228477e-01
3.173567139141398e-03	2.162482e-01
3.183332764141399e-03	2.097404e-01
3.193098389141398e-03	2.034905e-01
3.202864014141399e-03	1.973187e-01
3.212629639141398e-03	1.913588e-01
3.222395264141399e-03	1.854596e-01
3.232160889141399e-03	1.797295e-01
3.241926514141399e-03	1.740419e-01
3.251692139141399e-03	1.684850e-01
3.261457764141399e-03	1.629525e-01
3.271223389141399e-03	1.575159e-01
3.280989014141399e-03	1.520864e-01
3.290754639141399e-03	1.467209e-01
3.300520264141399e-03	1.413442e-01
3.310285889141399e-03	1.360015e-01
3.320051514141398e-03	1.306292e-01
3.329817139141399e-03	1.252510e-01
3.339582764141398e-03	1.198232e-01
3.349348389141399e-03	1.143529e-01
3.359114014141398e-03	1.087948e-01
3.368879639141399e-03	1.031395e-01
3.378645264141398e-03	9.733494e-02
3.388410889141399e-03	9.134449e-02
3.398176514141398e-03	8.508782e-02
3.407942139141399e-03	7.847278e-02
3.417707764141398e-03	7.133686e-02
3.427473389141399e-03	6.343638e-02
3.437239014141398e-03	5.433015e-02
3.447004639141399e-03	4.310811e-02
3.456770264141398e-03	2.797950e-02
3.466535889141399e-03	4.576247e-03
3.467756592266398e-03	6.637945e-04
3.468061768047649e-03	-3.362236e-04
3.468672119610149e-03	-2.381424e-03
3.468824707500773e-03	-2.910330e-03
3.469129883282024e-03	-3.978834e-03
3.469740234844523e-03	-6.180443e-03
3.470960937969524e-03	-1.084692e-02
3.473402344219524e-03	-2.123541e-02
3.477068991335408e-03	-3.946303e-02
3.484402285567176e-03	-8.350325e-02
3.494167910567176e-03	-1.492313e-01
3.495388613692176e-03	-1.575313e-01
3.497830019942176e-03	-1.739783e-01
3.498305400225092e-03	-1.771395e-01
3.499256160790924e-03	-1.834599e-01
3.501157681922588e-03	-1.960048e-01
3.504960724185915e-03	-2.206218e-01
3.512566808712571e-03	-2.663791e-01
3.522332433712571e-03	-3.047835e-01
3.532098058712571e-03	-3.136751e-01
3.541863683712571e-03	-3.111849e-01
3.551629308712571e-03	-3.060714e-01
3.561394933712571e-03	-2.988452e-01
3.571160558712571e-03	-2.913948e-01
3.580926183712571e-03	-2.833054e-01
3.590691808712571e-03	-2.754273e-01
3.600457433712571e-03	-2.674162e-01
3.610223058712571e-03	-2.597602e-01
3.619988683712571e-03	-2.521285e-01
3.629754308712571e-03	-2.448660e-01
3.639519933712571e-03	-2.376875e-01
3.649285558712571e-03	-2.308505e-01
3.659051183712571e-03	-2.241121e-01
3.668816808712571e-03	-2.176725e-01
3.678582433712571e-03	-2.113257e-01
3.688348058712571e-03	-2.052314e-01
3.698113683712571e-03	-1.992151e-01
3.707879308712571e-03	-1.934063e-01
3.717644933712571e-03	-1.876573e-01
3.727410558712571e-03	-1.820742e-01
3.737176183712571e-03	-1.765324e-01
3.746941808712571e-03	-1.711191e-01
3.756707433712571e-03	-1.657293e-01
3.766473058712571e-03	-1.604343e-01
3.776238683712571e-03	-1.551451e-01
3.777459386837571e-03	-1.544975e-01
3.779900793087571e-03	-1.531879e-01
3.784783605587571e-03	-1.505571e-01
3.786004308712571e-03	-1.499048e-01
3.788445714962571e-03	-1.485941e-01
3.793328527462571e-03	-1.459744e-01
3.801553192600187e-03	-1.415705e-01
3.811318817600187e-03	-1.363415e-01
3.821084442600187e-03	-1.311048e-01
3.830850067600187e-03	-1.258447e-01
3.840615692600187e-03	-1.205498e-01
3.850381317600187e-03	-1.152010e-01
3.860146942600187e-03	-1.097807e-01
3.869912567600187e-03	-1.042617e-01
3.879678192600187e-03	-9.861406e-02
3.889443817600187e-03	-9.279262e-02
3.899209442600187e-03	-8.673954e-02
3.908975067600187e-03	-8.036716e-02
3.918740692600187e-03	-7.354818e-02
3.928506317600187e-03	-6.607717e-02
3.938271942600186e-03	-5.761196e-02
3.948037567600186e-03	-4.752204e-02
3.957803192600187e-03	-3.436501e-02
3.967568817600187e-03	-1.516026e-02
3.977334442600186e-03	1.701316e-02
3.987100067600186e-03	6.894448e-02
3.996865692600187e-03	1.339864e-01
3.998086395725187e-03	1.423466e-01
4.000527801975187e-03	1.589643e-01
4.001138153537686e-03	1.630860e-01
4.002358856662686e-03	1.712983e-01
4.004800262912687e-03	1.875645e-01
4.009683075412687e-03	2.193728e-01
4.019448700412686e-03	2.765308e-01
4.029214325412687e-03	3.089946e-01
4.038979950412687e-03	3.147658e-01
4.048745575412687e-03	3.106070e-01
4.058511200412686e-03	3.044918e-01
4.068276825412687e-03	2.973178e-01
4.078042450412687e-03	2.892807e-01
4.087808075412687e-03	2.812515e-01
4.097573700412686e-03	2.730480e-01
4.107339325412687e-03	2.650985e-01
4.117104950412687e-03	2.571892e-01
4.126870575412687e-03	2.495950e-01
4.136636200412686e-03	2.421212e-01
4.146401825412686e-03	2.349561e-01
4.156167450412687e-03	2.279325e-01
4.165933075412687e-03	2.211859e-01
4.175698700412686e-03	2.145753e-01
4.185464325412686e-03	2.082013e-01
4.195229950412687e-03	2.019465e-01
4.204995575412687e-03	1.958866e-01
4.214761200412686e-03	1.899245e-01
4.224526825412686e-03	1.841178e-01
4.234292450412687e-03	1.783867e-01
4.244058075412687e-03	1.727748e-01
4.253823700412687e-03	1.672169e-01
4.263589325412686e-03	1.617454e-01
4.273354950412687e-03	1.563075e-01
4.283120575412687e-03	1.509262e-01
4.292886200412687e-03	1.455585e-01
4.302651825412686e-03	1.402190e-01
4.312417450412687e-03	1.348723e-01
4.313638153537687e-03	1.342077e-01
4.316079559787686e-03	1.328741e-01
4.320962372287687e-03	1.301963e-01
4.330727997287687e-03	1.248205e-01
4.340493622287687e-03	1.194102e-01
4.350259247287686e-03	1.139417e-01
4.360024872287686e-03	1.083959e-01
4.369790497287687e-03	1.027408e-01
4.379556122287687e-03	9.694314e-02
4.389321747287686e-03	9.094921e-02
4.399087372287686e-03	8.469197e-02
4.408852997287687e-03	7.806522e-02
4.418618622287687e-03	7.091450e-02
4.428384247287686e-03	6.298097e-02
4.438149872287686e-03	5.382188e-02
4.447915497287687e-03	4.248790e-02
4.457681122287687e-03	2.714399e-02
4.467446747287687e-03	3.233631e-03
4.468667450412686e-03	-7.750021e-04
4.468972626193937e-03	-1.797954e-03
4.469048920139249e-03	-2.055052e-03
4.469201508029874e-03	-2.572079e-03
4.469506683811124e-03	-3.624195e-03
4.469582977756436e-03	-3.891943e-03
4.469735565647062e-03	-4.430119e-03
4.470040741428312e-03	-5.522591e-03
4.470651092990811e-03	-7.775393e-03
4.471871796115812e-03	-1.254888e-02
4.474313202365811e-03	-2.316253e-02
4.479196014865811e-03	-4.851068e-02
4.488961639865812e-03	-1.103092e-01
4.497281356536535e-03	-1.670763e-01
4.497433944427160e-03	-1.680870e-01
4.497739120208410e-03	-1.701227e-01
4.498349471770910e-03	-1.742072e-01
4.499570174895910e-03	-1.823233e-01
4.501401002429284e-03	-1.944056e-01
4.504125078382217e-03	-2.121292e-01
4.509366760034592e-03	-2.450482e-01
4.519132385034592e-03	-2.940482e-01
4.528898010034592e-03	-3.127590e-01
4.538663635034592e-03	-3.124172e-01
4.548429260034592e-03	-3.084178e-01
4.558194885034592e-03	-3.015941e-01
4.567960510034592e-03	-2.943525e-01
4.577726135034592e-03	-2.863111e-01
4.587491760034592e-03	-2.784149e-01
4.597257385034592e-03	-2.703455e-01
4.607023010034592e-03	-2.626100e-01
4.616788635034592e-03	-2.548884e-01
4.626554260034592e-03	-2.475283e-01
4.636319885034592e-03	-2.402554e-01
4.646085510034592e-03	-2.333211e-01
4.655851135034592e-03	-2.264949e-01
4.665616760034592e-03	-2.199661e-01
4.675382385034592e-03	-2.135425e-01
4.685148010034592e-03	-2.073700e-01
4.694913635034592e-03	-2.012891e-01
4.704679260034592e-03	-1.954138e-01
4.714444885034592e-03	-1.896123e-01
4.724210510034592e-03	-1.839740e-01
4.733976135034592e-03	-1.783911e-01
4.743741760034592e-03	-1.729331e-01
4.753507385034592e-03	-1.675119e-01
4.763273010034592e-03	-1.621820e-01
4.773038635034592e-03	-1.568718e-01
4.774259338159592e-03	-1.562188e-01
4.776700744409592e-03	-1.549048e-01
4.781583556909592e-03	-1.522684e-01
4.782804260034592e-03	-1.516128e-01
4.785245666284592e-03	-1.502973e-01
4.790128478784592e-03	-1.476678e-01
4.799894103784592e-03	-1.424236e-01
4.808790441277634e-03	-1.376497e-01
4.818556066277633e-03	-1.324046e-01
4.828321691277633e-03	-1.271398e-01
4.838087316277634e-03	-1.218438e-01
4.847852941277634e-03	-1.164982e-01
4.857618566277633e-03	-1.110861e-01
4.867384191277633e-03	-1.055817e-01
4.877149816277634e-03	-9.995641e-02
4.886915441277634e-03	-9.416808e-02
4.896681066277634e-03	-8.816268e-02
4.906446691277633e-03	-8.185944e-02
4.916212316277634e-03	-7.514186e-02
4.925977941277634e-03	-6.782456e-02
4.935743566277634e-03	-5.960302e-02
4.945509191277633e-03	-4.992722e-02
4.955274816277633e-03	-3.757671e-02
4.965040441277634e-03	-2.008262e-02
4.974806066277634e-03	8.550088e-03
4.984571691277633e-03	5.631546e-02
4.994337316277633e-03	1.197060e-01
4.995558019402634e-03	1.281132e-01
4.997999425652633e-03	1.448404e-01
4.998609777215134e-03	1.489889e-01
4.999830480340133e-03	1.572771e-01
5.002271886590134e-03	1.736970e-01
5.007154699090134e-03	2.059268e-01
5.013747041461046e-03	2.474519e-01
5.023512666461047e-03	2.955623e-01
5.033278291461047e-03	3.143700e-01
5.043043916461046e-03	3.130659e-01
5.052809541461046e-03	3.082426e-01
5.062575166461047e-03	3.013528e-01
5.072340791461047e-03	2.936387e-01
5.082106416461047e-03	2.856049e-01
5.091872041461046e-03	2.774824e-01
5.101637666461047e-03	2.694088e-01
5.111403291461047e-03	2.614751e-01
5.121168916461047e-03	2.537288e-01
5.130934541461046e-03	2.461936e-01
5.140700166461047e-03	2.388813e-01
5.150465791461047e-03	2.317878e-01
5.160231416461047e-03	2.249110e-01
5.169997041461046e-03	2.182348e-01
5.179762666461046e-03	2.117518e-01
5.189528291461047e-03	2.054411e-01
5.199293916461047e-03	1.992939e-01
5.209059541461046e-03	1.932873e-01
5.218825166461046e-03	1.874138e-01
5.228590791461047e-03	1.816508e-01
5.238356416461047e-03	1.759908e-01
5.248122041461046e-03	1.704126e-01
5.257887666461046e-03	1.649101e-01
5.267653291461047e-03	1.594632e-01
5.277418916461047e-03	1.540664e-01
5.287184541461046e-03	1.487009e-01
5.296950166461046e-03	1.433611e-01
5.306715791461047e-03	1.380292e-01
5.316481416461047e-03	1.326969e-01
5.317702119586046e-03	1.320326e-01
5.320143525836047e-03	1.306986e-01
5.320753877398546e-03	1.303646e-01
5.321974580523547e-03	1.296957e-01
5.324415986773546e-03	1.283545e-01
5.329298799273546e-03	1.256730e-01
5.337157375417867e-03	1.213352e-01
5.346923000417867e-03	1.159011e-01
5.356688625417868e-03	1.103950e-01
5.366454250417868e-03	1.047957e-01
5.376219875417867e-03	9.906472e-02
5.385985500417867e-03	9.316159e-02
5.395751125417868e-03	8.702175e-02
5.405516750417868e-03	8.055978e-02
5.415282375417867e-03	7.363967e-02
5.425048000417867e-03	6.605358e-02
5.434813625417868e-03	5.744195e-02
5.444579250417868e-03	4.708523e-02
5.454344875417867e-03	3.364087e-02
5.464110500417867e-03	1.384892e-02
5.465331203542868e-03	1.061927e-02
5.467772609792867e-03	3.576915e-03
5.468382961355368e-03	1.603335e-03
5.469603664480367e-03	-2.493621e-03
5.469908840261617e-03	-3.574634e-03
5.470519191824117e-03	-5.777615e-03
5.470671779714742e-03	-6.343583e-03
5.470976955495993e-03	-7.485396e-03
5.471587307058492e-03	-9.830889e-03
5.472808010183492e-03	-1.477763e-02
5.475249416433492e-03	-2.571634e-02
5.479826053870173e-03	-4.986921e-02
5.488979328743535e-03	-1.078404e-01
5.490200031868534e-03	-1.162224e-01
5.492641438118535e-03	-1.329464e-01
5.494472492806035e-03	-1.454249e-01
5.496913899056034e-03	-1.619531e-01
5.497524250618535e-03	-1.660527e-01
5.497676838509160e-03	-1.670741e-01
5.497714985481816e-03	-1.673286e-01
5.497791279427128e-03	-1.678354e-01
5.497943867317753e-03	-1.688450e-01
5.498249043099003e-03	-1.708833e-01
5.498859394661503e-03	-1.749540e-01
5.500080097786503e-03	-1.830606e-01
5.502521504036503e-03	-1.991188e-01
5.505953884391758e-03	-2.212754e-01
5.512818645102267e-03	-2.628610e-01
5.522584270102267e-03	-3.032351e-01
5.532349895102266e-03	-3.136567e-01
5.542115520102267e-03	-3.114434e-01
5.551881145102267e-03	-3.066722e-01
5.561646770102267e-03	-2.992980e-01
5.571412395102266e-03	-2.918205e-01
5.581178020102267e-03	-2.837490e-01
5.590943645102267e-03	-2.758291e-01
5.600709270102267e-03	-2.678057e-01
5.610474895102266e-03	-2.601014e-01
5.620240520102267e-03	-2.524485e-01
5.630006145102267e-03	-2.451375e-01
5.639771770102267e-03	-2.379336e-01
5.649537395102266e-03	-2.310529e-01
5.659303020102267e-03	-2.242890e-01
5.669068645102267e-03	-2.178084e-01
5.678834270102267e-03	-2.114369e-01
5.688599895102267e-03	-2.053048e-01
5.698365520102266e-03	-1.992649e-01
5.708131145102267e-03	-1.934216e-01
5.717896770102267e-03	-1.876504e-01
5.727662395102267e-03	-1.820358e-01
5.737428020102266e-03	-1.764731e-01
5.747193645102267e-03	-1.710309e-01
5.756959270102267e-03	-1.656213e-01
5.766724895102267e-03	-1.602993e-01
5.776490520102266e-03	-1.549923e-01
5.777711223227267e-03	-1.543399e-01
5.780152629477267e-03	-1.530233e-01
5.785035441977266e-03	-1.503820e-01
5.786256145102267e-03	-1.497267e-01
5.788697551352267e-03	-1.484106e-01
5.793580363852266e-03	-1.457803e-01
5.802157919503630e-03	-1.411687e-01
5.811923544503630e-03	-1.359185e-01
5.821689169503630e-03	-1.306599e-01
5.831454794503629e-03	-1.253772e-01
5.841220419503630e-03	-1.200583e-01
5.850986044503630e-03	-1.146838e-01
5.860751669503630e-03	-1.092351e-01
5.870517294503629e-03	-1.036845e-01
5.880282919503630e-03	-9.800012e-02
5.890048544503630e-03	-9.213500e-02
5.899814169503630e-03	-8.602792e-02
5.909579794503629e-03	-7.958633e-02
5.919345419503630e-03	-7.267424e-02
5.929111044503630e-03	-6.507111e-02
5.938876669503630e-03	-5.640496e-02
5.948642294503629e-03	-4.598172e-02
5.958407919503629e-03	-3.217788e-02
5.968173544503630e-03	-1.159853e-02
5.977939169503630e-03	2.323707e-02
5.987704794503629e-03	7.782594e-02
5.997470419503629e-03	1.436126e-01
5.998691122628630e-03	1.519246e-01
6.001132528878629e-03	1.684504e-01
6.006015341378629e-03	2.008459e-01
6.013391627018487e-03	2.474783e-01
6.023157252018487e-03	2.956043e-01
6.032922877018487e-03	3.144021e-01
6.042688502018488e-03	3.130850e-01
6.052454127018487e-03	3.082682e-01
6.062219752018487e-03	3.013813e-01
6.071985377018487e-03	2.936795e-01
6.081751002018488e-03	2.856486e-01
6.091516627018487e-03	2.775384e-01
6.101282252018487e-03	2.694682e-01
6.111047877018487e-03	2.615469e-01
6.120813502018487e-03	2.538044e-01
6.130579127018487e-03	2.462815e-01
6.140344752018487e-03	2.389732e-01
6.150110377018487e-03	2.318919e-01
6.159876002018487e-03	2.250192e-01
6.169641627018487e-03	2.183549e-01
6.179407252018487e-03	2.118763e-01
6.189172877018487e-03	2.055770e-01
6.198938502018487e-03	1.994345e-01
6.208704127018488e-03	1.934393e-01
6.218469752018487e-03	1.875708e-01
6.228235377018487e-03	1.818183e-01
6.238001002018487e-03	1.761636e-01
6.247766627018488e-03	1.705957e-01
6.257532252018487e-03	1.650986e-01
6.267297877018487e-03	1.596616e-01
6.277063502018487e-03	1.542710e-01
6.286829127018488e-03	1.489152e-01
6.296594752018487e-03	1.435824e-01
6.306360377018487e-03	1.382597e-01
6.316126002018487e-03	1.329378e-01
6.325891627018488e-03	1.275945e-01
6.335657252018487e-03	1.222256e-01
6.345422877018487e-03	1.168070e-01
6.355188502018487e-03	1.113262e-01
6.364954127018487e-03	1.057495e-01
6.374719752018487e-03	1.000555e-01
6.384485377018487e-03	9.419148e-02
6.394251002018487e-03	8.811103e-02
6.404016627018487e-03	8.172025e-02
6.413782252018487e-03	7.490819e-02
6.423547877018487e-03	6.747044e-02
6.433313502018487e-03	5.909789e-02
6.443079127018487e-03	4.919705e-02
6.452844752018488e-03	3.647164e-02
6.462610377018487e-03	1.824318e-02
6.463831080143487e-03	1.533092e-02
6.466272486393487e-03	8.983003e-03
6.466882837955987e-03	7.206702e-03
6.468103541080988e-03	3.520914e-03
6.470544947330987e-03	-4.712592e-03
6.470621241276299e-03	-4.989892e-03
6.470773829166924e-03	-5.546846e-03
6.471079004948175e-03	-6.674729e-03
6.471689356510674e-03	-8.991790e-03
6.472910059635675e-03	-1.387795e-02
6.475351465885675e-03	-2.468830e-02
6.480234278385674e-03	-5.036865e-02
6.489999903385675e-03	-1.124933e-01
6.490975759715028e-03	-1.192257e-01
6.492927472373735e-03	-1.326476e-01
6.496830897691147e-03	-1.592199e-01
6.497806754020501e-03	-1.657834e-01
6.498050718102838e-03	-1.674170e-01
6.498538646267515e-03	-1.706572e-01
6.498660628308684e-03	-1.714768e-01
6.498904592391022e-03	-1.731104e-01
6.499392520555699e-03	-1.763599e-01
6.500368376885052e-03	-1.828419e-01
6.502320089543758e-03	-1.957009e-01
6.506223514861171e-03	-2.209469e-01
6.513549891519649e-03	-2.651157e-01
6.523315516519649e-03	-3.042486e-01
6.533081141519649e-03	-3.136941e-01
6.542846766519649e-03	-3.112867e-01
6.552612391519649e-03	-3.062103e-01
6.562378016519649e-03	-2.990749e-01
6.572143641519649e-03	-2.915266e-01
6.581909266519649e-03	-2.833651e-01
6.591674891519649e-03	-2.754852e-01
6.601440516519649e-03	-2.674205e-01
6.611206141519649e-03	-2.597488e-01
6.620971766519649e-03	-2.520664e-01
6.630737391519649e-03	-2.447834e-01
6.640503016519649e-03	-2.375579e-01
6.650268641519649e-03	-2.306977e-01
6.660034266519649e-03	-2.239158e-01
6.669799891519649e-03	-2.174516e-01
6.679565516519649e-03	-2.110644e-01
6.689331141519649e-03	-2.049449e-01
6.699096766519649e-03	-1.988909e-01
6.708862391519649e-03	-1.930566e-01
6.718628016519649e-03	-1.872723e-01
6.728393641519649e-03	-1.816638e-01
6.738159266519649e-03	-1.760887e-01
6.747924891519649e-03	-1.706499e-01
6.757690516519649e-03	-1.652279e-01
6.767456141519649e-03	-1.599076e-01
6.777221766519649e-03	-1.545873e-01
6.778442469644649e-03	-1.539367e-01
6.780883875894649e-03	-1.526189e-01
6.785766688394649e-03	-1.499731e-01
6.786987391519649e-03	-1.493173e-01
6.789428797769649e-03	-1.479997e-01
6.794311610269649e-03	-1.453661e-01
6.804077235269649e-03	-1.401083e-01
6.813842860269649e-03	-1.348494e-01
6.823608485269649e-03	-1.295796e-01
6.833374110269649e-03	-1.242831e-01
6.843139735269649e-03	-1.189470e-01
6.852905360269649e-03	-1.135514e-01
6.862670985269649e-03	-1.080765e-01
6.872436610269649e-03	-1.024931e-01
6.882202235269649e-03	-9.676699e-02
6.891967860269649e-03	-9.084800e-02
6.901733485269649e-03	-8.466940e-02
6.911499110269649e-03	-7.813028e-02
6.921264735269649e-03	-7.107985e-02
6.931030360269649e-03	-6.327119e-02
6.940795985269649e-03	-5.427937e-02
6.950561610269649e-03	-4.329486e-02
6.960327235269649e-03	-2.835562e-02
6.970092860269649e-03	-5.317653e-03
6.979858485269649e-03	3.393549e-02
6.989624110269649e-03	9.224867e-02
6.999389735269649e-03	1.586497e-01
7.000610438394649e-03	1.668770e-01
7.003051844644649e-03	1.832205e-01
7.007934657144649e-03	2.151930e-01
7.017404373104053e-03	2.717739e-01
7.027169998104053e-03	3.072155e-01
7.036935623104054e-03	3.150219e-01
7.046701248104054e-03	3.111299e-01
7.056466873104053e-03	3.052264e-01
7.066232498104053e-03	2.981455e-01
7.075998123104054e-03	2.901817e-01
7.085763748104054e-03	2.821735e-01
7.095529373104053e-03	2.740016e-01
7.105294998104053e-03	2.660543e-01
7.115060623104053e-03	2.581612e-01
7.124826248104054e-03	2.505642e-01
7.134591873104053e-03	2.431014e-01
7.144357498104053e-03	2.359341e-01
7.154123123104053e-03	2.289208e-01
7.163888748104054e-03	2.221746e-01
7.173654373104054e-03	2.155754e-01
7.183419998104053e-03	2.092052e-01
7.193185623104053e-03	2.029636e-01
7.202951248104054e-03	1.969109e-01
7.212716873104054e-03	1.909641e-01
7.222482498104053e-03	1.851680e-01
7.232248123104053e-03	1.794543e-01
7.242013748104054e-03	1.738561e-01
7.251779373104054e-03	1.683178e-01
7.261544998104053e-03	1.628631e-01
7.271310623104053e-03	1.574471e-01
7.281076248104054e-03	1.520856e-01
7.290841873104054e-03	1.467425e-01
7.300607498104053e-03	1.414267e-01
7.310373123104053e-03	1.361080e-01
7.320138748104054e-03	1.307907e-01
7.329904373104054e-03	1.254405e-01
7.339669998104053e-03	1.200640e-01
7.349435623104053e-03	1.146267e-01
7.359201248104053e-03	1.091198e-01
7.368966873104054e-03	1.035054e-01
7.378732498104053e-03	9.775788e-02
7.388498123104053e-03	9.182249e-02
7.398263748104053e-03	8.563952e-02
7.408029373104054e-03	7.910864e-02
7.417794998104054e-03	7.208911e-02
7.427560623104053e-03	6.434502e-02
7.437326248104053e-03	5.548084e-02
7.447091873104054e-03	4.466406e-02
7.456857498104054e-03	3.033371e-02
7.466623123104053e-03	8.596684e-03
7.467843826229053e-03	4.995860e-03
7.470285232479053e-03	-2.857211e-03
7.470895584041554e-03	-5.061942e-03
7.471048171932179e-03	-5.618524e-03
7.471353347713428e-03	-6.741568e-03
7.471963699275929e-03	-9.050021e-03
7.473184402400928e-03	-1.392680e-02
7.475625808650929e-03	-2.473456e-02
7.479691512263528e-03	-4.578512e-02
7.487822919488727e-03	-9.626005e-02
7.497588544488727e-03	-1.624670e-01
7.497741132379352e-03	-1.634983e-01
7.498046308160602e-03	-1.655591e-01
7.498122602105914e-03	-1.660740e-01
7.498275189996540e-03	-1.671001e-01
7.498313336969196e-03	-1.673553e-01
7.498389630914508e-03	-1.678637e-01
7.498542218805133e-03	-1.688810e-01
7.498847394586383e-03	-1.709303e-01
7.499457746148883e-03	-1.750136e-01
7.500678449273883e-03	-1.831452e-01
7.503119855523883e-03	-1.992261e-01
7.506868027129448e-03	-2.234027e-01
7.514364370340578e-03	-2.681439e-01
7.524129995340578e-03	-3.055320e-01
7.533895620340578e-03	-3.137138e-01
7.543661245340578e-03	-3.110658e-01
7.553426870340578e-03	-3.059932e-01
7.563192495340578e-03	-2.985755e-01
7.572958120340578e-03	-2.910021e-01
7.582723745340578e-03	-2.829273e-01
7.592489370340578e-03	-2.749728e-01
7.602254995340578e-03	-2.669671e-01
7.612020620340578e-03	-2.592475e-01
7.621786245340578e-03	-2.516160e-01
7.631551870340578e-03	-2.442982e-01
7.641317495340578e-03	-2.371151e-01
7.651083120340578e-03	-2.302277e-01
7.660848745340578e-03	-2.234807e-01
7.670614370340578e-03	-2.169940e-01
7.680379995340578e-03	-2.106351e-01
7.690145620340578e-03	-2.044958e-01
7.699911245340578e-03	-1.984640e-01
7.709676870340578e-03	-1.926126e-01
7.719442495340578e-03	-1.868457e-01
7.729208120340578e-03	-1.812214e-01
7.738973745340578e-03	-1.756595e-01
7.748739370340578e-03	-1.702059e-01
7.758504995340578e-03	-1.647939e-01
7.768270620340578e-03	-1.594588e-01
7.778036245340578e-03	-1.541457e-01
7.779256948465578e-03	-1.534895e-01
7.781698354715578e-03	-1.521674e-01
7.782308706278078e-03	-1.518366e-01
7.783529409403078e-03	-1.511748e-01
7.785970815653078e-03	-1.498529e-01
7.790853628153078e-03	-1.472125e-01
7.797921780292075e-03	-1.433997e-01
7.807687405292075e-03	-1.381359e-01
7.817453030292075e-03	-1.328691e-01
7.827218655292074e-03	-1.275841e-01
7.836984280292074e-03	-1.222694e-01
7.846749905292076e-03	-1.169065e-01
7.856515530292076e-03	-1.114784e-01
7.866281155292075e-03	-1.059593e-01
7.876046780292075e-03	-1.003208e-01
7.885812405292075e-03	-9.452054e-02
7.895578030292075e-03	-8.850526e-02
7.905343655292075e-03	-8.219419e-02
7.915109280292074e-03	-7.547227e-02
7.924874905292076e-03	-6.815523e-02
7.934640530292076e-03	-5.994246e-02
7.944406155292075e-03	-5.029023e-02
7.954171780292075e-03	-3.799795e-02
7.963937405292075e-03	-2.064097e-02
7.973703030292075e-03	7.680087e-03
7.983468655292075e-03	5.502429e-02
7.993234280292074e-03	1.182070e-01
7.994454983417075e-03	1.266160e-01
7.996896389667075e-03	1.433513e-01
7.997506741229576e-03	1.475016e-01
7.998727444354575e-03	1.557944e-01
8.001168850604576e-03	1.722338e-01
8.006051663104575e-03	2.045076e-01
8.012168317950175e-03	2.432754e-01
8.021933942950175e-03	2.931267e-01
8.031699567950176e-03	3.139116e-01
8.041465192950176e-03	3.133822e-01
8.051230817950176e-03	3.088012e-01
8.060996442950176e-03	3.019391e-01
8.070762067950175e-03	2.942733e-01
8.080527692950175e-03	2.862705e-01
8.090293317950175e-03	2.781770e-01
8.100058942950175e-03	2.701124e-01
8.109824567950176e-03	2.621926e-01
8.119590192950176e-03	2.544492e-01
8.129355817950176e-03	2.469234e-01
8.139121442950176e-03	2.396130e-01
8.148887067950175e-03	2.325281e-01
8.158652692950175e-03	2.256545e-01
8.168418317950175e-03	2.189876e-01
8.178183942950175e-03	2.125099e-01
8.187949567950175e-03	2.062098e-01
8.197715192950176e-03	2.000702e-01
8.207480817950176e-03	1.940762e-01
8.217246442950176e-03	1.882126e-01
8.227012067950176e-03	1.824633e-01
8.236777692950175e-03	1.768155e-01
8.246543317950175e-03	1.712526e-01
8.256308942950175e-03	1.657644e-01
8.266074567950175e-03	1.603344e-01
8.275840192950176e-03	1.549542e-01
8.285605817950176e-03	1.496071e-01
8.295371442950176e-03	1.442865e-01
8.305137067950176e-03	1.389756e-01
8.314902692950175e-03	1.336666e-01
8.316123396075176e-03	1.330043e-01
8.318564802325176e-03	1.316764e-01
8.319175153887675e-03	1.313441e-01
8.320395857012676e-03	1.306791e-01
8.322837263262675e-03	1.293460e-01
8.327720075762676e-03	1.266746e-01
8.337485700762676e-03	1.213107e-01
8.347251325762675e-03	1.158947e-01
8.357016950762675e-03	1.104120e-01
8.366782575762675e-03	1.048313e-01
8.376548200762675e-03	9.912449e-02
8.386313825762675e-03	9.324424e-02
8.396079450762676e-03	8.713374e-02
8.405845075762676e-03	8.070280e-02
8.415610700762676e-03	7.382470e-02
8.425376325762676e-03	6.629054e-02
8.435141950762675e-03	5.775678e-02
8.444907575762675e-03	4.758504e-02
8.454673200762675e-03	3.431854e-02
8.464438825762675e-03	1.494188e-02
8.465659528887675e-03	1.181020e-02
8.468100935137675e-03	4.973030e-03
8.472983747637676e-03	-1.229109e-02
8.473136335528300e-03	-1.291165e-02
8.473441511309550e-03	-1.416289e-02
8.474051862872050e-03	-1.673156e-02
8.475272565997050e-03	-2.213944e-02
8.477713972247050e-03	-3.401859e-02
8.482596784747051e-03	-6.158599e-02
8.492362409747050e-03	-1.253727e-01
8.493583112872051e-03	-1.337790e-01
8.496634870684550e-03	-1.546419e-01
8.497855573809551e-03	-1.629050e-01
8.498160749590800e-03	-1.649607e-01
8.498237043536113e-03	-1.654741e-01
8.498389631426738e-03	-1.665000e-01
8.498694807207987e-03	-1.685443e-01
8.499305158770488e-03	-1.726031e-01
8.499457746661113e-03	-1.736281e-01
8.499762922442363e-03	-1.756687e-01
8.500373274004863e-03	-1.797273e-01
8.501593977129863e-03	-1.878135e-01
8.504035383379863e-03	-2.038101e-01
8.508918195879863e-03	-2.349348e-01
8.518683820879863e-03	-2.876896e-01
8.528449445879863e-03	-3.115417e-01
8.538215070879863e-03	-3.128944e-01
8.547980695879863e-03	-3.092725e-01
8.557746320879862e-03	-3.027712e-01
8.567511945879862e-03	-2.955447e-01
8.577277570879864e-03	-2.875720e-01
8.587043195879863e-03	-2.795997e-01
8.596808820879863e-03	-2.715309e-01
8.606574445879863e-03	-2.636999e-01
8.616340070879863e-03	-2.559512e-01
8.626105695879863e-03	-2.484946e-01
8.635871320879862e-03	-2.411841e-01
8.645636945879862e-03	-2.341592e-01
8.655402570879864e-03	-2.272927e-01
8.665168195879864e-03	-2.206816e-01
8.674933820879863e-03	-2.142183e-01
8.684699445879863e-03	-2.079723e-01
8.694465070879863e-03	-2.018541e-01
8.704230695879863e-03	-1.959137e-01
8.713996320879863e-03	-1.900779e-01
8.723761945879862e-03	-1.843824e-01
8.733527570879864e-03	-1.787681e-01
8.743293195879864e-03	-1.732598e-01
8.753058820879863e-03	-1.678104e-01
8.762824445879863e-03	-1.624358e-01
8.772590070879863e-03	-1.570990e-01
8.773810774004864e-03	-1.564393e-01
8.776252180254863e-03	-1.551161e-01
8.781134992754862e-03	-1.524648e-01
8.782355695879863e-03	-1.518049e-01
8.784797102129862e-03	-1.504816e-01
8.789679914629863e-03	-1.478367e-01
8.798435276520623e-03	-1.431081e-01
8.807321976353059e-03	-1.383132e-01
8.817087601353059e-03	-1.330415e-01
8.826853226353059e-03	-1.277522e-01
8.836618851353060e-03	-1.224336e-01
8.846384476353060e-03	-1.170675e-01
8.856150101353060e-03	-1.116367e-01
8.865915726353060e-03	-1.061156e-01
8.875681351353059e-03	-1.004757e-01
8.885446976353059e-03	-9.467532e-02
8.895212601353059e-03	-8.866080e-02
8.904978226353059e-03	-8.235261e-02
8.914743851353060e-03	-7.563576e-02
8.924509476353060e-03	-6.832827e-02
8.934275101353060e-03	-6.013152e-02
8.944040726353060e-03	-5.050860e-02
8.953806351353059e-03	-3.827417e-02
8.963571976353059e-03	-2.104160e-02
8.973337601353059e-03	7.011126e-03
8.983103226353059e-03	5.399822e-02
8.992868851353059e-03	1.170067e-01
8.994089554478059e-03	1.254166e-01
8.996530960728059e-03	1.421580e-01
8.997141312290560e-03	1.463100e-01
8.998362015415559e-03	1.546047e-01
9.000803421665560e-03	1.710596e-01
9.005686234165559e-03	2.033620e-01
9.011429890854192e-03	2.399228e-01
9.021195515854192e-03	2.910604e-01
9.030961140854193e-03	3.134492e-01
9.040726765854193e-03	3.136130e-01
9.050492390854193e-03	3.092334e-01
9.060258015854193e-03	3.023742e-01
9.070023640854193e-03	2.947255e-01
9.079789265854192e-03	2.867404e-01
9.089554890854192e-03	2.786555e-01
9.099320515854192e-03	2.705889e-01
9.109086140854194e-03	2.626661e-01
9.118851765854193e-03	2.549148e-01
9.128617390854193e-03	2.473828e-01
9.138383015854193e-03	2.400634e-01
9.148148640854193e-03	2.329720e-01
9.157914265854192e-03	2.260901e-01
9.167679890854192e-03	2.194177e-01
9.177445515854192e-03	2.129332e-01
9.187211140854192e-03	2.066291e-01
9.196976765854193e-03	2.004844e-01
9.206742390854193e-03	1.944880e-01
9.216508015854193e-03	1.886211e-01
9.226273640854193e-03	1.828708e-01
9.236039265854193e-03	1.772214e-01
9.245804890854192e-03	1.716590e-01
9.255570515854192e-03	1.661708e-01
9.265336140854192e-03	1.607426e-01
9.275101765854193e-03	1.553639e-01
9.284867390854193e-03	1.500202e-01
9.294633015854193e-03	1.447025e-01
9.304398640854193e-03	1.393961e-01
9.314164265854193e-03	1.340926e-01
9.323929890854192e-03	1.287737e-01
9.333695515854192e-03	1.234261e-01
9.343461140854192e-03	1.180387e-01
9.353226765854194e-03	1.125892e-01
9.362992390854193e-03	1.070555e-01
9.372758015854193e-03	1.014079e-01
9.382523640854193e-03	9.560742e-02
9.392289265854193e-03	8.960266e-02
9.402054890854192e-03	8.331723e-02
9.411820515854192e-03	7.664388e-02
9.421586140854192e-03	6.941017e-02
9.431351765854192e-03	6.134141e-02
9.441117390854193e-03	5.194282e-02
9.450883015854193e-03	4.015239e-02
9.460648640854193e-03	2.385777e-02
9.470414265854193e-03	-2.145988e-03
9.471634968979193e-03	-6.544655e-03
9.471940144760443e-03	-7.666679e-03
9.472550496322943e-03	-9.958917e-03
9.473771199447943e-03	-1.483536e-02
9.476212605697943e-03	-2.571056e-02
9.481095418197943e-03	-5.158936e-02
9.490861043197943e-03	-1.139310e-01
9.491813368145065e-03	-1.205041e-01
9.493718018039308e-03	-1.336070e-01
9.497527317827796e-03	-1.595407e-01
9.498479642774917e-03	-1.659457e-01
9.498717724011698e-03	-1.675393e-01
9.499193886485258e-03	-1.707012e-01
9.499312927103648e-03	-1.715011e-01
9.499551008340429e-03	-1.730956e-01
9.500027170813989e-03	-1.762670e-01
9.500979495761112e-03	-1.825937e-01
9.502884145655355e-03	-1.951461e-01
9.506693445443842e-03	-2.198035e-01
9.513734848746657e-03	-2.625307e-01
9.523500473746657e-03	-3.030822e-01
9.533266098746657e-03	-3.136316e-01
9.543031723746659e-03	-3.114312e-01
9.552797348746658e-03	-3.064701e-01
9.562562973746658e-03	-2.992388e-01
9.572328598746658e-03	-2.918043e-01
9.582094223746658e-03	-2.836645e-01
9.591859848746657e-03	-2.757537e-01
9.601625473746657e-03	-2.676775e-01
9.611391098746657e-03	-2.599745e-01
9.621156723746659e-03	-2.522755e-01
9.630922348746658e-03	-2.449606e-01
9.640687973746658e-03	-2.377166e-01
9.650453598746658e-03	-2.308259e-01
9.660219223746658e-03	-2.240253e-01
9.669984848746658e-03	-2.175328e-01
9.679750473746657e-03	-2.111274e-01
9.689516098746657e-03	-2.049817e-01
9.699281723746657e-03	-1.989105e-01
9.709047348746658e-03	-1.930522e-01
9.718812973746658e-03	-1.872518e-01
9.728578598746658e-03	-1.816212e-01
9.738344223746658e-03	-1.760310e-01
9.748109848746658e-03	-1.705720e-01
9.757875473746657e-03	-1.651357e-01
9.767641098746657e-03	-1.597966e-01
9.777406723746657e-03	-1.544624e-01
9.778627426871658e-03	-1.538087e-01
9.781068833121657e-03	-1.524864e-01
9.785951645621658e-03	-1.498331e-01
9.787172348746659e-03	-1.491752e-01
9.789613754996658e-03	-1.478538e-01
9.794496567496657e-03	-1.452125e-01
9.804262192496659e-03	-1.399395e-01
9.814027817496658e-03	-1.346653e-01
9.823793442496658e-03	-1.293802e-01
9.833559067496658e-03	-1.240679e-01
9.843324692496658e-03	-1.187156e-01
9.853090317496658e-03	-1.133027e-01
9.862855942496657e-03	-1.078092e-01
9.872621567496657e-03	-1.022051e-01
9.892152817496658e-03	-9.050847e-02
9.901918442496658e-03	-8.429570e-02
9.911684067496658e-03	-7.771279e-02
9.921449692496658e-03	-7.060343e-02
9.931215317496658e-03	-6.271026e-02
9.940980942496657e-03	-5.358780e-02
9.950746567496657e-03	-4.238035e-02
9.960512192496657e-03	-2.698885e-02
9.970277817496659e-03	-2.978266e-03
9.980043442496658e-03	3.787282e-02
9.989809067496658e-03	9.733587e-02
9.991029770621657e-03	1.056998e-01
9.993471176871658e-03	1.224146e-01
9.998353989371657e-03	1.556256e-01
1.000000000000000e-02	1.667272e-01
Step Information: Rgain=24.5005K  (Step: 6/11)
0.000000000000000e+00	4.500004e-14
5.000000058430487e-08	2.105756e-09
1.000000011686097e-07	2.142953e-07
2.000000023372195e-07	7.476264e-06
4.000000046744390e-07	9.117337e-05
8.000000093488779e-07	5.336629e-04
1.600000018697756e-06	2.281531e-03
3.200000037395512e-06	8.581119e-03
6.400000074791024e-06	2.831695e-02
1.280000014958205e-05	7.971097e-02
1.859922988159576e-05	1.280163e-01
1.980602731991678e-05	1.371168e-01
2.221962219655881e-05	1.537235e-01
2.282302091571932e-05	1.572563e-01
2.402981835404034e-05	1.638043e-01
2.644341323068237e-05	1.739365e-01
3.127060298396644e-05	1.864305e-01
4.092498249053458e-05	1.960080e-01
5.069060749053457e-05	1.996609e-01
6.045623249053457e-05	2.004560e-01
7.022185749053457e-05	1.993318e-01
7.998748249053458e-05	1.979703e-01
8.975310749053457e-05	1.956422e-01
9.951873249053458e-05	1.932988e-01
1.092843574905346e-04	1.903946e-01
1.190499824905346e-04	1.875882e-01
1.288156074905346e-04	1.844211e-01
1.385812324905346e-04	1.813762e-01
1.483468574905346e-04	1.780765e-01
1.581124824905346e-04	1.748917e-01
1.678781074905346e-04	1.715112e-01
1.776437324905346e-04	1.682262e-01
1.874093574905346e-04	1.647803e-01
1.971749824905346e-04	1.614064e-01
2.069406074905346e-04	1.578925e-01
2.167062324905346e-04	1.544270e-01
2.264718574905346e-04	1.508346e-01
2.362374824905346e-04	1.472685e-01
2.460031074905346e-04	1.435839e-01
2.557687324905346e-04	1.399052e-01
2.655343574905346e-04	1.361134e-01
2.752999824905346e-04	1.323101e-01
2.850656074905346e-04	1.283903e-01
2.948312324905346e-04	1.244453e-01
3.045968574905346e-04	1.203856e-01
3.143624824905346e-04	1.162802e-01
3.241281074905346e-04	1.120561e-01
3.338937324905346e-04	1.077642e-01
3.436593574905346e-04	1.033414e-01
3.534249824905346e-04	9.882088e-02
3.631906074905346e-04	9.414323e-02
3.729562324905346e-04	8.932053e-02
3.827218574905346e-04	8.428694e-02
3.924874824905346e-04	7.902327e-02
4.022531074905346e-04	7.343525e-02
4.120187324905346e-04	6.744163e-02
4.217843574905346e-04	6.085866e-02
4.315499824905346e-04	5.343442e-02
4.413156074905346e-04	4.466195e-02
4.510812324905346e-04	3.347643e-02
4.608468574905346e-04	1.756301e-02
4.706124824905346e-04	-9.268944e-03
4.718331856155346e-04	-1.398923e-02
4.742745918655346e-04	-2.442307e-02
4.791574043655346e-04	-5.107977e-02
4.889230293655346e-04	-1.215956e-01
4.901437324905345e-04	-1.316206e-01
4.925851387405346e-04	-1.516620e-01
4.931954903030346e-04	-1.566648e-01
4.944161934280346e-04	-1.666497e-01
4.944543404006908e-04	-1.669605e-01
4.945306343460033e-04	-1.675816e-01
4.946832222366283e-04	-1.688197e-01
4.949883980178783e-04	-1.712809e-01
4.950646919631909e-04	-1.719028e-01
4.952172798538158e-04	-1.731457e-01
4.955224556350658e-04	-1.756231e-01
4.961328071975659e-04	-1.805728e-01
4.973535103225659e-04	-1.904361e-01
4.997949165725658e-04	-2.099908e-01
5.040797339705481e-04	-2.434285e-01
5.126493687665126e-04	-2.980084e-01
5.224149937665126e-04	-3.196676e-01
5.321806187665126e-04	-3.175458e-01
5.419462437665126e-04	-3.130064e-01
5.517118687665126e-04	-3.052606e-01
5.614774937665126e-04	-2.976382e-01
5.712431187665126e-04	-2.890319e-01
5.810087437665125e-04	-2.808760e-01
5.907743687665125e-04	-2.724077e-01
6.005399937665125e-04	-2.645005e-01
6.103056187665125e-04	-2.564969e-01
6.200712437665125e-04	-2.490282e-01
6.298368687665126e-04	-2.415595e-01
6.396024937665126e-04	-2.345660e-01
6.493681187665126e-04	-2.276110e-01
6.591337437665126e-04	-2.210631e-01
6.688993687665126e-04	-2.145644e-01
6.786649937665126e-04	-2.084062e-01
6.884306187665126e-04	-2.022945e-01
6.981962437665126e-04	-1.964616e-01
7.079618687665125e-04	-1.906665e-01
7.177274937665125e-04	-1.850951e-01
7.274931187665125e-04	-1.795503e-01
7.372587437665125e-04	-1.741808e-01
7.470243687665125e-04	-1.688263e-01
7.567899937665126e-04	-1.636046e-01
7.665556187665126e-04	-1.583862e-01
7.763212437665126e-04	-1.532621e-01
7.775419468915125e-04	-1.526143e-01
7.799833531415126e-04	-1.513270e-01
7.848661656415126e-04	-1.487679e-01
7.860868687665126e-04	-1.481292e-01
7.885282750165125e-04	-1.468519e-01
7.934110875165125e-04	-1.443009e-01
8.031767125165125e-04	-1.392113e-01
8.129423375165126e-04	-1.341286e-01
8.227079625165126e-04	-1.290426e-01
8.324735875165126e-04	-1.239413e-01
8.422392125165126e-04	-1.188127e-01
8.520048375165126e-04	-1.136419e-01
8.617704625165126e-04	-1.084124e-01
8.715360875165126e-04	-1.031025e-01
8.813017125165126e-04	-9.768593e-02
8.910673375165125e-04	-9.212667e-02
9.008329625165125e-04	-8.637656e-02
9.105985875165125e-04	-8.036654e-02
9.203642125165125e-04	-7.399547e-02
9.301298375165125e-04	-6.710643e-02
9.398954625165126e-04	-5.944231e-02
9.496610875165126e-04	-5.054700e-02
9.594267125165126e-04	-3.942167e-02
9.691923375165126e-04	-2.401427e-02
9.789579625165126e-04	1.311522e-03
9.887235875165126e-04	4.820362e-02
9.984892125165126e-04	1.192595e-01
9.997099156415126e-04	1.293477e-01
1.002151321891513e-03	1.494870e-01
1.002761673454013e-03	1.545107e-01
1.003982376579013e-03	1.645404e-01
1.006423782829013e-03	1.844576e-01
1.011306595329013e-03	2.235122e-01
1.018140177987303e-03	2.735898e-01
1.027905802987303e-03	3.127154e-01
1.037671427987303e-03	3.165734e-01
1.047437052987303e-03	3.132912e-01
1.057202677987303e-03	3.062052e-01
1.066968302987303e-03	2.976739e-01
1.076733927987303e-03	2.895083e-01
1.086499552987303e-03	2.808866e-01
1.096265177987303e-03	2.726185e-01
1.106030802987303e-03	2.642317e-01
1.115796427987303e-03	2.562895e-01
1.125562052987303e-03	2.483719e-01
1.135327677987303e-03	2.408880e-01
1.145093302987303e-03	2.334810e-01
1.154858927987303e-03	2.264651e-01
1.164624552987303e-03	2.195382e-01
1.174390177987303e-03	2.129499e-01
1.184155802987303e-03	2.064443e-01
1.193921427987303e-03	2.002245e-01
1.203687052987303e-03	1.940727e-01
1.213452677987303e-03	1.881570e-01
1.223218302987303e-03	1.822916e-01
1.232983927987303e-03	1.766171e-01
1.242749552987303e-03	1.709748e-01
1.252515177987303e-03	1.654839e-01
1.262280802987303e-03	1.600073e-01
1.272046427987303e-03	1.546462e-01
1.281812052987303e-03	1.492828e-01
1.291577677987303e-03	1.440025e-01
1.301343302987303e-03	1.387030e-01
1.302564006112303e-03	1.380551e-01
1.305005412362303e-03	1.367421e-01
1.309888224862303e-03	1.341067e-01
1.319653849862303e-03	1.288434e-01
1.329419474862303e-03	1.235568e-01
1.339185099862303e-03	1.182561e-01
1.348950724862303e-03	1.129006e-01
1.358716349862303e-03	1.074914e-01
1.368481974862303e-03	1.019843e-01
1.378247599862303e-03	9.636512e-02
1.388013224862303e-03	9.057391e-02
1.397778849862303e-03	8.456721e-02
1.407544474862303e-03	7.824411e-02
1.417310099862303e-03	7.149004e-02
1.427075724862303e-03	6.408536e-02
1.436841349862303e-03	5.569282e-02
1.446606974862303e-03	4.557699e-02
1.456372599862303e-03	3.236566e-02
1.466138224862303e-03	1.242692e-02
1.467358927987303e-03	9.097158e-03
1.467664103768553e-03	8.245322e-03
1.468274455331053e-03	6.498362e-03
1.469495158456053e-03	2.742683e-03
1.469800334237303e-03	1.740202e-03
1.469876628182615e-03	1.488324e-03
1.470029216073240e-03	9.819636e-04
1.470334391854490e-03	-4.852660e-05
1.470410685799803e-03	-3.102736e-04
1.470563273690428e-03	-8.362381e-04
1.470868449471678e-03	-1.905121e-03
1.471478801034178e-03	-4.112982e-03
1.472699504159178e-03	-8.818807e-03
1.475140910409178e-03	-1.948741e-02
1.480023722909178e-03	-4.626999e-02
1.489789347909178e-03	-1.169614e-01
1.491010051034178e-03	-1.270213e-01
1.494061808846678e-03	-1.521561e-01
1.495282511971678e-03	-1.621840e-01
1.495587687752928e-03	-1.646835e-01
1.495663981698240e-03	-1.653080e-01
1.495816569588865e-03	-1.665563e-01
1.496121745370115e-03	-1.690466e-01
1.496732096932615e-03	-1.739871e-01
1.496884684823240e-03	-1.752363e-01
1.497189860604490e-03	-1.777238e-01
1.497800212166990e-03	-1.826733e-01
1.499020915291990e-03	-1.925441e-01
1.501462321541990e-03	-2.120845e-01
1.506345134041990e-03	-2.498232e-01
1.516110759041990e-03	-3.041505e-01
1.525876384041990e-03	-3.171709e-01
1.535642009041990e-03	-3.136435e-01
1.545407634041990e-03	-3.087459e-01
1.555173259041990e-03	-3.007795e-01
1.564938884041990e-03	-2.931834e-01
1.574704509041990e-03	-2.846854e-01
1.584470134041990e-03	-2.766836e-01
1.594235759041990e-03	-2.683685e-01
1.604001384041990e-03	-2.606317e-01
1.613767009041990e-03	-2.527818e-01
1.623532634041990e-03	-2.454755e-01
1.633298259041990e-03	-2.381464e-01
1.643063884041990e-03	-2.312978e-01
1.652829509041990e-03	-2.244634e-01
1.662595134041990e-03	-2.180404e-01
1.672360759041990e-03	-2.116426e-01
1.682126384041990e-03	-2.055894e-01
1.691892009041990e-03	-1.995598e-01
1.701657634041990e-03	-1.938134e-01
1.711423259041990e-03	-1.880834e-01
1.721188884041990e-03	-1.825818e-01
1.730954509041990e-03	-1.770870e-01
1.740720134041990e-03	-1.717724e-01
1.750485759041990e-03	-1.664546e-01
1.760251384041990e-03	-1.612746e-01
1.770017009041990e-03	-1.560809e-01
1.771237712166990e-03	-1.554530e-01
1.773679118416990e-03	-1.541766e-01
1.774289469979490e-03	-1.538544e-01
1.775510173104490e-03	-1.532127e-01
1.777951579354490e-03	-1.519309e-01
1.782834391854490e-03	-1.493695e-01
1.784055094979490e-03	-1.487329e-01
1.786496501229490e-03	-1.474567e-01
1.791379313729490e-03	-1.449074e-01
1.801144938729490e-03	-1.398226e-01
1.810910563729490e-03	-1.347449e-01
1.820676188729490e-03	-1.296651e-01
1.830441813729490e-03	-1.245704e-01
1.840207438729490e-03	-1.194499e-01
1.849973063729490e-03	-1.142880e-01
1.859738688729490e-03	-1.090693e-01
1.869504313729490e-03	-1.037721e-01
1.879269938729490e-03	-9.837157e-02
1.898801188729490e-03	-8.710845e-02
1.908566813729490e-03	-8.113348e-02
1.918332438729490e-03	-7.481168e-02
1.928098063729490e-03	-6.799391e-02
1.937863688729490e-03	-6.043946e-02
1.947629313729490e-03	-5.172402e-02
1.957394938729490e-03	-4.102821e-02
1.967160563729490e-03	-2.626739e-02
1.976926188729490e-03	-2.583415e-03
1.986691813729490e-03	4.108436e-02
1.996457438729490e-03	1.098260e-01
1.997678141854490e-03	1.198432e-01
2.000119548104490e-03	1.399017e-01
2.000729899666990e-03	1.449149e-01
2.001950602791990e-03	1.549375e-01
2.004392009041990e-03	1.749173e-01
2.009274821541990e-03	2.142246e-01
2.013693776871672e-03	2.484644e-01
2.022531687531036e-03	3.006771e-01
2.032297312531036e-03	3.175716e-01
2.042062937531036e-03	3.146700e-01
2.051828562531036e-03	3.095340e-01
2.061594187531036e-03	3.015095e-01
2.071359812531036e-03	2.936514e-01
2.081125437531036e-03	2.848808e-01
2.090891062531036e-03	2.767382e-01
2.100656687531036e-03	2.681576e-01
2.110422312531036e-03	2.602423e-01
2.120187937531036e-03	2.521305e-01
2.129953562531036e-03	2.446350e-01
2.139719187531036e-03	2.370536e-01
2.149484812531036e-03	2.300132e-01
2.159250437531036e-03	2.229358e-01
2.169016062531036e-03	2.163239e-01
2.178781687531036e-03	2.096953e-01
2.188547312531036e-03	2.034554e-01
2.198312937531036e-03	1.972062e-01
2.208078562531036e-03	1.912766e-01
2.217844187531036e-03	1.853371e-01
2.227609812531036e-03	1.796560e-01
2.237375437531036e-03	1.739605e-01
2.247141062531036e-03	1.684698e-01
2.256906687531036e-03	1.629583e-01
2.266672312531036e-03	1.576046e-01
2.276437937531036e-03	1.522232e-01
2.286203562531036e-03	1.469574e-01
2.295969187531036e-03	1.416562e-01
2.305734812531036e-03	1.364313e-01
2.306955515656036e-03	1.357691e-01
2.309396921906036e-03	1.344525e-01
2.314279734406036e-03	1.318351e-01
2.315500437531036e-03	1.311800e-01
2.317941843781036e-03	1.298671e-01
2.322824656281036e-03	1.272382e-01
2.332590281281036e-03	1.219715e-01
2.342355906281036e-03	1.166711e-01
2.352121531281036e-03	1.113239e-01
2.361887156281036e-03	1.059043e-01
2.371652781281036e-03	1.003906e-01
2.381418406281036e-03	9.474411e-02
2.391184031281036e-03	8.892252e-02
2.400949656281036e-03	8.285735e-02
2.410715281281036e-03	7.645795e-02
2.420480906281036e-03	6.957699e-02
2.430246531281036e-03	6.198511e-02
2.440012156281036e-03	5.327408e-02
2.449777781281036e-03	4.258554e-02
2.459543406281036e-03	2.820173e-02
2.469309031281036e-03	5.505692e-03
2.470529734406036e-03	1.623846e-03
2.470834910187286e-03	6.302220e-04
2.470911204132598e-03	3.802918e-04
2.471063792023223e-03	-1.227613e-04
2.471368967804473e-03	-1.149230e-03
2.471445261749786e-03	-1.411169e-03
2.471597849640411e-03	-1.938127e-03
2.471903025421661e-03	-3.010560e-03
2.472513376984161e-03	-5.233511e-03
2.473734080109161e-03	-9.993491e-03
2.476175486359161e-03	-2.082237e-02
2.481058298859161e-03	-4.798812e-02
2.490823923859161e-03	-1.191636e-01
2.492044626984161e-03	-1.292396e-01
2.495096384796661e-03	-1.543961e-01
2.496317087921661e-03	-1.644225e-01
2.496622263702911e-03	-1.669206e-01
2.496698557648223e-03	-1.675439e-01
2.496851145538848e-03	-1.687874e-01
2.496889292511505e-03	-1.690967e-01
2.496965586456817e-03	-1.697120e-01
2.497118174347442e-03	-1.709452e-01
2.497423350128692e-03	-1.734341e-01
2.498033701691192e-03	-1.783961e-01
2.499254404816192e-03	-1.882934e-01
2.501695811066192e-03	-2.078950e-01
2.505038285862799e-03	-2.341736e-01
2.511723235456012e-03	-2.811626e-01
2.521488860456012e-03	-3.143648e-01
2.531254485456012e-03	-3.158618e-01
2.541020110456012e-03	-3.117065e-01
2.550785735456012e-03	-3.048627e-01
2.560551360456012e-03	-2.972758e-01
2.570316985456012e-03	-2.890439e-01
2.580082610456012e-03	-2.808200e-01
2.589848235456012e-03	-2.725753e-01
2.599613860456012e-03	-2.645742e-01
2.609379485456012e-03	-2.567131e-01
2.619145110456012e-03	-2.491495e-01
2.628910735456012e-03	-2.417774e-01
2.638676360456012e-03	-2.346960e-01
2.648441985456012e-03	-2.278093e-01
2.658207610456012e-03	-2.211829e-01
2.667973235456012e-03	-2.147340e-01
2.677738860456012e-03	-2.085071e-01
2.687504485456012e-03	-2.024325e-01
2.697270110456012e-03	-1.965403e-01
2.707035735456012e-03	-1.907731e-01
2.716801360456012e-03	-1.851509e-01
2.726566985456012e-03	-1.796269e-01
2.736332610456012e-03	-1.742143e-01
2.746098235456012e-03	-1.688751e-01
2.755863860456012e-03	-1.636169e-01
2.765629485456012e-03	-1.584096e-01
2.766850188581012e-03	-1.577662e-01
2.769291594831012e-03	-1.564764e-01
2.774174407331012e-03	-1.538984e-01
2.775395110456012e-03	-1.532578e-01
2.777836516706012e-03	-1.519715e-01
2.782719329206012e-03	-1.494008e-01
2.783940032331012e-03	-1.487620e-01
2.786381438581012e-03	-1.474813e-01
2.791264251081012e-03	-1.449230e-01
2.801029876081012e-03	-1.398209e-01
2.810795501081012e-03	-1.347263e-01
2.820561126081012e-03	-1.296302e-01
2.830326751081012e-03	-1.245192e-01
2.840092376081012e-03	-1.193826e-01
2.849858001081012e-03	-1.142044e-01
2.859623626081012e-03	-1.089690e-01
2.869389251081012e-03	-1.036542e-01
2.879154876081012e-03	-9.823480e-02
2.888920501081012e-03	-9.267461e-02
2.898686126081012e-03	-8.692706e-02
2.908451751081012e-03	-8.092385e-02
2.918217376081012e-03	-7.456697e-02
2.927983001081012e-03	-6.770311e-02
2.937748626081012e-03	-6.008397e-02
2.947514251081012e-03	-5.126960e-02
2.957279876081012e-03	-4.040480e-02
2.967045501081012e-03	-2.528946e-02
2.976811126081012e-03	-7.713155e-04
2.986576751081012e-03	4.442972e-02
2.996342376081012e-03	1.143429e-01
2.997563079206012e-03	1.243991e-01
3.000004485456012e-03	1.445054e-01
3.000614837018512e-03	1.495219e-01
3.001835540143512e-03	1.595594e-01
3.004276946393512e-03	1.795087e-01
3.009159758893512e-03	2.187244e-01
3.014680349189757e-03	2.606301e-01
3.024445974189757e-03	3.091215e-01
3.034211599189757e-03	3.175846e-01
3.043977224189757e-03	3.131947e-01
3.053742849189757e-03	3.075070e-01
3.063508474189757e-03	2.994787e-01
3.073274099189757e-03	2.914563e-01
3.083039724189757e-03	2.827687e-01
3.092805349189757e-03	2.745823e-01
3.102570974189757e-03	2.661277e-01
3.112336599189757e-03	2.582253e-01
3.122102224189757e-03	2.502434e-01
3.131867849189757e-03	2.427822e-01
3.141633474189757e-03	2.353216e-01
3.151399099189757e-03	2.283222e-01
3.161164724189757e-03	2.213540e-01
3.170930349189757e-03	2.147812e-01
3.180695974189757e-03	2.082465e-01
3.190461599189757e-03	2.020434e-01
3.200227224189757e-03	1.958737e-01
3.209992849189757e-03	1.899769e-01
3.219758474189757e-03	1.841033e-01
3.229524099189757e-03	1.784512e-01
3.239289724189757e-03	1.728100e-01
3.249055349189757e-03	1.673437e-01
3.258820974189757e-03	1.618765e-01
3.268586599189757e-03	1.565432e-01
3.278352224189757e-03	1.511968e-01
3.288117849189757e-03	1.459479e-01
3.297883474189757e-03	1.406733e-01
3.307649099189757e-03	1.354640e-01
3.308869802314757e-03	1.348023e-01
3.311311208564757e-03	1.334922e-01
3.316194021064757e-03	1.308814e-01
3.325959646064757e-03	1.256360e-01
3.335725271064757e-03	1.203806e-01
3.345490896064757e-03	1.150795e-01
3.355256521064757e-03	1.097324e-01
3.365022146064757e-03	1.043001e-01
3.374787771064757e-03	9.877099e-02
3.384553396064757e-03	9.309252e-02
3.394319021064757e-03	8.722945e-02
3.404084646064757e-03	8.109652e-02
3.413850271064757e-03	7.460302e-02
3.423615896064757e-03	6.757389e-02
3.433381521064757e-03	5.975593e-02
3.443147146064757e-03	5.066269e-02
3.452912771064757e-03	3.926095e-02
3.462678396064757e-03	2.337077e-02
3.463899099189757e-03	2.086033e-02
3.466340505439757e-03	1.538199e-02
3.471223317939757e-03	1.428130e-03
3.472444021064757e-03	-2.868186e-03
3.472749196846007e-03	-3.965717e-03
3.473359548408507e-03	-6.212380e-03
3.474580251533507e-03	-1.103010e-02
3.477021657783507e-03	-2.200604e-02
3.481904470283507e-03	-4.949638e-02
3.491670095283507e-03	-1.210670e-01
3.492890798408507e-03	-1.311542e-01
3.495942556221007e-03	-1.563247e-01
3.497163259346007e-03	-1.663476e-01
3.497468435127257e-03	-1.688419e-01
3.498078786689757e-03	-1.737835e-01
3.498231374580382e-03	-1.750340e-01
3.498536550361632e-03	-1.775241e-01
3.499146901924132e-03	-1.824767e-01
3.500367605049132e-03	-1.923534e-01
3.502809011299132e-03	-2.119006e-01
3.507647002779469e-03	-2.493187e-01
3.517322985740141e-03	-3.036911e-01
3.527088610740141e-03	-3.172241e-01
3.536854235740141e-03	-3.137375e-01
3.546619860740141e-03	-3.088620e-01
3.556385485740141e-03	-3.008708e-01
3.566151110740141e-03	-2.932531e-01
3.575916735740141e-03	-2.847211e-01
3.585682360740141e-03	-2.766873e-01
3.595447985740141e-03	-2.683346e-01
3.605213610740141e-03	-2.605632e-01
3.614979235740141e-03	-2.526755e-01
3.624744860740141e-03	-2.453339e-01
3.634510485740141e-03	-2.379676e-01
3.644276110740141e-03	-2.310840e-01
3.654041735740141e-03	-2.242135e-01
3.663807360740141e-03	-2.177561e-01
3.673572985740141e-03	-2.113235e-01
3.683338610740141e-03	-2.052367e-01
3.693104235740141e-03	-1.991735e-01
3.702869860740141e-03	-1.933945e-01
3.712635485740141e-03	-1.876320e-01
3.722401110740141e-03	-1.820988e-01
3.732166735740141e-03	-1.765725e-01
3.741932360740141e-03	-1.712271e-01
3.751697985740141e-03	-1.658786e-01
3.761463610740141e-03	-1.606684e-01
3.771229235740141e-03	-1.554444e-01
3.772449938865141e-03	-1.548126e-01
3.774891345115141e-03	-1.535280e-01
3.779774157615141e-03	-1.509408e-01
3.780994860740141e-03	-1.503011e-01
3.783436266990141e-03	-1.490143e-01
3.788319079490141e-03	-1.464440e-01
3.796264162347893e-03	-1.422766e-01
3.806029787347893e-03	-1.371641e-01
3.815795412347893e-03	-1.320568e-01
3.825561037347893e-03	-1.269397e-01
3.835326662347893e-03	-1.218040e-01
3.845092287347893e-03	-1.166332e-01
3.854857912347893e-03	-1.114141e-01
3.864623537347893e-03	-1.061251e-01
3.874389162347893e-03	-1.007449e-01
3.884154787347893e-03	-9.523994e-02
3.893920412347893e-03	-8.957099e-02
3.903686037347893e-03	-8.367808e-02
3.913451662347893e-03	-7.747983e-02
3.923217287347893e-03	-7.084852e-02
3.932982912347893e-03	-6.358595e-02
3.942748537347893e-03	-5.534994e-02
3.952514162347893e-03	-4.550903e-02
3.962279787347893e-03	-3.255757e-02
3.972045412347893e-03	-1.315582e-02
3.981811037347893e-03	2.157519e-02
3.991576662347893e-03	8.179335e-02
4.001342287347893e-03	1.597110e-01
4.002562990472893e-03	1.697732e-01
4.005004396722893e-03	1.897604e-01
4.009887209222894e-03	2.287483e-01
4.018268080136329e-03	2.867157e-01
4.028033705136329e-03	3.158715e-01
4.037799330136329e-03	3.156273e-01
4.047564955136329e-03	3.116156e-01
4.057330580136328e-03	3.042791e-01
4.067096205136329e-03	2.962428e-01
4.076861830136329e-03	2.877422e-01
4.086627455136329e-03	2.794318e-01
4.096393080136328e-03	2.709970e-01
4.106158705136329e-03	2.629012e-01
4.115924330136329e-03	2.548729e-01
4.125689955136329e-03	2.472124e-01
4.135455580136328e-03	2.396861e-01
4.145221205136329e-03	2.325033e-01
4.154986830136329e-03	2.254699e-01
4.164752455136329e-03	2.187375e-01
4.174518080136328e-03	2.121468e-01
4.184283705136329e-03	2.058097e-01
4.194049330136329e-03	1.995966e-01
4.203814955136329e-03	1.935906e-01
4.213580580136328e-03	1.876875e-01
4.223346205136329e-03	1.819484e-01
4.233111830136329e-03	1.762906e-01
4.242877455136329e-03	1.707580e-01
4.252643080136329e-03	1.652862e-01
4.262408705136329e-03	1.599052e-01
4.272174330136329e-03	1.545656e-01
4.281939955136329e-03	1.492859e-01
4.291705580136329e-03	1.440294e-01
4.301471205136328e-03	1.388042e-01
4.311236830136329e-03	1.335837e-01
4.321002455136329e-03	1.283668e-01
4.330768080136329e-03	1.231271e-01
4.340533705136328e-03	1.178676e-01
4.350299330136329e-03	1.125578e-01
4.360064955136329e-03	1.071868e-01
4.369830580136329e-03	1.017257e-01
4.379596205136328e-03	9.614442e-02
4.389361830136329e-03	9.040225e-02
4.399127455136329e-03	8.443747e-02
4.408893080136329e-03	7.817192e-02
4.418658705136328e-03	7.147296e-02
4.428424330136329e-03	6.414873e-02
4.438189955136329e-03	5.585158e-02
4.447955580136329e-03	4.589463e-02
4.457721205136328e-03	3.295631e-02
4.467486830136329e-03	1.360551e-02
4.477252455136329e-03	-2.101833e-02
4.477405043026954e-03	-2.172939e-02
4.477710218808204e-03	-2.317795e-02
4.478320570370704e-03	-2.618650e-02
4.479541273495704e-03	-3.258763e-02
4.481982679745704e-03	-4.687680e-02
4.486865492245704e-03	-8.039953e-02
4.496631117245704e-03	-1.575408e-01
4.497851820370703e-03	-1.676206e-01
4.497889967343360e-03	-1.679320e-01
4.497966261288673e-03	-1.685497e-01
4.498118849179298e-03	-1.697911e-01
4.498424024960548e-03	-1.723032e-01
4.499034376523048e-03	-1.772996e-01
4.500255079648048e-03	-1.872585e-01
4.502234815316401e-03	-2.032440e-01
4.505111245506889e-03	-2.260734e-01
4.510864105887866e-03	-2.686722e-01
4.520629730887866e-03	-3.111133e-01
4.530395355887866e-03	-3.166043e-01
4.540160980887866e-03	-3.126178e-01
4.549926605887866e-03	-3.066407e-01
4.559692230887866e-03	-2.986904e-01
4.569457855887866e-03	-2.907098e-01
4.579223480887866e-03	-2.823325e-01
4.588989105887866e-03	-2.741615e-01
4.598754730887866e-03	-2.659867e-01
4.608520355887866e-03	-2.581490e-01
4.618285980887866e-03	-2.504261e-01
4.628051605887866e-03	-2.430524e-01
4.637817230887866e-03	-2.358298e-01
4.647582855887866e-03	-2.289296e-01
4.657348480887866e-03	-2.221802e-01
4.667114105887866e-03	-2.157124e-01
4.676879730887866e-03	-2.093794e-01
4.686645355887866e-03	-2.032840e-01
4.696410980887866e-03	-1.973009e-01
4.706176605887866e-03	-1.915125e-01
4.715942230887866e-03	-1.858126e-01
4.725707855887866e-03	-1.802687e-01
4.735473480887866e-03	-1.747900e-01
4.745239105887866e-03	-1.694318e-01
4.755004730887866e-03	-1.641177e-01
4.764770355887866e-03	-1.588922e-01
4.774535980887866e-03	-1.536911e-01
4.775756684012866e-03	-1.530501e-01
4.778198090262866e-03	-1.517576e-01
4.778808441825366e-03	-1.514343e-01
4.780029144950366e-03	-1.507879e-01
4.782470551200366e-03	-1.494965e-01
4.787353363700366e-03	-1.469199e-01
4.794191235775363e-03	-1.433228e-01
4.803956860775363e-03	-1.381981e-01
4.813722485775363e-03	-1.330796e-01
4.823488110775363e-03	-1.279552e-01
4.833253735775363e-03	-1.228138e-01
4.843019360775363e-03	-1.176411e-01
4.852784985775363e-03	-1.124225e-01
4.862550610775363e-03	-1.071388e-01
4.872316235775363e-03	-1.017676e-01
4.882081860775363e-03	-9.627863e-02
4.891847485775363e-03	-9.063292e-02
4.901613110775363e-03	-8.477522e-02
4.911378735775363e-03	-7.862783e-02
4.921144360775363e-03	-7.207301e-02
4.930909985775363e-03	-6.492687e-02
4.940675610775363e-03	-5.687881e-02
4.950441235775363e-03	-4.736234e-02
4.960206860775363e-03	-3.506698e-02
4.969972485775363e-03	-1.715541e-02
4.979738110775363e-03	1.411893e-02
4.989503735775363e-03	7.007792e-02
4.999269360775362e-03	1.463067e-01
5.000490063900363e-03	1.564173e-01
5.002931470150363e-03	1.765277e-01
5.007814282650363e-03	2.159447e-01
5.014622235383358e-03	2.671165e-01
5.024387860383359e-03	3.117730e-01
5.034153485383359e-03	3.173772e-01
5.043919110383359e-03	3.126875e-01
5.053684735383359e-03	3.068030e-01
5.063450360383359e-03	2.987660e-01
5.073215985383359e-03	2.907124e-01
5.082981610383359e-03	2.820725e-01
5.092747235383359e-03	2.738959e-01
5.102512860383359e-03	2.655013e-01
5.112278485383359e-03	2.576275e-01
5.122044110383359e-03	2.497060e-01
5.131809735383359e-03	2.422803e-01
5.141575360383359e-03	2.348764e-01
5.151340985383359e-03	2.279141e-01
5.161106610383359e-03	2.209977e-01
5.170872235383359e-03	2.144612e-01
5.180637860383358e-03	2.079731e-01
5.190403485383359e-03	2.018045e-01
5.200169110383359e-03	1.956764e-01
5.209934735383359e-03	1.898120e-01
5.219700360383358e-03	1.839759e-01
5.229465985383359e-03	1.783533e-01
5.239231610383359e-03	1.727455e-01
5.248997235383359e-03	1.673067e-01
5.258762860383358e-03	1.618695e-01
5.268528485383359e-03	1.565618e-01
5.278294110383359e-03	1.512427e-01
5.288059735383359e-03	1.460179e-01
5.297825360383359e-03	1.407682e-01
5.307590985383359e-03	1.355810e-01
5.308811688508359e-03	1.349244e-01
5.311253094758358e-03	1.336199e-01
5.316135907258359e-03	1.310205e-01
5.325901532258359e-03	1.257990e-01
5.335667157258359e-03	1.205663e-01
5.345432782258359e-03	1.152901e-01
5.355198407258359e-03	1.099673e-01
5.364964032258359e-03	1.045623e-01
5.374729657258359e-03	9.906151e-02
5.384495282258359e-03	9.341617e-02
5.394260907258358e-03	8.759026e-02
5.404026532258359e-03	8.150351e-02
5.413792157258359e-03	7.506720e-02
5.423557782258359e-03	6.811580e-02
5.433323407258358e-03	6.040778e-02
5.443089032258359e-03	5.148714e-02
5.452854657258359e-03	4.039554e-02
5.462620282258359e-03	2.514507e-02
5.472385907258358e-03	3.461702e-04
5.472538495148984e-03	-1.541122e-04
5.472843670930234e-03	-1.167941e-03
5.473454022492734e-03	-3.276949e-03
5.474674725617734e-03	-7.819548e-03
5.474979901398984e-03	-9.033646e-03
5.475590252961484e-03	-1.151513e-02
5.476810956086484e-03	-1.680993e-02
5.479252362336484e-03	-2.878085e-02
5.484017561164699e-03	-5.742994e-02
5.493547958821129e-03	-1.290630e-01
5.494768661946130e-03	-1.391702e-01
5.497210068196129e-03	-1.593296e-01
5.497820419758629e-03	-1.643428e-01
5.497973007649254e-03	-1.655943e-01
5.498278183430504e-03	-1.680946e-01
5.498354477375816e-03	-1.687181e-01
5.498507065266442e-03	-1.699574e-01
5.498812241047692e-03	-1.724291e-01
5.498888534993004e-03	-1.730544e-01
5.499041122883629e-03	-1.743016e-01
5.499346298664879e-03	-1.767868e-01
5.499956650227379e-03	-1.817500e-01
5.501177353352379e-03	-1.916332e-01
5.503618759602379e-03	-2.112004e-01
5.508150041157058e-03	-2.463749e-01
5.517212604266415e-03	-3.002572e-01
5.526978229266415e-03	-3.171003e-01
5.536743854266416e-03	-3.141394e-01
5.546509479266415e-03	-3.095433e-01
5.556275104266415e-03	-3.016112e-01
5.566040729266415e-03	-2.940176e-01
5.575806354266416e-03	-2.854823e-01
5.585571979266415e-03	-2.774167e-01
5.595337604266415e-03	-2.690324e-01
5.605103229266415e-03	-2.612148e-01
5.614868854266416e-03	-2.532875e-01
5.624634479266416e-03	-2.458961e-01
5.634400104266415e-03	-2.384894e-01
5.644165729266415e-03	-2.315572e-01
5.653931354266416e-03	-2.246482e-01
5.663696979266416e-03	-2.181453e-01
5.673462604266415e-03	-2.116772e-01
5.683228229266415e-03	-2.055486e-01
5.692993854266415e-03	-1.994534e-01
5.702759479266416e-03	-1.936365e-01
5.712525104266415e-03	-1.878453e-01
5.722290729266415e-03	-1.822778e-01
5.732056354266415e-03	-1.767260e-01
5.741821979266416e-03	-1.713496e-01
5.751587604266415e-03	-1.659782e-01
5.761353229266415e-03	-1.607399e-01
5.771118854266415e-03	-1.554953e-01
5.772339557391416e-03	-1.548592e-01
5.774780963641415e-03	-1.535685e-01
5.779663776141415e-03	-1.509700e-01
5.780884479266416e-03	-1.503275e-01
5.783325885516415e-03	-1.490352e-01
5.788208698016415e-03	-1.464541e-01
5.796453844402489e-03	-1.421115e-01
5.806219469402489e-03	-1.369788e-01
5.815985094402489e-03	-1.318512e-01
5.825750719402489e-03	-1.267141e-01
5.835516344402489e-03	-1.215580e-01
5.845281969402489e-03	-1.163662e-01
5.855047594402489e-03	-1.111252e-01
5.864813219402489e-03	-1.058128e-01
5.874578844402489e-03	-1.004069e-01
5.884344469402489e-03	-9.487321e-02
5.894110094402489e-03	-8.917072e-02
5.903875719402488e-03	-8.323754e-02
5.913641344402489e-03	-7.698853e-02
5.923406969402489e-03	-7.029029e-02
5.933172594402489e-03	-6.293381e-02
5.942938219402488e-03	-5.455614e-02
5.952703844402489e-03	-4.447955e-02
5.962469469402489e-03	-3.105989e-02
5.972235094402489e-03	-1.059141e-02
5.982000719402488e-03	2.647674e-02
5.991766344402489e-03	8.921354e-02
5.992987047527489e-03	9.891215e-02
5.995428453777488e-03	1.185032e-01
6.000311266277489e-03	1.582748e-01
6.001102649872495e-03	1.647463e-01
6.002685417062506e-03	1.776545e-01
6.005850951442528e-03	2.032280e-01
6.012182020202574e-03	2.523310e-01
6.021947645202573e-03	3.056585e-01
6.031713270202573e-03	3.177796e-01
6.041478895202573e-03	3.138619e-01
6.051244520202574e-03	3.084739e-01
6.061010145202573e-03	3.004858e-01
6.070775770202573e-03	2.925850e-01
6.080541395202573e-03	2.838831e-01
6.090307020202574e-03	2.757623e-01
6.100072645202573e-03	2.672800e-01
6.109838270202573e-03	2.594168e-01
6.119603895202573e-03	2.514081e-01
6.129369520202574e-03	2.439752e-01
6.139135145202573e-03	2.364933e-01
6.148900770202573e-03	2.295178e-01
6.158666395202573e-03	2.225353e-01
6.168432020202573e-03	2.159852e-01
6.178197645202574e-03	2.094429e-01
6.187963270202573e-03	2.032629e-01
6.197728895202573e-03	1.970920e-01
6.207494520202573e-03	1.912192e-01
6.217260145202574e-03	1.853507e-01
6.227025770202573e-03	1.797232e-01
6.236791395202573e-03	1.740921e-01
6.246557020202573e-03	1.686520e-01
6.256322645202574e-03	1.631995e-01
6.266088270202573e-03	1.578938e-01
6.275853895202573e-03	1.525667e-01
6.285619520202573e-03	1.473474e-01
6.295385145202574e-03	1.420970e-01
6.305150770202573e-03	1.369185e-01
6.314916395202573e-03	1.316985e-01
6.324682020202573e-03	1.265114e-01
6.334447645202574e-03	1.212687e-01
6.344213270202573e-03	1.160255e-01
6.353978895202573e-03	1.107028e-01
6.363744520202573e-03	1.053323e-01
6.373510145202574e-03	9.984317e-02
6.383275770202573e-03	9.423991e-02
6.393041395202573e-03	8.844319e-02
6.402807020202573e-03	8.241711e-02
6.412572645202573e-03	7.604302e-02
6.422338270202574e-03	6.919888e-02
6.432103895202573e-03	6.163289e-02
6.441869520202573e-03	5.295900e-02
6.451635145202573e-03	4.229332e-02
6.461400770202574e-03	2.796368e-02
6.471166395202573e-03	5.284741e-03
6.472387098327573e-03	1.403039e-03
6.474828504577573e-03	-7.155797e-03
6.474904798522886e-03	-7.450891e-03
6.475057386413511e-03	-8.045271e-03
6.475362562194760e-03	-9.254536e-03
6.475972913757261e-03	-1.175204e-02
6.477193616882261e-03	-1.707584e-02
6.479635023132261e-03	-2.909562e-02
6.484517835632261e-03	-5.861406e-02
6.494283460632261e-03	-1.323636e-01
6.495504163757260e-03	-1.424900e-01
6.497945570007261e-03	-1.626691e-01
6.498555921569761e-03	-1.676782e-01
6.498708509460386e-03	-1.689234e-01
6.499013685241636e-03	-1.713941e-01
6.499089979186948e-03	-1.720193e-01
6.499242567077573e-03	-1.732695e-01
6.499547742858824e-03	-1.757584e-01
6.500158094421323e-03	-1.807284e-01
6.501378797546324e-03	-1.906252e-01
6.503820203796323e-03	-2.102152e-01
6.507667019239284e-03	-2.402779e-01
6.515360650125205e-03	-2.909406e-01
6.525126275125205e-03	-3.161193e-01
6.534891900125205e-03	-3.150622e-01
6.544657525125205e-03	-3.107594e-01
6.554423150125205e-03	-3.033255e-01
6.564188775125205e-03	-2.957786e-01
6.573954400125205e-03	-2.873203e-01
6.583720025125205e-03	-2.791867e-01
6.593485650125205e-03	-2.708068e-01
6.603251275125205e-03	-2.628976e-01
6.613016900125205e-03	-2.549468e-01
6.622782525125205e-03	-2.474622e-01
6.632548150125205e-03	-2.400228e-01
6.642313775125205e-03	-2.330043e-01
6.652079400125205e-03	-2.260618e-01
6.661845025125204e-03	-2.194826e-01
6.671610650125205e-03	-2.129838e-01
6.681376275125205e-03	-2.067896e-01
6.691141900125205e-03	-2.006679e-01
6.700907525125204e-03	-1.947957e-01
6.710673150125205e-03	-1.889828e-01
6.720438775125205e-03	-1.833693e-01
6.730204400125205e-03	-1.778003e-01
6.739970025125205e-03	-1.723865e-01
6.749735650125205e-03	-1.670023e-01
6.759501275125205e-03	-1.617340e-01
6.769266900125205e-03	-1.564808e-01
6.770487603250205e-03	-1.558392e-01
6.772929009500205e-03	-1.545442e-01
6.773539361062705e-03	-1.542183e-01
6.774760064187705e-03	-1.535682e-01
6.777201470437704e-03	-1.522692e-01
6.782084282937705e-03	-1.496749e-01
6.783304986062705e-03	-1.490301e-01
6.785746392312705e-03	-1.477378e-01
6.790629204812705e-03	-1.451567e-01
6.800394829812705e-03	-1.400105e-01
6.810160454812705e-03	-1.348736e-01
6.819926079812705e-03	-1.297365e-01
6.829691704812704e-03	-1.245859e-01
6.839457329812705e-03	-1.194101e-01
6.849222954812705e-03	-1.141930e-01
6.858988579812705e-03	-1.089183e-01
6.868754204812704e-03	-1.035631e-01
6.878519829812705e-03	-9.810128e-02
6.888285454812705e-03	-9.249529e-02
6.898051079812705e-03	-8.669669e-02
6.907816704812705e-03	-8.063436e-02
6.917582329812705e-03	-7.420571e-02
6.927347954812705e-03	-6.724960e-02
6.937113579812705e-03	-5.950312e-02
6.946879204812705e-03	-5.049636e-02
6.956644829812705e-03	-3.919587e-02
6.966410454812705e-03	-2.346232e-02
6.976176079812705e-03	2.583378e-03
6.985941704812705e-03	5.065823e-02
6.995707329812705e-03	1.224912e-01
6.996928032937705e-03	1.325949e-01
6.999369439187705e-03	1.527506e-01
6.999979790750205e-03	1.577774e-01
7.001200493875205e-03	1.678043e-01
7.003641900125205e-03	1.877135e-01
7.008524712625205e-03	2.267051e-01
7.017958461221495e-03	2.906261e-01
7.027724086221495e-03	3.166447e-01
7.037489711221496e-03	3.164319e-01
7.047255336221496e-03	3.116214e-01
7.057020961221495e-03	3.034423e-01
7.066786586221495e-03	2.957081e-01
7.076552211221496e-03	2.870156e-01
7.086317836221496e-03	2.789323e-01
7.096083461221495e-03	2.703659e-01
7.105849086221495e-03	2.624634e-01
7.115614711221495e-03	2.543505e-01
7.125380336221496e-03	2.468545e-01
7.135145961221495e-03	2.392716e-01
7.144911586221495e-03	2.322293e-01
7.154677211221495e-03	2.251575e-01
7.164442836221496e-03	2.185456e-01
7.174208461221496e-03	2.119289e-01
7.183974086221495e-03	2.056956e-01
7.193739711221495e-03	1.994654e-01
7.203505336221496e-03	1.935491e-01
7.213270961221496e-03	1.876353e-01
7.223036586221495e-03	1.819741e-01
7.232802211221495e-03	1.763107e-01
7.242567836221496e-03	1.708459e-01
7.252333461221496e-03	1.653726e-01
7.262099086221495e-03	1.600507e-01
7.271864711221495e-03	1.547133e-01
7.281630336221496e-03	1.494857e-01
7.291395961221496e-03	1.442341e-01
7.301161586221495e-03	1.390558e-01
7.310927211221495e-03	1.338445e-01
7.312147914346496e-03	1.332038e-01
7.314589320596495e-03	1.319136e-01
7.315199672158996e-03	1.315875e-01
7.316420375283995e-03	1.309379e-01
7.318861781533996e-03	1.296387e-01
7.323744594033996e-03	1.270368e-01
7.333510219033995e-03	1.218225e-01
7.343275844033995e-03	1.165740e-01
7.353041469033995e-03	1.112783e-01
7.362807094033996e-03	1.059113e-01
7.372572719033996e-03	1.004517e-01
7.382338344033995e-03	9.486268e-02
7.392103969033995e-03	8.910379e-02
7.401869594033996e-03	8.310968e-02
7.411635219033996e-03	7.679432e-02
7.421400844033995e-03	7.001849e-02
7.431166469033995e-03	6.256729e-02
7.440932094033996e-03	5.406154e-02
7.450697719033996e-03	4.371781e-02
7.460463344033995e-03	2.999550e-02
7.470228969033995e-03	8.817002e-03
7.471449672158996e-03	5.237027e-03
7.473891078408995e-03	-2.679304e-03
7.474501429971496e-03	-4.938377e-03
7.474654017862120e-03	-5.509484e-03
7.474959193643370e-03	-6.663615e-03
7.475569545205871e-03	-9.047469e-03
7.476790248330870e-03	-1.413470e-02
7.479231654580871e-03	-2.565192e-02
7.483264379752729e-03	-4.873009e-02
7.491329830096446e-03	-1.068327e-01
7.492550533221447e-03	-1.167297e-01
7.494991939471446e-03	-1.366109e-01
7.496420901711379e-03	-1.483065e-01
7.498326184697957e-03	-1.638904e-01
7.498802505444602e-03	-1.677737e-01
7.498921585631263e-03	-1.687398e-01
7.498951355677928e-03	-1.689803e-01
7.499010895771259e-03	-1.694583e-01
7.499129975957920e-03	-1.704141e-01
7.499368136331242e-03	-1.723502e-01
7.499844457077886e-03	-1.762135e-01
7.500797098571176e-03	-1.839303e-01
7.502702381557753e-03	-1.992652e-01
7.505439837866917e-03	-2.210098e-01
7.510627052807686e-03	-2.602285e-01
7.520392677807686e-03	-3.083361e-01
7.530158302807686e-03	-3.170252e-01
7.539923927807686e-03	-3.131846e-01
7.549689552807686e-03	-3.076355e-01
7.559455177807686e-03	-2.995744e-01
7.569220802807686e-03	-2.917606e-01
7.578986427807686e-03	-2.832523e-01
7.588752052807686e-03	-2.751393e-01
7.598517677807686e-03	-2.668323e-01
7.608283302807686e-03	-2.590164e-01
7.618048927807686e-03	-2.511731e-01
7.627814552807686e-03	-2.438026e-01
7.637580177807686e-03	-2.364731e-01
7.647345802807686e-03	-2.295666e-01
7.657111427807686e-03	-2.227234e-01
7.666877052807686e-03	-2.162448e-01
7.676642677807686e-03	-2.098299e-01
7.686408302807687e-03	-2.037213e-01
7.696173927807686e-03	-1.976664e-01
7.705939552807686e-03	-1.918649e-01
7.715705177807686e-03	-1.861031e-01
7.725470802807686e-03	-1.805453e-01
7.735236427807686e-03	-1.750128e-01
7.745002052807686e-03	-1.696408e-01
7.754767677807686e-03	-1.642800e-01
7.764533302807686e-03	-1.590408e-01
7.774298927807686e-03	-1.537993e-01
7.775519630932686e-03	-1.531603e-01
7.777961037182687e-03	-1.518630e-01
7.778571388745186e-03	-1.515376e-01
7.779792091870186e-03	-1.508875e-01
7.782233498120186e-03	-1.495899e-01
7.787116310620186e-03	-1.470004e-01
7.794060737623626e-03	-1.433302e-01
7.803826362623626e-03	-1.381816e-01
7.813591987623627e-03	-1.330404e-01
7.823357612623627e-03	-1.278934e-01
7.833123237623627e-03	-1.227300e-01
7.842888862623626e-03	-1.175349e-01
7.852654487623626e-03	-1.122940e-01
7.862420112623626e-03	-1.069868e-01
7.872185737623627e-03	-1.015912e-01
7.881951362623627e-03	-9.607530e-02
7.891716987623627e-03	-9.039991e-02
7.901482612623627e-03	-8.450747e-02
7.911248237623627e-03	-7.831842e-02
7.921013862623626e-03	-7.171030e-02
7.930779487623626e-03	-6.449252e-02
7.940545112623626e-03	-5.633979e-02
7.950310737623627e-03	-4.665581e-02
7.960076362623627e-03	-3.404142e-02
7.969841987623627e-03	-1.543274e-02
7.979607612623627e-03	1.744669e-02
7.989373237623627e-03	7.544424e-02
7.999138862623626e-03	1.525374e-01
8.000359565748627e-03	1.626302e-01
8.002800971998627e-03	1.826920e-01
8.007683784498627e-03	2.219373e-01
8.015084480233067e-03	2.759766e-01
8.024850105233067e-03	3.134359e-01
8.034615730233067e-03	3.164997e-01
8.044381355233068e-03	3.131110e-01
8.054146980233068e-03	3.060641e-01
8.063912605233068e-03	2.977197e-01
8.073678230233068e-03	2.895481e-01
8.083443855233068e-03	2.810562e-01
8.093209480233067e-03	2.728184e-01
8.102975105233067e-03	2.645552e-01
8.112740730233067e-03	2.566600e-01
8.122506355233067e-03	2.488583e-01
8.132271980233068e-03	2.414306e-01
8.142037605233068e-03	2.341322e-01
8.151803230233068e-03	2.271777e-01
8.161568855233068e-03	2.203530e-01
8.171334480233067e-03	2.138293e-01
8.181100105233067e-03	2.074201e-01
8.190865730233067e-03	2.012665e-01
8.200631355233067e-03	1.952061e-01
8.210396980233068e-03	1.893574e-01
8.220162605233068e-03	1.835791e-01
8.229928230233068e-03	1.779723e-01
8.239693855233068e-03	1.724139e-01
8.249459480233068e-03	1.669906e-01
8.259225105233067e-03	1.615953e-01
8.268990730233067e-03	1.563028e-01
8.278756355233067e-03	1.510194e-01
8.288521980233068e-03	1.458096e-01
8.298287605233068e-03	1.405905e-01
8.308053230233068e-03	1.354181e-01
8.317818855233068e-03	1.302190e-01
8.327584480233068e-03	1.250310e-01
8.337350105233067e-03	1.198003e-01
8.347115730233067e-03	1.145504e-01
8.356881355233067e-03	1.092264e-01
8.366646980233067e-03	1.038405e-01
8.376412605233068e-03	9.833348e-02
8.386178230233068e-03	9.269833e-02
8.395943855233068e-03	8.685734e-02
8.405709480233068e-03	8.076643e-02
8.415475105233067e-03	7.429662e-02
8.425240730233067e-03	6.731120e-02
8.435006355233067e-03	5.952228e-02
8.444771980233067e-03	5.048242e-02
8.454537605233068e-03	3.912884e-02
8.464303230233068e-03	2.334818e-02
8.465523933358067e-03	2.085174e-02
8.467965339608068e-03	1.540356e-02
8.472848152108067e-03	1.547615e-03
8.474068855233068e-03	-2.717523e-03
8.474374031014318e-03	-3.806539e-03
8.474450324959630e-03	-4.080299e-03
8.474602912850255e-03	-4.630997e-03
8.474908088631505e-03	-5.752570e-03
8.474984382576817e-03	-6.038517e-03
8.475136970467442e-03	-6.613604e-03
8.475442146248693e-03	-7.782421e-03
8.476052497811193e-03	-1.020117e-02
8.477273200936192e-03	-1.536890e-02
8.479714607186193e-03	-2.707405e-02
8.484597419686192e-03	-5.600704e-02
8.494363044686192e-03	-1.291711e-01
8.495583747811192e-03	-1.392915e-01
8.498025154061192e-03	-1.594706e-01
8.498635505623693e-03	-1.644865e-01
8.498788093514318e-03	-1.657385e-01
8.499093269295568e-03	-1.682400e-01
8.499169563240880e-03	-1.688636e-01
8.499322151131505e-03	-1.701027e-01
8.499627326912755e-03	-1.725764e-01
8.499703620858067e-03	-1.732019e-01
8.499856208748692e-03	-1.744494e-01
8.500161384529942e-03	-1.769355e-01
8.500771736092443e-03	-1.818999e-01
8.501992439217442e-03	-1.917847e-01
8.504433845467443e-03	-2.113513e-01
8.508987486901787e-03	-2.466817e-01
8.518094769770477e-03	-3.005834e-01
8.527860394770477e-03	-3.171455e-01
8.537626019770476e-03	-3.141184e-01
8.547391644770476e-03	-3.094800e-01
8.557157269770476e-03	-3.015209e-01
8.566922894770478e-03	-2.939045e-01
8.576688519770477e-03	-2.853475e-01
8.586454144770477e-03	-2.772633e-01
8.596219769770477e-03	-2.688599e-01
8.605985394770477e-03	-2.610250e-01
8.615751019770477e-03	-2.530798e-01
8.625516644770476e-03	-2.456716e-01
8.635282269770476e-03	-2.382474e-01
8.645047894770478e-03	-2.312986e-01
8.654813519770477e-03	-2.243723e-01
8.664579144770477e-03	-2.178528e-01
8.674344769770477e-03	-2.113675e-01
8.684110394770477e-03	-2.052224e-01
8.693876019770477e-03	-1.991101e-01
8.703641644770476e-03	-1.932767e-01
8.713407269770476e-03	-1.874685e-01
8.723172894770476e-03	-1.818845e-01
8.732938519770478e-03	-1.763157e-01
8.742704144770477e-03	-1.709228e-01
8.752469769770477e-03	-1.655341e-01
8.762235394770477e-03	-1.602796e-01
8.772001019770477e-03	-1.550178e-01
8.773221722895477e-03	-1.543794e-01
8.775663129145477e-03	-1.530833e-01
8.780545941645478e-03	-1.504753e-01
8.781766644770476e-03	-1.498307e-01
8.784208051020476e-03	-1.485343e-01
8.789090863520477e-03	-1.459448e-01
8.798029380111441e-03	-1.412213e-01
8.807795005111441e-03	-1.360712e-01
8.817560630111441e-03	-1.309247e-01
8.827326255111441e-03	-1.257670e-01
8.837091880111440e-03	-1.205881e-01
8.846857505111440e-03	-1.153709e-01
8.856623130111440e-03	-1.101009e-01
8.866388755111440e-03	-1.047549e-01
8.876154380111441e-03	-9.930921e-02
8.885920005111441e-03	-9.372716e-02
8.895685630111441e-03	-8.796441e-02
8.905451255111441e-03	-8.195364e-02
8.915216880111440e-03	-7.560123e-02
8.924982505111440e-03	-6.875895e-02
8.934748130111440e-03	-6.119085e-02
8.944513755111440e-03	-5.247967e-02
8.954279380111441e-03	-4.182563e-02
8.964045005111441e-03	-2.720404e-02
8.973810630111441e-03	-3.918939e-03
8.983576255111441e-03	3.892047e-02
8.993341880111441e-03	1.069632e-01
8.994562583236441e-03	1.169518e-01
8.997003989486441e-03	1.369729e-01
9.001886801986441e-03	1.769399e-01
9.006284152657697e-03	2.124090e-01
9.012940992610022e-03	2.629721e-01
9.019745335469405e-03	3.011521e-01
9.029510960469405e-03	3.172687e-01
9.039276585469404e-03	3.146711e-01
9.049042210469406e-03	3.095760e-01
9.058807835469406e-03	3.015238e-01
9.068573460469406e-03	2.937992e-01
9.078339085469405e-03	2.851924e-01
9.088104710469405e-03	2.770437e-01
9.097870335469405e-03	2.686079e-01
9.107635960469405e-03	2.606881e-01
9.117401585469405e-03	2.527090e-01
9.127167210469404e-03	2.452168e-01
9.136932835469406e-03	2.377566e-01
9.146698460469406e-03	2.307276e-01
9.156464085469405e-03	2.237636e-01
9.166229710469405e-03	2.171683e-01
9.175995335469405e-03	2.106440e-01
9.185760960469405e-03	2.044272e-01
9.195526585469405e-03	1.982749e-01
9.205292210469404e-03	1.923736e-01
9.215057835469406e-03	1.865246e-01
9.224823460469406e-03	1.808762e-01
9.234589085469406e-03	1.752663e-01
9.244354710469405e-03	1.698115e-01
9.254120335469405e-03	1.643814e-01
9.263885960469405e-03	1.590673e-01
9.273651585469405e-03	1.537639e-01
9.283417210469404e-03	1.485420e-01
9.293182835469406e-03	1.433166e-01
9.302948460469406e-03	1.381420e-01
9.312714085469406e-03	1.329492e-01
9.313934788594404e-03	1.323080e-01
9.316376194844406e-03	1.310176e-01
9.316986546406905e-03	1.306926e-01
9.318207249531906e-03	1.300440e-01
9.320648655781905e-03	1.287451e-01
9.325531468281904e-03	1.261486e-01
9.334333984071115e-03	1.214532e-01
9.344099609071115e-03	1.162124e-01
9.353865234071114e-03	1.109206e-01
9.363630859071114e-03	1.055588e-01
9.373396484071114e-03	1.001002e-01
9.383162109071115e-03	9.451275e-02
9.392927734071115e-03	8.875039e-02
9.402693359071115e-03	8.275177e-02
9.412458984071115e-03	7.642453e-02
9.422224609071115e-03	6.963143e-02
9.431990234071114e-03	6.214809e-02
9.441755859071114e-03	5.358986e-02
9.451521484071114e-03	4.314328e-02
9.461287109071116e-03	2.921136e-02
9.471052734071115e-03	7.527434e-03
9.472273437196114e-03	3.846383e-03
9.474714843446115e-03	-4.298443e-03
9.475325195008615e-03	-6.625105e-03
9.475477782899240e-03	-7.212890e-03
9.475782958680489e-03	-8.400866e-03
9.476393310242989e-03	-1.085543e-02
9.477614013367990e-03	-1.609204e-02
9.480055419617989e-03	-2.793191e-02
9.484938232117990e-03	-5.711310e-02
9.494703857117990e-03	-1.305313e-01
9.495924560242990e-03	-1.406550e-01
9.498365966492990e-03	-1.608354e-01
9.498976318055489e-03	-1.658488e-01
9.499128905946114e-03	-1.670999e-01
9.499434081727366e-03	-1.695934e-01
9.500044433289865e-03	-1.745483e-01
9.500197021180490e-03	-1.757998e-01
9.500502196961740e-03	-1.782915e-01
9.501112548524239e-03	-1.832491e-01
9.502333251649240e-03	-1.931302e-01
9.504774657899239e-03	-2.126755e-01
9.509657470399240e-03	-2.503714e-01
9.519423095399240e-03	-3.044360e-01
9.529188720399239e-03	-3.172528e-01
9.538954345399239e-03	-3.136364e-01
9.548719970399239e-03	-3.086452e-01
9.558485595399239e-03	-3.006010e-01
9.568251220399240e-03	-2.929222e-01
9.578016845399240e-03	-2.843490e-01
9.587782470399240e-03	-2.762685e-01
9.597548095399240e-03	-2.678795e-01
9.607313720399240e-03	-2.600660e-01
9.617079345399239e-03	-2.521431e-01
9.626844970399239e-03	-2.447612e-01
9.636610595399239e-03	-2.373597e-01
9.646376220399240e-03	-2.304367e-01
9.656141845399240e-03	-2.235306e-01
9.665907470399240e-03	-2.170342e-01
9.675673095399240e-03	-2.105654e-01
9.685438720399240e-03	-2.044398e-01
9.695204345399239e-03	-1.983400e-01
9.704969970399239e-03	-1.925223e-01
9.714735595399239e-03	-1.867229e-01
9.724501220399241e-03	-1.811510e-01
9.734266845399240e-03	-1.755875e-01
9.744032470399240e-03	-1.702034e-01
9.753798095399240e-03	-1.648173e-01
9.763563720399240e-03	-1.595681e-01
9.773329345399239e-03	-1.543052e-01
9.774550048524240e-03	-1.536673e-01
9.776991454774240e-03	-1.523699e-01
9.781874267274240e-03	-1.497621e-01
9.783094970399239e-03	-1.491172e-01
9.785536376649241e-03	-1.478211e-01
9.790419189149240e-03	-1.452312e-01
9.800184814149239e-03	-1.400693e-01
9.809950439149239e-03	-1.349166e-01
9.819716064149239e-03	-1.297650e-01
9.829481689149240e-03	-1.245994e-01
9.839247314149240e-03	-1.194097e-01
9.849012939149240e-03	-1.141781e-01
9.858778564149240e-03	-1.088893e-01
9.868544189149240e-03	-1.035191e-01
9.878309814149239e-03	-9.804201e-02
9.888075439149239e-03	-9.241896e-02
9.897841064149239e-03	-8.660187e-02
9.907606689149241e-03	-8.051750e-02
9.917372314149240e-03	-7.406254e-02
9.927137939149240e-03	-6.707191e-02
9.936903564149240e-03	-5.927803e-02
9.946669189149240e-03	-5.019849e-02
9.956434814149239e-03	-3.876915e-02
9.966200439149239e-03	-2.277099e-02
9.975966064149239e-03	3.896481e-03
9.985731689149239e-03	5.300102e-02
9.995497314149240e-03	1.254960e-01
1.000000000000000e-02	1.627011e-01
Step Information: Rgain=29.4004K  (Step: 7/11)
0.000000000000000e+00	4.500005e-14
5.000000058430487e-08	2.071550e-09
1.000000011686097e-07	2.109403e-07
2.000000023372195e-07	7.366788e-06
4.000000046744390e-07	8.997683e-05
8.000000093488779e-07	5.287247e-04
1.600000018697756e-06	2.280666e-03
3.200000037395512e-06	8.719866e-03
6.400000074791024e-06	2.954735e-02
1.280000014958205e-05	8.603267e-02
1.873772976687809e-05	1.403290e-01
1.985892207927450e-05	1.490480e-01
2.210130670406733e-05	1.641167e-01
2.658607595365299e-05	1.811847e-01
3.244272548873565e-05	1.899075e-01
4.063185877730989e-05	1.955939e-01
5.039748377730989e-05	1.980860e-01
6.016310877730989e-05	1.983495e-01
6.992873377730989e-05	1.973023e-01
7.969435877730989e-05	1.955217e-01
8.945998377730989e-05	1.932360e-01
9.922560877730989e-05	1.906480e-01
1.089912337773099e-04	1.878366e-01
1.187568587773099e-04	1.848870e-01
1.285224837773099e-04	1.818308e-01
1.382881087773099e-04	1.787044e-01
1.480537337773099e-04	1.755215e-01
1.578193587773099e-04	1.722953e-01
1.675849837773099e-04	1.690324e-01
1.773506087773099e-04	1.657338e-01
1.871162337773099e-04	1.624037e-01
1.968818587773099e-04	1.590368e-01
2.066474837773099e-04	1.556363e-01
2.164131087773099e-04	1.521939e-01
2.261787337773099e-04	1.487123e-01
2.359443587773099e-04	1.451827e-01
2.457099837773099e-04	1.416067e-01
2.554756087773099e-04	1.379776e-01
2.566963119023099e-04	1.375192e-01
2.591377181523099e-04	1.366033e-01
2.640205306523099e-04	1.347578e-01
2.652412337773099e-04	1.342957e-01
2.676826400273099e-04	1.333664e-01
2.725654525273099e-04	1.314934e-01
2.823310775273099e-04	1.276976e-01
2.920967025273099e-04	1.238395e-01
3.018623275273099e-04	1.199081e-01
3.116279525273099e-04	1.159041e-01
3.213935775273099e-04	1.118165e-01
3.311592025273099e-04	1.076435e-01
3.409248275273099e-04	1.033716e-01
3.506904525273099e-04	9.899420e-02
3.604560775273099e-04	9.449234e-02
3.702217025273099e-04	8.985040e-02
3.799873275273099e-04	8.503753e-02
3.897529525273099e-04	8.002005e-02
3.995185775273099e-04	7.474042e-02
4.092842025273099e-04	6.912319e-02
4.190498275273099e-04	6.304331e-02
4.288154525273099e-04	5.630892e-02
4.385810775273099e-04	4.857972e-02
4.483467025273099e-04	3.915888e-02
4.581123275273099e-04	2.667232e-02
4.678779525273099e-04	7.381473e-03
4.680305404179349e-04	6.999764e-03
4.683357161991849e-04	6.226184e-03
4.689460677616849e-04	4.613991e-03
4.690986556523099e-04	4.194630e-03
4.694038314335599e-04	3.345820e-03
4.700141829960599e-04	1.578806e-03
4.701406551285568e-04	1.203531e-03
4.703935993935506e-04	4.454376e-04
4.708994879235382e-04	-1.120906e-03
4.719112649835134e-04	-4.442827e-03
4.729323072976364e-04	-8.062134e-03
4.749743919258823e-04	-1.620679e-02
4.774078836154915e-04	-2.770080e-02
4.822748669947099e-04	-5.736473e-02
4.890805621918826e-04	-1.119377e-01
4.903012653168827e-04	-1.230888e-01
4.927426715668826e-04	-1.456502e-01
4.933530231293826e-04	-1.513734e-01
4.945737262543827e-04	-1.628459e-01
4.948789020356326e-04	-1.657204e-01
4.949551959809452e-04	-1.664387e-01
4.951077838715701e-04	-1.678747e-01
4.951459308442264e-04	-1.682337e-01
4.952222247895389e-04	-1.689508e-01
4.953748126801639e-04	-1.703770e-01
4.956799884614139e-04	-1.732253e-01
4.957562824067263e-04	-1.739461e-01
4.959088702973514e-04	-1.753853e-01
4.962140460786014e-04	-1.782563e-01
4.968243976411013e-04	-1.840003e-01
4.980451007661014e-04	-1.954789e-01
5.004865070161014e-04	-2.183145e-01
5.045934962159590e-04	-2.556271e-01
5.128074746156741e-04	-3.092932e-01
5.225730996156741e-04	-3.226286e-01
5.323387246156741e-04	-3.176099e-01
5.421043496156742e-04	-3.122534e-01
5.518699746156742e-04	-3.035786e-01
5.616355996156742e-04	-2.957119e-01
5.714012246156742e-04	-2.867121e-01
5.811668496156742e-04	-2.785077e-01
5.909324746156742e-04	-2.698241e-01
6.006980996156741e-04	-2.619448e-01
6.104637246156741e-04	-2.538186e-01
6.202293496156741e-04	-2.464122e-01
6.299949746156741e-04	-2.388753e-01
6.397605996156741e-04	-2.319605e-01
6.495262246156741e-04	-2.249719e-01
6.592918496156741e-04	-2.185104e-01
6.690574746156742e-04	-2.120017e-01
6.788230996156742e-04	-2.059333e-01
6.885887246156742e-04	-1.998285e-01
6.983543496156742e-04	-1.940870e-01
7.081199746156742e-04	-1.883118e-01
7.178855996156742e-04	-1.828323e-01
7.276512246156741e-04	-1.773180e-01
7.374168496156741e-04	-1.720407e-01
7.471824746156741e-04	-1.667259e-01
7.569480996156741e-04	-1.615971e-01
7.667137246156741e-04	-1.564267e-01
7.679344277406741e-04	-1.558113e-01
7.703758339906742e-04	-1.545494e-01
7.752586464906742e-04	-1.520046e-01
7.764793496156741e-04	-1.513755e-01
7.789207558656742e-04	-1.501101e-01
7.838035683656741e-04	-1.475824e-01
7.925901157623453e-04	-1.430570e-01
8.015174342519107e-04	-1.384756e-01
8.112830592519107e-04	-1.334774e-01
8.210486842519107e-04	-1.284799e-01
8.308143092519107e-04	-1.234756e-01
8.405799342519107e-04	-1.184500e-01
8.503455592519107e-04	-1.133929e-01
8.601111842519106e-04	-1.082866e-01
8.698768092519106e-04	-1.031152e-01
8.796424342519106e-04	-9.785334e-02
8.894080592519106e-04	-9.247310e-02
8.991736842519106e-04	-8.693207e-02
9.089393092519106e-04	-8.117571e-02
9.187049342519106e-04	-7.512061e-02
9.284705592519107e-04	-6.864489e-02
9.382361842519107e-04	-6.154957e-02
9.480018092519107e-04	-5.349799e-02
9.577674342519107e-04	-4.385272e-02
9.675330592519107e-04	-3.106774e-02
9.772986842519107e-04	-1.151617e-02
9.870643092519107e-04	2.544405e-02
9.968299342519107e-04	9.323176e-02
9.980506373769107e-04	1.041943e-01
1.000492043626911e-03	1.264813e-01
1.001102395189411e-03	1.321713e-01
1.002323098314411e-03	1.435956e-01
1.004764504564411e-03	1.666261e-01
1.008353802882944e-03	2.005659e-01
1.012767823649224e-03	2.414725e-01
1.018233578778924e-03	2.861013e-01
1.027999203778924e-03	3.193404e-01
1.037764828778924e-03	3.170429e-01
1.047530453778924e-03	3.121086e-01
1.057296078778924e-03	3.042769e-01
1.067061703778924e-03	2.960064e-01
1.076827328778924e-03	2.871453e-01
1.086592953778924e-03	2.786642e-01
1.096358578778924e-03	2.699932e-01
1.106124203778924e-03	2.617716e-01
1.115889828778924e-03	2.535793e-01
1.125655453778924e-03	2.458257e-01
1.135421078778924e-03	2.381822e-01
1.145186703778924e-03	2.309318e-01
1.154952328778924e-03	2.238151e-01
1.164717953778924e-03	2.170355e-01
1.174483578778924e-03	2.103873e-01
1.184249203778924e-03	2.040197e-01
1.194014828778924e-03	1.977698e-01
1.203780453778924e-03	1.917475e-01
1.213546078778924e-03	1.858253e-01
1.223311703778924e-03	1.800818e-01
1.233077328778924e-03	1.744193e-01
1.242842953778924e-03	1.688934e-01
1.252608578778924e-03	1.634294e-01
1.262374203778924e-03	1.580656e-01
1.272139828778924e-03	1.527454e-01
1.281905453778924e-03	1.474925e-01
1.291671078778924e-03	1.422662e-01
1.301436703778924e-03	1.370777e-01
1.311202328778924e-03	1.318977e-01
1.320967953778924e-03	1.267251e-01
1.330733578778924e-03	1.215387e-01
1.340499203778924e-03	1.163350e-01
1.350264828778924e-03	1.110903e-01
1.360030453778924e-03	1.057890e-01
1.369796078778924e-03	1.004085e-01
1.379561703778924e-03	9.491526e-02
1.389327328778924e-03	8.927610e-02
1.399092953778924e-03	8.342794e-02
1.408858578778924e-03	7.730304e-02
1.418624203778924e-03	7.077271e-02
1.428389828778924e-03	6.366464e-02
1.438155453778924e-03	5.565314e-02
1.447921078778924e-03	4.611250e-02
1.457686703778924e-03	3.382493e-02
1.467452328778924e-03	1.555367e-02
1.468673031903924e-03	1.251260e-02
1.471114438153924e-03	5.791959e-03
1.471724789716424e-03	3.867815e-03
1.471877377607049e-03	3.381581e-03
1.472182553388299e-03	2.398118e-03
1.472792904950799e-03	3.611484e-04
1.472945492841424e-03	-1.667312e-04
1.473250668622674e-03	-1.234036e-03
1.473861020185174e-03	-3.442544e-03
1.475081723310174e-03	-8.181822e-03
1.477523129560174e-03	-1.909131e-02
1.481238684955577e-03	-3.985381e-02
1.488669795746385e-03	-9.589066e-02
1.495115870985556e-03	-1.548593e-01
1.496336574110556e-03	-1.664710e-01
1.496374721083212e-03	-1.668324e-01
1.496451015028524e-03	-1.675540e-01
1.496603602919149e-03	-1.689960e-01
1.496908778700399e-03	-1.718676e-01
1.496985072645712e-03	-1.725923e-01
1.497137660536337e-03	-1.740418e-01
1.497442836317587e-03	-1.769336e-01
1.498053187880087e-03	-1.827163e-01
1.499273891005087e-03	-1.942609e-01
1.501715297255087e-03	-2.171874e-01
1.505149700199252e-03	-2.486063e-01
1.512018506087583e-03	-2.986995e-01
1.521784131087583e-03	-3.194822e-01
1.531549756087583e-03	-3.154506e-01
1.541315381087583e-03	-3.107995e-01
1.551081006087583e-03	-3.023937e-01
1.560846631087583e-03	-2.947829e-01
1.570612256087583e-03	-2.859279e-01
1.580377881087583e-03	-2.778501e-01
1.590143506087583e-03	-2.692488e-01
1.599909131087583e-03	-2.614482e-01
1.609674756087583e-03	-2.533766e-01
1.619440381087583e-03	-2.460225e-01
1.629206006087582e-03	-2.385251e-01
1.638971631087583e-03	-2.316471e-01
1.648737256087583e-03	-2.246890e-01
1.658502881087583e-03	-2.182545e-01
1.668268506087583e-03	-2.117707e-01
1.678034131087583e-03	-2.057228e-01
1.687799756087583e-03	-1.996390e-01
1.697565381087583e-03	-1.939134e-01
1.707331006087583e-03	-1.881566e-01
1.717096631087583e-03	-1.826897e-01
1.726862256087583e-03	-1.771917e-01
1.736627881087583e-03	-1.719244e-01
1.746393506087583e-03	-1.666242e-01
1.756159131087583e-03	-1.615033e-01
1.765924756087583e-03	-1.563460e-01
1.767145459212583e-03	-1.557301e-01
1.769586865462583e-03	-1.544706e-01
1.774469677962583e-03	-1.519295e-01
1.775690381087583e-03	-1.513014e-01
1.778131787337583e-03	-1.500382e-01
1.783014599837583e-03	-1.475148e-01
1.792780224837583e-03	-1.424944e-01
1.802167909167923e-03	-1.376856e-01
1.811933534167923e-03	-1.326952e-01
1.821699159167923e-03	-1.277029e-01
1.831464784167923e-03	-1.227017e-01
1.841230409167923e-03	-1.176765e-01
1.850996034167923e-03	-1.126171e-01
1.860761659167923e-03	-1.075051e-01
1.870527284167923e-03	-1.023243e-01
1.880292909167923e-03	-9.704810e-02
1.890058534167923e-03	-9.164761e-02
1.899824159167923e-03	-8.607794e-02
1.909589784167923e-03	-8.028185e-02
1.919355409167923e-03	-7.417037e-02
1.929121034167923e-03	-6.761330e-02
1.938886659167923e-03	-6.039526e-02
1.948652284167923e-03	-5.214789e-02
1.958417909167923e-03	-4.216113e-02
1.968183534167923e-03	-2.866099e-02
1.977949159167923e-03	-7.357648e-03
1.987714784167923e-03	3.379580e-02
1.997480409167923e-03	1.061871e-01
1.998701112292923e-03	1.174840e-01
2.001142518542923e-03	1.402941e-01
2.001752870105422e-03	1.460585e-01
2.002973573230423e-03	1.576154e-01
2.005414979480423e-03	1.807938e-01
2.009607933837482e-03	2.202730e-01
2.013934250333757e-03	2.593467e-01
2.022586883326306e-03	3.110351e-01
2.032352508326307e-03	3.207303e-01
2.042118133326306e-03	3.145315e-01
2.051883758326307e-03	3.081729e-01
2.061649383326306e-03	2.997953e-01
2.071415008326307e-03	2.915567e-01
2.081180633326307e-03	2.826186e-01
2.090946258326307e-03	2.742697e-01
2.100711883326307e-03	2.656374e-01
2.110477508326307e-03	2.576288e-01
2.120243133326307e-03	2.495200e-01
2.130008758326307e-03	2.419909e-01
2.139774383326307e-03	2.344409e-01
2.149540008326307e-03	2.274023e-01
2.159305633326307e-03	2.203740e-01
2.169071258326307e-03	2.137847e-01
2.178836883326307e-03	2.072127e-01
2.188602508326307e-03	2.010126e-01
2.198368133326307e-03	1.948259e-01
2.208133758326306e-03	1.889473e-01
2.217899383326307e-03	1.830747e-01
2.227665008326306e-03	1.774532e-01
2.237430633326307e-03	1.718281e-01
2.247196258326306e-03	1.664043e-01
2.256961883326307e-03	1.609669e-01
2.266727508326306e-03	1.556869e-01
2.276493133326307e-03	1.503835e-01
2.286258758326306e-03	1.451983e-01
2.296024383326307e-03	1.399803e-01
2.305790008326306e-03	1.348438e-01
2.307010711451307e-03	1.341918e-01
2.309452117701307e-03	1.328990e-01
2.314334930201307e-03	1.303262e-01
2.324100555201307e-03	1.251618e-01
2.333866180201307e-03	1.199979e-01
2.343631805201307e-03	1.147956e-01
2.353397430201307e-03	1.095606e-01
2.363163055201307e-03	1.042522e-01
2.372928680201307e-03	9.886616e-02
2.382694305201307e-03	9.335167e-02
2.392459930201307e-03	8.768424e-02
2.402225555201307e-03	8.178753e-02
2.411991180201307e-03	7.559239e-02
2.421756805201306e-03	6.895302e-02
2.431522430201307e-03	6.167647e-02
2.441288055201306e-03	5.338804e-02
2.451053680201307e-03	4.334768e-02
2.460819305201306e-03	3.004017e-02
2.470584930201307e-03	9.316814e-03
2.471805633326306e-03	5.766879e-03
2.472110809107557e-03	4.856693e-03
2.472721160670056e-03	2.985348e-03
2.472873748560682e-03	2.498094e-03
2.473178924341931e-03	1.510629e-03
2.473789275904432e-03	-5.417168e-04
2.473941863795057e-03	-1.074114e-03
2.474247039576307e-03	-2.157686e-03
2.474323333521619e-03	-2.431766e-03
2.474475921412244e-03	-2.981715e-03
2.474781097193494e-03	-4.104016e-03
2.475391448755994e-03	-6.435712e-03
2.476169871605133e-03	-9.574512e-03
2.477726717303409e-03	-1.644790e-02
2.480550169116043e-03	-3.113385e-02
2.483934669026014e-03	-5.276227e-02
2.490703668845954e-03	-1.071386e-01
2.491924371970954e-03	-1.183143e-01
2.494365778220954e-03	-1.409314e-01
2.496196832908454e-03	-1.581783e-01
2.497998798863464e-03	-1.751896e-01
2.498247390778143e-03	-1.775245e-01
2.498744574607501e-03	-1.822127e-01
2.499738942266217e-03	-1.915975e-01
2.501727677583650e-03	-2.102757e-01
2.504945591872372e-03	-2.399817e-01
2.511027743788896e-03	-2.887959e-01
2.520793368788896e-03	-3.187852e-01
2.530558993788896e-03	-3.164493e-01
2.540324618788896e-03	-3.118955e-01
2.550090243788896e-03	-3.038727e-01
2.559855868788896e-03	-2.962259e-01
2.569621493788896e-03	-2.874485e-01
2.579387118788896e-03	-2.792675e-01
2.589152743788896e-03	-2.706782e-01
2.598918368788896e-03	-2.627632e-01
2.608683993788896e-03	-2.546773e-01
2.618449618788896e-03	-2.472134e-01
2.628215243788896e-03	-2.396918e-01
2.637980868788896e-03	-2.327138e-01
2.647746493788896e-03	-2.257288e-01
2.657512118788896e-03	-2.192058e-01
2.667277743788896e-03	-2.126957e-01
2.677043368788896e-03	-2.065705e-01
2.686808993788896e-03	-2.004628e-01
2.696574618788896e-03	-1.946702e-01
2.706340243788896e-03	-1.888923e-01
2.716105868788896e-03	-1.833678e-01
2.725871493788896e-03	-1.778517e-01
2.735637118788896e-03	-1.725351e-01
2.745402743788896e-03	-1.672197e-01
2.755168368788896e-03	-1.620566e-01
2.764933993788896e-03	-1.568867e-01
2.766154696913896e-03	-1.562623e-01
2.768596103163896e-03	-1.549952e-01
2.773478915663896e-03	-1.524448e-01
2.774699618788896e-03	-1.518134e-01
2.777141025038896e-03	-1.505444e-01
2.782023837538896e-03	-1.480101e-01
2.790717684586181e-03	-1.435210e-01
2.799566397624087e-03	-1.389690e-01
2.809332022624087e-03	-1.339596e-01
2.819097647624087e-03	-1.289518e-01
2.828863272624087e-03	-1.239379e-01
2.838628897624087e-03	-1.189036e-01
2.848394522624087e-03	-1.138384e-01
2.858160147624087e-03	-1.087248e-01
2.867925772624087e-03	-1.035467e-01
2.877691397624087e-03	-9.827922e-02
2.887457022624087e-03	-9.289446e-02
2.897222647624087e-03	-8.735059e-02
2.906988272624087e-03	-8.159371e-02
2.916753897624087e-03	-7.554176e-02
2.926519522624087e-03	-6.907489e-02
2.936285147624087e-03	-6.199826e-02
2.946050772624087e-03	-5.398300e-02
2.955816397624087e-03	-4.440959e-02
2.965582022624087e-03	-3.178706e-02
2.975347647624087e-03	-1.264616e-02
2.985113272624087e-03	2.325926e-02
2.994878897624087e-03	8.975104e-02
2.996099600749087e-03	1.006033e-01
2.998541006999087e-03	1.227147e-01
2.999151358561587e-03	1.283766e-01
3.000372061686587e-03	1.397558e-01
3.002813467936587e-03	1.627314e-01
3.006109555002690e-03	1.939227e-01
3.010803764352503e-03	2.376184e-01
3.015656787687640e-03	2.788205e-01
3.025362834357914e-03	3.178797e-01
3.035128459357914e-03	3.178802e-01
3.044894084357914e-03	3.126884e-01
3.054659709357914e-03	3.052889e-01
3.064425334357914e-03	2.971384e-01
3.074190959357914e-03	2.883696e-01
3.083956584357914e-03	2.798604e-01
3.093722209357914e-03	2.712443e-01
3.103487834357914e-03	2.629883e-01
3.113253459357914e-03	2.548318e-01
3.123019084357914e-03	2.470473e-01
3.132784709357914e-03	2.394323e-01
3.142550334357914e-03	2.321579e-01
3.152315959357914e-03	2.250671e-01
3.162081584357914e-03	2.182710e-01
3.171847209357914e-03	2.116487e-01
3.181612834357914e-03	2.052718e-01
3.191378459357914e-03	1.990487e-01
3.201144084357914e-03	1.930236e-01
3.210909709357914e-03	1.871290e-01
3.220675334357914e-03	1.813891e-01
3.230440959357914e-03	1.757558e-01
3.240206584357914e-03	1.702388e-01
3.249972209357914e-03	1.648057e-01
3.259737834357914e-03	1.594552e-01
3.269503459357914e-03	1.541674e-01
3.279269084357914e-03	1.489326e-01
3.289034709357914e-03	1.437406e-01
3.298800334357914e-03	1.385756e-01
3.308565959357914e-03	1.334316e-01
3.309786662482914e-03	1.327909e-01
3.312228068732914e-03	1.315094e-01
3.312838420295414e-03	1.311880e-01
3.314059123420414e-03	1.305456e-01
3.316500529670414e-03	1.292586e-01
3.321383342170414e-03	1.266874e-01
3.330954431613816e-03	1.216402e-01
3.340720056613816e-03	1.164678e-01
3.350485681613816e-03	1.112577e-01
3.360251306613816e-03	1.059915e-01
3.370016931613816e-03	1.006469e-01
3.379782556613816e-03	9.519520e-02
3.389548181613816e-03	8.959829e-02
3.399313806613816e-03	8.380412e-02
3.409079431613816e-03	7.773807e-02
3.418845056613816e-03	7.128931e-02
3.428610681613816e-03	6.428344e-02
3.438376306613816e-03	5.642835e-02
3.448141931613816e-03	4.718944e-02
3.457907556613816e-03	3.532739e-02
3.467673181613816e-03	1.808294e-02
3.468893884738816e-03	1.526885e-02
3.471335290988816e-03	9.050102e-03
3.471945642551316e-03	7.276803e-03
3.473166345676316e-03	3.567592e-03
3.475607751926316e-03	-4.944936e-03
3.475684045871628e-03	-5.236793e-03
3.475836633762253e-03	-5.823629e-03
3.476141809543503e-03	-7.016847e-03
3.476752161106003e-03	-9.488950e-03
3.477972864231003e-03	-1.479338e-02
3.480414270481003e-03	-2.697784e-02
3.485297082981003e-03	-5.813464e-02
3.495062707981003e-03	-1.407101e-01
3.496588586887253e-03	-1.553515e-01
3.497198938449753e-03	-1.612070e-01
3.497351526340379e-03	-1.626697e-01
3.497656702121628e-03	-1.655939e-01
3.497732996066941e-03	-1.663249e-01
3.497885583957566e-03	-1.677864e-01
3.498190759738816e-03	-1.707018e-01
3.498801111301316e-03	-1.764873e-01
3.498953699191941e-03	-1.779519e-01
3.499258874973191e-03	-1.808686e-01
3.499869226535691e-03	-1.866738e-01
3.501089929660691e-03	-1.982615e-01
3.503531335910691e-03	-2.212043e-01
3.508414148410691e-03	-2.648079e-01
3.518179773410691e-03	-3.144979e-01
3.527945398410691e-03	-3.184544e-01
3.537711023410691e-03	-3.134937e-01
3.547476648410691e-03	-3.070374e-01
3.557242273410691e-03	-2.987803e-01
3.567007898410691e-03	-2.905079e-01
3.576773523410691e-03	-2.818421e-01
3.586539148410691e-03	-2.735821e-01
3.596304773410691e-03	-2.652296e-01
3.606070398410691e-03	-2.573507e-01
3.615836023410691e-03	-2.495108e-01
3.625601648410691e-03	-2.421291e-01
3.635367273410691e-03	-2.348318e-01
3.645132898410691e-03	-2.279471e-01
3.654898523410691e-03	-2.211545e-01
3.664664148410691e-03	-2.147199e-01
3.674429773410691e-03	-2.083683e-01
3.684195398410691e-03	-2.023200e-01
3.693961023410691e-03	-1.963383e-01
3.703726648410691e-03	-1.906086e-01
3.713492273410691e-03	-1.849270e-01
3.723257898410691e-03	-1.794511e-01
3.733023523410691e-03	-1.740050e-01
3.742789148410691e-03	-1.687235e-01
3.752554773410691e-03	-1.634548e-01
3.762320398410691e-03	-1.583144e-01
3.772086023410691e-03	-1.531681e-01
3.781851648410691e-03	-1.481013e-01
3.783072351535691e-03	-1.474597e-01
3.785513757785691e-03	-1.461907e-01
3.790396570285691e-03	-1.436663e-01
3.800162195285691e-03	-1.386267e-01
3.809927820285691e-03	-1.336049e-01
3.819693445285691e-03	-1.285819e-01
3.829459070285691e-03	-1.235547e-01
3.839224695285691e-03	-1.185040e-01
3.848990320285691e-03	-1.134236e-01
3.858755945285691e-03	-1.082913e-01
3.868521570285691e-03	-1.030947e-01
3.878287195285691e-03	-9.780393e-02
3.888052820285691e-03	-9.239420e-02
3.897818445285691e-03	-8.681802e-02
3.907584070285691e-03	-8.102307e-02
3.917349695285691e-03	-7.491948e-02
3.927115320285690e-03	-6.838482e-02
3.936880945285691e-03	-6.120845e-02
3.946646570285691e-03	-5.304185e-02
3.956412195285691e-03	-4.320893e-02
3.966177820285690e-03	-3.005891e-02
3.975943445285691e-03	-9.644019e-03
3.985709070285691e-03	2.936368e-02
3.995474695285691e-03	9.946677e-02
3.996695398410690e-03	1.106075e-01
3.999136804660691e-03	1.331770e-01
3.999747156223191e-03	1.389117e-01
4.000967859348191e-03	1.504026e-01
4.003409265598190e-03	1.735372e-01
4.006976087711242e-03	2.072446e-01
4.010893897080310e-03	2.434845e-01
4.018729515818447e-03	3.004642e-01
4.028495140818447e-03	3.199094e-01
4.038260765818447e-03	3.161701e-01
4.048026390818447e-03	3.107783e-01
4.057792015818447e-03	3.019664e-01
4.067557640818447e-03	2.941901e-01
4.077323265818447e-03	2.849359e-01
4.087088890818447e-03	2.768797e-01
4.096854515818447e-03	2.679617e-01
4.106620140818447e-03	2.601375e-01
4.116385765818447e-03	2.517878e-01
4.126151390818447e-03	2.443867e-01
4.135917015818447e-03	2.366328e-01
4.145682640818447e-03	2.296952e-01
4.155448265818447e-03	2.225041e-01
4.165213890818447e-03	2.159935e-01
4.174979515818447e-03	2.092939e-01
4.184745140818447e-03	2.031581e-01
4.194510765818447e-03	1.968721e-01
4.204276390818447e-03	1.910497e-01
4.214042015818447e-03	1.851018e-01
4.223807640818447e-03	1.795311e-01
4.233573265818447e-03	1.738515e-01
4.243338890818447e-03	1.684747e-01
4.253104515818447e-03	1.630006e-01
4.262870140818447e-03	1.577651e-01
4.272635765818447e-03	1.524405e-01
4.282401390818447e-03	1.472986e-01
4.292167015818447e-03	1.420736e-01
4.301932640818447e-03	1.369805e-01
4.303153343943447e-03	1.363244e-01
4.305594750193447e-03	1.350314e-01
4.310477562693447e-03	1.324770e-01
4.311698265818447e-03	1.318354e-01
4.314139672068447e-03	1.305542e-01
4.319022484568447e-03	1.279875e-01
4.328788109568447e-03	1.228548e-01
4.338553734568447e-03	1.177002e-01
4.348319359568447e-03	1.125142e-01
4.358084984568447e-03	1.072743e-01
4.367850609568447e-03	1.019646e-01
4.377616234568447e-03	9.655368e-02
4.387381859568447e-03	9.101110e-02
4.397147484568447e-03	8.528473e-02
4.406913109568447e-03	7.931171e-02
4.416678734568447e-03	7.298882e-02
4.426444359568447e-03	6.616708e-02
4.436209984568447e-03	5.859078e-02
4.445975609568447e-03	4.981526e-02
4.455741234568447e-03	3.884273e-02
4.465506859568447e-03	2.357368e-02
4.475272484568447e-03	-2.177443e-03
4.485038109568447e-03	-5.286724e-02
4.494803734568447e-03	-1.334647e-01
4.496024437693447e-03	-1.451382e-01
4.498465843943447e-03	-1.684931e-01
4.498542137888760e-03	-1.692132e-01
4.498694725779385e-03	-1.706478e-01
4.498732872752041e-03	-1.710110e-01
4.498809166697353e-03	-1.717400e-01
4.498961754587978e-03	-1.731952e-01
4.499266930369228e-03	-1.761021e-01
4.499877281931728e-03	-1.819161e-01
4.501097985056728e-03	-1.935076e-01
4.503231327732588e-03	-2.136267e-01
4.506248719017821e-03	-2.414919e-01
4.512283501588285e-03	-2.896045e-01
4.522049126588285e-03	-3.187908e-01
4.531814751588285e-03	-3.162706e-01
4.541580376588285e-03	-3.116942e-01
4.551346001588285e-03	-3.036238e-01
4.561111626588285e-03	-2.959594e-01
4.570877251588285e-03	-2.871561e-01
4.580642876588285e-03	-2.789602e-01
4.590408501588285e-03	-2.703505e-01
4.600174126588285e-03	-2.624203e-01
4.609939751588285e-03	-2.543162e-01
4.619705376588285e-03	-2.468361e-01
4.629471001588285e-03	-2.392970e-01
4.639236626588285e-03	-2.323016e-01
4.649002251588285e-03	-2.252992e-01
4.658767876588285e-03	-2.187575e-01
4.668533501588285e-03	-2.122298e-01
4.678299126588285e-03	-2.060850e-01
4.688064751588285e-03	-1.999595e-01
4.697830376588285e-03	-1.941465e-01
4.707596001588285e-03	-1.883506e-01
4.717361626588285e-03	-1.828050e-01
4.727127251588285e-03	-1.772708e-01
4.736892876588285e-03	-1.719326e-01
4.746658501588285e-03	-1.665981e-01
4.756424126588285e-03	-1.614136e-01
4.766189751588285e-03	-1.562245e-01
4.775955376588285e-03	-1.511354e-01
4.777176079713285e-03	-1.504892e-01
4.779617485963285e-03	-1.492087e-01
4.784500298463285e-03	-1.466726e-01
4.792957046828649e-03	-1.422849e-01
4.802722671828649e-03	-1.372468e-01
4.812488296828649e-03	-1.322115e-01
4.822253921828648e-03	-1.271839e-01
4.832019546828649e-03	-1.221381e-01
4.841785171828649e-03	-1.170758e-01
4.851550796828649e-03	-1.119697e-01
4.861316421828648e-03	-1.068162e-01
4.871082046828649e-03	-1.015829e-01
4.880847671828649e-03	-9.625572e-02
4.890613296828649e-03	-9.079000e-02
4.900378921828649e-03	-8.515015e-02
4.910144546828649e-03	-7.926138e-02
4.919910171828649e-03	-7.303781e-02
4.929675796828649e-03	-6.632320e-02
4.939441421828649e-03	-5.888566e-02
4.949207046828649e-03	-5.029044e-02
4.958972671828649e-03	-3.961346e-02
4.968738296828649e-03	-2.489827e-02
4.978503921828649e-03	-4.877697e-04
4.988269546828649e-03	4.765674e-02
4.998035171828649e-03	1.263095e-01
4.999255874953649e-03	1.379209e-01
5.001697281203649e-03	1.611833e-01
5.002307632766149e-03	1.670185e-01
5.003528335891149e-03	1.786699e-01
5.005969742141149e-03	2.018644e-01
5.010852554641149e-03	2.470326e-01
5.020618179641148e-03	3.097674e-01
5.030383804641149e-03	3.199106e-01
5.040149429641149e-03	3.144055e-01
5.049915054641149e-03	3.088610e-01
5.059680679641148e-03	3.001480e-01
5.069446304641149e-03	2.922089e-01
5.079211929641149e-03	2.830212e-01
5.088977554641149e-03	2.749366e-01
5.098743179641149e-03	2.661241e-01
5.108508804641149e-03	2.583176e-01
5.118274429641149e-03	2.500758e-01
5.128040054641149e-03	2.427099e-01
5.137805679641149e-03	2.350613e-01
5.147571304641149e-03	2.281584e-01
5.157336929641149e-03	2.210573e-01
5.167102554641149e-03	2.145834e-01
5.176868179641149e-03	2.079597e-01
5.186633804641149e-03	2.018584e-01
5.196399429641149e-03	1.956356e-01
5.206165054641149e-03	1.898439e-01
5.215930679641149e-03	1.839477e-01
5.225696304641148e-03	1.784034e-01
5.235461929641149e-03	1.727653e-01
5.245227554641149e-03	1.674107e-01
5.254993179641149e-03	1.619693e-01
5.264758804641148e-03	1.567520e-01
5.274524429641149e-03	1.514525e-01
5.284290054641149e-03	1.463253e-01
5.294055679641149e-03	1.411174e-01
5.303821304641148e-03	1.360372e-01
5.313586929641149e-03	1.308763e-01
5.323352554641149e-03	1.257931e-01
5.333118179641149e-03	1.206288e-01
5.342883804641149e-03	1.155011e-01
5.352649429641149e-03	1.102788e-01
5.362415054641149e-03	1.050429e-01
5.372180679641149e-03	9.968463e-02
5.381946304641149e-03	9.424884e-02
5.391711929641149e-03	8.863179e-02
5.401477554641149e-03	8.283459e-02
5.411243179641149e-03	7.673109e-02
5.421008804641149e-03	7.024627e-02
5.430774429641149e-03	6.315690e-02
5.440540054641149e-03	5.518468e-02
5.450305679641149e-03	4.564740e-02
5.460071304641149e-03	3.339197e-02
5.469836929641148e-03	1.505242e-02
5.471057632766149e-03	1.199891e-02
5.473499039016149e-03	5.274211e-03
5.474109390578649e-03	3.342279e-03
5.475330093703649e-03	-7.086838e-04
5.475635269484899e-03	-1.792063e-03
5.476245621047399e-03	-4.009534e-03
5.476398208938024e-03	-4.583708e-03
5.476703384719274e-03	-5.747968e-03
5.477313736281774e-03	-8.152369e-03
5.478136809121731e-03	-1.157930e-02
5.479594101865678e-03	-1.820457e-02
5.481080787627872e-03	-2.574028e-02
5.484054159152259e-03	-4.336611e-02
5.490000902201032e-03	-8.806769e-02
5.491221605326032e-03	-9.875342e-02
5.493663011576032e-03	-1.205954e-01
5.498545824076032e-03	-1.660584e-01
5.498698411966657e-03	-1.674985e-01
5.498736558939313e-03	-1.678576e-01
5.498812852884625e-03	-1.685734e-01
5.498965440775250e-03	-1.700011e-01
5.499003587747906e-03	-1.703616e-01
5.499079881693219e-03	-1.710836e-01
5.499232469583845e-03	-1.725243e-01
5.499537645365094e-03	-1.754073e-01
5.500147996927595e-03	-1.811776e-01
5.501368700052594e-03	-1.926976e-01
5.503567939345683e-03	-2.133480e-01
5.506649215218670e-03	-2.417249e-01
5.512811766964644e-03	-2.905369e-01
5.522577391964644e-03	-3.190315e-01
5.532343016964644e-03	-3.163348e-01
5.542108641964644e-03	-3.117408e-01
5.551874266964644e-03	-3.036187e-01
5.561639891964644e-03	-2.959442e-01
5.571405516964644e-03	-2.871118e-01
5.581171141964644e-03	-2.789093e-01
5.590936766964644e-03	-2.702777e-01
5.600702391964644e-03	-2.623421e-01
5.610468016964644e-03	-2.542199e-01
5.620233641964644e-03	-2.467342e-01
5.629999266964644e-03	-2.391793e-01
5.639764891964644e-03	-2.321779e-01
5.649530516964644e-03	-2.251613e-01
5.659296141964644e-03	-2.186131e-01
5.669061766964644e-03	-2.120723e-01
5.678827391964644e-03	-2.059206e-01
5.688593016964644e-03	-1.997828e-01
5.698358641964644e-03	-1.939625e-01
5.708124266964644e-03	-1.881549e-01
5.717889891964644e-03	-1.826017e-01
5.727655516964644e-03	-1.770563e-01
5.737421141964644e-03	-1.717103e-01
5.747186766964644e-03	-1.663649e-01
5.756952391964644e-03	-1.611723e-01
5.766718016964644e-03	-1.559727e-01
5.776483641964644e-03	-1.508739e-01
5.777704345089644e-03	-1.502263e-01
5.780145751339644e-03	-1.489432e-01
5.785028563839644e-03	-1.464028e-01
5.793451798476323e-03	-1.420240e-01
5.803217423476323e-03	-1.369763e-01
5.812983048476323e-03	-1.319307e-01
5.822748673476322e-03	-1.268931e-01
5.832514298476323e-03	-1.218364e-01
5.842279923476323e-03	-1.167630e-01
5.852045548476323e-03	-1.116446e-01
5.861811173476322e-03	-1.064778e-01
5.871576798476322e-03	-1.012293e-01
5.881342423476323e-03	-9.588505e-02
5.891108048476323e-03	-9.039862e-02
5.900873673476323e-03	-8.473384e-02
5.910639298476322e-03	-7.881301e-02
5.920404923476323e-03	-7.254741e-02
5.930170548476323e-03	-6.577397e-02
5.939936173476323e-03	-5.824989e-02
5.949701798476322e-03	-4.951571e-02
5.959467423476323e-03	-3.858182e-02
5.969233048476323e-03	-2.331952e-02
5.978998673476323e-03	2.496157e-03
5.988764298476322e-03	5.341926e-02
5.998529923476323e-03	1.342270e-01
5.999750626601323e-03	1.459022e-01
6.002192032851322e-03	1.692643e-01
6.006501864568954e-03	2.102288e-01
6.011053899020031e-03	2.520407e-01
6.017291880096406e-03	2.978909e-01
6.027057505096406e-03	3.207897e-01
6.036823130096407e-03	3.159776e-01
6.046588755096407e-03	3.106992e-01
6.056354380096407e-03	3.025357e-01
6.066120005096406e-03	2.945476e-01
6.075885630096406e-03	2.856897e-01
6.085651255096407e-03	2.773391e-01
6.095416880096407e-03	2.687195e-01
6.105182505096406e-03	2.606497e-01
6.114948130096406e-03	2.525333e-01
6.124713755096407e-03	2.449314e-01
6.134479380096407e-03	2.373713e-01
6.144245005096406e-03	2.302651e-01
6.154010630096406e-03	2.232317e-01
6.163776255096407e-03	2.165860e-01
6.173541880096407e-03	2.100189e-01
6.183307505096406e-03	2.037734e-01
6.193073130096406e-03	1.975996e-01
6.202838755096407e-03	1.916895e-01
6.212604380096407e-03	1.858376e-01
6.222370005096406e-03	1.801972e-01
6.232135630096406e-03	1.746006e-01
6.241901255096407e-03	1.691692e-01
6.251666880096407e-03	1.637672e-01
6.261432505096406e-03	1.584902e-01
6.271198130096406e-03	1.532284e-01
6.280963755096407e-03	1.480565e-01
6.290729380096407e-03	1.428869e-01
6.300495005096407e-03	1.377746e-01
6.310260630096406e-03	1.326529e-01
6.320026255096406e-03	1.275523e-01
6.329791880096407e-03	1.224280e-01
6.339557505096407e-03	1.172966e-01
6.349323130096406e-03	1.121200e-01
6.359088755096406e-03	1.068973e-01
6.368854380096407e-03	1.015972e-01
6.378620005096407e-03	9.619830e-02
6.388385630096406e-03	9.066417e-02
6.398151255096406e-03	8.494455e-02
6.407916880096407e-03	7.897693e-02
6.417682505096407e-03	7.265346e-02
6.427448130096406e-03	6.582882e-02
6.437213755096406e-03	5.823693e-02
6.446979380096407e-03	4.943257e-02
6.456745005096407e-03	3.839355e-02
6.466510630096406e-03	2.295217e-02
6.476276255096406e-03	-3.231018e-03
6.486041880096407e-03	-5.479994e-02
6.495807505096407e-03	-1.360669e-01
6.497028208221406e-03	-1.477442e-01
6.497943735565156e-03	-1.565163e-01
6.499164438690156e-03	-1.682062e-01
6.499197818141264e-03	-1.685249e-01
6.499264577043480e-03	-1.691614e-01
6.499398094847911e-03	-1.704308e-01
6.499665130456774e-03	-1.729545e-01
6.499731889358989e-03	-1.735922e-01
6.499865407163421e-03	-1.748679e-01
6.500132442772283e-03	-1.774125e-01
6.500666513990007e-03	-1.824986e-01
6.501734656425458e-03	-1.926473e-01
6.503870941296357e-03	-2.128038e-01
6.507222341219855e-03	-2.437084e-01
6.513922179568954e-03	-2.948904e-01
6.523687804568953e-03	-3.192919e-01
6.533453429568954e-03	-3.157431e-01
6.543219054568954e-03	-3.111951e-01
6.552984679568954e-03	-3.028177e-01
6.562750304568953e-03	-2.951519e-01
6.572515929568953e-03	-2.862749e-01
6.582281554568954e-03	-2.781131e-01
6.592047179568954e-03	-2.694643e-01
6.601812804568953e-03	-2.615735e-01
6.611578429568953e-03	-2.534451e-01
6.621344054568954e-03	-2.460017e-01
6.631109679568954e-03	-2.384445e-01
6.640875304568953e-03	-2.314804e-01
6.650640929568953e-03	-2.244622e-01
6.660406554568954e-03	-2.179458e-01
6.670172179568954e-03	-2.114028e-01
6.679937804568954e-03	-2.052775e-01
6.689703429568953e-03	-1.991362e-01
6.699469054568954e-03	-1.933375e-01
6.709234679568954e-03	-1.875250e-01
6.719000304568954e-03	-1.819889e-01
6.728765929568953e-03	-1.764372e-01
6.738531554568954e-03	-1.711042e-01
6.748297179568954e-03	-1.657519e-01
6.758062804568954e-03	-1.605683e-01
6.767828429568953e-03	-1.553598e-01
6.769049132693954e-03	-1.547345e-01
6.771490538943954e-03	-1.534591e-01
6.776373351443953e-03	-1.508861e-01
6.777594054568954e-03	-1.502517e-01
6.780035460818954e-03	-1.489744e-01
6.784918273318953e-03	-1.464242e-01
6.793395598328368e-03	-1.420173e-01
6.803161223328368e-03	-1.369579e-01
6.812926848328368e-03	-1.319113e-01
6.822692473328368e-03	-1.268629e-01
6.832458098328368e-03	-1.218047e-01
6.842223723328368e-03	-1.167209e-01
6.851989348328368e-03	-1.116005e-01
6.861754973328368e-03	-1.064235e-01
6.871520598328368e-03	-1.011719e-01
6.881286223328368e-03	-9.581678e-02
6.891051848328368e-03	-9.032551e-02
6.900817473328368e-03	-8.464808e-02
6.910583098328368e-03	-7.871895e-02
6.920348723328367e-03	-7.243612e-02
6.930114348328368e-03	-6.564653e-02
6.939879973328368e-03	-5.809259e-02
6.949645598328368e-03	-4.931900e-02
6.959411223328368e-03	-3.830522e-02
6.969176848328368e-03	-2.288469e-02
6.978942473328368e-03	3.350032e-03
6.988708098328368e-03	5.505035e-02
6.998473723328368e-03	1.364288e-01
6.999694426453368e-03	1.481169e-01
7.002135832703368e-03	1.715021e-01
7.007018645203368e-03	2.178040e-01
7.011693788399564e-03	2.601455e-01
7.018896416687850e-03	3.063872e-01
7.028662041687850e-03	3.207568e-01
7.038427666687851e-03	3.155078e-01
7.048193291687850e-03	3.093731e-01
7.057958916687850e-03	3.010187e-01
7.067724541687850e-03	2.929376e-01
7.077490166687851e-03	2.840056e-01
7.087255791687850e-03	2.757398e-01
7.097021416687850e-03	2.670960e-01
7.106787041687850e-03	2.591414e-01
7.116552666687851e-03	2.510222e-01
7.126318291687850e-03	2.435351e-01
7.136083916687850e-03	2.359809e-01
7.145849541687850e-03	2.289799e-01
7.155615166687851e-03	2.219550e-01
7.165380791687851e-03	2.154025e-01
7.175146416687850e-03	2.088411e-01
7.184912041687850e-03	2.026786e-01
7.194677666687851e-03	1.965097e-01
7.204443291687851e-03	1.906700e-01
7.214208916687850e-03	1.848211e-01
7.223974541687850e-03	1.792401e-01
7.233740166687850e-03	1.736444e-01
7.243505791687851e-03	1.682627e-01
7.253271416687850e-03	1.628596e-01
7.263037041687850e-03	1.576236e-01
7.272802666687850e-03	1.523593e-01
7.282568291687851e-03	1.472207e-01
7.292333916687850e-03	1.420467e-01
7.302099541687850e-03	1.369607e-01
7.303320244812850e-03	1.363142e-01
7.305761651062850e-03	1.350328e-01
7.310644463562850e-03	1.324873e-01
7.311865166687850e-03	1.318505e-01
7.314306572937850e-03	1.305764e-01
7.319189385437850e-03	1.280222e-01
7.328955010437850e-03	1.229145e-01
7.338720635437851e-03	1.177849e-01
7.348486260437851e-03	1.126238e-01
7.358251885437850e-03	1.074094e-01
7.368017510437850e-03	1.021263e-01
7.377783135437851e-03	9.674367e-02
7.387548760437851e-03	9.123210e-02
7.397314385437850e-03	8.554089e-02
7.407080010437850e-03	7.960931e-02
7.416845635437850e-03	7.333768e-02
7.426611260437851e-03	6.658300e-02
7.436376885437850e-03	5.910090e-02
7.446142510437850e-03	5.046999e-02
7.455908135437850e-03	3.975658e-02
7.465673760437851e-03	2.502657e-02
7.475439385437850e-03	6.405921e-04
7.475591973328475e-03	1.440139e-04
7.475897149109725e-03	-8.637508e-04
7.476507500672225e-03	-2.970905e-03
7.476660088562850e-03	-3.520260e-03
7.476965264344101e-03	-4.633506e-03
7.477041558289413e-03	-4.917324e-03
7.477194146180038e-03	-5.488699e-03
7.477499321961288e-03	-6.661551e-03
7.477572002027907e-03	-6.943793e-03
7.477717362161145e-03	-7.509705e-03
7.478008082427622e-03	-8.665513e-03
7.478589522960573e-03	-1.106657e-02
7.479248985063969e-03	-1.392721e-02
7.480567909270758e-03	-2.011048e-02
7.483205757684338e-03	-3.443231e-02
7.485724929438568e-03	-5.063527e-02
7.490763272947029e-03	-8.962439e-02
7.498972891507699e-03	-1.640647e-01
7.499108432596808e-03	-1.653600e-01
7.499379514775029e-03	-1.679509e-01
7.499447285319583e-03	-1.685984e-01
7.499582826408694e-03	-1.698880e-01
7.499853908586913e-03	-1.724512e-01
7.499921679131469e-03	-1.730992e-01
7.500057220220578e-03	-1.743944e-01
7.500328302398798e-03	-1.769773e-01
7.500870466755238e-03	-1.821407e-01
7.501954795468118e-03	-1.924430e-01
7.504123452893877e-03	-2.129041e-01
7.507556933706534e-03	-2.445424e-01
7.514423895331848e-03	-2.963485e-01
7.524189520331848e-03	-3.195480e-01
7.533955145331847e-03	-3.157702e-01
7.543720770331847e-03	-3.111638e-01
7.553486395331848e-03	-3.027356e-01
7.563252020331848e-03	-2.950614e-01
7.573017645331847e-03	-2.861532e-01
7.582783270331847e-03	-2.779909e-01
7.592548895331847e-03	-2.693220e-01
7.602314520331848e-03	-2.614332e-01
7.612080145331847e-03	-2.532900e-01
7.621845770331847e-03	-2.458484e-01
7.631611395331847e-03	-2.382790e-01
7.641377020331848e-03	-2.313161e-01
7.651142645331848e-03	-2.242873e-01
7.660908270331847e-03	-2.177712e-01
7.670673895331847e-03	-2.112185e-01
7.680439520331848e-03	-2.050925e-01
7.690205145331848e-03	-1.989421e-01
7.699970770331847e-03	-1.931417e-01
7.709736395331847e-03	-1.873204e-01
7.719502020331848e-03	-1.817819e-01
7.729267645331848e-03	-1.762217e-01
7.739033270331847e-03	-1.708857e-01
7.748798895331847e-03	-1.655251e-01
7.758564520331848e-03	-1.603378e-01
7.768330145331848e-03	-1.551209e-01
7.769550848456847e-03	-1.544955e-01
7.771992254706848e-03	-1.532183e-01
7.776875067206848e-03	-1.506416e-01
7.778095770331847e-03	-1.500065e-01
7.780537176581848e-03	-1.487278e-01
7.785419989081848e-03	-1.461744e-01
7.794135323051509e-03	-1.416381e-01
7.803900948051509e-03	-1.365723e-01
7.813666573051509e-03	-1.315188e-01
7.823432198051509e-03	-1.264627e-01
7.833197823051509e-03	-1.213962e-01
7.842963448051509e-03	-1.163032e-01
7.852729073051509e-03	-1.111722e-01
7.862494698051508e-03	-1.059831e-01
7.872260323051508e-03	-1.007174e-01
7.882025948051510e-03	-9.534521e-02
7.891791573051509e-03	-8.983304e-02
7.901557198051509e-03	-8.412910e-02
7.911322823051509e-03	-7.816537e-02
7.921088448051509e-03	-7.183547e-02
7.930854073051509e-03	-6.497894e-02
7.940619698051508e-03	-5.732384e-02
7.950385323051508e-03	-4.838490e-02
7.960150948051510e-03	-3.705674e-02
7.969916573051510e-03	-2.094859e-02
7.979682198051509e-03	7.074405e-03
7.989447823051509e-03	6.199796e-02
7.999213448051509e-03	1.455802e-01
8.000434151176510e-03	1.573153e-01
8.002875557426509e-03	1.807392e-01
8.007758369926510e-03	2.268717e-01
8.013971191951396e-03	2.800481e-01
8.023186595101858e-03	3.174760e-01
8.032952220101858e-03	3.179594e-01
8.042717845101858e-03	3.135040e-01
8.052483470101858e-03	3.058188e-01
8.062249095101857e-03	2.974230e-01
8.072014720101857e-03	2.888209e-01
8.081780345101857e-03	2.802702e-01
8.091545970101857e-03	2.717569e-01
8.101311595101857e-03	2.634843e-01
8.111077220101858e-03	2.554078e-01
8.120842845101858e-03	2.476224e-01
8.130608470101858e-03	2.400749e-01
8.140374095101858e-03	2.328092e-01
8.150139720101857e-03	2.257784e-01
8.159905345101857e-03	2.189976e-01
8.169670970101857e-03	2.124301e-01
8.179436595101857e-03	2.060735e-01
8.189202220101858e-03	1.999015e-01
8.198967845101858e-03	1.939007e-01
8.208733470101858e-03	1.880543e-01
8.218499095101858e-03	1.823416e-01
8.228264720101857e-03	1.767544e-01
8.238030345101857e-03	1.712670e-01
8.247795970101857e-03	1.658785e-01
8.257561595101857e-03	1.605595e-01
8.267327220101858e-03	1.553154e-01
8.277092845101858e-03	1.501145e-01
8.286858470101858e-03	1.449661e-01
8.296624095101858e-03	1.398369e-01
8.306389720101857e-03	1.347390e-01
8.307610423226858e-03	1.341011e-01
8.310051829476858e-03	1.328289e-01
8.314934641976857e-03	1.302812e-01
8.324700266976858e-03	1.251784e-01
8.334465891976858e-03	1.200669e-01
8.344231516976858e-03	1.149246e-01
8.353997141976858e-03	1.097427e-01
8.363762766976857e-03	1.044960e-01
8.373528391976857e-03	9.916785e-02
8.383294016976857e-03	9.372217e-02
8.393059641976857e-03	8.812479e-02
8.402825266976858e-03	8.231480e-02
8.412590891976858e-03	7.621795e-02
8.422356516976858e-03	6.970906e-02
8.432122141976858e-03	6.260298e-02
8.441887766976857e-03	5.457072e-02
8.451653391976857e-03	4.501351e-02
8.461419016976857e-03	3.247940e-02
8.471184641976857e-03	1.363490e-02
8.472405345101857e-03	1.049277e-02
8.474846751351857e-03	3.504491e-03
8.475457102914358e-03	1.496429e-03
8.476677806039357e-03	-2.713537e-03
8.476982981820607e-03	-3.840313e-03
8.477593333383108e-03	-6.147664e-03
8.477745921273733e-03	-6.745653e-03
8.478051097054982e-03	-7.955175e-03
8.478661448617482e-03	-1.045970e-02
8.479882151742483e-03	-1.583658e-02
8.482323557992482e-03	-2.818677e-02
8.486053215623185e-03	-5.145653e-02
8.493512530884588e-03	-1.114638e-01
8.494733234009589e-03	-1.227428e-01
8.497174640259588e-03	-1.455199e-01
8.497784991822088e-03	-1.512829e-01
8.499005694947088e-03	-1.628279e-01
8.499310870728338e-03	-1.657179e-01
8.499387164673650e-03	-1.664401e-01
8.499539752564275e-03	-1.678843e-01
8.499844928345525e-03	-1.707672e-01
8.500455279908026e-03	-1.764978e-01
8.500607867798651e-03	-1.779492e-01
8.500913043579901e-03	-1.808404e-01
8.501523395142400e-03	-1.865998e-01
8.502744098267401e-03	-1.981105e-01
8.505185504517400e-03	-2.209464e-01
8.510058917574639e-03	-2.643940e-01
8.519805743689116e-03	-3.143578e-01
8.529571368689115e-03	-3.185201e-01
8.539336993689115e-03	-3.135131e-01
8.549102618689115e-03	-3.070525e-01
8.558868243689115e-03	-2.987472e-01
8.568633868689115e-03	-2.904499e-01
8.578399493689116e-03	-2.817327e-01
8.588165118689116e-03	-2.734426e-01
8.597930743689116e-03	-2.650406e-01
8.607696368689115e-03	-2.571287e-01
8.617461993689115e-03	-2.492413e-01
8.627227618689115e-03	-2.418251e-01
8.636993243689115e-03	-2.344823e-01
8.646758868689115e-03	-2.275624e-01
8.656524493689114e-03	-2.207261e-01
8.666290118689116e-03	-2.142561e-01
8.676055743689116e-03	-2.078624e-01
8.685821368689116e-03	-2.017788e-01
8.695586993689115e-03	-1.957564e-01
8.705352618689115e-03	-1.899917e-01
8.715118243689115e-03	-1.842708e-01
8.724883868689115e-03	-1.787603e-01
8.734649493689114e-03	-1.732760e-01
8.744415118689116e-03	-1.679601e-01
8.754180743689116e-03	-1.626539e-01
8.763946368689116e-03	-1.574795e-01
8.765167071814114e-03	-1.568225e-01
8.767608478064116e-03	-1.555284e-01
8.772491290564115e-03	-1.529553e-01
8.773711993689115e-03	-1.523126e-01
8.776153399939115e-03	-1.510272e-01
8.781036212439116e-03	-1.484630e-01
8.782256915564115e-03	-1.478261e-01
8.784698321814116e-03	-1.465499e-01
8.789581134314115e-03	-1.440009e-01
8.799346759314115e-03	-1.389228e-01
8.809112384314114e-03	-1.338589e-01
8.818878009314116e-03	-1.288008e-01
8.828643634314116e-03	-1.237350e-01
8.838409259314116e-03	-1.186514e-01
8.848174884314115e-03	-1.135345e-01
8.857940509314115e-03	-1.083701e-01
8.867706134314115e-03	-1.031372e-01
8.877471759314115e-03	-9.781309e-02
8.897003009314116e-03	-8.675045e-02
8.906768634314116e-03	-8.090948e-02
8.916534259314116e-03	-7.475599e-02
8.926299884314115e-03	-6.815648e-02
8.936065509314115e-03	-6.089866e-02
8.945831134314115e-03	-5.261165e-02
8.955596759314115e-03	-4.258925e-02
8.965362384314115e-03	-2.905916e-02
8.975128009314116e-03	-7.749965e-03
8.984893634314116e-03	3.334408e-02
8.994659259314116e-03	1.056393e-01
8.995879962439115e-03	1.169287e-01
8.998321368689116e-03	1.397294e-01
8.998931720251615e-03	1.454934e-01
9.000152423376616e-03	1.570504e-01
9.002593829626615e-03	1.802369e-01
9.006756201030476e-03	2.194671e-01
9.011054658397841e-03	2.583987e-01
9.019651573132571e-03	3.104478e-01
9.029417198132571e-03	3.207767e-01
9.039182823132571e-03	3.146925e-01
9.048948448132570e-03	3.084107e-01
9.058714073132570e-03	3.000954e-01
9.068479698132570e-03	2.919326e-01
9.078245323132570e-03	2.830520e-01
9.088010948132570e-03	2.747697e-01
9.097776573132571e-03	2.661925e-01
9.107542198132571e-03	2.582468e-01
9.117307823132571e-03	2.501928e-01
9.127073448132570e-03	2.427249e-01
9.136839073132570e-03	2.352297e-01
9.146604698132570e-03	2.282514e-01
9.156370323132570e-03	2.212782e-01
9.166135948132570e-03	2.147485e-01
9.175901573132569e-03	2.082317e-01
9.185667198132571e-03	2.020905e-01
9.195432823132571e-03	1.959593e-01
9.205198448132570e-03	1.901390e-01
9.214964073132570e-03	1.843217e-01
9.224729698132570e-03	1.787580e-01
9.234495323132570e-03	1.731883e-01
9.244260948132570e-03	1.678219e-01
9.254026573132569e-03	1.624401e-01
9.263792198132571e-03	1.572175e-01
9.273557823132571e-03	1.519704e-01
9.283323448132571e-03	1.468434e-01
9.293089073132570e-03	1.416832e-01
9.302854698132570e-03	1.366073e-01
9.304075401257571e-03	1.359622e-01
9.306516807507570e-03	1.346841e-01
9.311399620007571e-03	1.321431e-01
9.312620323132570e-03	1.315077e-01
9.315061729382569e-03	1.302356e-01
9.319944541882570e-03	1.276857e-01
9.329710166882570e-03	1.225869e-01
9.339475791882570e-03	1.174639e-01
9.349241416882570e-03	1.123096e-01
9.359007041882569e-03	1.070999e-01
9.368772666882571e-03	1.018204e-01
9.378538291882571e-03	9.644065e-02
9.388303916882570e-03	9.092902e-02
9.398069541882570e-03	8.523719e-02
9.407835166882570e-03	7.929881e-02
9.417600791882570e-03	7.302006e-02
9.427366416882570e-03	6.624209e-02
9.437132041882569e-03	5.873758e-02
9.446897666882571e-03	5.006299e-02
9.456663291882571e-03	3.924521e-02
9.466428916882571e-03	2.430261e-02
9.476194541882570e-03	-6.631365e-04
9.476347129773195e-03	-1.172857e-03
9.476652305554445e-03	-2.207329e-03
9.477262657116944e-03	-4.370749e-03
9.477415245007571e-03	-4.934876e-03
9.477720420788821e-03	-6.078296e-03
9.478330772351320e-03	-8.465617e-03
9.478445064657250e-03	-8.924831e-03
9.478673649269112e-03	-9.852187e-03
9.479130818492837e-03	-1.176667e-02
9.479243654155093e-03	-1.225270e-02
9.479469325479606e-03	-1.323334e-02
9.479920668128635e-03	-1.524862e-02
9.480823353426690e-03	-1.949819e-02
9.482628724022802e-03	-2.891089e-02
9.484712978175930e-03	-4.135254e-02
9.488881486482189e-03	-7.113430e-02
9.495325753989757e-03	-1.265693e-01
9.496546457114756e-03	-1.380097e-01
9.498987863364757e-03	-1.610157e-01
9.499598214927256e-03	-1.667986e-01
9.499750802817881e-03	-1.682425e-01
9.499788949790538e-03	-1.686031e-01
9.499865243735851e-03	-1.693233e-01
9.500017831626476e-03	-1.707572e-01
9.500323007407725e-03	-1.736193e-01
9.500399301353038e-03	-1.743433e-01
9.500551889243663e-03	-1.757890e-01
9.500857065024912e-03	-1.786724e-01
9.501467416587413e-03	-1.844387e-01
9.502688119712412e-03	-1.959524e-01
9.505129525962412e-03	-2.188185e-01
9.509013910067358e-03	-2.540582e-01
9.516782678277250e-03	-3.053091e-01
9.526548303277250e-03	-3.195748e-01
9.536313928277250e-03	-3.148029e-01
9.546079553277249e-03	-3.096189e-01
9.555845178277249e-03	-3.010593e-01
9.565610803277249e-03	-2.932836e-01
9.575376428277249e-03	-2.843584e-01
9.585142053277249e-03	-2.762092e-01
9.594907678277248e-03	-2.675719e-01
9.604673303277250e-03	-2.597245e-01
9.614438928277250e-03	-2.516240e-01
9.624204553277249e-03	-2.442316e-01
9.633970178277249e-03	-2.367041e-01
9.643735803277249e-03	-2.297888e-01
9.653501428277249e-03	-2.227964e-01
9.663267053277249e-03	-2.163227e-01
9.673032678277248e-03	-2.097992e-01
9.682798303277250e-03	-2.037089e-01
9.692563928277250e-03	-1.975805e-01
9.702329553277250e-03	-1.918091e-01
9.712095178277249e-03	-1.860029e-01
9.721860803277249e-03	-1.804869e-01
9.731626428277249e-03	-1.749354e-01
9.741392053277249e-03	-1.696160e-01
9.751157678277248e-03	-1.642579e-01
9.760923303277250e-03	-1.590824e-01
9.770688928277250e-03	-1.538622e-01
9.771909631402249e-03	-1.532382e-01
9.774351037652250e-03	-1.519593e-01
9.779233850152249e-03	-1.493830e-01
9.780454553277250e-03	-1.487476e-01
9.782895959527249e-03	-1.474695e-01
9.787778772027250e-03	-1.449157e-01
9.797544397027250e-03	-1.398309e-01
9.807310022027249e-03	-1.347616e-01
9.817075647027249e-03	-1.297009e-01
9.826841272027249e-03	-1.246338e-01
9.836606897027249e-03	-1.195521e-01
9.846372522027249e-03	-1.144387e-01
9.856138147027248e-03	-1.092817e-01
9.865903772027250e-03	-1.040591e-01
9.875669397027250e-03	-9.875058e-02
9.885435022027250e-03	-9.332311e-02
9.895200647027249e-03	-8.773880e-02
9.904966272027249e-03	-8.193876e-02
9.914731897027249e-03	-7.584403e-02
9.924497522027249e-03	-6.932939e-02
9.934263147027248e-03	-6.220111e-02
9.944028772027250e-03	-5.412197e-02
9.953794397027250e-03	-4.446524e-02
9.963560022027250e-03	-3.170447e-02
9.973325647027249e-03	-1.227983e-02
9.983091272027249e-03	2.426196e-02
9.992856897027249e-03	9.148897e-02
1.000000000000000e-02	1.568527e-01
Step Information: Rgain=34.3003K  (Step: 8/11)
0.000000000000000e+00	4.500005e-14
5.000000058430487e-08	2.041809e-09
1.000000011686097e-07	2.082486e-07
2.000000023372195e-07	7.277928e-06
4.000000046744390e-07	8.898976e-05
8.000000093488779e-07	5.244331e-04
1.600000018697756e-06	2.277224e-03
3.200000037395512e-06	8.815628e-03
6.400000074791024e-06	3.049542e-02
1.280000014958205e-05	9.124713e-02
1.888372236340783e-05	1.500463e-01
1.979958812179419e-05	1.570864e-01
2.163131963856691e-05	1.689250e-01
2.529478267211235e-05	1.817816e-01
3.170969286405647e-05	1.901852e-01
3.933417774424359e-05	1.950919e-01
4.909980274424359e-05	1.971841e-01
5.886542774424359e-05	1.968575e-01
6.863105274424360e-05	1.956189e-01
7.839667774424359e-05	1.936950e-01
8.816230274424359e-05	1.913919e-01
9.792792774424360e-05	1.887475e-01
1.076935527442436e-04	1.859547e-01
1.174591777442436e-04	1.829915e-01
1.272248027442436e-04	1.799724e-01
1.369904277442436e-04	1.768574e-01
1.467560527442436e-04	1.737222e-01
1.565216777442436e-04	1.705236e-01
1.662873027442436e-04	1.673152e-01
1.760529277442436e-04	1.640556e-01
1.858185527442436e-04	1.607848e-01
1.955841777442436e-04	1.574653e-01
2.053498027442436e-04	1.541279e-01
2.151154277442436e-04	1.507395e-01
2.248810527442436e-04	1.473244e-01
2.346466777442436e-04	1.438539e-01
2.444123027442436e-04	1.403480e-01
2.541779277442436e-04	1.367819e-01
2.639435527442436e-04	1.331714e-01
2.651642558692436e-04	1.327161e-01
2.676056621192436e-04	1.318017e-01
2.724884746192436e-04	1.299587e-01
2.822540996192436e-04	1.262328e-01
2.920197246192436e-04	1.224407e-01
3.017853496192436e-04	1.185826e-01
3.115509746192436e-04	1.146497e-01
3.213165996192436e-04	1.106410e-01
3.310822246192436e-04	1.065461e-01
3.408478496192436e-04	1.023611e-01
3.506134746192436e-04	9.807190e-02
3.603790996192436e-04	9.366883e-02
3.701447246192436e-04	8.913063e-02
3.799103496192436e-04	8.443624e-02
3.896759746192436e-04	7.954866e-02
3.994415996192436e-04	7.442277e-02
4.092072246192436e-04	6.898500e-02
4.189728496192436e-04	6.313099e-02
4.287384746192436e-04	5.668700e-02
4.385040996192436e-04	4.936548e-02
4.482697246192436e-04	4.057403e-02
4.580353496192436e-04	2.918631e-02
4.678009746192436e-04	1.216592e-02
4.690216777442436e-04	9.321639e-03
4.693268535254936e-04	8.592775e-03
4.699372050879936e-04	7.094816e-03
4.711579082129936e-04	3.855043e-03
4.714630839942436e-04	2.985159e-03
4.720734355567436e-04	1.202912e-03
4.732941386817436e-04	-2.622496e-03
4.748298494502339e-04	-7.995356e-03
4.779012709872146e-04	-2.101067e-02
4.810347447255114e-04	-3.805042e-02
4.859567835988973e-04	-7.366283e-02
4.933021749447808e-04	-1.427308e-01
4.945228780697809e-04	-1.556105e-01
4.969642843197808e-04	-1.814635e-01
4.973044927177410e-04	-1.850815e-01
4.979849095136613e-04	-1.923344e-01
4.993457431055018e-04	-2.068533e-01
5.020674102891830e-04	-2.356817e-01
5.064721173638832e-04	-2.792504e-01
5.152815315132836e-04	-3.215502e-01
5.250471565132836e-04	-3.215260e-01
5.348127815132835e-04	-3.163176e-01
5.445784065132835e-04	-3.085979e-01
5.543440315132835e-04	-3.003105e-01
5.641096565132835e-04	-2.915119e-01
5.738752815132836e-04	-2.828085e-01
5.836409065132836e-04	-2.741674e-01
5.934065315132836e-04	-2.658203e-01
6.031721565132836e-04	-2.576788e-01
6.129377815132836e-04	-2.498659e-01
6.227034065132836e-04	-2.422998e-01
6.324690315132836e-04	-2.350433e-01
6.422346565132836e-04	-2.280305e-01
6.520002815132836e-04	-2.212888e-01
6.617659065132835e-04	-2.147690e-01
6.715315315132835e-04	-2.084760e-01
6.812971565132835e-04	-2.023761e-01
6.910627815132835e-04	-1.964593e-01
7.008284065132836e-04	-1.907054e-01
7.105940315132836e-04	-1.850940e-01
7.203596565132836e-04	-1.796167e-01
7.301252815132836e-04	-1.742455e-01
7.398909065132836e-04	-1.689819e-01
7.496565315132836e-04	-1.637929e-01
7.594221565132836e-04	-1.586876e-01
7.691877815132836e-04	-1.536279e-01
7.704084846382836e-04	-1.530053e-01
7.728498908882835e-04	-1.517473e-01
7.777327033882835e-04	-1.492389e-01
7.789534065132836e-04	-1.486154e-01
7.813948127632836e-04	-1.473666e-01
7.862776252632836e-04	-1.448748e-01
7.960432502632836e-04	-1.399137e-01
8.058088752632836e-04	-1.349727e-01
8.155745002632836e-04	-1.300430e-01
8.253401252632836e-04	-1.251135e-01
8.351057502632836e-04	-1.201748e-01
8.448713752632835e-04	-1.152142e-01
8.546370002632835e-04	-1.102199e-01
8.644026252632835e-04	-1.051756e-01
8.741682502632835e-04	-1.000635e-01
8.936995002632836e-04	-8.953156e-02
9.034651252632836e-04	-8.403833e-02
9.132307502632836e-04	-7.832033e-02
9.229963752632836e-04	-7.228985e-02
9.327620002632836e-04	-6.581401e-02
9.425276252632836e-04	-5.867571e-02
9.522932502632836e-04	-5.049616e-02
9.620588752632836e-04	-4.053896e-02
9.718245002632835e-04	-2.690311e-02
9.815901252632835e-04	-4.732866e-03
9.913557502632835e-04	4.052138e-02
1.001121375263284e-03	1.221550e-01
1.002342078388284e-03	1.349457e-01
1.004783484638283e-03	1.607613e-01
1.005393836200784e-03	1.673006e-01
1.006614539325784e-03	1.803910e-01
1.009055945575783e-03	2.066002e-01
1.013938758075784e-03	2.575695e-01
1.023704383075784e-03	3.165670e-01
1.033470008075784e-03	3.198609e-01
1.043235633075784e-03	3.150190e-01
1.053001258075784e-03	3.073211e-01
1.062766883075784e-03	2.978169e-01
1.072532508075784e-03	2.895781e-01
1.082298133075784e-03	2.803026e-01
1.092063758075784e-03	2.719997e-01
1.101829383075784e-03	2.631572e-01
1.111595008075783e-03	2.552268e-01
1.121360633075783e-03	2.469832e-01
1.131126258075783e-03	2.395416e-01
1.140891883075784e-03	2.319026e-01
1.150657508075784e-03	2.249524e-01
1.160423133075784e-03	2.178653e-01
1.170188758075784e-03	2.113620e-01
1.179954383075784e-03	2.047533e-01
1.189720008075784e-03	1.986347e-01
1.199485633075784e-03	1.924267e-01
1.209251258075784e-03	1.866264e-01
1.219016883075784e-03	1.807443e-01
1.228782508075784e-03	1.751982e-01
1.238548133075784e-03	1.695737e-01
1.248313758075784e-03	1.642228e-01
1.258079383075784e-03	1.587947e-01
1.267845008075784e-03	1.535859e-01
1.277610633075784e-03	1.482996e-01
1.287376258075784e-03	1.431851e-01
1.297141883075784e-03	1.379905e-01
1.306907508075784e-03	1.329268e-01
1.308128211200784e-03	1.322719e-01
1.310569617450784e-03	1.309882e-01
1.315452429950784e-03	1.284399e-01
1.325218054950784e-03	1.233319e-01
1.334983679950783e-03	1.182222e-01
1.344749304950783e-03	1.130798e-01
1.354514929950784e-03	1.079056e-01
1.364280554950784e-03	1.026640e-01
1.374046179950784e-03	9.734734e-02
1.383811804950784e-03	9.191012e-02
1.393577429950784e-03	8.632324e-02
1.403343054950784e-03	8.051871e-02
1.413108679950784e-03	7.442384e-02
1.422874304950784e-03	6.790307e-02
1.432639929950784e-03	6.076420e-02
1.442405554950784e-03	5.264942e-02
1.452171179950784e-03	4.283459e-02
1.461936804950784e-03	2.983495e-02
1.471702429950784e-03	9.442445e-03
1.472923133075784e-03	5.917664e-03
1.473228308857034e-03	5.012361e-03
1.473838660419534e-03	3.148074e-03
1.473991248310159e-03	2.661565e-03
1.474296424091409e-03	1.674874e-03
1.474372718036721e-03	1.423099e-03
1.474525305927346e-03	9.161650e-04
1.474830481708596e-03	-1.194459e-04
1.474906775653909e-03	-3.835591e-04
1.475059363544534e-03	-9.149446e-04
1.475364539325784e-03	-1.998296e-03
1.475974890888284e-03	-4.251245e-03
1.477195594013284e-03	-9.119323e-03
1.479637000263284e-03	-2.048036e-02
1.484519812763284e-03	-5.084581e-02
1.494285437763284e-03	-1.383823e-01
1.495811316669534e-03	-1.547031e-01
1.496421668232034e-03	-1.612490e-01
1.496574256122659e-03	-1.628878e-01
1.496879431903909e-03	-1.661656e-01
1.496955725849221e-03	-1.669861e-01
1.497108313739846e-03	-1.686265e-01
1.497413489521096e-03	-1.718977e-01
1.497489783466409e-03	-1.727066e-01
1.497642371357034e-03	-1.743315e-01
1.497947547138284e-03	-1.776107e-01
1.498557898700784e-03	-1.841726e-01
1.499778601825784e-03	-1.972974e-01
1.502032894522843e-03	-2.214292e-01
1.505164086512709e-03	-2.540903e-01
1.511426470492441e-03	-3.037336e-01
1.521192095492441e-03	-3.211165e-01
1.530957720492441e-03	-3.152601e-01
1.540723345492441e-03	-3.103001e-01
1.550488970492441e-03	-3.012782e-01
1.560254595492441e-03	-2.936631e-01
1.570020220492441e-03	-2.843960e-01
1.579785845492441e-03	-2.764135e-01
1.589551470492441e-03	-2.676045e-01
1.599317095492441e-03	-2.598619e-01
1.609082720492441e-03	-2.516516e-01
1.618848345492441e-03	-2.443702e-01
1.628613970492441e-03	-2.367753e-01
1.638379595492441e-03	-2.299794e-01
1.648145220492441e-03	-2.229587e-01
1.657910845492441e-03	-2.166051e-01
1.667676470492441e-03	-2.100836e-01
1.677442095492441e-03	-2.041153e-01
1.687207720492441e-03	-1.980129e-01
1.696973345492441e-03	-1.923655e-01
1.706738970492441e-03	-1.866051e-01
1.716504595492441e-03	-1.812153e-01
1.726270220492441e-03	-1.757265e-01
1.736035845492441e-03	-1.705355e-01
1.745801470492441e-03	-1.652554e-01
1.755567095492441e-03	-1.602103e-01
1.765332720492441e-03	-1.550840e-01
1.766553423617441e-03	-1.544831e-01
1.768994829867441e-03	-1.532392e-01
1.773877642367441e-03	-1.507194e-01
1.775098345492441e-03	-1.501001e-01
1.777539751742441e-03	-1.488512e-01
1.782422564242441e-03	-1.463574e-01
1.790517045504994e-03	-1.422447e-01
1.800282670504994e-03	-1.373022e-01
1.819813920504994e-03	-1.274541e-01
1.829579545504994e-03	-1.225282e-01
1.839345170504994e-03	-1.175839e-01
1.849110795504994e-03	-1.126130e-01
1.858876420504994e-03	-1.075978e-01
1.868642045504994e-03	-1.025248e-01
1.878407670504994e-03	-9.736960e-02
1.888173295504994e-03	-9.210809e-02
1.897938920504994e-03	-8.670087e-02
1.907704545504994e-03	-8.110040e-02
1.917470170504994e-03	-7.523177e-02
1.927235795504994e-03	-6.898941e-02
1.937001420504994e-03	-6.220049e-02
1.946767045504994e-03	-5.458042e-02
1.956532670504994e-03	-4.559894e-02
1.966298295504994e-03	-3.401908e-02
1.976063920504994e-03	-1.699808e-02
1.985829545504994e-03	1.457142e-02
1.995595170504994e-03	7.886156e-02
1.996815873629994e-03	9.011045e-02
1.999257279879994e-03	1.134304e-01
2.004140092379994e-03	1.634740e-01
2.004868837315188e-03	1.712353e-01
2.006326327185576e-03	1.867874e-01
2.009241306926353e-03	2.179074e-01
2.015071266407906e-03	2.762215e-01
2.023117054331738e-03	3.177008e-01
2.032882679331738e-03	3.202670e-01
2.042648304331738e-03	3.139517e-01
2.052413929331738e-03	3.062132e-01
2.062179554331738e-03	2.979880e-01
2.071945179331738e-03	2.890669e-01
2.081710804331738e-03	2.803901e-01
2.091476429331738e-03	2.716112e-01
2.101242054331738e-03	2.632374e-01
2.111007679331738e-03	2.549482e-01
2.120773304331738e-03	2.470758e-01
2.130538929331738e-03	2.393567e-01
2.140304554331738e-03	2.320185e-01
2.150070179331738e-03	2.248495e-01
2.159835804331738e-03	2.180099e-01
2.169601429331738e-03	2.113320e-01
2.179367054331738e-03	2.049293e-01
2.189132679331738e-03	1.986704e-01
2.198898304331738e-03	1.926349e-01
2.208663929331738e-03	1.867218e-01
2.218429554331738e-03	1.809849e-01
2.228195179331738e-03	1.753485e-01
2.237960804331738e-03	1.698464e-01
2.247726429331738e-03	1.644239e-01
2.257492054331738e-03	1.590991e-01
2.267257679331738e-03	1.538346e-01
2.277023304331738e-03	1.486356e-01
2.286788929331738e-03	1.434789e-01
2.296554554331738e-03	1.383588e-01
2.306320179331738e-03	1.332639e-01
2.316085804331738e-03	1.281775e-01
2.325851429331738e-03	1.230933e-01
2.335617054331738e-03	1.179964e-01
2.345382679331738e-03	1.128786e-01
2.355148304331738e-03	1.077135e-01
2.364913929331738e-03	1.024968e-01
2.374679554331738e-03	9.718724e-02
2.384445179331738e-03	9.177441e-02
2.394210804331738e-03	8.619502e-02
2.403976429331738e-03	8.041614e-02
2.413742054331738e-03	7.433011e-02
2.423507679331738e-03	6.783811e-02
2.433273304331738e-03	6.071366e-02
2.443038929331738e-03	5.263719e-02
2.452804554331738e-03	4.285986e-02
2.462570179331738e-03	2.994025e-02
2.472335804331738e-03	9.724498e-03
2.473556507456738e-03	6.242241e-03
2.473861683237988e-03	5.345522e-03
2.474472034800488e-03	3.498576e-03
2.475692737925488e-03	-5.194322e-04
2.475997913706738e-03	-1.605103e-03
2.476608265269238e-03	-3.831720e-03
2.477828968394238e-03	-8.642011e-03
2.480270374644238e-03	-1.987374e-02
2.485039990668692e-03	-4.912013e-02
2.491658971046394e-03	-1.053503e-01
2.492879674171394e-03	-1.175882e-01
2.495321080421394e-03	-1.425416e-01
2.495931431983894e-03	-1.489381e-01
2.497152135108894e-03	-1.617962e-01
2.497457310890144e-03	-1.650304e-01
2.497533604835457e-03	-1.658390e-01
2.497686192726081e-03	-1.674565e-01
2.497991368507332e-03	-1.706928e-01
2.498601720069831e-03	-1.771276e-01
2.498754307960456e-03	-1.787594e-01
2.499059483741707e-03	-1.820136e-01
2.499669835304206e-03	-1.885086e-01
2.500890538429207e-03	-2.015248e-01
2.503331944679207e-03	-2.274354e-01
2.507646862420134e-03	-2.708670e-01
2.516276697901988e-03	-3.169499e-01
2.526042322901988e-03	-3.190088e-01
2.535807947901988e-03	-3.137303e-01
2.545573572901988e-03	-3.065829e-01
2.555339197901988e-03	-2.982826e-01
2.565104822901988e-03	-2.897845e-01
2.574870447901988e-03	-2.810645e-01
2.584636072901988e-03	-2.726475e-01
2.594401697901988e-03	-2.642821e-01
2.604167322901988e-03	-2.563094e-01
2.613932947901988e-03	-2.484791e-01
2.623698572901988e-03	-2.410437e-01
2.633464197901988e-03	-2.337707e-01
2.643229822901988e-03	-2.268606e-01
2.652995447901988e-03	-2.201026e-01
2.662761072901988e-03	-2.136638e-01
2.672526697901988e-03	-2.073547e-01
2.682292322901988e-03	-2.013188e-01
2.692057947901988e-03	-1.953859e-01
2.701823572901988e-03	-1.896821e-01
2.711589197901988e-03	-1.840546e-01
2.721354822901988e-03	-1.786158e-01
2.731120447901988e-03	-1.732286e-01
2.740886072901988e-03	-1.679938e-01
2.750651697901988e-03	-1.627884e-01
2.760417322901988e-03	-1.577037e-01
2.770182947901988e-03	-1.526241e-01
2.771403651026988e-03	-1.520059e-01
2.773845057276988e-03	-1.507501e-01
2.778727869776988e-03	-1.482379e-01
2.788493494776988e-03	-1.432491e-01
2.797417530664252e-03	-1.387108e-01
2.807183155664251e-03	-1.337658e-01
2.816948780664252e-03	-1.288252e-01
2.826714405664251e-03	-1.238864e-01
2.836480030664252e-03	-1.189311e-01
2.846245655664251e-03	-1.139544e-01
2.856011280664252e-03	-1.089359e-01
2.865776905664251e-03	-1.038658e-01
2.875542530664252e-03	-9.871780e-02
2.885308155664252e-03	-9.347203e-02
2.895073780664252e-03	-8.808874e-02
2.904839405664252e-03	-8.252655e-02
2.914605030664252e-03	-7.671377e-02
2.924370655664252e-03	-7.055693e-02
2.934136280664252e-03	-6.389793e-02
2.943901905664252e-03	-5.648763e-02
2.953667530664252e-03	-4.786466e-02
2.963433155664252e-03	-3.700246e-02
2.973198780664252e-03	-2.164169e-02
2.982964405664252e-03	5.265874e-03
2.992730030664251e-03	6.120554e-02
3.002495655664252e-03	1.520455e-01
3.003716358789252e-03	1.652354e-01
3.006157765039252e-03	1.916367e-01
3.011040577539252e-03	2.436549e-01
3.017234944606221e-03	2.977808e-01
3.026430858186952e-03	3.215302e-01
3.036196483186952e-03	3.163929e-01
3.045962108186952e-03	3.115523e-01
3.055727733186952e-03	3.028252e-01
3.065493358186952e-03	2.947710e-01
3.075258983186952e-03	2.853360e-01
3.085024608186952e-03	2.771260e-01
3.094790233186952e-03	2.680792e-01
3.104555858186952e-03	2.601302e-01
3.114321483186952e-03	2.516839e-01
3.124087108186952e-03	2.441872e-01
3.133852733186952e-03	2.363694e-01
3.143618358186952e-03	2.293556e-01
3.153383983186952e-03	2.221199e-01
3.163149608186952e-03	2.155572e-01
3.172915233186952e-03	2.088308e-01
3.182680858186952e-03	2.026625e-01
3.192446483186952e-03	1.963655e-01
3.202212108186952e-03	1.905272e-01
3.211977733186952e-03	1.845821e-01
3.221743358186952e-03	1.790099e-01
3.231508983186952e-03	1.733454e-01
3.241274608186952e-03	1.679799e-01
3.251040233186952e-03	1.625319e-01
3.260805858186952e-03	1.573191e-01
3.270571483186952e-03	1.520309e-01
3.280337108186952e-03	1.469227e-01
3.290102733186952e-03	1.417436e-01
3.299868358186952e-03	1.366959e-01
3.309633983186952e-03	1.315788e-01
3.310854686311952e-03	1.309619e-01
3.313296092561952e-03	1.297046e-01
3.318178905061952e-03	1.271601e-01
3.327944530061952e-03	1.220983e-01
3.337710155061952e-03	1.170047e-01
3.347475780061952e-03	1.118998e-01
3.357241405061952e-03	1.067351e-01
3.367007030061952e-03	1.015218e-01
3.376772655061952e-03	9.620650e-02
3.386538280061952e-03	9.078471e-02
3.396303905061952e-03	8.518773e-02
3.406069530061952e-03	7.938013e-02
3.415835155061952e-03	7.325107e-02
3.425600780061952e-03	6.668962e-02
3.435366405061952e-03	5.945786e-02
3.445132030061952e-03	5.119910e-02
3.454897655061952e-03	4.107994e-02
3.464663280061952e-03	2.745339e-02
3.474428905061952e-03	5.361387e-03
3.475649608186952e-03	1.476317e-03
3.475954783968202e-03	4.778309e-04
3.476565135530702e-03	-1.580243e-03
3.476717723421327e-03	-2.118081e-03
3.477022899202577e-03	-3.214873e-03
3.477099193147890e-03	-3.493395e-03
3.477251781038514e-03	-4.052862e-03
3.477556956819765e-03	-5.197291e-03
3.478167308382264e-03	-7.586426e-03
3.478975202203430e-03	-1.095085e-02
3.480590989845760e-03	-1.841914e-02
3.483491242125373e-03	-3.456493e-02
3.487097930300428e-03	-5.994500e-02
3.494311306650540e-03	-1.253558e-01
3.495532009775540e-03	-1.380693e-01
3.497973416025540e-03	-1.637715e-01
3.498049709970852e-03	-1.645822e-01
3.498202297861477e-03	-1.662040e-01
3.498507473642727e-03	-1.694532e-01
3.498583767588040e-03	-1.702646e-01
3.498736355478665e-03	-1.718772e-01
3.499041531259915e-03	-1.751013e-01
3.499117825205227e-03	-1.759182e-01
3.499270413095852e-03	-1.775487e-01
3.499575588877102e-03	-1.808026e-01
3.500185940439602e-03	-1.873188e-01
3.501406643564602e-03	-2.003603e-01
3.503848049814602e-03	-2.263280e-01
3.507681097499652e-03	-2.654294e-01
3.515347192869753e-03	-3.134449e-01
3.525112817869753e-03	-3.200845e-01
3.534878442869753e-03	-3.144288e-01
3.544644067869753e-03	-3.081011e-01
3.554409692869753e-03	-2.993357e-01
3.564175317869753e-03	-2.912080e-01
3.573940942869753e-03	-2.822598e-01
3.583706567869753e-03	-2.739897e-01
3.593472192869753e-03	-2.654079e-01
3.603237817869753e-03	-2.575263e-01
3.613003442869754e-03	-2.495110e-01
3.622769067869753e-03	-2.421331e-01
3.632534692869754e-03	-2.347032e-01
3.642300317869753e-03	-2.278308e-01
3.652065942869753e-03	-2.209405e-01
3.661831567869753e-03	-2.145272e-01
3.671597192869753e-03	-2.081068e-01
3.681362817869753e-03	-2.020884e-01
3.691128442869753e-03	-1.960624e-01
3.700894067869753e-03	-1.903707e-01
3.710659692869753e-03	-1.846656e-01
3.720425317869753e-03	-1.792352e-01
3.730190942869753e-03	-1.737836e-01
3.739956567869753e-03	-1.685546e-01
3.749722192869753e-03	-1.632958e-01
3.759487817869753e-03	-1.582149e-01
3.769253442869753e-03	-1.530925e-01
3.770474145994753e-03	-1.524808e-01
3.772915552244753e-03	-1.512247e-01
3.777798364744753e-03	-1.486998e-01
3.779019067869753e-03	-1.480765e-01
3.781460474119753e-03	-1.468237e-01
3.786343286619753e-03	-1.443208e-01
3.796108911619754e-03	-1.393393e-01
3.805874536619753e-03	-1.343760e-01
3.815640161619754e-03	-1.294245e-01
3.825405786619753e-03	-1.244709e-01
3.835171411619753e-03	-1.195077e-01
3.844937036619753e-03	-1.145197e-01
3.854702661619753e-03	-1.094964e-01
3.864468286619753e-03	-1.044188e-01
3.883999536619753e-03	-9.402145e-02
3.893765161619753e-03	-8.864289e-02
3.903530786619753e-03	-8.308607e-02
3.913296411619753e-03	-7.728853e-02
3.923062036619753e-03	-7.115271e-02
3.932827661619754e-03	-6.453276e-02
3.942593286619753e-03	-5.718312e-02
3.952358911619753e-03	-4.867055e-02
3.962124536619753e-03	-3.802336e-02
3.971890161619754e-03	-2.315613e-02
3.981655786619753e-03	2.382071e-03
3.991421411619753e-03	5.549834e-02
4.001187036619753e-03	1.441401e-01
4.002407739744754e-03	1.572561e-01
4.004849145994753e-03	1.835786e-01
4.009731958494753e-03	2.358138e-01
4.015518233392067e-03	2.899550e-01
4.024227489941907e-03	3.219012e-01
4.033993114941908e-03	3.180112e-01
4.043758739941908e-03	3.124917e-01
4.053524364941908e-03	3.043107e-01
4.063289989941907e-03	2.960096e-01
4.073055614941907e-03	2.869663e-01
4.082821239941908e-03	2.784458e-01
4.092586864941908e-03	2.696523e-01
4.102352489941907e-03	2.614431e-01
4.112118114941907e-03	2.531779e-01
4.121883739941908e-03	2.454630e-01
4.131649364941908e-03	2.377831e-01
4.141414989941907e-03	2.305879e-01
4.151180614941907e-03	2.234625e-01
4.160946239941908e-03	2.167497e-01
4.170711864941908e-03	2.101137e-01
4.180477489941908e-03	2.038229e-01
4.190243114941907e-03	1.976036e-01
4.200008739941908e-03	1.916648e-01
4.209774364941908e-03	1.857876e-01
4.219539989941908e-03	1.801340e-01
4.229305614941907e-03	1.745296e-01
4.239071239941908e-03	1.690990e-01
4.248836864941908e-03	1.637049e-01
4.258602489941908e-03	1.584413e-01
4.268368114941907e-03	1.532018e-01
4.278133739941908e-03	1.480554e-01
4.287899364941908e-03	1.429207e-01
4.297664989941908e-03	1.378469e-01
4.298885693066907e-03	1.372094e-01
4.301327099316908e-03	1.359406e-01
4.306209911816908e-03	1.334124e-01
4.315975536816907e-03	1.283533e-01
4.325741161816907e-03	1.232964e-01
4.335506786816908e-03	1.182286e-01
4.345272411816908e-03	1.131364e-01
4.355038036816907e-03	1.080037e-01
4.364803661816907e-03	1.028136e-01
4.374569286816908e-03	9.754156e-02
4.384334911816908e-03	9.216007e-02
4.394100536816908e-03	8.662798e-02
4.403866161816907e-03	8.089271e-02
4.413631786816908e-03	7.487421e-02
4.423397411816908e-03	6.845617e-02
4.433163036816908e-03	6.144913e-02
4.442928661816907e-03	5.353403e-02
4.452694286816908e-03	4.404639e-02
4.462459911816908e-03	3.169019e-02
4.472225536816908e-03	1.285524e-02
4.481991161816907e-03	-2.372855e-02
4.482143749707532e-03	-2.451544e-02
4.482448925488783e-03	-2.611297e-02
4.483059277051282e-03	-2.945154e-02
4.484279980176283e-03	-3.669398e-02
4.486721386426282e-03	-5.338418e-02
4.491604198926282e-03	-9.448294e-02
4.496451714542972e-03	-1.425806e-01
4.497663593447145e-03	-1.553595e-01
4.500087351255489e-03	-1.810205e-01
4.500400761661965e-03	-1.843505e-01
4.501027582474916e-03	-1.910296e-01
4.502281224100817e-03	-2.044031e-01
4.504788507352621e-03	-2.309804e-01
4.508510903242815e-03	-2.685789e-01
4.515955695023202e-03	-3.138194e-01
4.525721320023201e-03	-3.198786e-01
4.535486945023202e-03	-3.143213e-01
4.545252570023202e-03	-3.079088e-01
4.555018195023202e-03	-2.991841e-01
4.564783820023201e-03	-2.909980e-01
4.574549445023201e-03	-2.820796e-01
4.584315070023202e-03	-2.737734e-01
4.594080695023202e-03	-2.652140e-01
4.603846320023201e-03	-2.573039e-01
4.613611945023201e-03	-2.493047e-01
4.623377570023202e-03	-2.419034e-01
4.633143195023202e-03	-2.344846e-01
4.642908820023202e-03	-2.275922e-01
4.652674445023201e-03	-2.207091e-01
4.662440070023202e-03	-2.142781e-01
4.672205695023202e-03	-2.078618e-01
4.681971320023202e-03	-2.018275e-01
4.691736945023201e-03	-1.958029e-01
4.701502570023202e-03	-1.900967e-01
4.711268195023202e-03	-1.843910e-01
4.721033820023202e-03	-1.789471e-01
4.730799445023201e-03	-1.734931e-01
4.740565070023202e-03	-1.682514e-01
4.750330695023202e-03	-1.629893e-01
4.760096320023202e-03	-1.578958e-01
4.769861945023201e-03	-1.527678e-01
4.771082648148202e-03	-1.521531e-01
4.773524054398202e-03	-1.508940e-01
4.778406866898201e-03	-1.483651e-01
4.787184204916983e-03	-1.438593e-01
4.796131452802280e-03	-1.392813e-01
4.805897077802280e-03	-1.343133e-01
4.815662702802281e-03	-1.293468e-01
4.825428327802281e-03	-1.243882e-01
4.835193952802280e-03	-1.194106e-01
4.844959577802280e-03	-1.144171e-01
4.854725202802280e-03	-1.093795e-01
4.864490827802281e-03	-1.042950e-01
4.874256452802280e-03	-9.913083e-02
4.884022077802280e-03	-9.387342e-02
4.893787702802280e-03	-8.847718e-02
4.903553327802281e-03	-8.290681e-02
4.913318952802281e-03	-7.708578e-02
4.923084577802280e-03	-7.092686e-02
4.932850202802280e-03	-6.426892e-02
4.942615827802281e-03	-5.687144e-02
4.952381452802281e-03	-4.827635e-02
4.962147077802280e-03	-3.748512e-02
4.971912702802280e-03	-2.229600e-02
4.981678327802281e-03	4.101736e-03
4.991443952802281e-03	5.900063e-02
5.001209577802280e-03	1.490453e-01
5.002430280927280e-03	1.622125e-01
5.004871687177281e-03	1.885901e-01
5.009754499677280e-03	2.407170e-01
5.015788636848125e-03	2.949559e-01
5.024802238926914e-03	3.212739e-01
5.034567863926914e-03	3.168036e-01
5.044333488926914e-03	3.120416e-01
5.054099113926914e-03	3.034335e-01
5.063864738926914e-03	2.953752e-01
5.073630363926914e-03	2.860067e-01
5.083395988926914e-03	2.777762e-01
5.093161613926914e-03	2.687714e-01
5.102927238926914e-03	2.608005e-01
5.112692863926914e-03	2.523851e-01
5.122458488926914e-03	2.448696e-01
5.132224113926914e-03	2.370778e-01
5.141989738926914e-03	2.300497e-01
5.151755363926914e-03	2.228378e-01
5.161520988926914e-03	2.162656e-01
5.171286613926914e-03	2.095620e-01
5.181052238926914e-03	2.033887e-01
5.190817863926914e-03	1.971143e-01
5.200583488926914e-03	1.912749e-01
5.210349113926914e-03	1.853525e-01
5.220114738926914e-03	1.797827e-01
5.229880363926914e-03	1.741411e-01
5.239645988926914e-03	1.687810e-01
5.249411613926914e-03	1.633562e-01
5.259177238926914e-03	1.581517e-01
5.268942863926914e-03	1.528870e-01
5.278708488926914e-03	1.477898e-01
5.288474113926914e-03	1.426349e-01
5.298239738926914e-03	1.376009e-01
5.308005363926914e-03	1.325089e-01
5.317770988926914e-03	1.274954e-01
5.327536613926914e-03	1.224161e-01
5.337302238926914e-03	1.173806e-01
5.347067863926914e-03	1.122699e-01
5.356833488926914e-03	1.071563e-01
5.366599113926914e-03	1.019481e-01
5.376364738926914e-03	9.668209e-02
5.386130363926914e-03	9.127861e-02
5.395895988926914e-03	8.573589e-02
5.405661613926914e-03	7.996609e-02
5.415427238926914e-03	7.391027e-02
5.425192863926914e-03	6.742438e-02
5.434958488926914e-03	6.032181e-02
5.444724113926914e-03	5.224040e-02
5.454489738926914e-03	4.246851e-02
5.464255363926914e-03	2.947650e-02
5.474020988926914e-03	9.149231e-03
5.475241692051914e-03	5.640209e-03
5.477683098301914e-03	-2.296029e-03
5.482565910801914e-03	-2.415116e-02
5.483356669297843e-03	-2.863288e-02
5.484938186289700e-03	-3.818622e-02
5.488101220273415e-03	-6.083440e-02
5.494427288240843e-03	-1.176938e-01
5.495647991365843e-03	-1.302192e-01
5.498089397615843e-03	-1.556291e-01
5.498699749178343e-03	-1.620971e-01
5.498852337068968e-03	-1.637141e-01
5.499157512850218e-03	-1.669501e-01
5.499233806795531e-03	-1.677605e-01
5.499386394686155e-03	-1.693809e-01
5.499424541658812e-03	-1.697858e-01
5.499500835604124e-03	-1.705949e-01
5.499653423494749e-03	-1.722047e-01
5.499958599275999e-03	-1.754190e-01
5.500034893221312e-03	-1.762336e-01
5.500187481111937e-03	-1.778607e-01
5.500492656893187e-03	-1.811072e-01
5.501103008455687e-03	-1.876095e-01
5.502323711580687e-03	-2.006271e-01
5.504765117830687e-03	-2.265560e-01
5.508673494510406e-03	-2.663181e-01
5.516490247869845e-03	-3.141239e-01
5.526255872869845e-03	-3.199485e-01
5.536021497869845e-03	-3.143083e-01
5.545787122869845e-03	-3.078595e-01
5.555552747869845e-03	-2.991159e-01
5.565318372869845e-03	-2.909136e-01
5.575083997869845e-03	-2.819820e-01
5.584849622869845e-03	-2.736651e-01
5.594615247869845e-03	-2.650960e-01
5.604380872869845e-03	-2.571770e-01
5.614146497869845e-03	-2.491694e-01
5.623912122869845e-03	-2.417598e-01
5.633677747869845e-03	-2.343332e-01
5.643443372869845e-03	-2.274326e-01
5.653208997869845e-03	-2.205419e-01
5.662974622869845e-03	-2.141028e-01
5.672740247869845e-03	-2.076789e-01
5.682505872869845e-03	-2.016363e-01
5.692271497869845e-03	-1.956041e-01
5.702037122869845e-03	-1.898895e-01
5.711802747869845e-03	-1.841760e-01
5.721568372869845e-03	-1.787237e-01
5.731333997869845e-03	-1.732619e-01
5.741099622869845e-03	-1.680117e-01
5.750865247869845e-03	-1.627412e-01
5.760630872869845e-03	-1.576396e-01
5.761851575994845e-03	-1.569839e-01
5.764292982244845e-03	-1.557029e-01
5.769175794744845e-03	-1.531637e-01
5.770396497869845e-03	-1.525283e-01
5.772837904119845e-03	-1.512593e-01
5.777720716619845e-03	-1.487287e-01
5.778941419744845e-03	-1.481002e-01
5.781382825994845e-03	-1.468413e-01
5.786265638494845e-03	-1.443280e-01
5.796031263494845e-03	-1.393249e-01
5.805796888494845e-03	-1.343418e-01
5.815562513494845e-03	-1.293701e-01
5.825328138494845e-03	-1.243976e-01
5.835093763494845e-03	-1.194149e-01
5.844859388494845e-03	-1.144083e-01
5.854625013494845e-03	-1.093654e-01
5.864390638494845e-03	-1.042683e-01
5.883921888494845e-03	-9.382746e-02
5.893687513494845e-03	-8.842351e-02
5.903453138494845e-03	-8.283821e-02
5.913218763494845e-03	-7.700593e-02
5.922984388494845e-03	-7.082721e-02
5.932750013494845e-03	-6.414963e-02
5.942515638494845e-03	-5.671857e-02
5.952281263494845e-03	-4.807822e-02
5.962046888494845e-03	-3.719752e-02
5.971812513494845e-03	-2.182554e-02
5.981578138494845e-03	5.080594e-03
5.991343763494845e-03	6.097968e-02
6.001109388494845e-03	1.517872e-01
6.002330091619845e-03	1.649779e-01
6.004771497869845e-03	1.913835e-01
6.009654310369845e-03	2.434280e-01
6.015844235925402e-03	2.976175e-01
6.025034510476611e-03	3.215007e-01
6.034800135476611e-03	3.164135e-01
6.044565760476611e-03	3.116082e-01
6.054331385476611e-03	3.029149e-01
6.064097010476611e-03	2.948920e-01
6.073862635476611e-03	2.854884e-01
6.083628260476611e-03	2.773085e-01
6.093393885476611e-03	2.682921e-01
6.103159510476611e-03	2.603727e-01
6.112925135476611e-03	2.519563e-01
6.122690760476611e-03	2.444889e-01
6.132456385476611e-03	2.367007e-01
6.142222010476611e-03	2.297159e-01
6.151987635476611e-03	2.225095e-01
6.161753260476611e-03	2.159756e-01
6.171518885476610e-03	2.092781e-01
6.181284510476611e-03	2.031384e-01
6.191050135476611e-03	1.968700e-01
6.200815760476611e-03	1.910599e-01
6.210581385476610e-03	1.851431e-01
6.220347010476611e-03	1.795989e-01
6.230112635476611e-03	1.739623e-01
6.239878260476611e-03	1.686244e-01
6.249643885476610e-03	1.632040e-01
6.259409510476611e-03	1.580188e-01
6.269175135476611e-03	1.527583e-01
6.278940760476611e-03	1.476777e-01
6.288706385476611e-03	1.425266e-01
6.298472010476611e-03	1.375072e-01
6.308237635476611e-03	1.324188e-01
6.309458338601611e-03	1.318058e-01
6.311899744851611e-03	1.305580e-01
6.316782557351611e-03	1.280268e-01
6.326548182351611e-03	1.229966e-01
6.336313807351611e-03	1.179353e-01
6.346079432351611e-03	1.128663e-01
6.355845057351611e-03	1.077394e-01
6.365610682351611e-03	1.025698e-01
6.375376307351611e-03	9.730294e-02
6.385141932351610e-03	9.193967e-02
6.394907557351611e-03	8.641197e-02
6.404673182351611e-03	8.069281e-02
6.414438807351611e-03	7.467747e-02
6.424204432351610e-03	6.827289e-02
6.433970057351611e-03	6.126627e-02
6.443735682351611e-03	5.335933e-02
6.453501307351611e-03	4.392401e-02
6.463266932351610e-03	3.151058e-02
6.473032557351611e-03	1.256347e-02
6.482798182351611e-03	-2.416052e-02
6.482950770242236e-03	-2.495304e-02
6.483255946023486e-03	-2.656253e-02
6.483866297585986e-03	-2.992398e-02
6.485087000710986e-03	-3.721168e-02
6.487528406960986e-03	-5.398907e-02
6.492411219460986e-03	-9.523004e-02
6.497195035146139e-03	-1.427533e-01
6.498390989067428e-03	-1.553634e-01
6.500782896910006e-03	-1.806855e-01
6.501097127663838e-03	-1.840232e-01
6.501725589171503e-03	-1.907186e-01
6.502982512186835e-03	-2.041261e-01
6.505496358217496e-03	-2.307730e-01
6.509082760605320e-03	-2.671163e-01
6.516255565380970e-03	-3.126204e-01
6.526021190380970e-03	-3.201669e-01
6.535786815380969e-03	-3.144201e-01
6.545552440380969e-03	-3.082573e-01
6.555318065380970e-03	-2.994826e-01
6.565083690380970e-03	-2.913582e-01
6.574849315380969e-03	-2.823711e-01
6.584614940380969e-03	-2.740835e-01
6.594380565380969e-03	-2.654596e-01
6.604146190380970e-03	-2.575544e-01
6.613911815380969e-03	-2.494976e-01
6.623677440380969e-03	-2.420935e-01
6.633443065380969e-03	-2.346238e-01
6.643208690380970e-03	-2.277244e-01
6.652974315380969e-03	-2.207964e-01
6.662739940380969e-03	-2.143560e-01
6.672505565380969e-03	-2.079001e-01
6.682271190380970e-03	-2.018551e-01
6.692036815380970e-03	-1.957956e-01
6.701802440380969e-03	-1.900780e-01
6.711568065380969e-03	-1.843413e-01
6.721333690380970e-03	-1.788857e-01
6.731099315380970e-03	-1.734043e-01
6.740864940380969e-03	-1.681507e-01
6.750630565380969e-03	-1.628641e-01
6.760396190380970e-03	-1.577586e-01
6.770161815380970e-03	-1.526078e-01
6.771382518505969e-03	-1.519926e-01
6.773823924755970e-03	-1.507302e-01
6.778706737255970e-03	-1.481922e-01
6.788472362255969e-03	-1.431647e-01
6.797738247753499e-03	-1.384105e-01
6.807503872753500e-03	-1.334295e-01
6.817269497753500e-03	-1.284471e-01
6.827035122753500e-03	-1.234727e-01
6.836800747753499e-03	-1.184760e-01
6.846566372753500e-03	-1.134624e-01
6.856331997753500e-03	-1.084007e-01
6.866097622753500e-03	-1.032897e-01
6.875863247753499e-03	-9.809283e-02
6.885628872753500e-03	-9.279735e-02
6.895394497753500e-03	-8.735280e-02
6.905160122753500e-03	-8.172229e-02
6.914925747753499e-03	-7.582109e-02
6.924691372753499e-03	-6.955402e-02
6.934456997753500e-03	-6.274021e-02
6.944222622753500e-03	-5.510702e-02
6.953988247753499e-03	-4.612159e-02
6.963753872753499e-03	-3.457557e-02
6.973519497753500e-03	-1.767200e-02
6.983285122753500e-03	1.348604e-02
6.993050747753500e-03	7.707017e-02
6.994271450878499e-03	8.823262e-02
6.996712857128500e-03	1.114065e-01
7.001595669628500e-03	1.613030e-01
7.002360747936988e-03	1.694458e-01
7.003890904553964e-03	1.857691e-01
7.006951217787918e-03	2.184492e-01
7.013071844255824e-03	2.791323e-01
7.020885711923412e-03	3.179438e-01
7.030651336923412e-03	3.199236e-01
7.040416961923411e-03	3.150153e-01
7.050182586923411e-03	3.066115e-01
7.059948211923412e-03	2.978414e-01
7.069713836923412e-03	2.891525e-01
7.079479461923411e-03	2.804092e-01
7.089245086923411e-03	2.718132e-01
7.099010711923412e-03	2.633907e-01
7.108776336923412e-03	2.552556e-01
7.118541961923412e-03	2.473577e-01
7.128307586923411e-03	2.397722e-01
7.138073211923411e-03	2.324241e-01
7.147838836923412e-03	2.253730e-01
7.157604461923412e-03	2.185348e-01
7.167370086923411e-03	2.119624e-01
7.177135711923411e-03	2.055693e-01
7.186901336923412e-03	1.994059e-01
7.196666961923412e-03	1.933862e-01
7.206432586923411e-03	1.875602e-01
7.216198211923411e-03	1.818441e-01
7.225963836923412e-03	1.762877e-01
7.235729461923412e-03	1.708103e-01
7.245495086923411e-03	1.654620e-01
7.255260711923411e-03	1.601653e-01
7.265026336923412e-03	1.549702e-01
7.274791961923412e-03	1.498025e-01
7.284557586923411e-03	1.447118e-01
7.294323211923411e-03	1.396264e-01
7.304088836923412e-03	1.345956e-01
7.305309540048412e-03	1.339615e-01
7.307750946298411e-03	1.327039e-01
7.312633758798412e-03	1.301892e-01
7.322399383798412e-03	1.251544e-01
7.332165008798412e-03	1.201192e-01
7.341930633798411e-03	1.150590e-01
7.351696258798411e-03	1.099698e-01
7.361461883798412e-03	1.048250e-01
7.371227508798412e-03	9.961374e-02
7.380993133798411e-03	9.430101e-02
7.390758758798411e-03	8.886107e-02
7.400524383798412e-03	8.323900e-02
7.410290008798412e-03	7.737662e-02
7.420055633798411e-03	7.116850e-02
7.429821258798411e-03	6.447080e-02
7.439586883798412e-03	5.702586e-02
7.449352508798412e-03	4.839239e-02
7.459118133798411e-03	3.755582e-02
7.468883758798411e-03	2.233485e-02
7.478649383798412e-03	-4.085214e-03
7.488415008798412e-03	-5.893521e-02
7.498180633798411e-03	-1.489323e-01
7.499401336923411e-03	-1.621030e-01
7.499706512704662e-03	-1.653954e-01
7.500316864267161e-03	-1.719759e-01
7.500335937753490e-03	-1.721790e-01
7.500374084726146e-03	-1.725815e-01
7.500450378671458e-03	-1.733888e-01
7.500602966562083e-03	-1.750325e-01
7.500908142343333e-03	-1.783181e-01
7.501518493905833e-03	-1.849024e-01
7.502739197030833e-03	-1.980561e-01
7.504994910296069e-03	-2.222374e-01
7.508127294574710e-03	-2.548933e-01
7.514392063131993e-03	-3.041769e-01
7.524157688131992e-03	-3.210730e-01
7.533923313131993e-03	-3.151467e-01
7.543688938131993e-03	-3.101005e-01
7.553454563131993e-03	-3.010184e-01
7.563220188131992e-03	-2.933287e-01
7.572985813131993e-03	-2.840693e-01
7.582751438131993e-03	-2.759670e-01
7.592517063131993e-03	-2.670921e-01
7.602282688131992e-03	-2.592995e-01
7.612048313131993e-03	-2.510286e-01
7.621813938131993e-03	-2.436932e-01
7.631579563131993e-03	-2.360437e-01
7.641345188131993e-03	-2.291882e-01
7.651110813131993e-03	-2.221108e-01
7.660876438131993e-03	-2.156997e-01
7.670642063131993e-03	-2.091206e-01
7.680407688131993e-03	-2.030959e-01
7.690173313131993e-03	-1.969356e-01
7.699938938131993e-03	-1.912326e-01
7.709704563131993e-03	-1.854146e-01
7.719470188131993e-03	-1.799698e-01
7.729235813131992e-03	-1.744225e-01
7.739001438131993e-03	-1.691781e-01
7.748767063131993e-03	-1.638401e-01
7.758532688131993e-03	-1.587416e-01
7.768298313131992e-03	-1.535560e-01
7.769519016256993e-03	-1.529469e-01
7.771960422506993e-03	-1.516855e-01
7.776843235006992e-03	-1.491367e-01
7.778063938131993e-03	-1.485101e-01
7.780505344381993e-03	-1.472482e-01
7.785388156881992e-03	-1.447264e-01
7.795153781881993e-03	-1.397099e-01
7.804919406881993e-03	-1.347129e-01
7.814685031881994e-03	-1.297301e-01
7.824450656881993e-03	-1.247461e-01
7.834216281881993e-03	-1.197544e-01
7.843981906881993e-03	-1.147384e-01
7.853747531881993e-03	-1.096884e-01
7.863513156881993e-03	-1.045840e-01
7.873278781881992e-03	-9.940884e-02
7.883044406881992e-03	-9.413354e-02
7.892810031881994e-03	-8.872760e-02
7.902575656881993e-03	-8.314136e-02
7.912341281881993e-03	-7.731213e-02
7.922106906881993e-03	-7.113978e-02
7.931872531881993e-03	-6.447635e-02
7.941638156881993e-03	-5.707003e-02
7.951403781881992e-03	-4.847697e-02
7.961169406881992e-03	-3.769285e-02
7.970935031881992e-03	-2.254727e-02
7.980700656881994e-03	3.720976e-03
7.990466281881993e-03	5.832006e-02
8.000231906881993e-03	1.481318e-01
8.001452610006992e-03	1.612927e-01
8.003894016256993e-03	1.876638e-01
8.008776828756992e-03	2.398263e-01
8.014765556126355e-03	2.940862e-01
8.023723594109916e-03	3.211714e-01
8.033489219109917e-03	3.169399e-01
8.043254844109917e-03	3.122059e-01
8.053020469109917e-03	3.036482e-01
8.062786094109917e-03	2.955984e-01
8.072551719109916e-03	2.862672e-01
8.082317344109916e-03	2.780410e-01
8.092082969109916e-03	2.690650e-01
8.101848594109916e-03	2.610986e-01
8.111614219109917e-03	2.527079e-01
8.121379844109917e-03	2.451982e-01
8.131145469109917e-03	2.374289e-01
8.140911094109917e-03	2.304083e-01
8.150676719109917e-03	2.232177e-01
8.160442344109916e-03	2.166545e-01
8.170207969109916e-03	2.099716e-01
8.179973594109916e-03	2.038085e-01
8.189739219109916e-03	1.975543e-01
8.199504844109917e-03	1.917264e-01
8.209270469109917e-03	1.858239e-01
8.219036094109917e-03	1.802666e-01
8.228801719109917e-03	1.746446e-01
8.238567344109916e-03	1.692978e-01
8.248332969109916e-03	1.638924e-01
8.258098594109916e-03	1.587020e-01
8.267864219109916e-03	1.534568e-01
8.277629844109917e-03	1.483745e-01
8.287395469109917e-03	1.432392e-01
8.297161094109917e-03	1.382212e-01
8.306926719109917e-03	1.331493e-01
8.308147422234917e-03	1.325350e-01
8.310588828484917e-03	1.312892e-01
8.311199180047416e-03	1.309721e-01
8.312419883172417e-03	1.303425e-01
8.314861289422416e-03	1.290847e-01
8.319744101922417e-03	1.265709e-01
8.329095039613255e-03	1.217545e-01
8.338860664613257e-03	1.167080e-01
8.348626289613257e-03	1.116332e-01
8.358391914613256e-03	1.065128e-01
8.368157539613256e-03	1.013293e-01
8.377923164613256e-03	9.605745e-02
8.387688789613256e-03	9.066734e-02
8.397454414613256e-03	8.511607e-02
8.407220039613255e-03	7.934594e-02
8.416985664613255e-03	7.327093e-02
8.426751289613257e-03	6.676199e-02
8.436516914613256e-03	5.960872e-02
8.446282539613256e-03	5.144726e-02
8.456048164613256e-03	4.149981e-02
8.465813789613256e-03	2.818517e-02
8.475579414613256e-03	6.897775e-03
8.476800117738256e-03	3.173536e-03
8.479241523988256e-03	-5.201037e-03
8.479851875550755e-03	-7.645267e-03
8.481072578675756e-03	-1.279879e-02
8.483513984925755e-03	-2.485778e-02
8.488396797425756e-03	-5.687661e-02
8.495402481989404e-03	-1.192816e-01
8.496623185114405e-03	-1.318696e-01
8.499064591364404e-03	-1.573779e-01
8.499674942926905e-03	-1.638608e-01
8.499827530817530e-03	-1.654812e-01
8.500132706598780e-03	-1.687234e-01
8.500209000544092e-03	-1.695348e-01
8.500361588434717e-03	-1.711545e-01
8.500399735407373e-03	-1.715575e-01
8.500476029352685e-03	-1.723581e-01
8.500628617243312e-03	-1.739638e-01
8.500933793024561e-03	-1.772139e-01
8.501544144587061e-03	-1.837125e-01
8.502764847712061e-03	-1.967409e-01
8.504910059439824e-03	-2.195802e-01
8.507941893777798e-03	-2.512096e-01
8.514005562453748e-03	-3.011710e-01
8.523771187453748e-03	-3.213429e-01
8.533536812453748e-03	-3.155643e-01
8.543302437453749e-03	-3.107041e-01
8.553068062453749e-03	-3.016103e-01
8.562833687453749e-03	-2.939693e-01
8.572599312453749e-03	-2.846089e-01
8.582364937453749e-03	-2.765659e-01
8.592130562453748e-03	-2.676615e-01
8.601896187453748e-03	-2.598458e-01
8.611661812453748e-03	-2.515412e-01
8.621427437453750e-03	-2.441842e-01
8.631193062453749e-03	-2.365032e-01
8.640958687453749e-03	-2.296268e-01
8.650724312453749e-03	-2.225209e-01
8.660489937453749e-03	-2.160910e-01
8.670255562453748e-03	-2.094868e-01
8.680021187453748e-03	-2.034455e-01
8.689786812453748e-03	-1.972635e-01
8.699552437453748e-03	-1.915462e-01
8.709318062453749e-03	-1.857094e-01
8.719083687453749e-03	-1.802525e-01
8.728849312453749e-03	-1.746902e-01
8.738614937453749e-03	-1.694347e-01
8.748380562453749e-03	-1.640827e-01
8.758146187453748e-03	-1.589761e-01
8.767911812453748e-03	-1.537788e-01
8.769132515578749e-03	-1.531703e-01
8.771573921828748e-03	-1.519064e-01
8.776456734328749e-03	-1.493537e-01
8.777677437453748e-03	-1.487259e-01
8.780118843703749e-03	-1.474617e-01
8.785001656203748e-03	-1.449360e-01
8.794767281203748e-03	-1.399119e-01
8.804532906203750e-03	-1.349080e-01
8.814298531203749e-03	-1.299190e-01
8.824064156203749e-03	-1.249294e-01
8.833829781203749e-03	-1.199326e-01
8.843595406203749e-03	-1.149122e-01
8.853361031203748e-03	-1.098583e-01
8.863126656203748e-03	-1.047506e-01
8.872892281203748e-03	-9.957279e-02
8.882657906203748e-03	-9.429568e-02
8.892423531203749e-03	-8.888882e-02
8.902189156203749e-03	-8.330294e-02
8.911954781203749e-03	-7.747569e-02
8.921720406203749e-03	-7.130782e-02
8.931486031203749e-03	-6.465264e-02
8.941251656203748e-03	-5.726106e-02
8.951017281203748e-03	-4.869467e-02
8.960782906203748e-03	-3.796496e-02
8.970548531203749e-03	-2.294398e-02
8.980314156203749e-03	2.974681e-03
8.990079781203749e-03	5.684777e-02
8.999845406203749e-03	1.460875e-01
9.001066109328749e-03	1.592290e-01
9.003507515578749e-03	1.855778e-01
9.008390328078748e-03	2.377930e-01
9.014275808855474e-03	2.920331e-01
9.023113721697215e-03	3.209157e-01
9.032879346697215e-03	3.172489e-01
9.042644971697215e-03	3.125194e-01
9.052410596697215e-03	3.040363e-01
9.062176221697214e-03	2.959548e-01
9.071941846697214e-03	2.866765e-01
9.081707471697214e-03	2.784117e-01
9.091473096697215e-03	2.694667e-01
9.101238721697215e-03	2.614640e-01
9.111004346697215e-03	2.530938e-01
9.120769971697215e-03	2.455523e-01
9.130535596697215e-03	2.377981e-01
9.140301221697214e-03	2.307503e-01
9.150066846697214e-03	2.235720e-01
9.159832471697214e-03	2.169862e-01
9.169598096697215e-03	2.103137e-01
9.179363721697215e-03	2.041322e-01
9.189129346697215e-03	1.978876e-01
9.198894971697215e-03	1.920448e-01
9.208660596697215e-03	1.861513e-01
9.218426221697214e-03	1.805823e-01
9.228191846697214e-03	1.749689e-01
9.237957471697214e-03	1.696132e-01
9.247723096697214e-03	1.642161e-01
9.257488721697215e-03	1.590192e-01
9.267254346697215e-03	1.537814e-01
9.277019971697215e-03	1.486954e-01
9.286785596697215e-03	1.435676e-01
9.296551221697215e-03	1.385479e-01
9.306316846697214e-03	1.334843e-01
9.307537549822215e-03	1.328685e-01
9.309978956072214e-03	1.316227e-01
9.310589307634714e-03	1.313063e-01
9.311810010759715e-03	1.306776e-01
9.314251417009714e-03	1.294215e-01
9.319134229509715e-03	1.269084e-01
9.328899854509715e-03	1.218838e-01
9.338665479509714e-03	1.168408e-01
9.348431104509714e-03	1.117723e-01
9.358196729509714e-03	1.066565e-01
9.367962354509715e-03	1.014799e-01
9.377727979509715e-03	9.621420e-02
9.387493604509715e-03	9.083309e-02
9.397259229509715e-03	8.529092e-02
9.407024854509715e-03	7.953405e-02
9.416790479509714e-03	7.347454e-02
9.426556104509714e-03	6.698864e-02
9.436321729509714e-03	5.986694e-02
9.446087354509714e-03	5.175671e-02
9.455852979509715e-03	4.189872e-02
9.465618604509715e-03	2.876878e-02
9.475384229509715e-03	7.951385e-03
9.476604932634714e-03	4.335028e-03
9.479046338884715e-03	-3.801675e-03
9.483929151384714e-03	-2.631620e-02
9.484725107445871e-03	-3.096812e-02
9.486317019568183e-03	-4.087140e-02
9.489500843812807e-03	-6.425427e-02
9.495868492302056e-03	-1.223735e-01
9.497089195427057e-03	-1.349925e-01
9.499530601677056e-03	-1.605472e-01
9.500140953239556e-03	-1.670327e-01
9.500293541130181e-03	-1.686530e-01
9.500598716911432e-03	-1.718842e-01
9.500675010856744e-03	-1.726849e-01
9.500827598747369e-03	-1.742944e-01
9.501132774528619e-03	-1.775394e-01
9.501743126091118e-03	-1.840384e-01
9.502963829216119e-03	-1.970559e-01
9.505107036841643e-03	-2.198658e-01
9.508130230548070e-03	-2.513840e-01
9.514176617960923e-03	-3.011773e-01
9.523942242960923e-03	-3.213410e-01
9.533707867960923e-03	-3.155653e-01
9.543473492960924e-03	-3.107044e-01
9.553239117960924e-03	-3.016044e-01
9.563004742960924e-03	-2.939531e-01
9.572770367960923e-03	-2.846554e-01
9.582535992960923e-03	-2.765470e-01
9.592301617960923e-03	-2.676266e-01
9.602067242960923e-03	-2.598180e-01
9.611832867960923e-03	-2.515033e-01
9.621598492960924e-03	-2.441476e-01
9.631364117960924e-03	-2.364585e-01
9.641129742960924e-03	-2.295822e-01
9.650895367960923e-03	-2.224660e-01
9.660660992960923e-03	-2.160383e-01
9.670426617960923e-03	-2.094266e-01
9.680192242960923e-03	-2.033851e-01
9.689957867960923e-03	-1.971974e-01
9.699723492960922e-03	-1.914783e-01
9.709489117960924e-03	-1.856371e-01
9.719254742960924e-03	-1.801772e-01
9.729020367960924e-03	-1.746116e-01
9.738785992960923e-03	-1.693521e-01
9.748551617960923e-03	-1.639986e-01
9.758317242960923e-03	-1.588861e-01
9.768082867960923e-03	-1.536889e-01
9.769303571085923e-03	-1.530784e-01
9.769608746867173e-03	-1.529228e-01
9.770219098429673e-03	-1.526065e-01
9.771439801554673e-03	-1.519670e-01
9.773881207804673e-03	-1.506936e-01
9.774491559367174e-03	-1.503758e-01
9.775712262492173e-03	-1.497399e-01
9.778153668742174e-03	-1.484706e-01
9.783036481242173e-03	-1.459406e-01
9.792802106242173e-03	-1.409053e-01
9.802567731242173e-03	-1.358953e-01
9.812333356242174e-03	-1.308997e-01
9.822098981242174e-03	-1.259082e-01
9.831864606242174e-03	-1.209096e-01
9.841630231242173e-03	-1.158920e-01
9.851395856242173e-03	-1.108418e-01
9.861161481242173e-03	-1.057433e-01
9.870927106242173e-03	-1.005769e-01
9.880692731242173e-03	-9.531834e-02
9.900223981242174e-03	-8.438505e-02
9.909989606242174e-03	-7.860577e-02
9.919755231242174e-03	-7.250839e-02
9.929520856242173e-03	-6.595556e-02
9.939286481242173e-03	-5.872399e-02
9.949052106242173e-03	-5.042055e-02
9.958817731242173e-03	-4.027752e-02
9.968583356242173e-03	-2.628664e-02
9.978348981242174e-03	-3.259400e-03
9.988114606242174e-03	4.395780e-02
9.997880231242174e-03	1.274871e-01
1.000000000000000e-02	1.498540e-01
Step Information: Rgain=39.2002K  (Step: 9/11)
0.000000000000000e+00	4.500005e-14
5.000000058430487e-08	2.018484e-09
1.000000011686097e-07	2.059506e-07
2.000000023372195e-07	7.201048e-06
4.000000046744390e-07	8.812142e-05
8.000000093488779e-07	5.204604e-04
1.600000018697756e-06	2.271608e-03
3.200000037395512e-06	8.879941e-03
6.400000074791024e-06	3.123059e-02
1.280000014958205e-05	9.555290e-02
1.903007806007970e-05	1.574043e-01
1.983464665353662e-05	1.632275e-01
2.144378384045045e-05	1.727493e-01
2.466205821427813e-05	1.825648e-01
3.109860696193349e-05	1.898830e-01
3.880136189099854e-05	1.941957e-01
4.856698689099854e-05	1.958717e-01
5.833261189099854e-05	1.953827e-01
6.809823689099854e-05	1.940028e-01
7.786386189099854e-05	1.920084e-01
8.762948689099854e-05	1.896417e-01
9.739511189099854e-05	1.869827e-01
1.071607368909985e-04	1.841704e-01
1.169263618909985e-04	1.812199e-01
1.266919868909985e-04	1.782051e-01
1.364576118909985e-04	1.751178e-01
1.462232368909986e-04	1.720013e-01
1.559888618909985e-04	1.688395e-01
1.657544868909985e-04	1.656590e-01
1.755201118909986e-04	1.624422e-01
1.852857368909985e-04	1.592059e-01
1.950513618909985e-04	1.559332e-01
2.048169868909986e-04	1.526352e-01
2.145826118909985e-04	1.492969e-01
2.243482368909985e-04	1.459252e-01
2.341138618909986e-04	1.425078e-01
2.438794868909985e-04	1.390488e-01
2.536451118909986e-04	1.355381e-01
2.634107368909985e-04	1.319785e-01
2.731763618909985e-04	1.283564e-01
2.829419868909985e-04	1.246810e-01
2.927076118909986e-04	1.209387e-01
3.024732368909986e-04	1.171334e-01
3.122388618909986e-04	1.132540e-01
3.220044868909985e-04	1.093016e-01
3.317701118909985e-04	1.052649e-01
3.415357368909985e-04	1.011408e-01
3.513013618909985e-04	9.691597e-02
3.610669868909986e-04	9.258085e-02
3.708326118909986e-04	8.811593e-02
3.805982368909986e-04	8.350034e-02
3.903638618909985e-04	7.870021e-02
4.001294868909985e-04	7.367153e-02
4.098951118909985e-04	6.834643e-02
4.196607368909986e-04	6.262512e-02
4.294263618909986e-04	5.634655e-02
4.391919868909986e-04	4.924114e-02
4.489576118909985e-04	4.081010e-02
4.587232368909985e-04	2.988862e-02
4.684888618909985e-04	1.378654e-02
4.697095650159986e-04	1.112690e-02
4.721509712659986e-04	5.202107e-03
4.770337837659985e-04	-1.092605e-02
4.771511192970936e-04	-1.139118e-02
4.773857903592835e-04	-1.233068e-02
4.778551324836635e-04	-1.427209e-02
4.787938167324234e-04	-1.842078e-02
4.806711852299433e-04	-2.786119e-02
4.844259222249829e-04	-5.194446e-02
4.919353962150624e-04	-1.201754e-01
4.931560993400623e-04	-1.336864e-01
4.955975055900623e-04	-1.612529e-01
4.962078571525624e-04	-1.683192e-01
4.963604450431874e-04	-1.700837e-01
4.963985920158436e-04	-1.705233e-01
4.964748859611561e-04	-1.713977e-01
4.966274738517811e-04	-1.731433e-01
4.966656208244373e-04	-1.735862e-01
4.967419147697498e-04	-1.744725e-01
4.968945026603748e-04	-1.762427e-01
4.971996784416249e-04	-1.797920e-01
4.978100300041248e-04	-1.869164e-01
4.990307331291248e-04	-2.012316e-01
5.012456068707851e-04	-2.272829e-01
5.043429784789079e-04	-2.628859e-01
5.105377216951535e-04	-3.129733e-01
5.203033466951536e-04	-3.247623e-01
5.300689716951536e-04	-3.174838e-01
5.398345966951536e-04	-3.119086e-01
5.496002216951536e-04	-3.023078e-01
5.593658466951536e-04	-2.944356e-01
5.691314716951536e-04	-2.848887e-01
5.788970966951536e-04	-2.767120e-01
5.886627216951536e-04	-2.676625e-01
5.984283466951535e-04	-2.598528e-01
6.081939716951535e-04	-2.514738e-01
6.179595966951535e-04	-2.441549e-01
6.277252216951535e-04	-2.364424e-01
6.374908466951535e-04	-2.296259e-01
6.472564716951536e-04	-2.225180e-01
6.570220966951536e-04	-2.161621e-01
6.667877216951536e-04	-2.095775e-01
6.765533466951536e-04	-2.036201e-01
6.863189716951536e-04	-1.974742e-01
6.960845966951536e-04	-1.918480e-01
7.058502216951536e-04	-1.860603e-01
7.156158466951535e-04	-1.807000e-01
7.253814716951535e-04	-1.751965e-01
7.351470966951535e-04	-1.700433e-01
7.449127216951535e-04	-1.647608e-01
7.546783466951535e-04	-1.597598e-01
7.644439716951536e-04	-1.546408e-01
7.656646748201535e-04	-1.540521e-01
7.681060810701536e-04	-1.528183e-01
7.729888935701536e-04	-1.503116e-01
7.742095966951536e-04	-1.496977e-01
7.766510029451536e-04	-1.484575e-01
7.815338154451535e-04	-1.459814e-01
7.903213232412988e-04	-1.415522e-01
8.000869482412988e-04	-1.366532e-01
8.098525732412988e-04	-1.317752e-01
8.196181982412988e-04	-1.269034e-01
8.293838232412989e-04	-1.220327e-01
8.391494482412989e-04	-1.171480e-01
8.489150732412989e-04	-1.122423e-01
8.586806982412989e-04	-1.072981e-01
8.684463232412989e-04	-1.023039e-01
8.782119482412989e-04	-9.723639e-02
8.879775732412989e-04	-9.207448e-02
8.977431982412989e-04	-8.678188e-02
9.075088232412988e-04	-8.131690e-02
9.172744482412988e-04	-7.561245e-02
9.270400732412988e-04	-6.957705e-02
9.368056982412988e-04	-6.306086e-02
9.465713232412989e-04	-5.582391e-02
9.563369482412989e-04	-4.742723e-02
9.661025732412989e-04	-3.689118e-02
9.758681982412989e-04	-2.205345e-02
9.856338232412988e-04	4.059962e-03
9.953994482412988e-04	6.087211e-02
9.966201513662990e-04	7.149348e-02
9.990615576162989e-04	9.413022e-02
1.003944370116299e-03	1.458104e-01
1.005165073241299e-03	1.598350e-01
1.007606479491299e-03	1.882071e-01
1.012489291991299e-03	2.452627e-01
1.018208355451502e-03	3.000433e-01
1.026882208207061e-03	3.226435e-01
1.036647833207061e-03	3.162230e-01
1.046413458207061e-03	3.112200e-01
1.056179083207061e-03	3.020865e-01
1.065944708207061e-03	2.939718e-01
1.075710333207061e-03	2.842689e-01
1.085475958207061e-03	2.760473e-01
1.095241583207061e-03	2.668128e-01
1.105007208207061e-03	2.588647e-01
1.114772833207061e-03	2.502814e-01
1.124538458207061e-03	2.427931e-01
1.134304083207061e-03	2.348728e-01
1.144069708207061e-03	2.278717e-01
1.153835333207061e-03	2.205589e-01
1.163600958207061e-03	2.140117e-01
1.173366583207061e-03	2.072248e-01
1.183132208207061e-03	2.010776e-01
1.192897833207061e-03	1.947371e-01
1.202663458207061e-03	1.889209e-01
1.212429083207061e-03	1.829462e-01
1.222194708207061e-03	1.773976e-01
1.231960333207061e-03	1.717149e-01
1.241725958207061e-03	1.663747e-01
1.251491583207061e-03	1.609185e-01
1.261257208207061e-03	1.557332e-01
1.271022833207061e-03	1.504453e-01
1.280788458207061e-03	1.453670e-01
1.290554083207061e-03	1.401958e-01
1.291774786332061e-03	1.395856e-01
1.294216192582061e-03	1.383298e-01
1.299099005082061e-03	1.357838e-01
1.300319708207061e-03	1.351582e-01
1.302761114457061e-03	1.338962e-01
1.307643926957061e-03	1.313703e-01
1.317409551957061e-03	1.263241e-01
1.327175176957061e-03	1.212833e-01
1.336940801957061e-03	1.162311e-01
1.346706426957061e-03	1.111566e-01
1.356472051957061e-03	1.060415e-01
1.366237676957061e-03	1.008695e-01
1.376003301957061e-03	9.561485e-02
1.385768926957061e-03	9.024926e-02
1.395534551957061e-03	8.472981e-02
1.405300176957061e-03	7.900172e-02
1.415065801957061e-03	7.298057e-02
1.424831426957061e-03	6.654308e-02
1.434597051957061e-03	5.948560e-02
1.444362676957061e-03	5.145985e-02
1.454128301957061e-03	4.171946e-02
1.463893926957061e-03	2.874465e-02
1.473659551957061e-03	8.020477e-03
1.474880255082061e-03	4.388053e-03
1.475185430863311e-03	3.453707e-03
1.475795782425811e-03	1.526405e-03
1.475948370316436e-03	1.022179e-03
1.476253546097686e-03	-6.294773e-06
1.476329840042999e-03	-2.676465e-04
1.476482427933624e-03	-7.927148e-04
1.476787603714874e-03	-1.867230e-03
1.477397955277374e-03	-4.113153e-03
1.478243870960633e-03	-7.437898e-03
1.479935702327150e-03	-1.489578e-02
1.482972803462695e-03	-3.141864e-02
1.486900938172493e-03	-5.964129e-02
1.494757207592090e-03	-1.364519e-01
1.496283086498340e-03	-1.540349e-01
1.496893438060840e-03	-1.611124e-01
1.497046025951465e-03	-1.628893e-01
1.497351201732715e-03	-1.664465e-01
1.497427495678027e-03	-1.673380e-01
1.497580083568652e-03	-1.691214e-01
1.497885259349902e-03	-1.726819e-01
1.497961553295215e-03	-1.735632e-01
1.498114141185840e-03	-1.753351e-01
1.498419316967090e-03	-1.789142e-01
1.499029668529590e-03	-1.860918e-01
1.500250371654590e-03	-2.005015e-01
1.502388214835433e-03	-2.257595e-01
1.505405836803914e-03	-2.605020e-01
1.511441080740876e-03	-3.091788e-01
1.521206705740876e-03	-3.214873e-01
1.530972330740876e-03	-3.145877e-01
1.540737955740876e-03	-3.091215e-01
1.550503580740876e-03	-2.997620e-01
1.560269205740876e-03	-2.920055e-01
1.570034830740876e-03	-2.826421e-01
1.579800455740876e-03	-2.745758e-01
1.589566080740876e-03	-2.656763e-01
1.599331705740876e-03	-2.579607e-01
1.609097330740876e-03	-2.497052e-01
1.618862955740876e-03	-2.424671e-01
1.628628580740876e-03	-2.348508e-01
1.638394205740876e-03	-2.281082e-01
1.648159830740876e-03	-2.210817e-01
1.657925455740876e-03	-2.147859e-01
1.667691080740876e-03	-2.082694e-01
1.677456705740876e-03	-2.023610e-01
1.687222330740876e-03	-1.962714e-01
1.696987955740876e-03	-1.906851e-01
1.706753580740876e-03	-1.849437e-01
1.716519205740876e-03	-1.796154e-01
1.726284830740876e-03	-1.741507e-01
1.736050455740876e-03	-1.690217e-01
1.745816080740876e-03	-1.637703e-01
1.755581705740876e-03	-1.587874e-01
1.765347330740876e-03	-1.536943e-01
1.766568033865876e-03	-1.531049e-01
1.769009440115876e-03	-1.518705e-01
1.769619791678376e-03	-1.515556e-01
1.770840494803376e-03	-1.509315e-01
1.773281901053376e-03	-1.496905e-01
1.778164713553376e-03	-1.472130e-01
1.785336220624679e-03	-1.435963e-01
1.795101845624679e-03	-1.386943e-01
1.804867470624679e-03	-1.338170e-01
1.814633095624679e-03	-1.289490e-01
1.824398720624679e-03	-1.240860e-01
1.834164345624679e-03	-1.192128e-01
1.843929970624679e-03	-1.143230e-01
1.853695595624679e-03	-1.093998e-01
1.863461220624679e-03	-1.044330e-01
1.873226845624679e-03	-9.940089e-02
1.882992470624679e-03	-9.428518e-02
1.892758095624679e-03	-8.905298e-02
1.902523720624679e-03	-8.366884e-02
1.912289345624679e-03	-7.807428e-02
1.922054970624679e-03	-7.219314e-02
1.931820595624679e-03	-6.590091e-02
1.941586220624679e-03	-5.900633e-02
1.951351845624679e-03	-5.116964e-02
1.961117470624679e-03	-4.175172e-02
1.970883095624679e-03	-2.913397e-02
1.980648720624680e-03	-9.242603e-03
1.990414345624679e-03	3.164513e-02
2.000179970624679e-03	1.126927e-01
2.001400673749679e-03	1.262161e-01
2.003842079999679e-03	1.538058e-01
2.004452431562179e-03	1.608923e-01
2.005673134687179e-03	1.751366e-01
2.008114540937179e-03	2.039297e-01
2.012997353437179e-03	2.604747e-01
2.018914855982996e-03	3.091726e-01
2.028680480982996e-03	3.226508e-01
2.038446105982996e-03	3.153817e-01
2.048211730982996e-03	3.090971e-01
2.057977355982996e-03	2.996466e-01
2.067742980982996e-03	2.916012e-01
2.077508605982996e-03	2.819464e-01
2.087274230982996e-03	2.737736e-01
2.097039855982996e-03	2.646188e-01
2.106805480982996e-03	2.567675e-01
2.116571105982996e-03	2.482724e-01
2.126336730982996e-03	2.408900e-01
2.136102355982996e-03	2.330529e-01
2.145867980982996e-03	2.261553e-01
2.155633605982996e-03	2.189159e-01
2.165399230982996e-03	2.124652e-01
2.175164855982996e-03	2.057434e-01
2.184930480982996e-03	1.996803e-01
2.194696105982996e-03	1.933928e-01
2.204461730982996e-03	1.876524e-01
2.214227355982996e-03	1.817198e-01
2.223992980982996e-03	1.762385e-01
2.233758605982996e-03	1.705887e-01
2.243524230982996e-03	1.653077e-01
2.253289855982996e-03	1.598764e-01
2.263055480982996e-03	1.547429e-01
2.272821105982996e-03	1.494723e-01
2.282586730982996e-03	1.444398e-01
2.292352355982996e-03	1.392808e-01
2.302117980982996e-03	1.343048e-01
2.303338684107996e-03	1.336514e-01
2.305780090357996e-03	1.323813e-01
2.306390441920496e-03	1.320719e-01
2.307611145045496e-03	1.314458e-01
2.310052551295496e-03	1.301866e-01
2.314935363795496e-03	1.276735e-01
2.324700988795496e-03	1.226514e-01
2.334466613795496e-03	1.176221e-01
2.344232238795496e-03	1.125728e-01
2.353997863795496e-03	1.074887e-01
2.363763488795496e-03	1.023537e-01
2.373529113795496e-03	9.714384e-02
2.383294738795496e-03	9.183282e-02
2.393060363795496e-03	8.638316e-02
2.402825988795496e-03	8.074494e-02
2.412591613795496e-03	7.484503e-02
2.422357238795496e-03	6.857589e-02
2.432122863795496e-03	6.176592e-02
2.441888488795496e-03	5.412728e-02
2.451654113795496e-03	4.512481e-02
2.461419738795496e-03	3.348741e-02
2.471185363795496e-03	1.621815e-02
2.480950988795496e-03	-1.682711e-02
2.482171691920496e-03	-2.312182e-02
2.484613098170496e-03	-3.734605e-02
2.489495910670496e-03	-7.550061e-02
2.497622155513325e-03	-1.601589e-01
2.498530514220365e-03	-1.708591e-01
2.498558900429960e-03	-1.711872e-01
2.498615672849150e-03	-1.718377e-01
2.498729217687530e-03	-1.731580e-01
2.498956307364290e-03	-1.758367e-01
2.499410486717811e-03	-1.811884e-01
2.500318845424851e-03	-1.919429e-01
2.501980886314857e-03	-2.116570e-01
2.504027786980801e-03	-2.358409e-01
2.507820050683834e-03	-2.777089e-01
2.515404578089902e-03	-3.187684e-01
2.525170203089902e-03	-3.188847e-01
2.534935828089902e-03	-3.134809e-01
2.544701453089902e-03	-3.059190e-01
2.554467078089902e-03	-2.974909e-01
2.564232703089902e-03	-2.886664e-01
2.573998328089902e-03	-2.800094e-01
2.583763953089902e-03	-2.713946e-01
2.593529578089902e-03	-2.630970e-01
2.603295203089902e-03	-2.549896e-01
2.613060828089902e-03	-2.472290e-01
2.622826453089902e-03	-2.397008e-01
2.632592078089902e-03	-2.324970e-01
2.642357703089902e-03	-2.255237e-01
2.652123328089902e-03	-2.188340e-01
2.661888953089902e-03	-2.123540e-01
2.671654578089902e-03	-2.061122e-01
2.681420203089902e-03	-2.000523e-01
2.691185828089902e-03	-1.941858e-01
2.700951453089902e-03	-1.884718e-01
2.710717078089902e-03	-1.829102e-01
2.720482703089902e-03	-1.774729e-01
2.730248328089902e-03	-1.721512e-01
2.740013953089902e-03	-1.669274e-01
2.749779578089902e-03	-1.617879e-01
2.759545203089902e-03	-1.567232e-01
2.760765906214902e-03	-1.560949e-01
2.763207312464902e-03	-1.548418e-01
2.768090124964902e-03	-1.523360e-01
2.769310828089902e-03	-1.517131e-01
2.771752234339902e-03	-1.504652e-01
2.776635046839902e-03	-1.479760e-01
2.786400671839902e-03	-1.430307e-01
2.795448533435725e-03	-1.384762e-01
2.805214158435725e-03	-1.335823e-01
2.814979783435725e-03	-1.286997e-01
2.824745408435725e-03	-1.238203e-01
2.834511033435725e-03	-1.189320e-01
2.844276658435725e-03	-1.140252e-01
2.854042283435725e-03	-1.090858e-01
2.863807908435725e-03	-1.041002e-01
2.873573533435725e-03	-9.904919e-02
2.883339158435725e-03	-9.391082e-02
2.902870408435725e-03	-8.323955e-02
2.912636033435725e-03	-7.760907e-02
2.922401658435725e-03	-7.168029e-02
2.932167283435725e-03	-6.532556e-02
2.941932908435725e-03	-5.833992e-02
2.951698533435725e-03	-5.036433e-02
2.961464158435725e-03	-4.070613e-02
2.971229783435725e-03	-2.758111e-02
2.980995408435725e-03	-6.364176e-03
2.990761033435725e-03	3.816764e-02
3.000526658435725e-03	1.235258e-01
3.001747361560725e-03	1.373837e-01
3.004188767810725e-03	1.655103e-01
3.004799119373225e-03	1.726889e-01
3.006019822498225e-03	1.870869e-01
3.008461228748225e-03	2.160352e-01
3.013344041248225e-03	2.714792e-01
3.023109666248225e-03	3.213192e-01
3.032875291248225e-03	3.182287e-01
3.042640916248225e-03	3.129682e-01
3.052406541248225e-03	3.045772e-01
3.062172166248225e-03	2.960345e-01
3.071937791248225e-03	2.868308e-01
3.081703416248225e-03	2.781948e-01
3.091469041248225e-03	2.692921e-01
3.101234666248225e-03	2.609952e-01
3.111000291248225e-03	2.526510e-01
3.120765916248225e-03	2.448718e-01
3.130531541248225e-03	2.371363e-01
3.140297166248225e-03	2.298951e-01
3.150062791248225e-03	2.227328e-01
3.159828416248225e-03	2.159891e-01
3.169594041248225e-03	2.093326e-01
3.179359666248225e-03	2.030225e-01
3.189125291248225e-03	1.967951e-01
3.198890916248225e-03	1.908484e-01
3.208656541248225e-03	1.849740e-01
3.218422166248225e-03	1.793222e-01
3.228187791248225e-03	1.737302e-01
3.237953416248225e-03	1.683098e-01
3.247719041248225e-03	1.629367e-01
3.257484666248225e-03	1.576910e-01
3.267250291248225e-03	1.524805e-01
3.277015916248225e-03	1.473590e-01
3.286781541248225e-03	1.422610e-01
3.296547166248225e-03	1.372181e-01
3.306312791248225e-03	1.321874e-01
3.307533494373225e-03	1.315631e-01
3.309974900623225e-03	1.303143e-01
3.314857713123225e-03	1.278022e-01
3.324623338123225e-03	1.227980e-01
3.334388963123225e-03	1.177773e-01
3.344154588123225e-03	1.127463e-01
3.353920213123225e-03	1.076723e-01
3.363685838123225e-03	1.025554e-01
3.373451463123225e-03	9.735811e-02
3.383217088123225e-03	9.206868e-02
3.392982713123225e-03	8.663658e-02
3.402748338123225e-03	8.102632e-02
3.412513963123225e-03	7.515427e-02
3.422279588123225e-03	6.892811e-02
3.432045213123225e-03	6.217073e-02
3.441810838123225e-03	5.461674e-02
3.451576463123225e-03	4.574537e-02
3.461342088123225e-03	3.437254e-02
3.471107713123225e-03	1.771431e-02
3.472328416248225e-03	1.497017e-02
3.474769822498225e-03	8.859522e-03
3.475380174060725e-03	7.099202e-03
3.476600877185725e-03	3.400602e-03
3.476906052966975e-03	2.407473e-03
3.477516404529475e-03	3.706858e-04
3.477668992420100e-03	-1.578488e-04
3.477974168201350e-03	-1.228496e-03
3.478050462146662e-03	-1.501294e-03
3.478203050037288e-03	-2.050401e-03
3.478508225818537e-03	-3.170708e-03
3.478584519763850e-03	-3.456647e-03
3.478737107654475e-03	-4.031982e-03
3.479042283435725e-03	-5.204027e-03
3.479652634998225e-03	-7.642792e-03
3.480873338123225e-03	-1.292799e-02
3.483314744373225e-03	-2.536509e-02
3.487974949494970e-03	-5.724739e-02
3.497295359738458e-03	-1.489912e-01
3.498516062863458e-03	-1.633485e-01
3.498821238644708e-03	-1.669421e-01
3.498897532590021e-03	-1.678403e-01
3.499050120480646e-03	-1.696374e-01
3.499088267453302e-03	-1.700870e-01
3.499164561398615e-03	-1.709852e-01
3.499317149289239e-03	-1.727716e-01
3.499622325070490e-03	-1.763440e-01
3.499698619015802e-03	-1.772492e-01
3.499851206906427e-03	-1.790571e-01
3.500156382687677e-03	-1.826666e-01
3.500766734250177e-03	-1.899009e-01
3.501987437375177e-03	-2.044026e-01
3.504428843625177e-03	-2.333068e-01
3.507972690948942e-03	-2.730869e-01
3.515060385596471e-03	-3.169373e-01
3.524826010596470e-03	-3.197673e-01
3.534591635596470e-03	-3.138891e-01
3.544357260596470e-03	-3.069297e-01
3.554122885596470e-03	-2.982152e-01
3.563888510596470e-03	-2.896860e-01
3.573654135596470e-03	-2.807281e-01
3.583419760596470e-03	-2.723145e-01
3.593185385596470e-03	-2.637681e-01
3.602951010596470e-03	-2.558007e-01
3.612716635596470e-03	-2.478323e-01
3.622482260596470e-03	-2.404069e-01
3.632247885596470e-03	-2.330285e-01
3.642013510596470e-03	-2.261335e-01
3.651779135596470e-03	-2.192962e-01
3.661544760596470e-03	-2.128778e-01
3.671310385596470e-03	-2.065106e-01
3.681076010596470e-03	-2.004999e-01
3.690841635596470e-03	-1.945268e-01
3.700607260596470e-03	-1.888528e-01
3.710372885596470e-03	-1.832003e-01
3.720138510596470e-03	-1.777957e-01
3.729904135596470e-03	-1.723965e-01
3.739669760596471e-03	-1.672002e-01
3.749435385596470e-03	-1.619940e-01
3.759201010596471e-03	-1.569517e-01
3.760421713721470e-03	-1.563043e-01
3.762863119971470e-03	-1.550406e-01
3.767745932471470e-03	-1.525310e-01
3.768966635596470e-03	-1.519039e-01
3.771408041846470e-03	-1.506511e-01
3.776290854346470e-03	-1.481537e-01
3.786056479346470e-03	-1.431915e-01
3.794934943610332e-03	-1.387085e-01
3.804700568610332e-03	-1.337992e-01
3.814466193610332e-03	-1.289029e-01
3.824231818610332e-03	-1.240099e-01
3.833997443610332e-03	-1.191096e-01
3.843763068610332e-03	-1.141906e-01
3.853528693610332e-03	-1.092403e-01
3.863294318610332e-03	-1.042436e-01
3.873059943610332e-03	-9.918243e-02
3.882825568610332e-03	-9.403364e-02
3.892591193610332e-03	-8.876738e-02
3.902356818610332e-03	-8.334257e-02
3.912122443610332e-03	-7.770240e-02
3.921888068610332e-03	-7.176313e-02
3.931653693610332e-03	-6.539784e-02
3.941419318610332e-03	-5.840001e-02
3.951184943610332e-03	-5.041058e-02
3.960950568610332e-03	-4.073355e-02
3.970716193610332e-03	-2.757797e-02
3.980481818610332e-03	-6.292389e-03
3.990247443610332e-03	3.840654e-02
4.000013068610332e-03	1.239483e-01
4.001233771735332e-03	1.378195e-01
4.003675177985332e-03	1.659678e-01
4.004285529547832e-03	1.731503e-01
4.005506232672832e-03	1.875551e-01
4.007947638922832e-03	2.165114e-01
4.012830451422832e-03	2.719042e-01
4.022596076422832e-03	3.213786e-01
4.032361701422832e-03	3.181773e-01
4.042127326422832e-03	3.129410e-01
4.051892951422832e-03	3.045492e-01
4.061658576422832e-03	2.960361e-01
4.071424201422832e-03	2.868297e-01
4.081189826422832e-03	2.782195e-01
4.090955451422832e-03	2.693189e-01
4.100721076422831e-03	2.610453e-01
4.110486701422832e-03	2.527060e-01
4.120252326422832e-03	2.449481e-01
4.130017951422832e-03	2.372191e-01
4.139783576422832e-03	2.299974e-01
4.149549201422832e-03	2.228427e-01
4.159314826422832e-03	2.161172e-01
4.169080451422832e-03	2.094689e-01
4.178846076422832e-03	2.031758e-01
4.188611701422832e-03	1.969571e-01
4.198377326422832e-03	1.910263e-01
4.208142951422832e-03	1.851609e-01
4.217908576422832e-03	1.795240e-01
4.227674201422832e-03	1.739412e-01
4.237439826422832e-03	1.685350e-01
4.247205451422832e-03	1.631713e-01
4.256971076422832e-03	1.579391e-01
4.266736701422832e-03	1.527382e-01
4.276502326422832e-03	1.476297e-01
4.286267951422832e-03	1.425416e-01
4.296033576422832e-03	1.375115e-01
4.305799201422832e-03	1.324910e-01
4.307019904547832e-03	1.318687e-01
4.309461310797832e-03	1.306238e-01
4.314344123297831e-03	1.281169e-01
4.324109748297832e-03	1.231252e-01
4.333875373297832e-03	1.181168e-01
4.343640998297832e-03	1.130996e-01
4.353406623297832e-03	1.080398e-01
4.363172248297832e-03	1.029392e-01
4.372937873297832e-03	9.775963e-02
4.382703498297832e-03	9.249128e-02
4.392469123297832e-03	8.708362e-02
4.402234748297832e-03	8.150408e-02
4.412000373297832e-03	7.567061e-02
4.421765998297832e-03	6.949657e-02
4.431531623297832e-03	6.281184e-02
4.441297248297832e-03	5.536767e-02
4.451062873297832e-03	4.667604e-02
4.460828498297832e-03	3.565405e-02
4.470594123297832e-03	1.980906e-02
4.471814826422832e-03	1.723280e-02
4.474256232672832e-03	1.152278e-02
4.479139045172832e-03	-3.820712e-03
4.479291633063457e-03	-4.394642e-03
4.479596808844707e-03	-5.557501e-03
4.480207160407207e-03	-7.982749e-03
4.481427863532207e-03	-1.326114e-02
4.483869269782207e-03	-2.572499e-02
4.488752082282207e-03	-5.952482e-02
4.498517707282207e-03	-1.570658e-01
4.498670295172832e-03	-1.588663e-01
4.498975470954082e-03	-1.624713e-01
4.499585822516582e-03	-1.696989e-01
4.499738410407207e-03	-1.715087e-01
4.499776557379863e-03	-1.719595e-01
4.499852851325176e-03	-1.728560e-01
4.500005439215801e-03	-1.746408e-01
4.500043586188457e-03	-1.750934e-01
4.500119880133769e-03	-1.759999e-01
4.500272468024394e-03	-1.778108e-01
4.500577643805645e-03	-1.814368e-01
4.501187995368144e-03	-1.887038e-01
4.502408698493145e-03	-2.032595e-01
4.504769359869920e-03	-2.313149e-01
4.508007974459202e-03	-2.682037e-01
4.514485203637766e-03	-3.138660e-01
4.524250828637766e-03	-3.206922e-01
4.534016453637765e-03	-3.142871e-01
4.543782078637766e-03	-3.079949e-01
4.553547703637766e-03	-2.989098e-01
4.563313328637766e-03	-2.907609e-01
4.573078953637765e-03	-2.815932e-01
4.582844578637766e-03	-2.733099e-01
4.592610203637766e-03	-2.645724e-01
4.602375828637766e-03	-2.566924e-01
4.612141453637766e-03	-2.485640e-01
4.621907078637765e-03	-2.411966e-01
4.631672703637766e-03	-2.336842e-01
4.641438328637766e-03	-2.268291e-01
4.651203953637766e-03	-2.198797e-01
4.660969578637765e-03	-2.134894e-01
4.670735203637766e-03	-2.070286e-01
4.680500828637766e-03	-2.010380e-01
4.690266453637766e-03	-1.949866e-01
4.700032078637765e-03	-1.893271e-01
4.709797703637766e-03	-1.836095e-01
4.719563328637766e-03	-1.782151e-01
4.729328953637766e-03	-1.727613e-01
4.739094578637765e-03	-1.675725e-01
4.748860203637766e-03	-1.623219e-01
4.758625828637766e-03	-1.572840e-01
4.759846531762766e-03	-1.566265e-01
4.762287938012766e-03	-1.553542e-01
4.767170750512766e-03	-1.528408e-01
4.768391453637766e-03	-1.522102e-01
4.770832859887766e-03	-1.509532e-01
4.775715672387766e-03	-1.484483e-01
4.776936375512766e-03	-1.478263e-01
4.779377781762766e-03	-1.465807e-01
4.784260594262766e-03	-1.440942e-01
4.794026219262766e-03	-1.391478e-01
4.803791844262766e-03	-1.342245e-01
4.813557469262765e-03	-1.293169e-01
4.823323094262766e-03	-1.244124e-01
4.833088719262766e-03	-1.195029e-01
4.842854344262766e-03	-1.145749e-01
4.852619969262765e-03	-1.096177e-01
4.862385594262766e-03	-1.046144e-01
4.872151219262766e-03	-9.954883e-02
4.881916844262766e-03	-9.439646e-02
4.891682469262765e-03	-8.912914e-02
4.901448094262766e-03	-8.370517e-02
4.911213719262766e-03	-7.806971e-02
4.920979344262766e-03	-7.213957e-02
4.930744969262765e-03	-6.579126e-02
4.940510594262766e-03	-5.882243e-02
4.950276219262766e-03	-5.088453e-02
4.960041844262766e-03	-4.130414e-02
4.969807469262765e-03	-2.836802e-02
4.979573094262766e-03	-7.677916e-03
4.989338719262766e-03	3.538200e-02
4.999104344262766e-03	1.190412e-01
5.000325047387765e-03	1.327742e-01
5.002766453637766e-03	1.607029e-01
5.003376805200266e-03	1.678492e-01
5.004597508325266e-03	1.821938e-01
5.007038914575265e-03	2.111003e-01
5.011921727075265e-03	2.670885e-01
5.021588092148984e-03	3.204042e-01
5.031353717148984e-03	3.187590e-01
5.041119342148984e-03	3.134339e-01
5.050884967148984e-03	3.051949e-01
5.060650592148984e-03	2.964682e-01
5.070416217148984e-03	2.874649e-01
5.080181842148984e-03	2.786992e-01
5.089947467148984e-03	2.699363e-01
5.099713092148984e-03	2.615359e-01
5.109478717148984e-03	2.532982e-01
5.119244342148984e-03	2.454375e-01
5.129009967148984e-03	2.377878e-01
5.138775592148984e-03	2.304829e-01
5.148541217148984e-03	2.233924e-01
5.158306842148984e-03	2.165994e-01
5.168072467148984e-03	2.100047e-01
5.177838092148984e-03	2.036572e-01
5.187603717148984e-03	1.974842e-01
5.197369342148984e-03	1.915098e-01
5.207134967148984e-03	1.856840e-01
5.216900592148984e-03	1.800127e-01
5.226666217148984e-03	1.744645e-01
5.236431842148984e-03	1.690317e-01
5.246197467148984e-03	1.636986e-01
5.255963092148984e-03	1.584464e-01
5.265728717148984e-03	1.532727e-01
5.275494342148984e-03	1.481500e-01
5.285259967148984e-03	1.430865e-01
5.295025592148984e-03	1.380472e-01
5.304791217148984e-03	1.330492e-01
5.314556842148984e-03	1.280502e-01
5.324322467148984e-03	1.230687e-01
5.334088092148984e-03	1.180682e-01
5.343853717148984e-03	1.130631e-01
5.353619342148984e-03	1.080086e-01
5.363384967148984e-03	1.029217e-01
5.373150592148984e-03	9.774590e-02
5.382916217148984e-03	9.249297e-02
5.392681842148984e-03	8.708885e-02
5.402447467148984e-03	8.152705e-02
5.412213092148984e-03	7.569879e-02
5.421978717148984e-03	6.954669e-02
5.431744342148984e-03	6.287301e-02
5.441509967148984e-03	5.546130e-02
5.451275592148984e-03	4.680054e-02
5.461041217148984e-03	3.585146e-02
5.470806842148984e-03	2.015775e-02
5.480572467148984e-03	-8.271283e-03
5.481793170273984e-03	-1.359556e-02
5.484234576523984e-03	-2.568361e-02
5.489117389023984e-03	-5.919185e-02
5.497208751324802e-03	-1.382461e-01
5.498429454449802e-03	-1.523463e-01
5.500870860699802e-03	-1.807994e-01
5.501242133186885e-03	-1.851617e-01
5.501984678161052e-03	-1.939233e-01
5.503469768109386e-03	-2.115023e-01
5.506439948006054e-03	-2.463020e-01
5.509410429897044e-03	-2.787049e-01
5.515351393679025e-03	-3.155545e-01
5.525117018679025e-03	-3.199983e-01
5.534882643679026e-03	-3.141184e-01
5.544648268679025e-03	-3.073576e-01
5.554413893679025e-03	-2.984695e-01
5.564179518679025e-03	-2.901014e-01
5.573945143679026e-03	-2.810936e-01
5.583710768679025e-03	-2.726869e-01
5.593476393679025e-03	-2.640775e-01
5.603242018679025e-03	-2.561067e-01
5.613007643679026e-03	-2.480799e-01
5.622773268679025e-03	-2.406438e-01
5.632538893679025e-03	-2.332126e-01
5.642304518679025e-03	-2.263034e-01
5.652070143679026e-03	-2.194187e-01
5.661835768679025e-03	-2.129845e-01
5.671601393679025e-03	-2.065750e-01
5.681367018679025e-03	-2.005480e-01
5.691132643679026e-03	-1.945371e-01
5.700898268679025e-03	-1.888469e-01
5.710663893679025e-03	-1.831607e-01
5.720429518679025e-03	-1.777401e-01
5.730195143679025e-03	-1.723108e-01
5.739960768679025e-03	-1.670987e-01
5.749726393679025e-03	-1.618660e-01
5.759492018679025e-03	-1.568078e-01
5.760712721804025e-03	-1.561562e-01
5.763154128054025e-03	-1.548863e-01
5.768036940554025e-03	-1.523668e-01
5.769257643679025e-03	-1.517368e-01
5.771699049929025e-03	-1.504790e-01
5.776581862429025e-03	-1.479720e-01
5.786347487429025e-03	-1.429912e-01
5.795858795475734e-03	-1.381713e-01
5.805624420475734e-03	-1.332451e-01
5.815390045475734e-03	-1.283313e-01
5.825155670475734e-03	-1.234202e-01
5.834921295475734e-03	-1.185007e-01
5.844686920475734e-03	-1.135616e-01
5.854452545475734e-03	-1.085892e-01
5.864218170475734e-03	-1.035684e-01
5.873983795475734e-03	-9.847984e-02
5.883749420475734e-03	-9.329955e-02
5.893515045475735e-03	-8.799569e-02
5.903280670475734e-03	-8.252501e-02
5.913046295475734e-03	-7.682654e-02
5.922811920475734e-03	-7.081053e-02
5.932577545475735e-03	-6.433899e-02
5.942343170475734e-03	-5.718549e-02
5.952108795475734e-03	-4.894925e-02
5.961874420475734e-03	-3.883691e-02
5.971640045475734e-03	-2.471993e-02
5.981405670475734e-03	-8.197931e-04
5.991171295475734e-03	5.055052e-02
6.000936920475734e-03	1.429573e-01
6.002157623600734e-03	1.572353e-01
6.002462799381984e-03	1.608201e-01
6.003073150944484e-03	1.680023e-01
6.004293854069484e-03	1.824447e-01
6.006735260319484e-03	2.115079e-01
6.011575084740452e-03	2.671600e-01
6.021132756321153e-03	3.202820e-01
6.030898381321152e-03	3.188280e-01
6.040664006321153e-03	3.135277e-01
6.050429631321153e-03	3.053065e-01
6.060195256321153e-03	2.965679e-01
6.069960881321152e-03	2.875881e-01
6.079726506321153e-03	2.788177e-01
6.089492131321153e-03	2.700710e-01
6.099257756321153e-03	2.616676e-01
6.109023381321152e-03	2.534427e-01
6.118789006321152e-03	2.455810e-01
6.128554631321153e-03	2.379418e-01
6.138320256321153e-03	2.306376e-01
6.148085881321153e-03	2.235564e-01
6.157851506321152e-03	2.167654e-01
6.167617131321153e-03	2.101793e-01
6.177382756321153e-03	2.038350e-01
6.187148381321153e-03	1.976699e-01
6.196914006321152e-03	1.916997e-01
6.206679631321153e-03	1.858815e-01
6.216445256321153e-03	1.802150e-01
6.226210881321153e-03	1.746742e-01
6.235976506321152e-03	1.692467e-01
6.245742131321153e-03	1.639207e-01
6.255507756321153e-03	1.586745e-01
6.265273381321153e-03	1.535079e-01
6.275039006321152e-03	1.483915e-01
6.284804631321153e-03	1.433349e-01
6.294570256321153e-03	1.383027e-01
6.304335881321153e-03	1.333128e-01
6.305556584446152e-03	1.326862e-01
6.307997990696153e-03	1.314425e-01
6.312880803196153e-03	1.289480e-01
6.322646428196152e-03	1.239696e-01
6.332412053196152e-03	1.189842e-01
6.342177678196153e-03	1.139845e-01
6.351943303196153e-03	1.089517e-01
6.361708928196153e-03	1.038749e-01
6.371474553196152e-03	9.872979e-02
6.381240178196153e-03	9.349595e-02
6.391005803196153e-03	8.813681e-02
6.400771428196153e-03	8.261207e-02
6.410537053196152e-03	7.685588e-02
6.420302678196153e-03	7.078021e-02
6.430068303196153e-03	6.424075e-02
6.439833928196153e-03	5.700907e-02
6.449599553196152e-03	4.867038e-02
6.459365178196153e-03	3.831463e-02
6.469130803196153e-03	2.397150e-02
6.478896428196153e-03	-5.763930e-04
6.480117131321152e-03	-5.049038e-03
6.480422307102403e-03	-6.202201e-03
6.481032658664902e-03	-8.584165e-03
6.482253361789903e-03	-1.382082e-02
6.484694768039903e-03	-2.630609e-02
6.489577580539902e-03	-6.028837e-02
6.499084459600608e-03	-1.552720e-01
6.500305162725608e-03	-1.697223e-01
6.500343309698264e-03	-1.701694e-01
6.500419603643576e-03	-1.710562e-01
6.500572191534201e-03	-1.728379e-01
6.500610338506858e-03	-1.732915e-01
6.500686632452170e-03	-1.741961e-01
6.500839220342796e-03	-1.759993e-01
6.501144396124045e-03	-1.796146e-01
6.501754747686546e-03	-1.868589e-01
6.502975450811545e-03	-2.013805e-01
6.504912012664822e-03	-2.244016e-01
6.507736922991858e-03	-2.572083e-01
6.513368892062894e-03	-3.060126e-01
6.523134517062895e-03	-3.220217e-01
6.532900142062895e-03	-3.148393e-01
6.542665767062895e-03	-3.097444e-01
6.552431392062894e-03	-3.001720e-01
6.562197017062895e-03	-2.925255e-01
6.571962642062895e-03	-2.829976e-01
6.581728267062895e-03	-2.749436e-01
6.591493892062894e-03	-2.658937e-01
6.601259517062895e-03	-2.581668e-01
6.611025142062895e-03	-2.497773e-01
6.620790767062895e-03	-2.425116e-01
6.630556392062894e-03	-2.347815e-01
6.640322017062895e-03	-2.279969e-01
6.650087642062895e-03	-2.208658e-01
6.659853267062895e-03	-2.145257e-01
6.669618892062894e-03	-2.079136e-01
6.679384517062894e-03	-2.019594e-01
6.689150142062895e-03	-1.957824e-01
6.698915767062895e-03	-1.901495e-01
6.708681392062894e-03	-1.843279e-01
6.718447017062894e-03	-1.789529e-01
6.728212642062895e-03	-1.734130e-01
6.737978267062895e-03	-1.682387e-01
6.747743892062895e-03	-1.629179e-01
6.757509517062894e-03	-1.578897e-01
6.767275142062895e-03	-1.527248e-01
6.768495845187895e-03	-1.521313e-01
6.770937251437894e-03	-1.508873e-01
6.775820063937895e-03	-1.483604e-01
6.785585688937895e-03	-1.433806e-01
6.794971101638771e-03	-1.386025e-01
6.804736726638770e-03	-1.336780e-01
6.814502351638770e-03	-1.287451e-01
6.824267976638770e-03	-1.238369e-01
6.834033601638770e-03	-1.189017e-01
6.843799226638770e-03	-1.139667e-01
6.853564851638770e-03	-1.089819e-01
6.863330476638770e-03	-1.039669e-01
6.873096101638770e-03	-9.886958e-02
6.882861726638771e-03	-9.369777e-02
6.892627351638770e-03	-8.839019e-02
6.902392976638770e-03	-8.293296e-02
6.912158601638770e-03	-7.723908e-02
6.921924226638771e-03	-7.124721e-02
6.931689851638770e-03	-6.479778e-02
6.941455476638770e-03	-5.769605e-02
6.951221101638770e-03	-4.953193e-02
6.960986726638771e-03	-3.957082e-02
6.970752351638770e-03	-2.578214e-02
6.980517976638770e-03	-2.834123e-03
6.990283601638770e-03	4.620995e-02
7.000049226638771e-03	1.363334e-01
7.001269929763770e-03	1.504885e-01
7.003711336013770e-03	1.791174e-01
7.008024053755529e-03	2.302233e-01
7.012576986947979e-03	2.804657e-01
7.018838967538478e-03	3.172126e-01
7.028604592538477e-03	3.198862e-01
7.038370217538477e-03	3.151808e-01
7.048135842538478e-03	3.072749e-01
7.057901467538478e-03	2.979033e-01
7.067667092538477e-03	2.894223e-01
7.077432717538477e-03	2.802750e-01
7.087198342538478e-03	2.718377e-01
7.096963967538478e-03	2.631037e-01
7.106729592538477e-03	2.551037e-01
7.116495217538477e-03	2.469710e-01
7.126260842538478e-03	2.394962e-01
7.136026467538478e-03	2.319683e-01
7.145792092538478e-03	2.250144e-01
7.155557717538477e-03	2.180389e-01
7.165323342538478e-03	2.115556e-01
7.175088967538478e-03	2.050592e-01
7.184854592538478e-03	1.989797e-01
7.194620217538477e-03	1.928849e-01
7.204385842538478e-03	1.871395e-01
7.214151467538478e-03	1.813717e-01
7.223917092538478e-03	1.758939e-01
7.233682717538477e-03	1.703851e-01
7.243448342538478e-03	1.651141e-01
7.253213967538478e-03	1.598036e-01
7.262979592538478e-03	1.546853e-01
7.272745217538477e-03	1.495197e-01
7.282510842538478e-03	1.445059e-01
7.292276467538478e-03	1.394390e-01
7.293497170663478e-03	1.388300e-01
7.295938576913478e-03	1.375904e-01
7.296548928475977e-03	1.372757e-01
7.297769631600978e-03	1.366504e-01
7.300211037850978e-03	1.354038e-01
7.305093850350977e-03	1.329127e-01
7.314859475350977e-03	1.279386e-01
7.324625100350978e-03	1.229649e-01
7.334390725350978e-03	1.179892e-01
7.344156350350978e-03	1.129895e-01
7.353921975350977e-03	1.079601e-01
7.363687600350978e-03	1.028771e-01
7.373453225350978e-03	9.772716e-02
7.383218850350978e-03	9.247792e-02
7.392984475350977e-03	8.710125e-02
7.402750100350978e-03	8.154473e-02
7.412515725350978e-03	7.574749e-02
7.422281350350978e-03	6.960598e-02
7.432046975350977e-03	6.297224e-02
7.441812600350978e-03	5.558683e-02
7.451578225350978e-03	4.699429e-02
7.461343850350978e-03	3.613839e-02
7.471109475350977e-03	2.067168e-02
7.472330178475978e-03	1.816912e-02
7.474771584725978e-03	1.263640e-02
7.479654397225977e-03	-2.134280e-03
7.489420022225977e-03	-5.775954e-02
7.489571401489425e-03	-5.895809e-02
7.489874160016318e-03	-6.138221e-02
7.490479677070107e-03	-6.638397e-02
7.491690711177684e-03	-7.696475e-02
7.494112779392837e-03	-1.001579e-01
7.498956915823143e-03	-1.523190e-01
7.499960339889465e-03	-1.639211e-01
7.500211195906045e-03	-1.668255e-01
7.500273909910191e-03	-1.675518e-01
7.500399337918481e-03	-1.690049e-01
7.500650193935062e-03	-1.719123e-01
7.501151905968222e-03	-1.777008e-01
7.501277333976513e-03	-1.791715e-01
7.501528189993093e-03	-1.821076e-01
7.502029902026254e-03	-1.879720e-01
7.503033326092576e-03	-1.997564e-01
7.505040174225220e-03	-2.233656e-01
7.508427111717053e-03	-2.621657e-01
7.514793217516181e-03	-3.111314e-01
7.524558842516181e-03	-3.211699e-01
7.534324467516181e-03	-3.143629e-01
7.544090092516181e-03	-3.085531e-01
7.553855717516181e-03	-2.992368e-01
7.563621342516181e-03	-2.913035e-01
7.573386967516181e-03	-2.819576e-01
7.583152592516181e-03	-2.737777e-01
7.592918217516181e-03	-2.648865e-01
7.602683842516181e-03	-2.570751e-01
7.612449467516181e-03	-2.488168e-01
7.622215092516181e-03	-2.414943e-01
7.631980717516181e-03	-2.338716e-01
7.641746342516181e-03	-2.270463e-01
7.651511967516181e-03	-2.200025e-01
7.661277592516181e-03	-2.136317e-01
7.671043217516181e-03	-2.070898e-01
7.680808842516181e-03	-2.011114e-01
7.690574467516182e-03	-1.949902e-01
7.700340092516181e-03	-1.893374e-01
7.710105717516181e-03	-1.835596e-01
7.719871342516181e-03	-1.781677e-01
7.729636967516181e-03	-1.726627e-01
7.739402592516181e-03	-1.674724e-01
7.749168217516181e-03	-1.621763e-01
7.758933842516181e-03	-1.571351e-01
7.760154545641181e-03	-1.564676e-01
7.762595951891181e-03	-1.551861e-01
7.767478764391181e-03	-1.526638e-01
7.768699467516181e-03	-1.520292e-01
7.771140873766181e-03	-1.507664e-01
7.776023686266181e-03	-1.482512e-01
7.785789311266181e-03	-1.432531e-01
7.794752693045295e-03	-1.386966e-01
7.804518318045295e-03	-1.337544e-01
7.814283943045295e-03	-1.288273e-01
7.824049568045294e-03	-1.239032e-01
7.833815193045294e-03	-1.189732e-01
7.843580818045296e-03	-1.140238e-01
7.853346443045296e-03	-1.090437e-01
7.863112068045295e-03	-1.040157e-01
7.872877693045295e-03	-9.892248e-02
7.882643318045295e-03	-9.373870e-02
7.892408943045295e-03	-8.843464e-02
7.902174568045294e-03	-8.296618e-02
7.911940193045294e-03	-7.727514e-02
7.921705818045296e-03	-7.127234e-02
7.931471443045296e-03	-6.482486e-02
7.941237068045295e-03	-5.771169e-02
7.951002693045295e-03	-4.954766e-02
7.960768318045295e-03	-3.957191e-02
7.970533943045295e-03	-2.577648e-02
7.980299568045295e-03	-2.783414e-03
7.990065193045294e-03	4.632937e-02
7.999830818045296e-03	1.365341e-01
8.001051521170295e-03	1.506945e-01
8.003492927420294e-03	1.793311e-01
8.007857511850836e-03	2.310462e-01
8.012442195442516e-03	2.814378e-01
8.018763401885847e-03	3.176080e-01
8.028529026885849e-03	3.197335e-01
8.038294651885849e-03	3.149796e-01
8.048060276885849e-03	3.070782e-01
8.057825901885848e-03	2.978213e-01
8.067591526885848e-03	2.892734e-01
8.077357151885848e-03	2.801879e-01
8.087122776885848e-03	2.717114e-01
8.096888401885848e-03	2.630294e-01
8.106654026885849e-03	2.550009e-01
8.116419651885849e-03	2.469107e-01
8.126185276885849e-03	2.394163e-01
8.135950901885848e-03	2.319237e-01
8.145716526885848e-03	2.249557e-01
8.155482151885848e-03	2.180098e-01
8.165247776885848e-03	2.115163e-01
8.175013401885848e-03	2.050451e-01
8.184779026885847e-03	1.989582e-01
8.194544651885849e-03	1.928849e-01
8.204310276885849e-03	1.871342e-01
8.214075901885848e-03	1.813848e-01
8.223841526885848e-03	1.759033e-01
8.233607151885848e-03	1.704103e-01
8.243372776885848e-03	1.651369e-01
8.253138401885848e-03	1.598400e-01
8.262904026885847e-03	1.547205e-01
8.272669651885849e-03	1.495666e-01
8.282435276885849e-03	1.445525e-01
8.292200901885849e-03	1.394958e-01
8.293421605010847e-03	1.388856e-01
8.295863011260849e-03	1.376464e-01
8.296473362823348e-03	1.373324e-01
8.297694065948349e-03	1.367078e-01
8.300135472198348e-03	1.354624e-01
8.305018284698349e-03	1.329739e-01
8.314783909698349e-03	1.280049e-01
8.324549534698349e-03	1.230361e-01
8.334315159698348e-03	1.180656e-01
8.344080784698348e-03	1.130710e-01
8.353846409698348e-03	1.080470e-01
8.363612034698348e-03	1.029698e-01
8.373377659698348e-03	9.782606e-02
8.383143284698347e-03	9.258376e-02
8.392908909698349e-03	8.721513e-02
8.402674534698349e-03	8.166812e-02
8.412440159698348e-03	7.588270e-02
8.422205784698348e-03	6.975647e-02
8.431971409698348e-03	6.314370e-02
8.441737034698348e-03	5.578897e-02
8.451502659698348e-03	4.724564e-02
8.461268284698347e-03	3.648268e-02
8.471033909698349e-03	2.122426e-02
8.472254612823348e-03	1.876401e-02
8.474696019073347e-03	1.333209e-02
8.479578831573348e-03	-1.113873e-03
8.480799534698349e-03	-5.763848e-03
8.481104710479598e-03	-6.958375e-03
8.481715062042098e-03	-9.418461e-03
8.482935765167099e-03	-1.479433e-02
8.485377171417098e-03	-2.754117e-02
8.490239922855497e-03	-6.188102e-02
8.498793689613600e-03	-1.469688e-01
8.500014392738601e-03	-1.612445e-01
8.500319568519850e-03	-1.648203e-01
8.500395862465163e-03	-1.657142e-01
8.500548450355788e-03	-1.675031e-01
8.500853626137037e-03	-1.710865e-01
8.500929920082350e-03	-1.719813e-01
8.500948993568678e-03	-1.722045e-01
8.500987140541334e-03	-1.726490e-01
8.501063434486646e-03	-1.735301e-01
8.501216022377273e-03	-1.753101e-01
8.501521198158522e-03	-1.789061e-01
8.502131549721022e-03	-1.861034e-01
8.503352252846022e-03	-2.005611e-01
8.505396456503745e-03	-2.247645e-01
8.508325371393708e-03	-2.586379e-01
8.514183201173633e-03	-3.078077e-01
8.523948826173633e-03	-3.219027e-01
8.533714451173633e-03	-3.147260e-01
8.543480076173633e-03	-3.094629e-01
8.553245701173632e-03	-2.999119e-01
8.563011326173632e-03	-2.922037e-01
8.572776951173632e-03	-2.826882e-01
8.582542576173632e-03	-2.746100e-01
8.592308201173633e-03	-2.655712e-01
8.602073826173633e-03	-2.578293e-01
8.611839451173633e-03	-2.494469e-01
8.621605076173633e-03	-2.421720e-01
8.631370701173632e-03	-2.344450e-01
8.641136326173632e-03	-2.276541e-01
8.650901951173632e-03	-2.205227e-01
8.660667576173632e-03	-2.141776e-01
8.670433201173632e-03	-2.075594e-01
8.680198826173633e-03	-2.016040e-01
8.689964451173633e-03	-1.954196e-01
8.699730076173633e-03	-1.897847e-01
8.709495701173632e-03	-1.839544e-01
8.719261326173632e-03	-1.785768e-01
8.729026951173632e-03	-1.730283e-01
8.738792576173632e-03	-1.678495e-01
8.748558201173632e-03	-1.625187e-01
8.758323826173633e-03	-1.574854e-01
8.768089451173633e-03	-1.523149e-01
8.769310154298632e-03	-1.517193e-01
8.769615330079882e-03	-1.515659e-01
8.770225681642383e-03	-1.512534e-01
8.771446384767382e-03	-1.506201e-01
8.773887791017383e-03	-1.493598e-01
8.778770603517382e-03	-1.468473e-01
8.784634455343819e-03	-1.438460e-01
8.794400080343819e-03	-1.388723e-01
8.804165705343819e-03	-1.339248e-01
8.813931330343819e-03	-1.289910e-01
8.823696955343819e-03	-1.240626e-01
8.833462580343820e-03	-1.191271e-01
8.843228205343820e-03	-1.141743e-01
8.852993830343820e-03	-1.091897e-01
8.862759455343820e-03	-1.041592e-01
8.872525080343819e-03	-9.906265e-02
8.882290705343819e-03	-9.387747e-02
8.892056330343819e-03	-8.857144e-02
8.901821955343819e-03	-8.310322e-02
8.911587580343818e-03	-7.741247e-02
8.921353205343820e-03	-7.141297e-02
8.931118830343820e-03	-6.497042e-02
8.940884455343820e-03	-5.786800e-02
8.950650080343819e-03	-4.972208e-02
8.960415705343819e-03	-3.978321e-02
8.970181330343819e-03	-2.607263e-02
8.979946955343819e-03	-3.322165e-03
8.989712580343819e-03	4.517398e-02
8.999478205343820e-03	1.347531e-01
9.000698908468819e-03	1.488787e-01
9.003140314718818e-03	1.774562e-01
9.007252635739559e-03	2.262086e-01
9.011692028589735e-03	2.760014e-01
9.017528234176257e-03	3.155074e-01
9.027293859176257e-03	3.210725e-01
9.037059484176256e-03	3.142383e-01
9.046825109176258e-03	3.077722e-01
9.056590734176258e-03	2.985713e-01
9.066356359176258e-03	2.903695e-01
9.076121984176257e-03	2.810599e-01
9.085887609176257e-03	2.727492e-01
9.095653234176257e-03	2.639093e-01
9.105418859176257e-03	2.559712e-01
9.115184484176257e-03	2.477521e-01
9.124950109176258e-03	2.403187e-01
9.134715734176258e-03	2.327250e-01
9.144481359176258e-03	2.257977e-01
9.154246984176257e-03	2.187666e-01
9.164012609176257e-03	2.123069e-01
9.173778234176257e-03	2.057670e-01
9.183543859176257e-03	1.997068e-01
9.193309484176257e-03	1.935787e-01
9.203075109176258e-03	1.878497e-01
9.212840734176258e-03	1.820573e-01
9.222606359176258e-03	1.765938e-01
9.232371984176257e-03	1.710676e-01
9.242137609176257e-03	1.658096e-01
9.251903234176257e-03	1.604879e-01
9.261668859176257e-03	1.553815e-01
9.271434484176257e-03	1.502101e-01
9.281200109176256e-03	1.452076e-01
9.290965734176258e-03	1.401386e-01
9.300731359176258e-03	1.351962e-01
9.301952062301257e-03	1.345596e-01
9.304393468551258e-03	1.333097e-01
9.309276281051257e-03	1.308329e-01
9.319041906051257e-03	1.258612e-01
9.328807531051257e-03	1.209046e-01
9.338573156051258e-03	1.159219e-01
9.348338781051258e-03	1.109271e-01
9.358104406051258e-03	1.058798e-01
9.367870031051257e-03	1.007866e-01
9.377635656051257e-03	9.560235e-02
9.387401281051257e-03	9.032024e-02
9.397166906051257e-03	8.488102e-02
9.406932531051257e-03	7.925146e-02
9.416698156051258e-03	7.333546e-02
9.426463781051258e-03	6.703572e-02
9.436229406051258e-03	6.014927e-02
9.445995031051257e-03	5.237718e-02
9.455760656051257e-03	4.310510e-02
9.465526281051257e-03	3.088332e-02
9.475291906051257e-03	1.209207e-02
9.485057531051257e-03	-2.549224e-02
9.485210118941882e-03	-2.631466e-02
9.485515294723133e-03	-2.798571e-02
9.486125646285632e-03	-3.148676e-02
9.487346349410633e-03	-3.912694e-02
9.489787755660633e-03	-5.691822e-02
9.494670568160632e-03	-1.014053e-01
9.495891271285632e-03	-1.143622e-01
9.498332677535632e-03	-1.410272e-01
9.498943029098133e-03	-1.479479e-01
9.500163732223132e-03	-1.619058e-01
9.500468908004382e-03	-1.654336e-01
9.500545201949694e-03	-1.663157e-01
9.500697789840321e-03	-1.680811e-01
9.501002965621570e-03	-1.716176e-01
9.501613317184070e-03	-1.786619e-01
9.501765905074695e-03	-1.804509e-01
9.502071080855944e-03	-1.840217e-01
9.502681432418445e-03	-1.911606e-01
9.503902135543444e-03	-2.055075e-01
9.506343541793446e-03	-2.341547e-01
9.510384597089755e-03	-2.785126e-01
9.518466707682373e-03	-3.197289e-01
9.528232332682372e-03	-3.184852e-01
9.537997957682372e-03	-3.132046e-01
9.547763582682372e-03	-3.051523e-01
9.557529207682372e-03	-2.968998e-01
9.567294832682373e-03	-2.879694e-01
9.577060457682373e-03	-2.793210e-01
9.586826082682373e-03	-2.706018e-01
9.596591707682373e-03	-2.623114e-01
9.606357332682372e-03	-2.541209e-01
9.616122957682372e-03	-2.463579e-01
9.625888582682372e-03	-2.387581e-01
9.635654207682372e-03	-2.315432e-01
9.645419832682373e-03	-2.245052e-01
9.655185457682373e-03	-2.177970e-01
9.664951082682373e-03	-2.112570e-01
9.674716707682373e-03	-2.049903e-01
9.684482332682372e-03	-1.988737e-01
9.694247957682372e-03	-1.929770e-01
9.704013582682372e-03	-1.872091e-01
9.713779207682372e-03	-1.816128e-01
9.723544832682372e-03	-1.761236e-01
9.733310457682373e-03	-1.707637e-01
9.743076082682373e-03	-1.654900e-01
9.752841707682373e-03	-1.603091e-01
9.762607332682373e-03	-1.551949e-01
9.763828035807373e-03	-1.545610e-01
9.766269442057373e-03	-1.532957e-01
9.771152254557372e-03	-1.507600e-01
9.772372957682372e-03	-1.501325e-01
9.774814363932372e-03	-1.488729e-01
9.779697176432373e-03	-1.463608e-01
9.788582925634606e-03	-1.418169e-01
9.798348550634606e-03	-1.368509e-01
9.808114175634606e-03	-1.319071e-01
9.817879800634605e-03	-1.269728e-01
9.827645425634605e-03	-1.220400e-01
9.837411050634607e-03	-1.170951e-01
9.847176675634606e-03	-1.121281e-01
9.856942300634606e-03	-1.071231e-01
9.866707925634606e-03	-1.020650e-01
9.876473550634606e-03	-9.693159e-02
9.886239175634606e-03	-9.169780e-02
9.896004800634605e-03	-8.632687e-02
9.905770425634605e-03	-8.077159e-02
9.915536050634605e-03	-7.496125e-02
9.925301675634607e-03	-6.879349e-02
9.935067300634606e-03	-6.210456e-02
9.944832925634606e-03	-5.462262e-02
9.954598550634606e-03	-4.584621e-02
9.964364175634606e-03	-3.460668e-02
9.974129800634605e-03	-1.820793e-02
9.983895425634605e-03	1.238343e-02
9.993661050634605e-03	7.802920e-02
1.000000000000000e-02	1.433902e-01
Step Information: Rgain=44.1001K  (Step: 10/11)
0.000000000000000e+00	4.500006e-14
5.000000058430487e-08	1.997664e-09
1.000000011686097e-07	2.038744e-07
2.000000023372195e-07	7.130594e-06
4.000000046744390e-07	8.731212e-05
8.000000093488779e-07	5.165734e-04
1.600000018697756e-06	2.263874e-03
3.200000037395512e-06	8.919303e-03
6.400000074791024e-06	3.179714e-02
1.280000014958205e-05	9.909660e-02
1.359666197005645e-05	1.087433e-01
1.518998561100526e-05	1.276699e-01
1.558831652124247e-05	1.322100e-01
1.638497834171687e-05	1.410215e-01
1.797830198266568e-05	1.563874e-01
2.074856709124090e-05	1.737913e-01
2.450020888621068e-05	1.832545e-01
2.838993455992276e-05	1.872959e-01
3.616938590734691e-05	1.920758e-01
4.593501090734691e-05	1.939943e-01
5.570063590734691e-05	1.939672e-01
6.546626090734692e-05	1.927031e-01
7.523188590734691e-05	1.908286e-01
8.499751090734691e-05	1.884741e-01
9.476313590734691e-05	1.858864e-01
1.045287609073469e-04	1.830845e-01
1.142943859073469e-04	1.801893e-01
1.240600109073469e-04	1.771902e-01
1.338256359073469e-04	1.741531e-01
1.435912609073469e-04	1.710595e-01
1.533568859073469e-04	1.679469e-01
1.631225109073469e-04	1.647967e-01
1.728881359073469e-04	1.616302e-01
1.826537609073469e-04	1.584308e-01
1.924193859073469e-04	1.552106e-01
2.021850109073469e-04	1.519554e-01
2.119506359073469e-04	1.486722e-01
2.217162609073469e-04	1.453486e-01
2.314818859073469e-04	1.419896e-01
2.412475109073469e-04	1.385825e-01
2.424682140323469e-04	1.381568e-01
2.449096202823469e-04	1.372978e-01
2.497924327823469e-04	1.355685e-01
2.595580577823469e-04	1.320752e-01
2.693236827823469e-04	1.285217e-01
2.790893077823469e-04	1.249180e-01
2.888549327823469e-04	1.212491e-01
2.986205577823469e-04	1.175214e-01
3.083861827823469e-04	1.137215e-01
3.181518077823469e-04	1.098539e-01
3.279174327823469e-04	1.059051e-01
3.376830577823469e-04	1.018762e-01
3.474486827823469e-04	9.775170e-02
3.572143077823469e-04	9.352792e-02
3.669799327823469e-04	8.918402e-02
3.767455577823469e-04	8.470722e-02
3.865111827823469e-04	8.006504e-02
3.962768077823469e-04	7.522632e-02
4.060424327823469e-04	7.013208e-02
4.158080577823469e-04	6.470843e-02
4.255736827823469e-04	5.882749e-02
4.353393077823469e-04	5.229395e-02
4.451049327823469e-04	4.475107e-02
4.548705577823469e-04	3.544495e-02
4.646361827823469e-04	2.279158e-02
4.744018077823469e-04	1.949197e-03
4.841674327823469e-04	-4.363992e-02
4.939330577823469e-04	-1.339616e-01
4.951537609073469e-04	-1.488668e-01
4.975951671573470e-04	-1.791698e-01
4.980100819042243e-04	-1.844047e-01
4.988399113979791e-04	-1.949438e-01
5.004995703854885e-04	-2.161932e-01
5.031078408708384e-04	-2.494686e-01
5.058944827662481e-04	-2.827154e-01
5.114677665570675e-04	-3.195834e-01
5.212333915570675e-04	-3.226987e-01
5.309990165570676e-04	-3.162356e-01
5.407646415570676e-04	-3.091049e-01
5.505302665570676e-04	-2.999535e-01
5.602958915570676e-04	-2.913917e-01
5.700615165570676e-04	-2.822142e-01
5.798271415570675e-04	-2.736928e-01
5.895927665570675e-04	-2.649741e-01
5.993583915570675e-04	-2.569353e-01
6.091240165570675e-04	-2.488395e-01
6.188896415570675e-04	-2.413686e-01
6.286552665570675e-04	-2.338980e-01
6.384208915570675e-04	-2.269790e-01
6.481865165570676e-04	-2.200782e-01
6.579521415570676e-04	-2.136541e-01
6.677177665570676e-04	-2.072472e-01
6.774833915570676e-04	-2.012463e-01
6.872490165570676e-04	-1.952534e-01
6.970146415570676e-04	-1.896026e-01
7.067802665570675e-04	-1.839473e-01
7.165458915570675e-04	-1.785772e-01
7.263115165570675e-04	-1.731900e-01
7.360771415570675e-04	-1.680380e-01
7.458427665570675e-04	-1.628571e-01
7.556083915570675e-04	-1.578678e-01
7.653740165570675e-04	-1.528364e-01
7.665947196820675e-04	-1.522395e-01
7.690361259320676e-04	-1.510075e-01
7.739189384320676e-04	-1.485341e-01
7.751396415570676e-04	-1.479235e-01
7.775810478070675e-04	-1.466967e-01
7.824638603070675e-04	-1.442479e-01
7.922294853070675e-04	-1.393792e-01
8.019951103070675e-04	-1.345362e-01
8.117607353070675e-04	-1.297124e-01
8.215263603070675e-04	-1.248953e-01
8.312919853070676e-04	-1.200781e-01
8.410576103070676e-04	-1.152477e-01
8.508232353070676e-04	-1.103955e-01
8.605888603070676e-04	-1.055058e-01
8.703544853070676e-04	-1.005655e-01
8.801201103070676e-04	-9.555314e-02
8.898857353070675e-04	-9.044605e-02
8.996513603070675e-04	-8.520937e-02
9.094169853070675e-04	-7.979985e-02
9.191826103070675e-04	-7.415134e-02
9.289482353070675e-04	-6.817008e-02
9.387138603070675e-04	-6.170543e-02
9.484794853070675e-04	-5.451114e-02
9.582451103070676e-04	-4.613689e-02
9.680107353070676e-04	-3.555693e-02
9.777763603070675e-04	-2.045075e-02
9.875419853070675e-04	7.034768e-03
9.973076103070675e-04	6.908030e-02
9.985283134320675e-04	8.079172e-02
1.000969719682068e-03	1.056966e-01
1.005852532182068e-03	1.622842e-01
1.006656095267365e-03	1.723329e-01
1.008263221437961e-03	1.925975e-01
1.011477473779153e-03	2.336176e-01
1.017869536334364e-03	3.009926e-01
1.024859355394473e-03	3.224656e-01
1.034624980394473e-03	3.166406e-01
1.044390605394473e-03	3.115670e-01
1.054156230394473e-03	3.023376e-01
1.063921855394473e-03	2.941454e-01
1.073687480394473e-03	2.843532e-01
1.083453105394473e-03	2.760589e-01
1.093218730394473e-03	2.667510e-01
1.102984355394473e-03	2.587427e-01
1.112749980394473e-03	2.501042e-01
1.122515605394473e-03	2.425700e-01
1.132281230394473e-03	2.346114e-01
1.142046855394473e-03	2.275782e-01
1.151812480394473e-03	2.202421e-01
1.161578105394473e-03	2.136757e-01
1.171343730394473e-03	2.068816e-01
1.181109355394473e-03	2.007234e-01
1.190874980394473e-03	1.943861e-01
1.200640605394473e-03	1.885701e-01
1.210406230394473e-03	1.826081e-01
1.220171855394473e-03	1.770694e-01
1.229937480394473e-03	1.714081e-01
1.239703105394473e-03	1.660863e-01
1.249468730394473e-03	1.606594e-01
1.259234355394473e-03	1.555000e-01
1.268999980394473e-03	1.502491e-01
1.278765605394473e-03	1.452036e-01
1.288531230394473e-03	1.400769e-01
1.298296855394473e-03	1.351016e-01
1.299517558519473e-03	1.344591e-01
1.301958964769473e-03	1.331955e-01
1.306841777269473e-03	1.307059e-01
1.316607402269473e-03	1.257013e-01
1.326373027269473e-03	1.207267e-01
1.336138652269473e-03	1.157232e-01
1.345904277269473e-03	1.107205e-01
1.355669902269473e-03	1.056644e-01
1.365435527269473e-03	1.005744e-01
1.375201152269473e-03	9.539253e-02
1.384966777269473e-03	9.012522e-02
1.394732402269473e-03	8.470194e-02
1.404498027269473e-03	7.910235e-02
1.414263652269473e-03	7.322171e-02
1.424029277269473e-03	6.697688e-02
1.433794902269473e-03	6.016141e-02
1.443560527269473e-03	5.249805e-02
1.453326152269473e-03	4.332901e-02
1.463091777269473e-03	3.143586e-02
1.472857402269473e-03	1.321325e-02
1.474078105394473e-03	1.010226e-02
1.476519511644473e-03	3.094995e-03
1.477129863206973e-03	1.046928e-03
1.477282451097598e-03	5.279551e-04
1.477587626878848e-03	-5.234811e-04
1.478197978441348e-03	-2.713807e-03
1.479418681566348e-03	-7.478435e-03
1.481860087816348e-03	-1.878467e-02
1.486030586971395e-03	-4.494761e-02
1.494371585281489e-03	-1.247508e-01
1.495592288406489e-03	-1.394666e-01
1.498033694656489e-03	-1.695200e-01
1.498109988601801e-03	-1.704699e-01
1.498129062088129e-03	-1.707060e-01
1.498167209060786e-03	-1.711755e-01
1.498243503006098e-03	-1.721179e-01
1.498396090896723e-03	-1.740354e-01
1.498701266677973e-03	-1.778763e-01
1.499311618240473e-03	-1.856045e-01
1.500532321365473e-03	-2.011679e-01
1.502167563642238e-03	-2.221489e-01
1.504691870545989e-03	-2.541589e-01
1.509241266840604e-03	-3.007659e-01
1.518340059429833e-03	-3.226447e-01
1.528105684429833e-03	-3.149552e-01
1.537871309429833e-03	-3.103574e-01
1.547636934429833e-03	-3.004401e-01
1.557402559429833e-03	-2.930230e-01
1.567168184429833e-03	-2.832049e-01
1.576933809429833e-03	-2.753517e-01
1.586699434429833e-03	-2.661832e-01
1.596465059429833e-03	-2.585315e-01
1.606230684429833e-03	-2.500604e-01
1.615996309429834e-03	-2.428712e-01
1.625761934429834e-03	-2.350920e-01
1.635527559429834e-03	-2.283836e-01
1.645293184429834e-03	-2.212299e-01
1.655058809429834e-03	-2.149681e-01
1.664824434429834e-03	-2.083552e-01
1.674590059429834e-03	-2.024822e-01
1.684355684429834e-03	-1.963229e-01
1.694121309429834e-03	-1.907743e-01
1.703886934429834e-03	-1.849860e-01
1.713652559429834e-03	-1.796981e-01
1.723418184429834e-03	-1.742063e-01
1.733183809429834e-03	-1.691208e-01
1.742949434429833e-03	-1.638593e-01
1.752715059429833e-03	-1.589234e-01
1.762480684429833e-03	-1.538327e-01
1.763701387554834e-03	-1.532554e-01
1.766142793804834e-03	-1.520344e-01
1.771025606304833e-03	-1.495492e-01
1.772246309429833e-03	-1.489422e-01
1.774687715679834e-03	-1.477152e-01
1.779570528179833e-03	-1.452642e-01
1.789336153179833e-03	-1.403949e-01
1.799101778179834e-03	-1.355512e-01
1.808867403179834e-03	-1.307298e-01
1.818633028179834e-03	-1.259152e-01
1.828398653179834e-03	-1.211035e-01
1.838164278179834e-03	-1.162790e-01
1.847929903179834e-03	-1.114358e-01
1.857695528179834e-03	-1.065564e-01
1.877226778179834e-03	-9.663528e-02
1.886992403179834e-03	-9.155154e-02
1.896758028179834e-03	-8.634438e-02
1.906523653179834e-03	-8.097547e-02
1.916289278179834e-03	-7.538158e-02
1.926054903179833e-03	-6.947862e-02
1.935820528179833e-03	-6.312808e-02
1.945586153179833e-03	-5.611178e-02
1.955351778179834e-03	-4.803341e-02
1.965117403179833e-03	-3.811664e-02
1.974883028179834e-03	-2.425004e-02
1.984648653179833e-03	-5.599386e-04
1.994414278179834e-03	5.220074e-02
2.004179903179833e-03	1.504003e-01
2.005400606304834e-03	1.658342e-01
2.007842012554834e-03	1.970319e-01
2.012724825054834e-03	2.590757e-01
2.018322582592812e-03	3.097962e-01
2.026828596977659e-03	3.227207e-01
2.036594221977659e-03	3.155856e-01
2.046359846977659e-03	3.093302e-01
2.056125471977659e-03	2.996390e-01
2.065891096977659e-03	2.916179e-01
2.075656721977659e-03	2.817847e-01
2.085422346977659e-03	2.736235e-01
2.095187971977659e-03	2.643324e-01
2.104953596977659e-03	2.564906e-01
2.114719221977659e-03	2.478931e-01
2.124484846977659e-03	2.405225e-01
2.134250471977659e-03	2.326101e-01
2.144016096977659e-03	2.257286e-01
2.153781721977659e-03	2.184359e-01
2.163547346977659e-03	2.120062e-01
2.173312971977659e-03	2.052494e-01
2.183078596977659e-03	1.992124e-01
2.192844221977659e-03	1.929053e-01
2.202609846977659e-03	1.871958e-01
2.212375471977659e-03	1.812569e-01
2.222141096977659e-03	1.758111e-01
2.231906721977659e-03	1.701665e-01
2.241672346977659e-03	1.649254e-01
2.251437971977659e-03	1.595094e-01
2.261203596977659e-03	1.544200e-01
2.270969221977659e-03	1.491750e-01
2.280734846977659e-03	1.441902e-01
2.290500471977659e-03	1.390650e-01
2.300266096977659e-03	1.341427e-01
2.301486800102659e-03	1.334911e-01
2.303928206352659e-03	1.322313e-01
2.308811018852659e-03	1.297531e-01
2.318576643852659e-03	1.247700e-01
2.328342268852659e-03	1.198137e-01
2.338107893852659e-03	1.148258e-01
2.347873518852659e-03	1.098364e-01
2.357639143852659e-03	1.047901e-01
2.367404768852659e-03	9.970706e-02
2.377170393852659e-03	9.452843e-02
2.386936018852659e-03	8.925981e-02
2.396701643852659e-03	8.382928e-02
2.406467268852659e-03	7.821439e-02
2.416232893852659e-03	7.230672e-02
2.425998518852659e-03	6.601720e-02
2.435764143852659e-03	5.912794e-02
2.445529768852659e-03	5.133941e-02
2.455295393852659e-03	4.193468e-02
2.465061018852659e-03	2.954929e-02
2.474826643852659e-03	1.001725e-02
2.476047346977659e-03	6.617078e-03
2.476352522758909e-03	5.742444e-03
2.476962874321409e-03	3.937443e-03
2.478183577446409e-03	-1.706332e-05
2.478488753227659e-03	-1.091891e-03
2.479099104790159e-03	-3.305721e-03
2.479251692680784e-03	-3.880282e-03
2.479556868462034e-03	-5.045857e-03
2.480167220024534e-03	-7.481543e-03
2.481387923149534e-03	-1.278970e-02
2.482827969552132e-03	-1.987197e-02
2.485708062357328e-03	-3.718424e-02
2.489599354466855e-03	-6.802650e-02
2.497047261284861e-03	-1.475434e-01
2.498267964409861e-03	-1.628014e-01
2.498573140191111e-03	-1.666275e-01
2.498649434136423e-03	-1.675842e-01
2.498802022027048e-03	-1.694994e-01
2.499107197808298e-03	-1.733289e-01
2.499183491753611e-03	-1.742779e-01
2.499336079644236e-03	-1.761866e-01
2.499641255425486e-03	-1.800439e-01
2.500251606987986e-03	-1.877920e-01
2.501472310112986e-03	-2.033907e-01
2.503472291740751e-03	-2.290653e-01
2.506355360302151e-03	-2.650896e-01
2.512121497424951e-03	-3.123351e-01
2.521887122424952e-03	-3.211335e-01
2.531652747424951e-03	-3.137141e-01
2.541418372424952e-03	-3.077616e-01
2.551183997424951e-03	-2.982476e-01
2.560949622424952e-03	-2.903144e-01
2.570715247424952e-03	-2.808830e-01
2.580480872424952e-03	-2.727453e-01
2.590246497424952e-03	-2.638212e-01
2.600012122424952e-03	-2.560737e-01
2.609777747424952e-03	-2.478040e-01
2.619543372424952e-03	-2.405648e-01
2.629308997424952e-03	-2.329558e-01
2.639074622424952e-03	-2.262148e-01
2.648840247424952e-03	-2.192009e-01
2.658605872424952e-03	-2.129158e-01
2.668371497424952e-03	-2.064150e-01
2.678137122424952e-03	-2.005235e-01
2.687902747424952e-03	-1.944520e-01
2.697668372424951e-03	-1.888870e-01
2.707433997424952e-03	-1.831655e-01
2.717199622424951e-03	-1.778623e-01
2.726965247424952e-03	-1.724191e-01
2.736730872424951e-03	-1.673183e-01
2.746496497424952e-03	-1.620902e-01
2.756262122424951e-03	-1.571369e-01
2.757482825549952e-03	-1.564765e-01
2.759924231799952e-03	-1.552152e-01
2.764807044299951e-03	-1.527335e-01
2.766027747424952e-03	-1.521101e-01
2.768469153674952e-03	-1.508685e-01
2.773351966174952e-03	-1.483948e-01
2.783117591174952e-03	-1.434815e-01
2.792100043320304e-03	-1.389949e-01
2.801865668320303e-03	-1.341420e-01
2.811631293320304e-03	-1.293066e-01
2.821396918320303e-03	-1.244782e-01
2.831162543320304e-03	-1.196477e-01
2.840928168320303e-03	-1.148039e-01
2.850693793320304e-03	-1.099357e-01
2.860459418320303e-03	-1.050290e-01
2.870225043320304e-03	-1.000685e-01
2.889756293320304e-03	-8.989854e-02
2.899521918320303e-03	-8.462881e-02
2.909287543320304e-03	-7.917756e-02
2.919053168320303e-03	-7.347587e-02
2.928818793320304e-03	-6.742310e-02
2.938584418320303e-03	-6.085857e-02
2.948350043320304e-03	-5.351472e-02
2.958115668320303e-03	-4.489698e-02
2.967881293320304e-03	-3.384646e-02
2.977646918320304e-03	-1.765100e-02
2.987412543320303e-03	1.314759e-02
2.997178168320304e-03	8.187471e-02
2.998398871445304e-03	9.453472e-02
3.000840277695304e-03	1.211067e-01
3.001450629257804e-03	1.281836e-01
3.002671332382803e-03	1.425577e-01
3.002976508164053e-03	1.462252e-01
3.003586859726553e-03	1.536073e-01
3.004807562851554e-03	1.686413e-01
3.007248969101553e-03	1.993726e-01
3.010138320816868e-03	2.362774e-01
3.015917024247497e-03	2.984741e-01
3.025682649247497e-03	3.234858e-01
3.035448274247497e-03	3.147514e-01
3.045213899247497e-03	3.102031e-01
3.054979524247497e-03	3.002608e-01
3.064745149247497e-03	2.923944e-01
3.074510774247497e-03	2.822089e-01
3.084276399247497e-03	2.743480e-01
3.094042024247497e-03	2.648021e-01
3.103807649247497e-03	2.571679e-01
3.113573274247497e-03	2.483731e-01
3.123338899247497e-03	2.411657e-01
3.133104524247497e-03	2.330860e-01
3.142870149247497e-03	2.263449e-01
3.152635774247497e-03	2.189268e-01
3.162401399247497e-03	2.126076e-01
3.172167024247497e-03	2.057538e-01
3.181932649247497e-03	1.998060e-01
3.191698274247497e-03	1.934241e-01
3.201463899247497e-03	1.877875e-01
3.211229524247497e-03	1.817917e-01
3.220995149247497e-03	1.764060e-01
3.230760774247497e-03	1.707191e-01
3.240526399247497e-03	1.655277e-01
3.250292024247497e-03	1.600818e-01
3.260057649247497e-03	1.550334e-01
3.269823274247497e-03	1.497691e-01
3.279588899247497e-03	1.448179e-01
3.289354524247497e-03	1.396837e-01
3.290575227372497e-03	1.390966e-01
3.293016633622497e-03	1.378724e-01
3.297899446122497e-03	1.353588e-01
3.299120149247497e-03	1.347463e-01
3.301561555497497e-03	1.335059e-01
3.306444367997497e-03	1.310208e-01
3.316209992997497e-03	1.260599e-01
3.325975617997497e-03	1.211064e-01
3.335741242997497e-03	1.161458e-01
3.345506867997497e-03	1.111671e-01
3.355272492997497e-03	1.061546e-01
3.365038117997497e-03	1.010928e-01
3.374803742997497e-03	9.595951e-02
3.384569367997497e-03	9.072927e-02
3.394334992997497e-03	8.536564e-02
3.404100617997497e-03	7.982101e-02
3.413866242997497e-03	7.402500e-02
3.423631867997497e-03	6.787504e-02
3.433397492997497e-03	6.120726e-02
3.443163117997497e-03	5.374835e-02
3.452928742997497e-03	4.499173e-02
3.462694367997497e-03	3.374257e-02
3.472459992997497e-03	1.718347e-02
3.473680696122497e-03	1.443912e-02
3.476122102372497e-03	8.307177e-03
3.481004914872497e-03	-8.589923e-03
3.481157502763122e-03	-9.230660e-03
3.481462678544372e-03	-1.053003e-02
3.482073030106872e-03	-1.324699e-02
3.483293733231872e-03	-1.918916e-02
3.485735139481872e-03	-3.332967e-02
3.490617951981872e-03	-7.173082e-02
3.491838655106872e-03	-8.381442e-02
3.494280061356872e-03	-1.093627e-01
3.499162873856872e-03	-1.667700e-01
3.499315461747497e-03	-1.686725e-01
3.499353608720153e-03	-1.691479e-01
3.499429902665465e-03	-1.700981e-01
3.499582490556091e-03	-1.719913e-01
3.499887666337340e-03	-1.757928e-01
3.499963960282653e-03	-1.767546e-01
3.500116548173278e-03	-1.786765e-01
3.500421723954528e-03	-1.825224e-01
3.501032075517028e-03	-1.902489e-01
3.502252778642028e-03	-2.058067e-01
3.504546144370749e-03	-2.351319e-01
3.507719796024782e-03	-2.738895e-01
3.514067099332848e-03	-3.170367e-01
3.523832724332848e-03	-3.197762e-01
3.533598349332848e-03	-3.133948e-01
3.543363974332848e-03	-3.063528e-01
3.553129599332848e-03	-2.974288e-01
3.562895224332847e-03	-2.888820e-01
3.572660849332848e-03	-2.797831e-01
3.582426474332847e-03	-2.713759e-01
3.592192099332848e-03	-2.627354e-01
3.601957724332847e-03	-2.547864e-01
3.611723349332848e-03	-2.467544e-01
3.621488974332847e-03	-2.393551e-01
3.631254599332848e-03	-2.319346e-01
3.641020224332847e-03	-2.250710e-01
3.650785849332848e-03	-2.182080e-01
3.660551474332847e-03	-2.118250e-01
3.670317099332848e-03	-2.054449e-01
3.680082724332847e-03	-1.994732e-01
3.689848349332848e-03	-1.934976e-01
3.699613974332848e-03	-1.878655e-01
3.709379599332848e-03	-1.822194e-01
3.719145224332848e-03	-1.768593e-01
3.728910849332848e-03	-1.714742e-01
3.738676474332848e-03	-1.663249e-01
3.748442099332848e-03	-1.611394e-01
3.758207724332848e-03	-1.561465e-01
3.759428427457848e-03	-1.554984e-01
3.761869833707848e-03	-1.542423e-01
3.762480185270348e-03	-1.539325e-01
3.763700888395348e-03	-1.533089e-01
3.766142294645348e-03	-1.520602e-01
3.771025107145348e-03	-1.495734e-01
3.772245810270348e-03	-1.489555e-01
3.774687216520348e-03	-1.477187e-01
3.779570029020348e-03	-1.452526e-01
3.789335654020347e-03	-1.403499e-01
3.799101279020348e-03	-1.354766e-01
3.808866904020347e-03	-1.306242e-01
3.818632529020348e-03	-1.257817e-01
3.828398154020347e-03	-1.209404e-01
3.838163779020348e-03	-1.160888e-01
3.847929404020347e-03	-1.112163e-01
3.857695029020348e-03	-1.063091e-01
3.867460654020348e-03	-1.013525e-01
3.877226279020348e-03	-9.632664e-02
3.896757529020348e-03	-8.596332e-02
3.906523154020348e-03	-8.054951e-02
3.916288779020348e-03	-7.490340e-02
3.926054404020348e-03	-6.893298e-02
3.935820029020347e-03	-6.249437e-02
3.945585654020348e-03	-5.535072e-02
3.955351279020348e-03	-4.707554e-02
3.965116904020348e-03	-3.670767e-02
3.974882529020347e-03	-2.211663e-02
3.984648154020347e-03	3.772135e-03
3.994413779020348e-03	6.217219e-02
3.995634482145348e-03	7.331654e-02
3.998075888395348e-03	9.720769e-02
4.002958700895348e-03	1.524938e-01
4.004179404020348e-03	1.676595e-01
4.006620810270348e-03	1.983945e-01
4.011503622770348e-03	2.598149e-01
4.017625223995711e-03	3.124767e-01
4.026795045697199e-03	3.228093e-01
4.036560670697199e-03	3.146394e-01
4.046326295697200e-03	3.081736e-01
4.056091920697199e-03	2.986605e-01
4.065857545697199e-03	2.904944e-01
4.075623170697199e-03	2.808285e-01
4.085388795697200e-03	2.726101e-01
4.095154420697199e-03	2.634750e-01
4.104920045697199e-03	2.556138e-01
4.114685670697199e-03	2.471538e-01
4.124451295697199e-03	2.397836e-01
4.134216920697199e-03	2.319909e-01
4.143982545697199e-03	2.251201e-01
4.153748170697199e-03	2.179312e-01
4.163513795697199e-03	2.115176e-01
4.173279420697200e-03	2.048508e-01
4.183045045697199e-03	1.988326e-01
4.192810670697199e-03	1.926033e-01
4.202576295697199e-03	1.869139e-01
4.212341920697200e-03	1.810423e-01
4.222107545697199e-03	1.756170e-01
4.231873170697199e-03	1.700307e-01
4.241638795697199e-03	1.648101e-01
4.251404420697200e-03	1.594447e-01
4.261170045697199e-03	1.543758e-01
4.270935670697199e-03	1.491748e-01
4.280701295697199e-03	1.442104e-01
4.290466920697200e-03	1.391240e-01
4.300232545697199e-03	1.342222e-01
4.309998170697199e-03	1.292032e-01
4.319763795697199e-03	1.243182e-01
4.329529420697200e-03	1.193255e-01
4.339295045697199e-03	1.144192e-01
4.349060670697199e-03	1.094016e-01
4.358826295697199e-03	1.044242e-01
4.368591920697199e-03	9.931950e-02
4.378357545697199e-03	9.419919e-02
4.388123170697199e-03	8.891445e-02
4.397888795697199e-03	8.353358e-02
4.407654420697199e-03	7.790650e-02
4.417420045697200e-03	7.204171e-02
4.427185670697199e-03	6.574138e-02
4.436951295697199e-03	5.888967e-02
4.446716920697199e-03	5.108650e-02
4.456482545697200e-03	4.177752e-02
4.466248170697199e-03	2.928681e-02
4.476013795697199e-03	9.744821e-03
4.477234498822199e-03	6.348627e-03
4.479675905072199e-03	-1.408862e-03
4.484558717572199e-03	-2.347853e-02
4.485334115484389e-03	-2.803017e-02
4.486884911308768e-03	-3.782389e-02
4.489986502957526e-03	-6.170250e-02
4.496189686255043e-03	-1.246035e-01
4.497410389380042e-03	-1.392229e-01
4.499851795630043e-03	-1.691139e-01
4.499928089575355e-03	-1.700640e-01
4.500080677465980e-03	-1.719541e-01
4.500385853247230e-03	-1.757541e-01
4.500996204809730e-03	-1.834533e-01
4.502216907934730e-03	-1.989412e-01
4.503656441152186e-03	-2.173673e-01
4.506001879386687e-03	-2.472185e-01
4.509896833141044e-03	-2.910489e-01
4.517686740649760e-03	-3.220232e-01
4.527452365649760e-03	-3.167641e-01
4.537217990649760e-03	-3.120607e-01
4.546983615649760e-03	-3.028760e-01
4.556749240649760e-03	-2.950535e-01
4.566514865649760e-03	-2.855565e-01
4.576280490649760e-03	-2.773162e-01
4.586046115649760e-03	-2.682756e-01
4.595811740649760e-03	-2.603113e-01
4.605577365649760e-03	-2.519209e-01
4.615342990649760e-03	-2.444354e-01
4.625108615649760e-03	-2.367077e-01
4.634874240649760e-03	-2.297337e-01
4.644639865649760e-03	-2.226143e-01
4.654405490649760e-03	-2.161176e-01
4.664171115649760e-03	-2.095284e-01
4.673936740649760e-03	-2.034493e-01
4.683702365649760e-03	-1.973070e-01
4.693467990649760e-03	-1.915780e-01
4.703233615649760e-03	-1.858022e-01
4.712999240649760e-03	-1.803572e-01
4.722764865649760e-03	-1.748744e-01
4.732530490649760e-03	-1.696521e-01
4.742296115649760e-03	-1.643965e-01
4.752061740649760e-03	-1.593423e-01
4.753282443774760e-03	-1.586920e-01
4.755723850024760e-03	-1.574181e-01
4.760606662524760e-03	-1.549122e-01
4.761827365649760e-03	-1.542842e-01
4.764268771899760e-03	-1.530317e-01
4.769151584399760e-03	-1.505331e-01
4.770372287524760e-03	-1.499130e-01
4.772813693774760e-03	-1.486704e-01
4.777696506274760e-03	-1.461938e-01
4.786655554770385e-03	-1.416776e-01
4.796421179770385e-03	-1.367857e-01
4.806186804770384e-03	-1.319177e-01
4.815952429770385e-03	-1.270628e-01
4.825718054770385e-03	-1.222119e-01
4.835483679770385e-03	-1.173538e-01
4.845249304770385e-03	-1.124781e-01
4.855014929770385e-03	-1.075713e-01
4.864780554770385e-03	-1.026193e-01
4.874546179770385e-03	-9.760316e-02
4.884311804770385e-03	-9.250052e-02
4.894077429770385e-03	-8.728069e-02
4.903843054770385e-03	-8.190314e-02
4.913608679770385e-03	-7.630989e-02
4.923374304770385e-03	-7.041704e-02
4.933139929770385e-03	-6.409509e-02
4.942905554770385e-03	-5.713414e-02
4.952671179770385e-03	-4.916436e-02
4.962436804770385e-03	-3.946268e-02
4.972202429770384e-03	-2.612004e-02
4.981968054770385e-03	-3.963278e-03
4.991733679770385e-03	4.466197e-02
5.001499304770385e-03	1.385517e-01
5.002720007895384e-03	1.537163e-01
5.003025183676635e-03	1.575297e-01
5.003635535239134e-03	1.651863e-01
5.004856238364135e-03	1.806529e-01
5.007297644614135e-03	2.120245e-01
5.011204164221931e-03	2.614704e-01
5.019017203437524e-03	3.179396e-01
5.028782828437523e-03	3.208738e-01
5.038548453437523e-03	3.132366e-01
5.048314078437523e-03	3.058034e-01
5.058079703437523e-03	2.968448e-01
5.067845328437523e-03	2.881299e-01
5.077610953437523e-03	2.789637e-01
5.087376578437523e-03	2.703943e-01
5.097142203437523e-03	2.616831e-01
5.106907828437523e-03	2.535883e-01
5.116673453437523e-03	2.454814e-01
5.126439078437523e-03	2.379457e-01
5.136204703437523e-03	2.304466e-01
5.145970328437523e-03	2.234534e-01
5.155735953437523e-03	2.165086e-01
5.165501578437523e-03	2.100011e-01
5.175267203437523e-03	2.035369e-01
5.185032828437523e-03	1.974446e-01
5.194798453437523e-03	1.913831e-01
5.204564078437523e-03	1.856340e-01
5.214329703437523e-03	1.799006e-01
5.224095328437523e-03	1.744268e-01
5.233860953437523e-03	1.689533e-01
5.243626578437523e-03	1.636930e-01
5.253392203437523e-03	1.584186e-01
5.263157828437524e-03	1.533175e-01
5.272923453437523e-03	1.481892e-01
5.282689078437523e-03	1.431985e-01
5.292454703437523e-03	1.381688e-01
5.302220328437523e-03	1.332464e-01
5.311985953437523e-03	1.282682e-01
5.321751578437523e-03	1.233681e-01
5.331517203437523e-03	1.184029e-01
5.341282828437523e-03	1.134844e-01
5.351048453437523e-03	1.084827e-01
5.360814078437523e-03	1.034931e-01
5.370579703437523e-03	9.839260e-02
5.380345328437523e-03	9.325682e-02
5.390110953437523e-03	8.796193e-02
5.399876578437523e-03	8.255583e-02
5.409642203437523e-03	7.689695e-02
5.419407828437523e-03	7.098259e-02
5.429173453437523e-03	6.460793e-02
5.438939078437523e-03	5.764152e-02
5.448704703437523e-03	4.964820e-02
5.458470328437523e-03	3.992311e-02
5.468235953437523e-03	2.674222e-02
5.478001578437523e-03	5.153676e-03
5.479222281562523e-03	1.281432e-03
5.479527457343773e-03	2.824802e-04
5.480137808906273e-03	-1.781640e-03
5.480290396796898e-03	-2.322842e-03
5.480595572578149e-03	-3.422269e-03
5.480671866523461e-03	-3.703504e-03
5.480824454414086e-03	-4.270252e-03
5.481129630195336e-03	-5.437857e-03
5.481201256631088e-03	-5.715468e-03
5.481344509502592e-03	-6.272471e-03
5.481631015245601e-03	-7.413665e-03
5.482204026731618e-03	-9.799195e-03
5.482849566517771e-03	-1.264675e-02
5.484140646090077e-03	-1.889613e-02
5.486722805234690e-03	-3.388820e-02
5.489176917397816e-03	-5.156930e-02
5.494085141724067e-03	-9.709635e-02
5.494972889379387e-03	-1.068460e-01
5.496748384690026e-03	-1.269194e-01
5.500299375311304e-03	-1.697777e-01
5.500402366443272e-03	-1.710461e-01
5.500608348707208e-03	-1.735965e-01
5.501020313235079e-03	-1.787727e-01
5.501844242290822e-03	-1.891722e-01
5.503188728990978e-03	-2.062957e-01
5.504863966247422e-03	-2.277367e-01
5.507642715848755e-03	-2.625252e-01
5.513200215051422e-03	-3.105040e-01
5.522965840051422e-03	-3.216646e-01
5.532731465051422e-03	-3.138866e-01
5.542497090051422e-03	-3.082549e-01
5.552262715051422e-03	-2.985336e-01
5.562028340051422e-03	-2.907224e-01
5.571793965051422e-03	-2.810818e-01
5.581559590051422e-03	-2.730460e-01
5.591325215051422e-03	-2.639868e-01
5.601090840051422e-03	-2.562687e-01
5.610856465051422e-03	-2.479021e-01
5.620622090051422e-03	-2.406579e-01
5.630387715051422e-03	-2.329645e-01
5.640153340051422e-03	-2.262105e-01
5.649918965051422e-03	-2.191224e-01
5.659684590051422e-03	-2.128192e-01
5.669450215051422e-03	-2.062528e-01
5.679215840051422e-03	-2.003401e-01
5.688981465051422e-03	-1.942102e-01
5.698747090051422e-03	-1.886219e-01
5.708512715051422e-03	-1.828482e-01
5.718278340051422e-03	-1.775202e-01
5.728043965051422e-03	-1.720304e-01
5.737809590051422e-03	-1.669035e-01
5.747575215051422e-03	-1.616335e-01
5.748795918176422e-03	-1.610413e-01
5.751237324426422e-03	-1.597839e-01
5.756120136926422e-03	-1.572343e-01
5.757340840051422e-03	-1.566115e-01
5.759782246301422e-03	-1.553540e-01
5.764665058801422e-03	-1.528413e-01
5.765885761926422e-03	-1.522170e-01
5.768327168176422e-03	-1.509662e-01
5.773209980676422e-03	-1.484724e-01
5.781870462387576e-03	-1.440808e-01
5.790713486366663e-03	-1.396274e-01
5.800479111366662e-03	-1.347377e-01
5.810244736366662e-03	-1.298670e-01
5.820010361366663e-03	-1.250065e-01
5.829775986366663e-03	-1.201450e-01
5.839541611366662e-03	-1.152728e-01
5.849307236366662e-03	-1.103771e-01
5.859072861366663e-03	-1.054449e-01
5.878604111366662e-03	-9.540107e-02
5.888369736366662e-03	-9.024334e-02
5.898135361366663e-03	-8.495207e-02
5.907900986366663e-03	-7.947937e-02
5.917666611366662e-03	-7.375738e-02
5.927432236366662e-03	-6.768430e-02
5.937197861366663e-03	-6.110051e-02
5.946963486366663e-03	-5.373748e-02
5.956729111366662e-03	-4.510202e-02
5.966494736366662e-03	-3.403529e-02
5.976260361366663e-03	-1.783030e-02
5.986025986366663e-03	1.295482e-02
5.995791611366662e-03	8.162696e-02
5.997012314491662e-03	9.427852e-02
5.999453720741663e-03	1.208365e-01
6.000064072304163e-03	1.279110e-01
6.001284775429163e-03	1.422812e-01
6.001589951210412e-03	1.459479e-01
6.002200302772913e-03	1.533288e-01
6.003421005897912e-03	1.683615e-01
6.005862412147913e-03	1.990954e-01
6.008745148897521e-03	2.359295e-01
6.014510622396738e-03	2.981683e-01
6.024276247396738e-03	3.234684e-01
6.034041872396738e-03	3.147784e-01
6.043807497396738e-03	3.102649e-01
6.053573122396738e-03	3.003531e-01
6.063338747396738e-03	2.925205e-01
6.073104372396738e-03	2.823634e-01
6.082869997396738e-03	2.745335e-01
6.092635622396738e-03	2.650154e-01
6.102401247396738e-03	2.574112e-01
6.112166872396738e-03	2.486441e-01
6.121932497396738e-03	2.414661e-01
6.131698122396738e-03	2.334139e-01
6.141463747396738e-03	2.267018e-01
6.151229372396738e-03	2.193112e-01
6.160994997396738e-03	2.130207e-01
6.170760622396738e-03	2.061942e-01
6.180526247396738e-03	2.002746e-01
6.190291872396738e-03	1.939199e-01
6.200057497396738e-03	1.883112e-01
6.209823122396738e-03	1.823423e-01
6.219588747396738e-03	1.769840e-01
6.229354372396738e-03	1.713238e-01
6.239119997396738e-03	1.661594e-01
6.248885622396737e-03	1.607400e-01
6.258651247396738e-03	1.557185e-01
6.268416872396738e-03	1.504806e-01
6.278182497396738e-03	1.455563e-01
6.287948122396738e-03	1.404484e-01
6.297713747396738e-03	1.355792e-01
6.298934450521738e-03	1.349302e-01
6.301375856771738e-03	1.336742e-01
6.306258669271738e-03	1.312228e-01
6.316024294271738e-03	1.262754e-01
6.325789919271738e-03	1.213666e-01
6.335555544271738e-03	1.164211e-01
6.345321169271738e-03	1.114857e-01
6.355086794271738e-03	1.064909e-01
6.364852419271738e-03	1.014734e-01
6.374618044271738e-03	9.636291e-02
6.384383669271738e-03	9.118157e-02
6.394149294271738e-03	8.585029e-02
6.403914919271738e-03	8.036619e-02
6.413680544271738e-03	7.462227e-02
6.423446169271738e-03	6.856101e-02
6.433211794271738e-03	6.199223e-02
6.442977419271738e-03	5.470041e-02
6.452743044271738e-03	4.618981e-02
6.462508669271737e-03	3.544131e-02
6.472274294271738e-03	2.000786e-02
6.482039919271738e-03	-8.253236e-03
6.491805544271738e-03	-7.186832e-02
6.493026247396737e-03	-8.380501e-02
6.495467653646738e-03	-1.091074e-01
6.500350466146738e-03	-1.662279e-01
6.500503054037363e-03	-1.681260e-01
6.500808229818613e-03	-1.719233e-01
6.501418581381113e-03	-1.795226e-01
6.501571169271738e-03	-1.814549e-01
6.501876345052988e-03	-1.853116e-01
6.502486696615488e-03	-1.930335e-01
6.503707399740488e-03	-2.085910e-01
6.506148805990488e-03	-2.397275e-01
6.509945369600614e-03	-2.842532e-01
6.517538496820866e-03	-3.210643e-01
6.527304121820865e-03	-3.174325e-01
6.537069746820866e-03	-3.123428e-01
6.546835371820866e-03	-3.036243e-01
6.556600996820866e-03	-2.955460e-01
6.566366621820865e-03	-2.863185e-01
6.576132246820865e-03	-2.778276e-01
6.585897871820866e-03	-2.689205e-01
6.595663496820866e-03	-2.607838e-01
6.605429121820865e-03	-2.524732e-01
6.615194746820865e-03	-2.448515e-01
6.624960371820866e-03	-2.371746e-01
6.634725996820866e-03	-2.300889e-01
6.644491621820865e-03	-2.230035e-01
6.654257246820865e-03	-2.164136e-01
6.664022871820866e-03	-2.098477e-01
6.673788496820866e-03	-2.036899e-01
6.683554121820865e-03	-1.975638e-01
6.693319746820865e-03	-1.917682e-01
6.703085371820866e-03	-1.860036e-01
6.712850996820866e-03	-1.805018e-01
6.722616621820865e-03	-1.750267e-01
6.732382246820865e-03	-1.697558e-01
6.742147871820866e-03	-1.645051e-01
6.751913496820866e-03	-1.594090e-01
6.761679121820866e-03	-1.543247e-01
6.762899824945865e-03	-1.537070e-01
6.765341231195866e-03	-1.524592e-01
6.770224043695866e-03	-1.499492e-01
6.773886153070866e-03	-1.480863e-01
6.778768965570866e-03	-1.456040e-01
6.788534590570865e-03	-1.406725e-01
6.798300215570865e-03	-1.357710e-01
6.808065840570866e-03	-1.308930e-01
6.817831465570866e-03	-1.260253e-01
6.827597090570865e-03	-1.211611e-01
6.837362715570865e-03	-1.162865e-01
6.847128340570866e-03	-1.113928e-01
6.856893965570866e-03	-1.064641e-01
6.866659590570865e-03	-1.014871e-01
6.886190840570866e-03	-9.130092e-02
6.895956465570866e-03	-8.603448e-02
6.905722090570865e-03	-8.059829e-02
6.915487715570865e-03	-7.492702e-02
6.925253340570866e-03	-6.892879e-02
6.935018965570866e-03	-6.245609e-02
6.944784590570866e-03	-5.526922e-02
6.954550215570865e-03	-4.693158e-02
6.964315840570866e-03	-3.645818e-02
6.974081465570866e-03	-2.164562e-02
6.983847090570866e-03	4.871657e-03
6.993612715570865e-03	6.469521e-02
6.994833418695866e-03	7.606283e-02
6.997274824945865e-03	1.003552e-01
7.002157637445865e-03	1.561689e-01
7.003145882195450e-03	1.684722e-01
7.005122371694619e-03	1.933498e-01
7.009075350692956e-03	2.436673e-01
7.015177158339134e-03	3.046791e-01
7.022959431282776e-03	3.228534e-01
7.032725056282776e-03	3.157215e-01
7.042490681282777e-03	3.106576e-01
7.052256306282777e-03	3.013260e-01
7.062021931282777e-03	2.932250e-01
7.071787556282776e-03	2.834390e-01
7.081553181282777e-03	2.752900e-01
7.091318806282777e-03	2.660291e-01
7.101084431282777e-03	2.581717e-01
7.110850056282776e-03	2.495958e-01
7.120615681282777e-03	2.422081e-01
7.130381306282777e-03	2.343176e-01
7.140146931282777e-03	2.274226e-01
7.149912556282776e-03	2.201553e-01
7.159678181282777e-03	2.137179e-01
7.169443806282777e-03	2.069909e-01
7.179209431282777e-03	2.009525e-01
7.188975056282776e-03	1.946799e-01
7.198740681282777e-03	1.889750e-01
7.208506306282777e-03	1.830747e-01
7.218271931282777e-03	1.776390e-01
7.228037556282776e-03	1.720368e-01
7.237803181282777e-03	1.668108e-01
7.247568806282777e-03	1.614404e-01
7.257334431282777e-03	1.563707e-01
7.267100056282776e-03	1.511745e-01
7.276865681282777e-03	1.462137e-01
7.286631306282777e-03	1.411407e-01
7.296396931282777e-03	1.362465e-01
7.306162556282777e-03	1.312507e-01
7.315928181282776e-03	1.263800e-01
7.325693806282777e-03	1.214155e-01
7.335459431282777e-03	1.165323e-01
7.345225056282777e-03	1.115558e-01
7.354990681282776e-03	1.066107e-01
7.364756306282777e-03	1.015634e-01
7.374521931282777e-03	9.649382e-02
7.384287556282777e-03	9.129287e-02
7.394053181282776e-03	8.599681e-02
7.403818806282777e-03	8.050299e-02
7.413584431282777e-03	7.479323e-02
7.423350056282777e-03	6.873371e-02
7.433115681282776e-03	6.220732e-02
7.442881306282777e-03	5.493758e-02
7.452646931282777e-03	4.650498e-02
7.462412556282777e-03	3.583644e-02
7.472178181282776e-03	2.073243e-02
7.473398884407777e-03	1.828591e-02
7.475840290657777e-03	1.281187e-02
7.480723103157776e-03	-1.787187e-03
7.480875691048401e-03	-2.331552e-03
7.481180866829652e-03	-3.437823e-03
7.481257160774964e-03	-3.720664e-03
7.481409748665589e-03	-4.290324e-03
7.481714924446839e-03	-5.455712e-03
7.481791218392151e-03	-5.753503e-03
7.481943806282777e-03	-6.353089e-03
7.482248982064027e-03	-7.577994e-03
7.482859333626527e-03	-1.013641e-02
7.484080036751527e-03	-1.571639e-02
7.486521443001526e-03	-2.898761e-02
7.491404255501526e-03	-6.542287e-02
7.492624958626527e-03	-7.703745e-02
7.495066364876526e-03	-1.017476e-01
7.499949177376526e-03	-1.580784e-01
7.500101765267152e-03	-1.599661e-01
7.500406941048402e-03	-1.637488e-01
7.501017292610902e-03	-1.713581e-01
7.501169880501527e-03	-1.732646e-01
7.501475056282777e-03	-1.770493e-01
7.501551350228089e-03	-1.780113e-01
7.501703938118714e-03	-1.799387e-01
7.502009113899965e-03	-1.837865e-01
7.502619465462464e-03	-1.915156e-01
7.503840168587465e-03	-2.070781e-01
7.506281574837464e-03	-2.382594e-01
7.509627546388689e-03	-2.785025e-01
7.516319489491139e-03	-3.188701e-01
7.526085114491139e-03	-3.190108e-01
7.535850739491140e-03	-3.131704e-01
7.545616364491139e-03	-3.054162e-01
7.555381989491139e-03	-2.968135e-01
7.565147614491139e-03	-2.879951e-01
7.574913239491140e-03	-2.791001e-01
7.584678864491139e-03	-2.704731e-01
7.594444489491139e-03	-2.619936e-01
7.604210114491139e-03	-2.538793e-01
7.613975739491140e-03	-2.459726e-01
7.623741364491139e-03	-2.384412e-01
7.633506989491139e-03	-2.311178e-01
7.643272614491139e-03	-2.241445e-01
7.653038239491139e-03	-2.173559e-01
7.662803864491139e-03	-2.108794e-01
7.672569489491139e-03	-2.045553e-01
7.682335114491139e-03	-1.985020e-01
7.692100739491139e-03	-1.925672e-01
7.701866364491139e-03	-1.868630e-01
7.711631989491139e-03	-1.812451e-01
7.721397614491139e-03	-1.758206e-01
7.731163239491139e-03	-1.704530e-01
7.740928864491139e-03	-1.652454e-01
7.750694489491139e-03	-1.600688e-01
7.760460114491139e-03	-1.550221e-01
7.761680817616139e-03	-1.543815e-01
7.764122223866139e-03	-1.531222e-01
7.769005036366139e-03	-1.506109e-01
7.770225739491139e-03	-1.499875e-01
7.772667145741139e-03	-1.487385e-01
7.777549958241139e-03	-1.462496e-01
7.786589663043028e-03	-1.416707e-01
7.796355288043027e-03	-1.367561e-01
7.806120913043028e-03	-1.318662e-01
7.815886538043028e-03	-1.269901e-01
7.825652163043028e-03	-1.221185e-01
7.835417788043027e-03	-1.172400e-01
7.845183413043027e-03	-1.123440e-01
7.854949038043027e-03	-1.074167e-01
7.864714663043027e-03	-1.024435e-01
7.874480288043028e-03	-9.740528e-02
7.884245913043028e-03	-9.227887e-02
7.894011538043028e-03	-8.703278e-02
7.903777163043028e-03	-8.162523e-02
7.913542788043028e-03	-7.599640e-02
7.923308413043027e-03	-7.005931e-02
7.933074038043027e-03	-6.367930e-02
7.942839663043027e-03	-5.663675e-02
7.952605288043028e-03	-4.854186e-02
7.962370913043028e-03	-3.862406e-02
7.972136538043028e-03	-2.480684e-02
7.981902163043028e-03	-1.328103e-03
7.991667788043028e-03	5.080599e-02
8.001433413043027e-03	1.483711e-01
8.002654116168028e-03	1.637717e-01
8.005095522418028e-03	1.949257e-01
8.009978334918028e-03	2.571053e-01
8.015520834854550e-03	3.085571e-01
8.023962171492188e-03	3.228022e-01
8.033727796492187e-03	3.159104e-01
8.043493421492187e-03	3.096858e-01
8.053259046492187e-03	2.999577e-01
8.063024671492188e-03	2.920770e-01
8.072790296492188e-03	2.822466e-01
8.082555921492188e-03	2.741815e-01
8.092321546492188e-03	2.649003e-01
8.102087171492188e-03	2.571416e-01
8.111852796492187e-03	2.485617e-01
8.121618421492187e-03	2.412657e-01
8.131384046492187e-03	2.333771e-01
8.141149671492189e-03	2.265646e-01
8.150915296492188e-03	2.193008e-01
8.160680921492188e-03	2.129362e-01
8.170446546492188e-03	2.062122e-01
8.180212171492188e-03	2.002373e-01
8.189977796492188e-03	1.939663e-01
8.199743421492187e-03	1.883165e-01
8.209509046492187e-03	1.824161e-01
8.219274671492189e-03	1.770280e-01
8.229040296492188e-03	1.714238e-01
8.238805921492188e-03	1.662387e-01
8.248571546492188e-03	1.608649e-01
8.258337171492188e-03	1.558302e-01
8.268102796492188e-03	1.506292e-01
8.277868421492187e-03	1.456983e-01
8.287634046492187e-03	1.406180e-01
8.297399671492187e-03	1.357507e-01
8.307165296492188e-03	1.307475e-01
8.316930921492188e-03	1.258981e-01
8.326696546492188e-03	1.209255e-01
8.336462171492188e-03	1.160598e-01
8.346227796492188e-03	1.110738e-01
8.355993421492187e-03	1.061422e-01
8.365759046492187e-03	1.010832e-01
8.375524671492187e-03	9.602251e-02
8.385290296492189e-03	9.080618e-02
8.395055921492188e-03	8.551241e-02
8.404821546492188e-03	7.999603e-02
8.414587171492188e-03	7.427698e-02
8.424352796492188e-03	6.817918e-02
8.434118421492188e-03	6.161788e-02
8.443884046492187e-03	5.426770e-02
8.453649671492187e-03	4.572263e-02
8.463415296492189e-03	3.479796e-02
8.473180921492188e-03	1.913643e-02
8.482946546492188e-03	-1.021155e-02
8.484167249617187e-03	-1.579541e-02
8.486608655867188e-03	-2.849533e-02
8.491491468367187e-03	-6.431331e-02
8.499147607410216e-03	-1.447721e-01
8.500368310535215e-03	-1.599749e-01
8.502809716785216e-03	-1.906918e-01
8.503103284086931e-03	-1.944442e-01
8.503690418690360e-03	-2.019611e-01
8.504864687897219e-03	-2.170443e-01
8.507213226310938e-03	-2.470230e-01
8.511910303138377e-03	-2.974169e-01
8.521304456793253e-03	-3.230242e-01
8.531070081793253e-03	-3.149056e-01
8.540835706793252e-03	-3.105210e-01
8.550601331793252e-03	-3.004447e-01
8.560366956793252e-03	-2.930129e-01
8.570132581793252e-03	-2.831844e-01
8.579898206793252e-03	-2.751946e-01
8.589663831793251e-03	-2.659056e-01
8.599429456793253e-03	-2.582274e-01
8.609195081793253e-03	-2.496507e-01
8.618960706793253e-03	-2.424196e-01
8.628726331793252e-03	-2.345435e-01
8.638491956793252e-03	-2.277880e-01
8.648257581793252e-03	-2.205446e-01
8.658023206793252e-03	-2.142320e-01
8.667788831793252e-03	-2.075353e-01
8.677554456793253e-03	-2.016091e-01
8.687320081793253e-03	-1.953710e-01
8.697085706793253e-03	-1.897676e-01
8.706851331793252e-03	-1.839050e-01
8.716616956793252e-03	-1.785615e-01
8.726382581793252e-03	-1.729991e-01
8.736148206793252e-03	-1.678573e-01
8.745913831793252e-03	-1.625269e-01
8.755679456793251e-03	-1.575356e-01
8.756900159918252e-03	-1.568574e-01
8.759341566168252e-03	-1.555726e-01
8.764224378668252e-03	-1.530674e-01
8.765445081793253e-03	-1.524329e-01
8.767886488043252e-03	-1.511750e-01
8.772769300543251e-03	-1.486721e-01
8.773990003668252e-03	-1.480502e-01
8.776431409918252e-03	-1.468057e-01
8.781314222418252e-03	-1.443231e-01
8.791079847418252e-03	-1.393876e-01
8.800845472418252e-03	-1.344810e-01
8.810611097418252e-03	-1.295949e-01
8.820376722418252e-03	-1.247177e-01
8.830142347418253e-03	-1.198407e-01
8.839907972418253e-03	-1.149513e-01
8.849673597418253e-03	-1.100388e-01
8.859439222418252e-03	-1.050880e-01
8.869204847418252e-03	-1.000834e-01
8.888736097418252e-03	-8.982082e-02
8.898501722418252e-03	-8.450037e-02
8.908267347418251e-03	-7.899293e-02
8.918032972418253e-03	-7.322655e-02
8.927798597418253e-03	-6.709533e-02
8.937564222418252e-03	-6.042983e-02
8.947329847418252e-03	-5.294474e-02
8.957095472418252e-03	-4.410771e-02
8.966861097418252e-03	-3.264290e-02
8.976626722418252e-03	-1.548276e-02
8.986392347418251e-03	1.824807e-02
8.996157972418253e-03	9.215148e-02
8.997378675543252e-03	1.054678e-01
8.999820081793251e-03	1.331720e-01
9.000430433355753e-03	1.404661e-01
9.001651136480751e-03	1.552200e-01
9.001956312262003e-03	1.589838e-01
9.002566663824502e-03	1.665406e-01
9.003787366949503e-03	1.818241e-01
9.006228773199502e-03	2.129128e-01
9.011111585699502e-03	2.730744e-01
9.020877210699503e-03	3.235255e-01
9.030642835699503e-03	3.174118e-01
9.040408460699503e-03	3.117972e-01
9.050174085699502e-03	3.030691e-01
9.059939710699502e-03	2.946831e-01
9.069705335699502e-03	2.852662e-01
9.079470960699502e-03	2.767751e-01
9.089236585699502e-03	2.677567e-01
9.099002210699501e-03	2.596125e-01
9.108767835699503e-03	2.512107e-01
9.118533460699503e-03	2.435805e-01
9.128299085699502e-03	2.358232e-01
9.138064710699502e-03	2.287246e-01
9.147830335699502e-03	2.215646e-01
9.157595960699502e-03	2.149565e-01
9.167361585699502e-03	2.083194e-01
9.177127210699501e-03	2.021383e-01
9.186892835699503e-03	1.959432e-01
9.196658460699503e-03	1.901194e-01
9.206424085699503e-03	1.842874e-01
9.216189710699502e-03	1.787532e-01
9.225955335699502e-03	1.732111e-01
9.235720960699502e-03	1.679046e-01
9.245486585699502e-03	1.625889e-01
9.255252210699502e-03	1.574534e-01
9.265017835699503e-03	1.523072e-01
9.274783460699503e-03	1.472933e-01
9.284549085699503e-03	1.422668e-01
9.294314710699502e-03	1.373303e-01
9.295535413824503e-03	1.367086e-01
9.297976820074503e-03	1.354671e-01
9.302859632574502e-03	1.330089e-01
9.304080335699502e-03	1.323936e-01
9.306521741949502e-03	1.311643e-01
9.311404554449502e-03	1.287038e-01
9.321170179449502e-03	1.237926e-01
9.330935804449502e-03	1.188804e-01
9.340701429449502e-03	1.139558e-01
9.350467054449502e-03	1.090056e-01
9.360232679449501e-03	1.040160e-01
9.369998304449503e-03	9.896813e-02
9.379763929449503e-03	9.384083e-02
9.389529554449503e-03	8.860437e-02
9.399295179449502e-03	8.322085e-02
9.409060804449502e-03	7.763553e-02
9.418826429449502e-03	7.177106e-02
9.428592054449502e-03	6.550823e-02
9.438357679449502e-03	5.865756e-02
9.448123304449503e-03	5.088994e-02
9.457888929449503e-03	4.151320e-02
9.467654554449503e-03	2.912156e-02
9.477420179449502e-03	9.553539e-03
9.478640882574503e-03	6.139429e-03
9.481082288824503e-03	-1.599251e-03
9.481692640387002e-03	-3.878810e-03
9.481845228277627e-03	-4.456244e-03
9.482150404058877e-03	-5.627301e-03
9.482760755621378e-03	-8.081126e-03
9.482872932138524e-03	-8.546026e-03
9.483097285172819e-03	-9.485803e-03
9.483545991241406e-03	-1.143307e-02
9.483656587244250e-03	-1.192861e-02
9.483877779249939e-03	-1.292974e-02
9.484320163261315e-03	-1.499602e-02
9.485204931284071e-03	-1.939512e-02
9.486974467329580e-03	-2.935614e-02
9.488990881145767e-03	-4.278279e-02
9.493023708778142e-03	-7.670926e-02
9.498964810703177e-03	-1.410591e-01
9.500185513828176e-03	-1.561056e-01
9.502626920078177e-03	-1.865887e-01
9.502921852172910e-03	-1.903294e-01
9.503511716362375e-03	-1.978378e-01
9.504691444741305e-03	-2.129328e-01
9.507050901499168e-03	-2.430483e-01
9.510991771979239e-03	-2.883272e-01
9.518873512939384e-03	-3.219651e-01
9.528639137939384e-03	-3.169838e-01
9.538404762939384e-03	-3.122228e-01
9.548170387939384e-03	-3.030595e-01
9.557936012939383e-03	-2.951567e-01
9.567701637939383e-03	-2.857306e-01
9.577467262939383e-03	-2.773649e-01
9.587232887939385e-03	-2.683181e-01
9.596998512939384e-03	-2.602895e-01
9.606764137939384e-03	-2.518743e-01
9.616529762939384e-03	-2.443406e-01
9.626295387939384e-03	-2.365807e-01
9.636061012939384e-03	-2.295663e-01
9.645826637939383e-03	-2.224123e-01
9.655592262939383e-03	-2.158797e-01
9.665357887939383e-03	-2.092553e-01
9.675123512939384e-03	-2.031432e-01
9.684889137939384e-03	-1.969661e-01
9.694654762939384e-03	-1.912063e-01
9.704420387939384e-03	-1.853967e-01
9.714186012939384e-03	-1.799223e-01
9.723951637939383e-03	-1.744070e-01
9.733717262939383e-03	-1.691563e-01
9.743482887939383e-03	-1.638690e-01
9.753248512939384e-03	-1.587874e-01
9.763014137939384e-03	-1.536683e-01
9.772779762939384e-03	-1.486875e-01
9.774000466064383e-03	-1.480508e-01
9.776441872314384e-03	-1.467944e-01
9.781324684814383e-03	-1.443182e-01
9.791090309814383e-03	-1.393706e-01
9.800855934814385e-03	-1.344673e-01
9.810621559814384e-03	-1.295703e-01
9.820387184814384e-03	-1.246957e-01
9.830152809814384e-03	-1.198087e-01
9.839918434814384e-03	-1.149213e-01
9.849684059814384e-03	-1.099996e-01
9.859449684814383e-03	-1.050500e-01
9.869215309814383e-03	-1.000364e-01
9.878980934814383e-03	-9.495621e-02
9.888746559814384e-03	-8.976504e-02
9.898512184814384e-03	-8.444337e-02
9.908277809814384e-03	-7.892570e-02
9.918043434814384e-03	-7.315538e-02
9.927809059814384e-03	-6.701065e-02
9.937574684814383e-03	-6.033514e-02
9.947340309814383e-03	-5.282666e-02
9.957105934814383e-03	-4.396048e-02
9.966871559814384e-03	-3.242698e-02
9.976637184814384e-03	-1.511656e-02
9.986402809814384e-03	1.910194e-02
9.996168434814384e-03	9.379923e-02
1.000000000000000e-02	1.367912e-01
Step Information: Rgain=49K  (Step: 11/11)
0.000000000000000e+00	4.500006e-14
5.000000058430487e-08	1.978728e-09
1.000000011686097e-07	2.018938e-07
2.000000023372195e-07	7.062462e-06
4.000000046744390e-07	8.651653e-05
8.000000093488779e-07	5.125765e-04
1.600000018697756e-06	2.253844e-03
3.200000037395512e-06	8.937118e-03
6.400000074791024e-06	3.222277e-02
1.280000014958205e-05	1.019832e-01
1.361398459328916e-05	1.122798e-01
1.524195348070339e-05	1.323358e-01
1.564894570255694e-05	1.370713e-01
1.646293014626406e-05	1.461505e-01
1.809089903367828e-05	1.612504e-01
2.097256186140520e-05	1.766378e-01
2.398836605902083e-05	1.826278e-01
2.899409358688096e-05	1.877768e-01
3.875971858688096e-05	1.924644e-01
4.852534358688096e-05	1.930654e-01
5.829096858688096e-05	1.921834e-01
6.805659358688096e-05	1.905387e-01
7.782221858688096e-05	1.884933e-01
8.758784358688096e-05	1.860052e-01
9.735346858688095e-05	1.833700e-01
1.071190935868810e-04	1.805156e-01
1.168847185868810e-04	1.776257e-01
1.266503435868810e-04	1.746113e-01
1.364159685868809e-04	1.716023e-01
1.461815935868810e-04	1.685112e-01
1.559472185868810e-04	1.654365e-01
1.657128435868810e-04	1.622975e-01
1.754784685868810e-04	1.591723e-01
1.852440935868810e-04	1.559883e-01
1.950097185868810e-04	1.528098e-01
2.047753435868810e-04	1.495723e-01
2.145409685868810e-04	1.463295e-01
2.243065935868810e-04	1.430248e-01
2.340722185868810e-04	1.397047e-01
2.438378435868810e-04	1.363187e-01
2.536034685868810e-04	1.329080e-01
2.633690935868810e-04	1.294219e-01
2.731347185868810e-04	1.259051e-01
2.829003435868809e-04	1.223107e-01
2.926659685868810e-04	1.186753e-01
3.024315935868810e-04	1.149578e-01
3.121972185868810e-04	1.111896e-01
3.219628435868810e-04	1.073328e-01
3.317284685868810e-04	1.034135e-01
3.414940935868809e-04	9.939519e-02
3.512597185868809e-04	9.529717e-02
3.610253435868810e-04	9.108184e-02
3.707909685868810e-04	8.675884e-02
3.805565935868810e-04	8.228425e-02
3.903222185868810e-04	7.765172e-02
4.000878435868810e-04	7.279998e-02
4.098534685868809e-04	6.769044e-02
4.196190935868810e-04	6.221611e-02
4.293847185868810e-04	5.625721e-02
4.391503435868810e-04	4.956622e-02
4.489159685868810e-04	4.174560e-02
4.586815935868810e-04	3.183811e-02
4.684472185868809e-04	1.777066e-02
4.696679217118810e-04	1.549785e-02
4.721093279618810e-04	1.046904e-02
4.727196795243810e-04	9.036003e-03
4.739403826493810e-04	6.034083e-03
4.742455584306310e-04	5.230987e-03
4.748559099931310e-04	3.585487e-03
4.750084978837559e-04	3.158706e-03
4.753136736650060e-04	2.292157e-03
4.759240252275060e-04	4.992253e-04
4.767936447974010e-04	-2.221226e-03
4.783563128192974e-04	-7.668138e-03
4.799468830393384e-04	-1.406043e-02
4.831280234794204e-04	-3.021302e-02
4.894903043595844e-04	-8.000247e-02
4.905978212541998e-04	-9.155501e-02
4.928128550434306e-04	-1.159337e-01
4.972429226218922e-04	-1.707439e-01
4.973705109475705e-04	-1.723980e-01
4.976256875989270e-04	-1.757399e-01
4.981360409016400e-04	-1.825167e-01
4.991567475070659e-04	-1.961868e-01
5.004811346674848e-04	-2.141628e-01
5.024107050054116e-04	-2.405124e-01
5.054888476744237e-04	-2.804683e-01
5.116451330124482e-04	-3.215016e-01
5.214107580124482e-04	-3.215911e-01
5.311763830124482e-04	-3.151619e-01
5.409420080124482e-04	-3.074026e-01
5.507076330124482e-04	-2.984219e-01
5.604732580124482e-04	-2.894845e-01
5.702388830124482e-04	-2.804114e-01
5.800045080124483e-04	-2.717326e-01
5.897701330124483e-04	-2.631296e-01
5.995357580124482e-04	-2.549908e-01
6.093013830124482e-04	-2.470027e-01
6.190670080124482e-04	-2.394690e-01
6.288326330124482e-04	-2.320967e-01
6.385982580124482e-04	-2.251389e-01
6.483638830124482e-04	-2.183273e-01
6.581295080124482e-04	-2.118821e-01
6.678951330124482e-04	-2.055566e-01
6.776607580124482e-04	-1.995471e-01
6.874263830124482e-04	-1.936288e-01
6.971920080124483e-04	-1.879789e-01
7.069576330124483e-04	-1.823926e-01
7.167232580124483e-04	-1.770312e-01
7.264888830124482e-04	-1.717083e-01
7.362545080124482e-04	-1.665716e-01
7.460201330124482e-04	-1.614515e-01
7.557857580124482e-04	-1.564822e-01
7.655513830124482e-04	-1.515105e-01
7.667720861374482e-04	-1.509086e-01
7.692134923874482e-04	-1.496811e-01
7.698238439499482e-04	-1.493744e-01
7.710445470749482e-04	-1.487615e-01
7.734859533249483e-04	-1.475387e-01
7.783687658249483e-04	-1.451030e-01
7.881343908249483e-04	-1.402614e-01
7.979000158249483e-04	-1.354525e-01
8.076656408249482e-04	-1.306663e-01
8.174312658249482e-04	-1.258939e-01
8.271968908249482e-04	-1.211255e-01
8.369625158249482e-04	-1.163516e-01
8.467281408249482e-04	-1.115614e-01
8.564937658249482e-04	-1.067433e-01
8.662593908249482e-04	-1.018831e-01
8.760250158249482e-04	-9.696432e-02
8.857906408249482e-04	-9.196541e-02
8.955562658249483e-04	-8.685888e-02
9.053218908249483e-04	-8.160706e-02
9.150875158249483e-04	-7.615782e-02
9.248531408249482e-04	-7.043500e-02
9.346187658249482e-04	-6.432337e-02
9.443843908249482e-04	-5.763747e-02
9.541500158249482e-04	-5.005717e-02
9.639156408249482e-04	-4.097034e-02
9.736812658249482e-04	-2.883015e-02
9.834468908249483e-04	-9.632110e-03
9.932125158249481e-04	3.158796e-02
1.002978140824948e-03	1.197464e-01
1.004198843949948e-03	1.350442e-01
1.006640250199948e-03	1.664864e-01
1.007250601762448e-03	1.746468e-01
1.008471304887448e-03	1.910897e-01
1.010912711137448e-03	2.244993e-01
1.015795523637448e-03	2.862618e-01
1.025561148637448e-03	3.239139e-01
1.035326773637448e-03	3.153383e-01
1.045092398637448e-03	3.100575e-01
1.054858023637448e-03	2.996151e-01
1.064623648637448e-03	2.920521e-01
1.074389273637448e-03	2.815995e-01
1.084154898637448e-03	2.738002e-01
1.093920523637448e-03	2.640367e-01
1.103686148637448e-03	2.564541e-01
1.113451773637448e-03	2.474907e-01
1.123217398637448e-03	2.403184e-01
1.132983023637448e-03	2.321194e-01
1.142748648637448e-03	2.253947e-01
1.152514273637448e-03	2.178769e-01
1.162279898637448e-03	2.115749e-01
1.172045523637448e-03	2.046420e-01
1.181811148637448e-03	1.987114e-01
1.191576773637448e-03	1.922683e-01
1.201342398637448e-03	1.866494e-01
1.211108023637448e-03	1.806079e-01
1.220873648637448e-03	1.752404e-01
1.230639273637448e-03	1.695213e-01
1.240404898637448e-03	1.643490e-01
1.250170523637448e-03	1.588827e-01
1.259936148637448e-03	1.538547e-01
1.269701773637448e-03	1.485801e-01
1.279467398637448e-03	1.436509e-01
1.289233023637448e-03	1.385145e-01
1.298998648637448e-03	1.336432e-01
1.300219351762448e-03	1.329878e-01
1.302660758012448e-03	1.317253e-01
1.307543570512448e-03	1.292668e-01
1.317309195512448e-03	1.243094e-01
1.327074820512448e-03	1.193913e-01
1.336840445512448e-03	1.144364e-01
1.346606070512448e-03	1.094924e-01
1.356371695512448e-03	1.044879e-01
1.366137320512448e-03	9.945927e-02
1.375902945512448e-03	9.433437e-02
1.385668570512448e-03	8.913382e-02
1.395434195512448e-03	8.377542e-02
1.405199820512448e-03	7.825214e-02
1.414965445512448e-03	7.245009e-02
1.424731070512448e-03	6.630021e-02
1.434496695512448e-03	5.959128e-02
1.444262320512448e-03	5.206604e-02
1.454027945512448e-03	4.307839e-02
1.463793570512448e-03	3.146699e-02
1.473559195512448e-03	1.372319e-02
1.474779898637448e-03	1.069679e-02
1.477221304887448e-03	3.871766e-03
1.477831656449948e-03	1.873053e-03
1.477984244340573e-03	1.366647e-03
1.478289420121823e-03	3.388134e-04
1.478899771684323e-03	-1.801296e-03
1.480041659215570e-03	-6.148482e-03
1.482325434278063e-03	-1.640275e-02
1.484615712628809e-03	-2.917628e-02
1.489196269330301e-03	-6.413463e-02
1.498357382733286e-03	-1.673645e-01
1.498509970623911e-03	-1.694108e-01
1.498815146405161e-03	-1.734867e-01
1.498891440350474e-03	-1.745206e-01
1.499044028241098e-03	-1.765912e-01
1.499349204022349e-03	-1.807308e-01
1.499959555584848e-03	-1.890547e-01
1.501180258709848e-03	-2.058406e-01
1.503015710523444e-03	-2.312337e-01
1.505740852348543e-03	-2.678421e-01
1.511004081288923e-03	-3.129732e-01
1.520769706288923e-03	-3.204705e-01
1.530535331288923e-03	-3.125724e-01
1.540300956288923e-03	-3.064321e-01
1.550066581288923e-03	-2.967941e-01
1.559832206288923e-03	-2.888247e-01
1.569597831288923e-03	-2.793465e-01
1.579363456288923e-03	-2.712219e-01
1.589129081288923e-03	-2.622872e-01
1.598894706288923e-03	-2.545743e-01
1.608660331288923e-03	-2.463214e-01
1.618425956288923e-03	-2.391196e-01
1.628191581288923e-03	-2.315330e-01
1.637957206288923e-03	-2.248411e-01
1.647722831288923e-03	-2.178544e-01
1.657488456288923e-03	-2.116246e-01
1.667254081288923e-03	-2.051549e-01
1.677019706288923e-03	-1.993225e-01
1.686785331288923e-03	-1.932854e-01
1.696550956288923e-03	-1.877820e-01
1.706316581288924e-03	-1.820976e-01
1.716082206288924e-03	-1.768577e-01
1.725847831288924e-03	-1.714541e-01
1.735613456288924e-03	-1.664182e-01
1.745379081288923e-03	-1.612309e-01
1.755144706288923e-03	-1.563466e-01
1.756365409413924e-03	-1.556861e-01
1.758806815663923e-03	-1.544370e-01
1.763689628163923e-03	-1.519840e-01
1.764910331288923e-03	-1.513660e-01
1.767351737538924e-03	-1.501378e-01
1.772234550038923e-03	-1.476930e-01
1.782000175038923e-03	-1.428377e-01
1.791765800038923e-03	-1.380205e-01
1.801531425038923e-03	-1.332299e-01
1.811297050038923e-03	-1.284581e-01
1.821062675038923e-03	-1.236942e-01
1.830828300038923e-03	-1.189301e-01
1.840593925038923e-03	-1.141544e-01
1.850359550038923e-03	-1.093573e-01
1.860125175038923e-03	-1.045248e-01
1.869890800038923e-03	-9.964313e-02
1.879656425038923e-03	-9.469224e-02
1.889422050038924e-03	-8.964970e-02
1.899187675038924e-03	-8.448228e-02
1.908953300038924e-03	-7.914803e-02
1.918718925038924e-03	-7.358363e-02
1.928484550038924e-03	-6.769910e-02
1.938250175038923e-03	-6.135061e-02
1.948015800038923e-03	-5.430395e-02
1.957781425038923e-03	-4.613262e-02
1.967547050038924e-03	-3.587348e-02
1.977312675038923e-03	-2.135968e-02
1.987078300038924e-03	4.815288e-03
1.996843925038923e-03	6.583407e-02
1.998064628163924e-03	7.763904e-02
2.000506034413924e-03	1.029987e-01
2.005388846913923e-03	1.619751e-01
2.006218244932321e-03	1.729573e-01
2.007877040969116e-03	1.951739e-01
2.011194633042707e-03	2.403588e-01
2.017221562643581e-03	3.049845e-01
2.024068951326656e-03	3.224357e-01
2.033834576326656e-03	3.152208e-01
2.043600201326656e-03	3.100830e-01
2.053365826326656e-03	3.005683e-01
2.063131451326656e-03	2.923883e-01
2.072897076326656e-03	2.824555e-01
2.082662701326656e-03	2.742480e-01
2.092428326326656e-03	2.648714e-01
2.102193951326656e-03	2.569625e-01
2.111959576326656e-03	2.482935e-01
2.121725201326656e-03	2.408618e-01
2.131490826326656e-03	2.328954e-01
2.141256451326656e-03	2.259629e-01
2.151022076326656e-03	2.186336e-01
2.160787701326656e-03	2.121645e-01
2.170553326326656e-03	2.053872e-01
2.180318951326656e-03	1.993225e-01
2.190084576326656e-03	1.930094e-01
2.199850201326656e-03	1.872832e-01
2.209615826326656e-03	1.813511e-01
2.219381451326656e-03	1.758988e-01
2.229147076326656e-03	1.702723e-01
2.238912701326656e-03	1.650341e-01
2.248678326326656e-03	1.596463e-01
2.258443951326656e-03	1.545684e-01
2.268209576326656e-03	1.493607e-01
2.277975201326656e-03	1.443953e-01
2.287740826326656e-03	1.393161e-01
2.297506451326656e-03	1.344208e-01
2.307272076326656e-03	1.294218e-01
2.317037701326656e-03	1.245512e-01
2.326803326326656e-03	1.195911e-01
2.336568951326656e-03	1.147077e-01
2.346334576326656e-03	1.097355e-01
2.356100201326656e-03	1.047919e-01
2.365865826326656e-03	9.974825e-02
2.375631451326656e-03	9.467743e-02
2.385397076326656e-03	8.947545e-02
2.395162701326656e-03	8.416986e-02
2.404928326326656e-03	7.866190e-02
2.414693951326656e-03	7.292168e-02
2.424459576326656e-03	6.681403e-02
2.434225201326656e-03	6.020061e-02
2.443990826326656e-03	5.278131e-02
2.453756451326656e-03	4.406589e-02
2.463522076326656e-03	3.277427e-02
2.473287701326656e-03	1.606400e-02
2.474508404451656e-03	1.326735e-02
2.476949810701656e-03	6.919078e-03
2.477560162264156e-03	5.082126e-03
2.478780865389156e-03	1.211137e-03
2.479086041170406e-03	1.655586e-04
2.479162335115718e-03	-9.758019e-05
2.479314923006343e-03	-6.273832e-04
2.479620098787593e-03	-1.711668e-03
2.479629635530757e-03	-1.746117e-03
2.479648709017086e-03	-1.815011e-03
2.479686855989742e-03	-1.952759e-03
2.479763149935054e-03	-2.229006e-03
2.479915737825679e-03	-2.787802e-03
2.480220913606929e-03	-3.930748e-03
2.480831265169429e-03	-6.316294e-03
2.482051968294429e-03	-1.151967e-02
2.484493374544429e-03	-2.395895e-02
2.489376187044429e-03	-5.904403e-02
2.499141812044429e-03	-1.673565e-01
2.499294399935054e-03	-1.694105e-01
2.499332546907710e-03	-1.699220e-01
2.499408840853023e-03	-1.709399e-01
2.499561428743648e-03	-1.729862e-01
2.499866604524898e-03	-1.771289e-01
2.500476956087398e-03	-1.854447e-01
2.501697659212398e-03	-2.022361e-01
2.503195963945851e-03	-2.229943e-01
2.505585566710411e-03	-2.557470e-01
2.509665981767442e-03	-3.008751e-01
2.517826811881505e-03	-3.224382e-01
2.527592436881505e-03	-3.143825e-01
2.537358061881505e-03	-3.098714e-01
2.547123686881505e-03	-2.998159e-01
2.556889311881505e-03	-2.923549e-01
2.566654936881505e-03	-2.824317e-01
2.576420561881505e-03	-2.745538e-01
2.586186186881505e-03	-2.652989e-01
2.595951811881505e-03	-2.576272e-01
2.605717436881505e-03	-2.490902e-01
2.615483061881505e-03	-2.418899e-01
2.625248686881505e-03	-2.340608e-01
2.635014311881505e-03	-2.273486e-01
2.644779936881505e-03	-2.201582e-01
2.654545561881505e-03	-2.138989e-01
2.664311186881505e-03	-2.072604e-01
2.674076811881505e-03	-2.013955e-01
2.683842436881505e-03	-1.952199e-01
2.693608061881505e-03	-1.896844e-01
2.703373686881505e-03	-1.838882e-01
2.713139311881505e-03	-1.786178e-01
2.722904936881505e-03	-1.731255e-01
2.732670561881505e-03	-1.680616e-01
2.742436186881505e-03	-1.628045e-01
2.752201811881505e-03	-1.578954e-01
2.761967436881505e-03	-1.528151e-01
2.763188140006505e-03	-1.522416e-01
2.765629546256505e-03	-1.510251e-01
2.770512358756505e-03	-1.485509e-01
2.771733061881505e-03	-1.479468e-01
2.774174468131505e-03	-1.467263e-01
2.779057280631505e-03	-1.442873e-01
2.788822905631505e-03	-1.394439e-01
2.798588530631505e-03	-1.346282e-01
2.808354155631505e-03	-1.298371e-01
2.818119780631505e-03	-1.250548e-01
2.827885405631505e-03	-1.202778e-01
2.837651030631505e-03	-1.154904e-01
2.847416655631505e-03	-1.106870e-01
2.866947905631505e-03	-1.009701e-01
2.876713530631505e-03	-9.602457e-02
2.886479155631505e-03	-9.099533e-02
2.896244780631505e-03	-8.584846e-02
2.906010405631505e-03	-8.054764e-02
2.915776030631505e-03	-7.503213e-02
2.925541655631505e-03	-6.922238e-02
2.935307280631505e-03	-6.298686e-02
2.945072905631505e-03	-5.612053e-02
2.954838530631505e-03	-4.825237e-02
2.964604155631505e-03	-3.866296e-02
2.974369780631505e-03	-2.542205e-02
2.984135405631505e-03	-3.179774e-03
2.993901030631505e-03	4.719236e-02
3.003666655631505e-03	1.466648e-01
3.004887358756505e-03	1.628817e-01
3.007328765006505e-03	1.958562e-01
3.012211577506505e-03	2.619860e-01
3.017539903843731e-03	3.117049e-01
3.025734766538423e-03	3.223012e-01
3.035500391538423e-03	3.143946e-01
3.045266016538423e-03	3.079751e-01
3.055031641538423e-03	2.982525e-01
3.064797266538423e-03	2.901275e-01
3.074562891538423e-03	2.802999e-01
3.084328516538423e-03	2.721041e-01
3.094094141538423e-03	2.628422e-01
3.103859766538423e-03	2.549976e-01
3.113625391538423e-03	2.464396e-01
3.123391016538423e-03	2.390850e-01
3.133156641538423e-03	2.312174e-01
3.142922266538423e-03	2.243638e-01
3.152687891538423e-03	2.171188e-01
3.162453516538423e-03	2.107251e-01
3.172219141538423e-03	2.040179e-01
3.181984766538423e-03	1.980227e-01
3.191750391538423e-03	1.917665e-01
3.201516016538423e-03	1.861033e-01
3.211281641538423e-03	1.802163e-01
3.221047266538423e-03	1.748204e-01
3.230812891538423e-03	1.692287e-01
3.240578516538423e-03	1.640407e-01
3.250344141538423e-03	1.586775e-01
3.260109766538423e-03	1.536457e-01
3.269875391538423e-03	1.484552e-01
3.279641016538423e-03	1.435308e-01
3.289406641538423e-03	1.384623e-01
3.299172266538423e-03	1.336045e-01
3.308937891538423e-03	1.286085e-01
3.318703516538423e-03	1.237732e-01
3.328469141538423e-03	1.188105e-01
3.338234766538423e-03	1.139581e-01
3.348000391538423e-03	1.089789e-01
3.357766016538423e-03	1.040618e-01
3.367531641538423e-03	9.900608e-02
3.377297266538423e-03	9.395592e-02
3.387062891538423e-03	8.873519e-02
3.396828516538423e-03	8.344151e-02
3.406594141538423e-03	7.790352e-02
3.416359766538423e-03	7.215899e-02
3.426125391538423e-03	6.599790e-02
3.435891016538423e-03	5.934262e-02
3.445656641538423e-03	5.180682e-02
3.455422266538423e-03	4.292941e-02
3.465187891538423e-03	3.124087e-02
3.474953516538423e-03	1.357440e-02
3.484719141538423e-03	-2.285663e-02
3.484871729429048e-03	-2.369132e-02
3.485176905210298e-03	-2.534149e-02
3.485787256772798e-03	-2.876779e-02
3.487007959897798e-03	-3.639508e-02
3.489449366147798e-03	-5.460219e-02
3.494332178647798e-03	-1.023326e-01
3.495552881772798e-03	-1.167261e-01
3.497994288022798e-03	-1.466527e-01
3.498604639585298e-03	-1.545256e-01
3.499825342710298e-03	-1.704569e-01
3.499863489682954e-03	-1.709592e-01
3.499939783628267e-03	-1.719618e-01
3.499958857114595e-03	-1.722120e-01
3.499997004087251e-03	-1.727115e-01
3.500073298032564e-03	-1.737047e-01
3.500225885923189e-03	-1.757117e-01
3.500531061704439e-03	-1.797698e-01
3.501141413266939e-03	-1.879288e-01
3.502362116391939e-03	-2.044359e-01
3.504102155535517e-03	-2.281913e-01
3.506731101289690e-03	-2.634522e-01
3.511651133343828e-03	-3.095716e-01
3.521416758343828e-03	-3.211427e-01
3.531182383343828e-03	-3.126337e-01
3.540948008343828e-03	-3.072139e-01
3.550713633343828e-03	-2.971466e-01
3.560479258343828e-03	-2.894941e-01
3.570244883343828e-03	-2.797449e-01
3.580010508343828e-03	-2.717706e-01
3.589776133343828e-03	-2.626110e-01
3.599541758343828e-03	-2.550061e-01
3.609307383343828e-03	-2.465660e-01
3.619073008343828e-03	-2.394387e-01
3.628838633343828e-03	-2.316941e-01
3.638604258343828e-03	-2.250539e-01
3.648369883343828e-03	-2.179281e-01
3.658135508343828e-03	-2.117399e-01
3.667901133343828e-03	-2.051524e-01
3.677666758343828e-03	-1.993479e-01
3.687432383343828e-03	-1.932101e-01
3.697198008343828e-03	-1.877247e-01
3.706963633343828e-03	-1.819537e-01
3.716729258343828e-03	-1.767243e-01
3.726494883343828e-03	-1.712460e-01
3.736260508343828e-03	-1.662144e-01
3.746026133343828e-03	-1.609635e-01
3.747246836468828e-03	-1.603943e-01
3.749688242718828e-03	-1.591552e-01
3.754571055218828e-03	-1.566311e-01
3.755791758343828e-03	-1.560170e-01
3.758233164593828e-03	-1.547743e-01
3.763115977093828e-03	-1.522894e-01
3.764336680218828e-03	-1.516726e-01
3.766778086468828e-03	-1.504365e-01
3.771660898968828e-03	-1.479729e-01
3.781426523968828e-03	-1.430847e-01
3.791065768440460e-03	-1.382971e-01
3.800831393440460e-03	-1.334767e-01
3.810597018440460e-03	-1.286750e-01
3.820362643440460e-03	-1.238842e-01
3.830128268440460e-03	-1.190928e-01
3.839893893440460e-03	-1.142922e-01
3.849659518440460e-03	-1.094694e-01
3.859425143440460e-03	-1.046130e-01
3.869190768440460e-03	-9.970612e-02
3.878956393440460e-03	-9.473103e-02
3.888722018440460e-03	-8.966220e-02
3.898487643440460e-03	-8.446825e-02
3.908253268440460e-03	-7.910386e-02
3.918018893440459e-03	-7.350665e-02
3.927784518440460e-03	-6.758211e-02
3.937550143440460e-03	-6.118473e-02
3.947315768440460e-03	-5.407071e-02
3.957081393440459e-03	-4.579998e-02
3.966847018440460e-03	-3.536155e-02
3.976612643440460e-03	-2.045808e-02
3.986378268440460e-03	6.892665e-03
3.996143893440459e-03	7.063644e-02
3.997364596565460e-03	8.287159e-02
3.999806002815460e-03	1.090058e-01
4.000416354377960e-03	1.161260e-01
4.001637057502960e-03	1.306825e-01
4.004078463752960e-03	1.614003e-01
4.007607459904014e-03	2.084459e-01
4.011637130812806e-03	2.626174e-01
4.016471181510483e-03	3.092315e-01
4.026042620418153e-03	3.218373e-01
4.035808245418153e-03	3.135360e-01
4.045573870418153e-03	3.075581e-01
4.055339495418153e-03	2.974116e-01
4.065105120418153e-03	2.895748e-01
4.074870745418153e-03	2.794710e-01
4.084636370418153e-03	2.715465e-01
4.094401995418153e-03	2.620981e-01
4.104167620418153e-03	2.544723e-01
4.113933245418153e-03	2.457655e-01
4.123698870418153e-03	2.386128e-01
4.133464495418153e-03	2.306403e-01
4.143230120418153e-03	2.239480e-01
4.152995745418153e-03	2.166258e-01
4.162761370418153e-03	2.103637e-01
4.172526995418153e-03	2.035979e-01
4.182292620418153e-03	1.977113e-01
4.192058245418153e-03	1.914101e-01
4.201823870418153e-03	1.858369e-01
4.211589495418153e-03	1.799150e-01
4.221355120418152e-03	1.745941e-01
4.231120745418153e-03	1.689753e-01
4.240886370418153e-03	1.638497e-01
4.250651995418153e-03	1.584669e-01
4.260417620418152e-03	1.534857e-01
4.270183245418153e-03	1.482804e-01
4.279948870418153e-03	1.433984e-01
4.281169573543153e-03	1.427282e-01
4.283610979793153e-03	1.414661e-01
4.288493792293153e-03	1.390029e-01
4.298259417293153e-03	1.340554e-01
4.299480120418153e-03	1.334498e-01
4.301921526668153e-03	1.322247e-01
4.302531878230653e-03	1.319176e-01
4.303752581355653e-03	1.313045e-01
4.306193987605652e-03	1.300775e-01
4.311076800105653e-03	1.276258e-01
4.320842425105653e-03	1.227354e-01
4.330608050105653e-03	1.178437e-01
4.340373675105653e-03	1.129439e-01
4.350139300105653e-03	1.080190e-01
4.359904925105653e-03	1.030595e-01
4.369670550105653e-03	9.804203e-02
4.379436175105653e-03	9.294950e-02
4.389201800105652e-03	8.774913e-02
4.398967425105653e-03	8.240680e-02
4.408733050105653e-03	7.686517e-02
4.418498675105653e-03	7.105113e-02
4.428264300105652e-03	6.484379e-02
4.438029925105653e-03	5.805926e-02
4.447795550105653e-03	5.036889e-02
4.457561175105653e-03	4.108966e-02
4.467326800105653e-03	2.881514e-02
4.477092425105653e-03	9.327729e-03
4.478313128230653e-03	5.907284e-03
4.478618304011903e-03	5.024541e-03
4.479228655574403e-03	3.199849e-03
4.480449358699403e-03	-8.070032e-04
4.480754534480652e-03	-1.897753e-03
4.480830828425966e-03	-2.172305e-03
4.480983416316591e-03	-2.725257e-03
4.481288592097840e-03	-3.855828e-03
4.481364886043153e-03	-4.145092e-03
4.481517473933778e-03	-4.727589e-03
4.481822649715028e-03	-5.916856e-03
4.482433001277528e-03	-8.402176e-03
4.483653704402528e-03	-1.383403e-02
4.486095110652528e-03	-2.684078e-02
4.490784939649358e-03	-6.160353e-02
4.500164597643016e-03	-1.663202e-01
4.500317185533641e-03	-1.683725e-01
4.500622361314891e-03	-1.724778e-01
4.500698655260204e-03	-1.734976e-01
4.500851243150829e-03	-1.755457e-01
4.501156418932078e-03	-1.796850e-01
4.501766770494579e-03	-1.880070e-01
4.502987473619578e-03	-2.047897e-01
4.504730673184031e-03	-2.289172e-01
4.507361920257626e-03	-2.645070e-01
4.512294289273701e-03	-3.103442e-01
4.522059914273700e-03	-3.211578e-01
4.531825539273701e-03	-3.127098e-01
4.541591164273701e-03	-3.071482e-01
4.551356789273701e-03	-2.971273e-01
4.561122414273700e-03	-2.894074e-01
4.570888039273701e-03	-2.796037e-01
4.580653664273701e-03	-2.716601e-01
4.590419289273701e-03	-2.625026e-01
4.600184914273700e-03	-2.548735e-01
4.609950539273701e-03	-2.464457e-01
4.619716164273701e-03	-2.392866e-01
4.629481789273701e-03	-2.315561e-01
4.639247414273700e-03	-2.248834e-01
4.649013039273701e-03	-2.177750e-01
4.658778664273701e-03	-2.115500e-01
4.668544289273701e-03	-2.049759e-01
4.678309914273700e-03	-1.991384e-01
4.688075539273700e-03	-1.930107e-01
4.697841164273701e-03	-1.874952e-01
4.707606789273701e-03	-1.817320e-01
4.717372414273700e-03	-1.764749e-01
4.727138039273700e-03	-1.710023e-01
4.736903664273701e-03	-1.659450e-01
4.746669289273701e-03	-1.606982e-01
4.747889992398700e-03	-1.601214e-01
4.750331398648701e-03	-1.588784e-01
4.755214211148701e-03	-1.563502e-01
4.756434914273701e-03	-1.557343e-01
4.758876320523701e-03	-1.544887e-01
4.759486672086200e-03	-1.541768e-01
4.760707375211201e-03	-1.535538e-01
4.763148781461200e-03	-1.523093e-01
4.768031593961200e-03	-1.498291e-01
4.769252297086201e-03	-1.492136e-01
4.771693703336201e-03	-1.479810e-01
4.776576515836200e-03	-1.455242e-01
4.786342140836201e-03	-1.406437e-01
4.796107765836201e-03	-1.357970e-01
4.805873390836201e-03	-1.309758e-01
4.815639015836200e-03	-1.261689e-01
4.825404640836200e-03	-1.213681e-01
4.835170265836201e-03	-1.165619e-01
4.844935890836201e-03	-1.117406e-01
4.854701515836200e-03	-1.068908e-01
4.864467140836200e-03	-1.019994e-01
4.874232765836201e-03	-9.704803e-02
4.883998390836201e-03	-9.201567e-02
4.893764015836201e-03	-8.687299e-02
4.903529640836200e-03	-8.158220e-02
4.913295265836201e-03	-7.608864e-02
4.923060890836201e-03	-7.031445e-02
4.932826515836201e-03	-6.413946e-02
4.942592140836200e-03	-5.737130e-02
4.952357765836201e-03	-4.967389e-02
4.962123390836201e-03	-4.040048e-02
4.971889015836201e-03	-2.788599e-02
4.981654640836200e-03	-7.712038e-03
4.991420265836201e-03	3.646397e-02
5.001185890836201e-03	1.285325e-01
5.002406593961201e-03	1.441844e-01
5.002711769742450e-03	1.481181e-01
5.003322121304951e-03	1.560452e-01
5.004542824429950e-03	1.721984e-01
5.006984230679951e-03	2.052821e-01
5.009897056896698e-03	2.452710e-01
5.015722709330192e-03	3.062184e-01
5.025488334330192e-03	3.227319e-01
5.035253959330192e-03	3.140285e-01
5.045019584330191e-03	3.079209e-01
5.054785209330192e-03	2.970826e-01
5.064550834330192e-03	2.898370e-01
5.074316459330192e-03	2.795943e-01
5.084082084330191e-03	2.717997e-01
5.093847709330192e-03	2.621619e-01
5.103613334330192e-03	2.547104e-01
5.113378959330192e-03	2.458988e-01
5.123144584330191e-03	2.388484e-01
5.132910209330192e-03	2.307940e-01
5.142675834330192e-03	2.241851e-01
5.152441459330192e-03	2.167980e-01
5.162207084330192e-03	2.106052e-01
5.171972709330192e-03	2.037878e-01
5.181738334330192e-03	1.979595e-01
5.191503959330192e-03	1.916173e-01
5.201269584330192e-03	1.860935e-01
5.211035209330192e-03	1.801395e-01
5.220800834330192e-03	1.748604e-01
5.230566459330192e-03	1.692171e-01
5.240332084330192e-03	1.641268e-01
5.250097709330191e-03	1.587262e-01
5.259863334330192e-03	1.537744e-01
5.269628959330192e-03	1.485574e-01
5.279394584330192e-03	1.436993e-01
5.289160209330191e-03	1.386158e-01
5.290380912455192e-03	1.380450e-01
5.292822318705192e-03	1.368396e-01
5.297705131205191e-03	1.343623e-01
5.298925834330192e-03	1.337591e-01
5.301367240580192e-03	1.325365e-01
5.306250053080191e-03	1.300861e-01
5.316015678080192e-03	1.251976e-01
5.325781303080192e-03	1.203178e-01
5.335546928080192e-03	1.154323e-01
5.345312553080192e-03	1.105314e-01
5.355078178080192e-03	1.055997e-01
5.364843803080192e-03	1.006231e-01
5.374609428080192e-03	9.558079e-02
5.384375053080192e-03	9.044927e-02
5.394140678080192e-03	8.519494e-02
5.403906303080192e-03	7.977449e-02
5.413671928080192e-03	7.412401e-02
5.423437553080192e-03	6.815159e-02
5.433203178080191e-03	6.171171e-02
5.442968803080192e-03	5.456582e-02
5.452734428080192e-03	4.628027e-02
5.462500053080192e-03	3.586948e-02
5.472265678080191e-03	2.110628e-02
5.473486381205192e-03	1.872080e-02
5.475927787455192e-03	1.343755e-02
5.480810599955191e-03	-7.773217e-04
5.480963187845817e-03	-1.309760e-03
5.481268363627067e-03	-2.389529e-03
5.481344657572379e-03	-2.665368e-03
5.481497245463004e-03	-3.221327e-03
5.481802421244254e-03	-4.360978e-03
5.481878715189567e-03	-4.651837e-03
5.482031303080192e-03	-5.237189e-03
5.482336478861442e-03	-6.434649e-03
5.482946830423942e-03	-8.940566e-03
5.484167533548942e-03	-1.442114e-02
5.486608939798941e-03	-2.755531e-02
5.491491752298942e-03	-6.436595e-02
5.492712455423942e-03	-7.631212e-02
5.495153861673941e-03	-1.018976e-01
5.500036674173942e-03	-1.611561e-01
5.500476436244666e-03	-1.669574e-01
5.501355960386115e-03	-1.785907e-01
5.501575841421477e-03	-1.815256e-01
5.502015603492201e-03	-1.874241e-01
5.502895127633650e-03	-1.993231e-01
5.504654175916547e-03	-2.233491e-01
5.507198272369883e-03	-2.577890e-01
5.511797772561150e-03	-3.053201e-01
5.520996772943683e-03	-3.221917e-01
5.530762397943684e-03	-3.134028e-01
5.540528022943684e-03	-3.085868e-01
5.550293647943683e-03	-2.982889e-01
5.560059272943683e-03	-2.908614e-01
5.569824897943684e-03	-2.808185e-01
5.579590522943684e-03	-2.730028e-01
5.589356147943684e-03	-2.636979e-01
5.599121772943683e-03	-2.560907e-01
5.608887397943684e-03	-2.475231e-01
5.618653022943684e-03	-2.403823e-01
5.628418647943684e-03	-2.325294e-01
5.638184272943683e-03	-2.258669e-01
5.647949897943684e-03	-2.186543e-01
5.657715522943684e-03	-2.124340e-01
5.667481147943684e-03	-2.057724e-01
5.677246772943683e-03	-1.999364e-01
5.687012397943684e-03	-1.937361e-01
5.696778022943684e-03	-1.882201e-01
5.706543647943684e-03	-1.823970e-01
5.716309272943683e-03	-1.771382e-01
5.726074897943684e-03	-1.716168e-01
5.735840522943684e-03	-1.665569e-01
5.745606147943684e-03	-1.612708e-01
5.755371772943683e-03	-1.563577e-01
5.765137397943683e-03	-1.512383e-01
5.766358101068684e-03	-1.506668e-01
5.768799507318683e-03	-1.494481e-01
5.773682319818683e-03	-1.469614e-01
5.781169632275383e-03	-1.432158e-01
5.790935257275383e-03	-1.383285e-01
5.800700882275383e-03	-1.335010e-01
5.810466507275383e-03	-1.286660e-01
5.820232132275383e-03	-1.238681e-01
5.829997757275383e-03	-1.190460e-01
5.839763382275383e-03	-1.142379e-01
5.849529007275383e-03	-1.093861e-01
5.859294632275383e-03	-1.045210e-01
5.869060257275383e-03	-9.958550e-02
5.878825882275383e-03	-9.459946e-02
5.888591507275383e-03	-8.950061e-02
5.898357132275383e-03	-8.429123e-02
5.908122757275383e-03	-7.889204e-02
5.917888382275383e-03	-7.327030e-02
5.927654007275383e-03	-6.729850e-02
5.937419632275383e-03	-6.085518e-02
5.947185257275383e-03	-5.365864e-02
5.956950882275383e-03	-4.527586e-02
5.966716507275383e-03	-3.460604e-02
5.976482132275383e-03	-1.920443e-02
5.986247757275383e-03	9.736075e-03
5.996013382275383e-03	7.692849e-02
5.997234085400383e-03	8.968428e-02
5.999675491650383e-03	1.167492e-01
6.000285843212883e-03	1.240590e-01
6.001506546337883e-03	1.389668e-01
6.001811722119133e-03	1.427954e-01
6.002422073681633e-03	1.505048e-01
6.003642776806633e-03	1.662836e-01
6.006084183056633e-03	1.988239e-01
6.008724564470044e-03	2.348510e-01
6.013860317668763e-03	2.956587e-01
6.023625942668763e-03	3.239275e-01
6.033391567668763e-03	3.139021e-01
6.043157192668763e-03	3.093934e-01
6.052922817668763e-03	2.990981e-01
6.062688442668763e-03	2.913072e-01
6.072454067668764e-03	2.809604e-01
6.082219692668763e-03	2.732133e-01
6.091985317668763e-03	2.635810e-01
6.101750942668763e-03	2.560588e-01
6.111516567668764e-03	2.472124e-01
6.121282192668763e-03	2.401138e-01
6.131047817668763e-03	2.320200e-01
6.140813442668763e-03	2.253736e-01
6.150579067668764e-03	2.179505e-01
6.160344692668763e-03	2.117277e-01
6.170110317668763e-03	2.048805e-01
6.179875942668763e-03	1.990281e-01
6.189641567668763e-03	1.926630e-01
6.199407192668763e-03	1.871200e-01
6.209172817668763e-03	1.811500e-01
6.218938442668763e-03	1.758559e-01
6.228704067668763e-03	1.702026e-01
6.238469692668763e-03	1.651017e-01
6.248235317668763e-03	1.596960e-01
6.258000942668763e-03	1.547366e-01
6.267766567668763e-03	1.495193e-01
6.277532192668763e-03	1.446566e-01
6.287297817668763e-03	1.395732e-01
6.297063442668763e-03	1.347685e-01
6.298284145793763e-03	1.341180e-01
6.300725552043763e-03	1.328711e-01
6.305608364543763e-03	1.304460e-01
6.315373989543763e-03	1.255444e-01
6.325139614543764e-03	1.206910e-01
6.334905239543763e-03	1.157960e-01
6.344670864543763e-03	1.109209e-01
6.354436489543763e-03	1.059833e-01
6.364202114543764e-03	1.010334e-01
6.373967739543763e-03	9.598999e-02
6.383733364543763e-03	9.088802e-02
6.393498989543763e-03	8.563996e-02
6.403264614543763e-03	8.025628e-02
6.413030239543763e-03	7.462528e-02
6.422795864543763e-03	6.870688e-02
6.432561489543763e-03	6.231578e-02
6.442327114543763e-03	5.527095e-02
6.452092739543763e-03	4.712133e-02
6.461858364543763e-03	3.700313e-02
6.471623989543763e-03	2.285748e-02
6.472844692668763e-03	2.060544e-02
6.475286098918763e-03	1.563920e-02
6.480168911418763e-03	2.462589e-03
6.481389614543763e-03	-1.785631e-03
6.481694790325013e-03	-2.877764e-03
6.481771084270326e-03	-3.152796e-03
6.481923672160951e-03	-3.707082e-03
6.482228847942200e-03	-4.843048e-03
6.482305141887513e-03	-5.134146e-03
6.482457729778139e-03	-5.720676e-03
6.482762905559388e-03	-6.920505e-03
6.483373257121888e-03	-9.434343e-03
6.484593960246888e-03	-1.494672e-02
6.487035366496888e-03	-2.818441e-02
6.491718737059591e-03	-6.346425e-02
6.492889579700267e-03	-7.481994e-02
6.495231264981619e-03	-9.911112e-02
6.499914635544322e-03	-1.553596e-01
6.501085478184997e-03	-1.708537e-01
6.501122067017518e-03	-1.713319e-01
6.501195244682561e-03	-1.722795e-01
6.501341600012645e-03	-1.741963e-01
6.501634310672814e-03	-1.780918e-01
6.502219731993152e-03	-1.859058e-01
6.503390574633828e-03	-2.017275e-01
6.504891887017257e-03	-2.222141e-01
6.507206753645483e-03	-2.536488e-01
6.511163937758312e-03	-2.984079e-01
6.519078305983970e-03	-3.224652e-01
6.528843930983971e-03	-3.147976e-01
6.538609555983971e-03	-3.102889e-01
6.548375180983970e-03	-3.003103e-01
6.558140805983970e-03	-2.927753e-01
6.567906430983971e-03	-2.829485e-01
6.577672055983971e-03	-2.748827e-01
6.587437680983970e-03	-2.655880e-01
6.597203305983970e-03	-2.578517e-01
6.606968930983971e-03	-2.492724e-01
6.616734555983971e-03	-2.420019e-01
6.626500180983970e-03	-2.341288e-01
6.636265805983970e-03	-2.273501e-01
6.646031430983970e-03	-2.201160e-01
6.655797055983971e-03	-2.137935e-01
6.665562680983970e-03	-2.071092e-01
6.675328305983970e-03	-2.011894e-01
6.685093930983970e-03	-1.949711e-01
6.694859555983971e-03	-1.893832e-01
6.704625180983971e-03	-1.835467e-01
6.714390805983970e-03	-1.782270e-01
6.724156430983970e-03	-1.726964e-01
6.733922055983971e-03	-1.675858e-01
6.743687680983971e-03	-1.622939e-01
6.753453305983970e-03	-1.573387e-01
6.763218930983970e-03	-1.522251e-01
6.764439634108971e-03	-1.516423e-01
6.766881040358970e-03	-1.504143e-01
6.767491391921471e-03	-1.500984e-01
6.768712095046470e-03	-1.494754e-01
6.771153501296471e-03	-1.482388e-01
6.776036313796471e-03	-1.457715e-01
6.785801938796470e-03	-1.408736e-01
6.795567563796470e-03	-1.360091e-01
6.805333188796471e-03	-1.311726e-01
6.815098813796471e-03	-1.263500e-01
6.824864438796470e-03	-1.215357e-01
6.834630063796470e-03	-1.167152e-01
6.844395688796470e-03	-1.118817e-01
6.854161313796471e-03	-1.070189e-01
6.863926938796470e-03	-1.021161e-01
6.873692563796470e-03	-9.715229e-02
6.883458188796470e-03	-9.210886e-02
6.893223813796471e-03	-8.695386e-02
6.902989438796471e-03	-8.165165e-02
6.912755063796470e-03	-7.614497e-02
6.922520688796470e-03	-7.035778e-02
6.932286313796471e-03	-6.416699e-02
6.942051938796471e-03	-5.738117e-02
6.951817563796470e-03	-4.965950e-02
6.961583188796470e-03	-4.035167e-02
6.971348813796471e-03	-2.777062e-02
6.981114438796471e-03	-7.432783e-03
6.990880063796470e-03	3.722966e-02
7.000645688796470e-03	1.299104e-01
7.001866391921471e-03	1.456130e-01
7.002171567702721e-03	1.495594e-01
7.002781919265221e-03	1.575147e-01
7.004002622390221e-03	1.737041e-01
7.006444028640220e-03	2.068492e-01
7.009457272857191e-03	2.481774e-01
7.015483761291131e-03	3.085535e-01
7.025249386291131e-03	3.221876e-01
7.035015011291131e-03	3.134586e-01
7.044780636291131e-03	3.074446e-01
7.054546261291131e-03	2.971618e-01
7.064311886291131e-03	2.894561e-01
7.074077511291131e-03	2.792905e-01
7.083843136291131e-03	2.714663e-01
7.093608761291131e-03	2.619793e-01
7.103374386291131e-03	2.544489e-01
7.113140011291131e-03	2.457332e-01
7.122905636291131e-03	2.386455e-01
7.132671261291131e-03	2.306634e-01
7.142436886291131e-03	2.240373e-01
7.152202511291131e-03	2.166995e-01
7.161968136291131e-03	2.105065e-01
7.171733761291131e-03	2.037332e-01
7.181499386291131e-03	1.979083e-01
7.191265011291131e-03	1.916036e-01
7.201030636291131e-03	1.860856e-01
7.210796261291131e-03	1.801636e-01
7.220561886291131e-03	1.748921e-01
7.230327511291131e-03	1.692761e-01
7.240093136291131e-03	1.641948e-01
7.249858761291131e-03	1.588174e-01
7.259624386291131e-03	1.538759e-01
7.269390011291131e-03	1.486786e-01
7.279155636291131e-03	1.438320e-01
7.288921261291131e-03	1.387639e-01
7.298686886291131e-03	1.339708e-01
7.299907589416131e-03	1.333206e-01
7.302348995666131e-03	1.320788e-01
7.307231808166131e-03	1.296552e-01
7.316997433166131e-03	1.247648e-01
7.326763058166131e-03	1.199156e-01
7.336528683166131e-03	1.150270e-01
7.346294308166131e-03	1.101523e-01
7.356059933166131e-03	1.052168e-01
7.365825558166131e-03	1.002625e-01
7.375591183166131e-03	9.521506e-02
7.385356808166131e-03	9.010169e-02
7.395122433166131e-03	8.483999e-02
7.404888058166131e-03	7.943243e-02
7.414653683166131e-03	7.376986e-02
7.424419308166131e-03	6.780153e-02
7.434184933166131e-03	6.133803e-02
7.443950558166131e-03	5.417569e-02
7.453716183166131e-03	4.583037e-02
7.463481808166131e-03	3.532431e-02
7.473247433166131e-03	2.028725e-02
7.474468136291131e-03	1.785044e-02
7.476909542541131e-03	1.243990e-02
7.481792355041131e-03	-2.221615e-03
7.483013058166131e-03	-7.029437e-03
7.483318233947381e-03	-8.266899e-03
7.483928585509881e-03	-1.082217e-02
7.485149288634881e-03	-1.644984e-02
7.487590694884881e-03	-3.001917e-02
7.492473507384881e-03	-6.795575e-02
7.493694210509881e-03	-8.019203e-02
7.496135616759881e-03	-1.063047e-01
7.501018429259881e-03	-1.662755e-01
7.501171017150506e-03	-1.682895e-01
7.501476192931756e-03	-1.723225e-01
7.502086544494256e-03	-1.803973e-01
7.502239132384881e-03	-1.824541e-01
7.502544308166131e-03	-1.865616e-01
7.503154659728631e-03	-1.947959e-01
7.504375362853631e-03	-2.114243e-01
7.506816769103631e-03	-2.447566e-01
7.510447575448660e-03	-2.893361e-01
7.517709188138717e-03	-3.218045e-01
7.527474813138717e-03	-3.161860e-01
7.537240438138717e-03	-3.113700e-01
7.547006063138718e-03	-3.019838e-01
7.556771688138717e-03	-2.941045e-01
7.566537313138717e-03	-2.845598e-01
7.576302938138717e-03	-2.762215e-01
7.586068563138718e-03	-2.671051e-01
7.595834188138717e-03	-2.591151e-01
7.605599813138717e-03	-2.506602e-01
7.615365438138717e-03	-2.431692e-01
7.625131063138718e-03	-2.353899e-01
7.634896688138717e-03	-2.284206e-01
7.644662313138717e-03	-2.212616e-01
7.654427938138717e-03	-2.147756e-01
7.664193563138718e-03	-2.081574e-01
7.673959188138717e-03	-2.020930e-01
7.683724813138717e-03	-1.959310e-01
7.693490438138717e-03	-1.902200e-01
7.703256063138717e-03	-1.844328e-01
7.713021688138717e-03	-1.790083e-01
7.722787313138717e-03	-1.735204e-01
7.732552938138717e-03	-1.683217e-01
7.742318563138717e-03	-1.630687e-01
7.752084188138718e-03	-1.580390e-01
7.761849813138717e-03	-1.529568e-01
7.763070516263717e-03	-1.523537e-01
7.765511922513717e-03	-1.511188e-01
7.770394735013717e-03	-1.486230e-01
7.780160360013717e-03	-1.437011e-01
7.789925985013717e-03	-1.388030e-01
7.799691610013718e-03	-1.339539e-01
7.809457235013717e-03	-1.291104e-01
7.819222860013717e-03	-1.242943e-01
7.828988485013717e-03	-1.194657e-01
7.838754110013717e-03	-1.146424e-01
7.848519735013717e-03	-1.097860e-01
7.858285360013718e-03	-1.049086e-01
7.868050985013718e-03	-9.997074e-02
7.877816610013718e-03	-9.497545e-02
7.887582235013717e-03	-8.987708e-02
7.897347860013717e-03	-8.466265e-02
7.907113485013717e-03	-7.926860e-02
7.916879110013717e-03	-7.364886e-02
7.926644735013717e-03	-6.769181e-02
7.936410360013716e-03	-6.126583e-02
7.946175985013718e-03	-5.410916e-02
7.955941610013718e-03	-4.579012e-02
7.965707235013718e-03	-3.526413e-02
7.975472860013717e-03	-2.019861e-02
7.985238485013717e-03	7.642269e-03
7.995004110013717e-03	7.243680e-02
7.996224813138718e-03	8.483218e-02
7.998666219388717e-03	1.112555e-01
7.999276570951216e-03	1.184352e-01
8.000497274076217e-03	1.331022e-01
8.002938680326217e-03	1.639927e-01
8.006218412460322e-03	2.078089e-01
8.010188189303402e-03	2.612704e-01
8.014808480849046e-03	3.073758e-01
8.024049063940336e-03	3.220782e-01
8.033814688940336e-03	3.141775e-01
8.043580313940335e-03	3.082312e-01
8.053345938940335e-03	2.979777e-01
8.063111563940335e-03	2.903150e-01
8.072877188940336e-03	2.801419e-01
8.082642813940336e-03	2.723092e-01
8.092408438940336e-03	2.628033e-01
8.102174063940336e-03	2.552513e-01
8.111939688940336e-03	2.465165e-01
8.121705313940335e-03	2.393996e-01
8.131470938940335e-03	2.313917e-01
8.141236563940335e-03	2.247508e-01
8.151002188940337e-03	2.174045e-01
8.160767813940336e-03	2.111872e-01
8.170533438940336e-03	2.044066e-01
8.180299063940336e-03	1.985605e-01
8.190064688940336e-03	1.922520e-01
8.199830313940335e-03	1.867163e-01
8.209595938940335e-03	1.807935e-01
8.219361563940335e-03	1.755076e-01
8.229127188940337e-03	1.698932e-01
8.238892813940336e-03	1.648009e-01
8.248658438940336e-03	1.594270e-01
8.258424063940336e-03	1.544776e-01
8.268189688940336e-03	1.492852e-01
8.277955313940336e-03	1.444340e-01
8.287720938940335e-03	1.393711e-01
8.288941642065336e-03	1.388051e-01
8.291383048315335e-03	1.375994e-01
8.296265860815336e-03	1.351310e-01
8.297486563940335e-03	1.345295e-01
8.299927970190336e-03	1.333108e-01
8.304810782690335e-03	1.308701e-01
8.314576407690335e-03	1.259994e-01
8.324342032690335e-03	1.211384e-01
8.334107657690337e-03	1.162736e-01
8.343873282690336e-03	1.113947e-01
8.353638907690336e-03	1.064878e-01
8.363404532690336e-03	1.015387e-01
8.373170157690336e-03	9.652840e-02
8.382935782690335e-03	9.143422e-02
8.392701407690335e-03	8.622532e-02
8.402467032690335e-03	8.086117e-02
8.412232657690337e-03	7.528348e-02
8.421998282690336e-03	6.940829e-02
8.431763907690336e-03	6.310520e-02
8.441529532690336e-03	5.616305e-02
8.451295157690336e-03	4.820713e-02
8.461060782690336e-03	3.841759e-02
8.470826407690335e-03	2.503685e-02
8.480592032690335e-03	2.391955e-03
8.481812735815336e-03	-1.740962e-03
8.482117911596585e-03	-2.807629e-03
8.482728263159087e-03	-5.015705e-03
8.482880851049712e-03	-5.597071e-03
8.483186026830961e-03	-6.779246e-03
8.483796378393461e-03	-9.259562e-03
8.485017081518461e-03	-1.471666e-02
8.487458487768461e-03	-2.785928e-02
8.490617010960088e-03	-4.997641e-02
8.496934057343340e-03	-1.122807e-01
8.498154760468340e-03	-1.271901e-01
8.500596166718340e-03	-1.579933e-01
8.501206518280839e-03	-1.660292e-01
8.501359106171464e-03	-1.680409e-01
8.501664281952714e-03	-1.720722e-01
8.501740575898026e-03	-1.730807e-01
8.501759649384355e-03	-1.733320e-01
8.501797796357012e-03	-1.738316e-01
8.501874090302324e-03	-1.748251e-01
8.502026678192949e-03	-1.768451e-01
8.502331853974199e-03	-1.809144e-01
8.502942205536698e-03	-1.891012e-01
8.504162908661699e-03	-2.056482e-01
8.506052392609167e-03	-2.314836e-01
8.508827562517333e-03	-2.684108e-01
8.514288904548721e-03	-3.138463e-01
8.524054529548721e-03	-3.202808e-01
8.533820154548720e-03	-3.125181e-01
8.543585779548720e-03	-3.061404e-01
8.553351404548722e-03	-2.965267e-01
8.563117029548721e-03	-2.884103e-01
8.572882654548721e-03	-2.789254e-01
8.582648279548721e-03	-2.706926e-01
8.592413904548721e-03	-2.617405e-01
8.602179529548721e-03	-2.539312e-01
8.611945154548720e-03	-2.456520e-01
8.621710779548720e-03	-2.383626e-01
8.631476404548722e-03	-2.307429e-01
8.641242029548721e-03	-2.239693e-01
8.651007654548721e-03	-2.169412e-01
8.660773279548721e-03	-2.106373e-01
8.670538904548721e-03	-2.041237e-01
8.680304529548721e-03	-1.982195e-01
8.690070154548720e-03	-1.921361e-01
8.699835779548720e-03	-1.865633e-01
8.709601404548722e-03	-1.808307e-01
8.719367029548722e-03	-1.755238e-01
8.729132654548721e-03	-1.700704e-01
8.738898279548721e-03	-1.649695e-01
8.748663904548721e-03	-1.597322e-01
8.758429529548721e-03	-1.547788e-01
8.759650232673721e-03	-1.541156e-01
8.762091638923721e-03	-1.528506e-01
8.766974451423722e-03	-1.503641e-01
8.768195154548721e-03	-1.497398e-01
8.770636560798722e-03	-1.484977e-01
8.775519373298721e-03	-1.460248e-01
8.785284998298721e-03	-1.411120e-01
8.795050623298720e-03	-1.362364e-01
8.804816248298720e-03	-1.313870e-01
8.814581873298722e-03	-1.265550e-01
8.824347498298721e-03	-1.217294e-01
8.843878748298721e-03	-1.120575e-01
8.853644373298721e-03	-1.071879e-01
8.863409998298721e-03	-1.022764e-01
8.873175623298720e-03	-9.730671e-02
8.882941248298720e-03	-9.225574e-02
8.892706873298722e-03	-8.709589e-02
8.902472498298722e-03	-8.178735e-02
8.912238123298721e-03	-7.627711e-02
8.922003748298721e-03	-7.048537e-02
8.931769373298721e-03	-6.429338e-02
8.941534998298721e-03	-5.750670e-02
8.951300623298721e-03	-4.979010e-02
8.961066248298720e-03	-4.049351e-02
8.970831873298720e-03	-2.794799e-02
8.980597498298722e-03	-7.714339e-03
8.990363123298721e-03	3.660585e-02
9.000128748298721e-03	1.288492e-01
9.001349451423720e-03	1.445159e-01
9.001654627204972e-03	1.484532e-01
9.002264978767471e-03	1.563885e-01
9.003485681892472e-03	1.725532e-01
9.005927088142471e-03	2.056579e-01
9.008864792986147e-03	2.459884e-01
9.014740202673501e-03	3.068125e-01
9.024505827673501e-03	3.225876e-01
9.034271452673501e-03	3.138778e-01
9.044037077673501e-03	3.078306e-01
9.053802702673501e-03	2.970888e-01
9.063568327673502e-03	2.898042e-01
9.073333952673502e-03	2.796268e-01
9.083099577673502e-03	2.718233e-01
9.092865202673502e-03	2.622475e-01
9.102630827673501e-03	2.547924e-01
9.112396452673501e-03	2.460328e-01
9.122162077673501e-03	2.389858e-01
9.131927702673501e-03	2.309774e-01
9.141693327673501e-03	2.243763e-01
9.151458952673502e-03	2.170304e-01
9.161224577673502e-03	2.108485e-01
9.170990202673502e-03	2.040685e-01
9.180755827673501e-03	1.982530e-01
9.190521452673501e-03	1.919450e-01
9.200287077673501e-03	1.864355e-01
9.210052702673501e-03	1.805131e-01
9.219818327673501e-03	1.752493e-01
9.229583952673502e-03	1.696352e-01
9.239349577673502e-03	1.645612e-01
9.249115202673502e-03	1.591878e-01
9.258880827673501e-03	1.542531e-01
9.268646452673501e-03	1.490617e-01
9.278412077673501e-03	1.442214e-01
9.288177702673501e-03	1.391619e-01
9.289398405798501e-03	1.385932e-01
9.291839812048501e-03	1.373936e-01
9.292450163611002e-03	1.370791e-01
9.293670866736001e-03	1.364631e-01
9.296112272986001e-03	1.352424e-01
9.300995085486001e-03	1.327991e-01
9.302215788611002e-03	1.321928e-01
9.304657194861001e-03	1.309758e-01
9.309540007361001e-03	1.285383e-01
9.319305632361002e-03	1.236789e-01
9.329071257361002e-03	1.188193e-01
9.338836882361002e-03	1.139539e-01
9.348602507361001e-03	1.090652e-01
9.358368132361001e-03	1.041448e-01
9.368133757361001e-03	9.917106e-02
9.377899382361001e-03	9.412865e-02
9.387665007361001e-03	8.898660e-02
9.397430632361002e-03	8.371479e-02
9.407196257361002e-03	7.826081e-02
9.416961882361002e-03	7.256042e-02
9.426727507361001e-03	6.650686e-02
9.436493132361001e-03	5.994248e-02
9.446258757361001e-03	5.259033e-02
9.456024382361001e-03	4.394890e-02
9.465790007361001e-03	3.280995e-02
9.475555632361002e-03	1.629137e-02
9.476776335486001e-03	1.353499e-02
9.479217741736001e-03	7.355500e-03
9.479828093298502e-03	5.559195e-03
9.481048796423501e-03	1.770167e-03
9.481353972204752e-03	7.470262e-04
9.481964323767252e-03	-1.355857e-03
9.482116911657876e-03	-1.903261e-03
9.482422087439126e-03	-3.013358e-03
9.483032439001626e-03	-5.329011e-03
9.483185026892252e-03	-5.932701e-03
9.483223173864908e-03	-6.084386e-03
9.483299467810220e-03	-6.388967e-03
9.483452055700845e-03	-7.003833e-03
9.483757231482095e-03	-8.258929e-03
9.484367583044596e-03	-1.088182e-02
9.485588286169595e-03	-1.661096e-02
9.488029692419596e-03	-3.031822e-02
9.492912504919595e-03	-6.845558e-02
9.494055240042057e-03	-7.990386e-02
9.496340710286983e-03	-1.042469e-01
9.500911650776833e-03	-1.598959e-01
9.501054492667140e-03	-1.617666e-01
9.501340176447754e-03	-1.655154e-01
9.501411597392909e-03	-1.664561e-01
9.501554439283216e-03	-1.683401e-01
9.501840123063833e-03	-1.721196e-01
9.501911544008987e-03	-1.730654e-01
9.501929399245275e-03	-1.733013e-01
9.501965109717852e-03	-1.737715e-01
9.502036530663005e-03	-1.747035e-01
9.502179372553314e-03	-1.765848e-01
9.502465056333929e-03	-1.803987e-01
9.503036423895160e-03	-1.880577e-01
9.504179159017623e-03	-2.035425e-01
9.506065225210867e-03	-2.293284e-01
9.508702523375252e-03	-2.646880e-01
9.513876932094434e-03	-3.113888e-01
9.523642557094434e-03	-3.209820e-01
9.533408182094435e-03	-3.126845e-01
9.543173807094435e-03	-3.069043e-01
9.552939432094435e-03	-2.969472e-01
9.562705057094435e-03	-2.891121e-01
9.572470682094434e-03	-2.793420e-01
9.582236307094434e-03	-2.713219e-01
9.592001932094434e-03	-2.622045e-01
9.601767557094434e-03	-2.544910e-01
9.611533182094434e-03	-2.460752e-01
9.621298807094435e-03	-2.388597e-01
9.631064432094435e-03	-2.311276e-01
9.640830057094435e-03	-2.244102e-01
9.650595682094434e-03	-2.172881e-01
9.660361307094434e-03	-2.110298e-01
9.670126932094434e-03	-2.044384e-01
9.679892557094434e-03	-1.985703e-01
9.689658182094434e-03	-1.924225e-01
9.699423807094435e-03	-1.868785e-01
9.709189432094435e-03	-1.810929e-01
9.718955057094435e-03	-1.758090e-01
9.728720682094434e-03	-1.703122e-01
9.738486307094434e-03	-1.652296e-01
9.748251932094434e-03	-1.599569e-01
9.749472635219435e-03	-1.593779e-01
9.751914041469434e-03	-1.581277e-01
9.756796853969435e-03	-1.555873e-01
9.758017557094434e-03	-1.549678e-01
9.760458963344435e-03	-1.537147e-01
9.765341775844434e-03	-1.512079e-01
9.766562478969435e-03	-1.505872e-01
9.769003885219434e-03	-1.493420e-01
9.773886697719435e-03	-1.468610e-01
9.782410784892046e-03	-1.425607e-01
9.801942034892045e-03	-1.328095e-01
9.811707659892045e-03	-1.279681e-01
9.821473284892045e-03	-1.231379e-01
9.831238909892044e-03	-1.183066e-01
9.841004534892044e-03	-1.134651e-01
9.850770159892046e-03	-1.085999e-01
9.860535784892046e-03	-1.036986e-01
9.870301409892045e-03	-9.874334e-02
9.880067034892045e-03	-9.371481e-02
9.889832659892045e-03	-8.858518e-02
9.899598284892045e-03	-8.332016e-02
9.909363909892045e-03	-7.786947e-02
9.919129534892044e-03	-7.216359e-02
9.928895159892046e-03	-6.609541e-02
9.938660784892046e-03	-5.949777e-02
9.948426409892045e-03	-5.208401e-02
9.958192034892045e-03	-4.332129e-02
9.967957659892045e-03	-3.191573e-02
9.977723284892045e-03	-1.469694e-02
9.987488909892045e-03	2.000960e-02
9.997254534892044e-03	9.816036e-02
1.000000000000000e-02	1.303361e-01
